{"dipole": [-0.07165497, -0.09943976, 0.01406511], "partial charges": [-0.09681597, -0.05583342, 0.00274635, -0.10615824, -0.10280574, 0.03781419, 0.03782058, 0.03324478, 0.02254495, 0.03969888, 0.03302322, 0.03970673, 0.03936797, 0.03627101, 0.0393747], "mulliken charges": [-0.07616, -0.06516, -0.00027, -0.08648, -0.08779, 0.03264, 0.03264, 0.02837, 0.02352, 0.03339, 0.03121, 0.0334, 0.03409, 0.03252, 0.0341], "cm5 charges": [-0.22243, -0.12639, -0.02594, -0.23068, -0.23222, 0.0838, 0.08381, 0.08071, 0.07966, 0.08506, 0.08291, 0.08507, 0.08581, 0.08501, 0.08582], "FUKUI+": [0.045, -0.143, -0.167, 0.047, 0.046, -0.088, -0.088, -0.064, -0.124, -0.086, -0.06, -0.086, -0.086, -0.061, -0.086], "FUKUI-": [0.029, -0.088, -0.09, 0.033, 0.034, -0.12, -0.12, -0.067, -0.092, -0.101, -0.062, -0.101, -0.099, -0.058, -0.099], "FUKUIrad": [0.037, -0.115, -0.128, 0.04, 0.04, -0.104, -0.104, -0.065, -0.108, -0.093, -0.061, -0.093, -0.093, -0.06, -0.093], "s proportion": [1.002, 1.062, 1.088, 1.009, 1.006, 0.967, 0.967, 0.972, 0.976, 0.967, 0.969, 0.967, 0.966, 0.967, 0.966], "p proportion": [3.075, 3.003, 2.912, 3.078, 3.082, 0.0, 0.0, 0.0, 0.0, 0.0, 0.0, 0.0, 0.0, 0.0, 0.0], "d proportion": [0.0, 0.0, 0.0, 0.0, 0.0, 0.0, 0.0, 0.0, 0.0, 0.0, 0.0, 0.0, 0.0, 0.0, 0.0], "Coordination numbers": [3.751, 2.89, 2.935, 3.756, 3.754, 0.924, 0.924, 0.924, 0.925, 0.924, 0.924, 0.924, 0.924, 0.924, 0.924], "Dispersion coefficient C6": [22.411, 29.385, 27.964, 22.583, 22.522, 2.478, 2.478, 2.541, 2.695, 2.453, 2.544, 2.453, 2.457, 2.499, 2.457], "Polarizability alpha": [6.751, 8.887, 8.673, 6.776, 6.767, 2.462, 2.462, 2.493, 2.567, 2.449, 2.494, 2.449, 2.451, 2.472, 2.451], "FOD": [0.0, 0.0, 0.0, 0.0, 0.0, 0.0, 0.0, 0.0, 0.0, 0.0, 0.0, 0.0, 0.0, 0.0, 0.0], "FOD s proportion": [0.0, 0.0, 0.0, 0.0, 0.0, 0.0, 0.0, 0.0, 0.0, 0.0, 0.0, 0.0, 0.0, 0.0, 0.0], "FOD p proportion": [0.0, 0.0, 0.0, 0.0, 0.0, 0.0, 0.0, 0.0, 0.0, 0.0, 0.0, 0.0, 0.0, 0.0, 0.0], "FOD d proportion": [0.0, 0.0, 0.0, 0.0, 0.0, 0.0, 0.0, 0.0, 0.0, 0.0, 0.0, 0.0, 0.0, 0.0, 0.0], "total energy": -15.77938768, "HOMO-LUMO gap/eV": 4.9579799, "electronic energy": -16.03646979, "Dipole module/D": 0.314, "Total charge": 0.0, "HOMO": -10.0535, "LUMO": -5.0955, "Fermi-level/eV": -7.5745, "Total dispersion C6": 1657.179707, "Total dispersion C8": 35673.36808, "Total polarizability alpha": 62.60576, "Total FOD": 0.0}