{"dipole": [0.004574056536687716, 0.2714585018070197, 0.48487872432083085], "partial charges": [-0.10451603473948307, 0.004141838666916043, -0.059975953767032464, -0.0546240242720818, -0.022929216771285517, -0.021402856621099284, -0.05730662772014022, -0.059258260227872436, 0.004813588940428445, -0.07395775867272637, 0.14114545211841756, -0.39770308056421416, -0.06998109737192673, -0.04284502287649693, -0.009411591905035072, -0.03017941000086019, -0.07415251832503718, 0.1069561039326102, -0.4533023308908087, 0.10075092608122564, -0.4495052133387955, 0.030936901353716073, 0.03234465209672913, 0.042040912447801386, 0.04534240634016072, 0.03526976881965773, 0.03172313331009397, 0.03051529725122178, 0.04016992810952938, 0.035706899452977274, 0.032115310373927584, 0.028522102504396345, 0.04017920270846248, 0.040892130082054994, 0.036390657974039856, 0.2965971731082534, 0.033245699818220675, 0.03332773528150459, 0.030076865254649112, 0.038972962581964005, 0.046803886103396204, 0.019116731120557028, 0.3036542578753829, 0.019215342037100094, 0.30008313197221104], "mulliken charges": [-0.09504403814799248, -0.004902958321709911, -0.0516514413498609, -0.04795551630761187, -0.017699710684975552, -0.0187436273712494, -0.04899962840727312, -0.04513740709800379, 0.0038318558037675394, -0.09524667431737219, 0.25879516815599574, -0.5201850056753576, -0.08912879951896671, -0.03383287073184583, -0.02745946010066738, -0.03240098502646266, -0.07842356010502899, 0.20487510030000106, -0.5710504385294257, 0.19285479907826847, -0.5690040540640078, 0.028686315987967198, 0.028640008117883496, 0.03731859020712466, 0.035859190671280905, 0.030234718279877042, 0.0271441686401756, 0.02617562384919995, 0.03143182546793407, 0.02567763212906079, 0.027186044810946636, 0.026140691335489158, 0.03354269887426221, 0.034194598516030045, 0.03996369165247265, 0.349829409048308, 0.03738918698258786, 0.03066401265359265, 0.02573558002275438, 0.03328323228616811, 0.04050387490846971, 0.02056051491153329, 0.3498364232096524, 0.01923182547063739, 0.3472840449720755], "cm5 charges": [-0.240876423272362, -0.028685389622092952, -0.15573225927531714, -0.1549906196587407, -0.07779515690835896, -0.08213474088060244, -0.155880505543518, -0.14811042404483346, -0.008419709249496109, -0.14407056549578162, 0.2702937179845205, -0.7176882611302228, -0.14048316047707998, -0.0870965893747758, -0.03775069413384359, -0.09394545039195029, -0.18083112994272435, 0.16273675320384845, -0.7809097755887573, 0.15440360069200787, -0.7816334819913384, 0.08151514700869761, 0.08179084732881432, 0.09048167000051806, 0.09618299493030547, 0.08788858941044564, 0.08335368539794885, 0.08219977434801888, 0.09285642741359942, 0.08727551393556793, 0.08348442260391849, 0.08175834506088812, 0.0891471597622478, 0.08973580589044187, 0.09915223676778295, 0.5210003919384364, 0.09562435595326353, 0.08764476883423011, 0.08677057813284648, 0.09096673624683946, 0.09907073519906638, 0.0877065892511417, 0.5257238184320225, 0.0874556144926085, 0.5208062824950964], "FUKUI+": [0.008095041228895115, 0.00013323965154126628, 0.006, 0.0037335206969174683, 0.0049049587711048875, 0.0020000000000000005, 0.012866760348458734, 0.017000000000000005, -0.08346125811153732, -0.063, -0.04026647930308254, -0.052234064162734004, -0.06260028104537621, -0.0656980272278063, -0.04688124279797693, 0.004000000000000001, 0.004727737414619841, 0.002649926953873962, -0.0043013756063692375, 0.003, -0.006098000397754706, -0.011286593999650877, -0.006540459168255131, -0.003167163549796366, -0.014471330700490665, -0.01866190895105061, -0.007797552685047786, -0.007460227450814182, -0.03460028104537621, -0.011040528137320512, -0.026248565820705814, -0.0327514341792942, -0.047868645572658554, -0.04739604487610982, -0.08817904044732522, -0.04074800314643568, -0.08927724012479614, -0.09113323965154128, -0.01786676034845874, -0.003975295674073338, -0.0029613763146989804, -0.012066175979450425, -0.0068535757619616, -0.013179551071159406, -0.006620078385327703], "FUKUI-": [0.012718289633310962, -0.008658503574689575, 0.007572900573236994, 0.004823438582618786, -0.0001744730378540081, 0.0011542452750408804, 0.010397930100309625, 0.011000000000000003, -0.026843873109232235, -0.016211345231334606, -0.03582348389250719, -0.07540529138669289, -0.027869116380464024, -0.0145673119160974, -0.04266998183546124, 0.0033198330756876236, 0.005288032918986012, 0.0032624136185020716, -0.049250783921554235, 0.00012585904120028963, -0.042000243904476244, -0.019827444509260904, -0.021689387530042292, -0.01880708209667122, -0.020963012495056166, -0.023780534246960278, -0.024799292963353176, -0.026451406108349538, -0.05075455887511793, -0.02208414527060053, -0.01896383968244392, -0.02405487708849533, -0.03683040733398368, -0.03594750519782235, -0.04439354412723563, -0.037057548055241196, -0.048745267956374724, -0.0409656422839021, -0.02730254600207408, -0.022162588186900565, -0.0201420075374346, -0.04725376106941118, -0.02566946839339061, -0.0376707909523866, -0.02486469297799948], "FUKUIrad": [0.010425764642426116, -0.003909593111628391, 0.006472076062044254, 0.004513352813453073, 0.0022137984309181843, 0.0017831666054152278, 0.011574235357573888, 0.014000000000000004, -0.05514400047325488, -0.03945130303270537, -0.03788124279797694, -0.06399919758342948, -0.04528302340709376, -0.04007283292132992, -0.044861782809042766, 0.0031801806065040674, 0.00497049741826328, 0.003050397619086499, -0.026669180548502643, 0.00175843941430176, -0.024189977334459992, -0.015720758054273823, -0.01399397806171812, -0.010881027687500789, -0.017611437239651504, -0.021436537511756924, -0.01637806549387227, -0.017025433712195302, -0.04249341709176888, -0.016600127323940995, -0.022791178571083308, -0.028582610448170696, -0.042465744638691495, -0.0416586953517398, -0.06631806338116411, -0.03888124279797693, -0.06901833295832542, -0.06605754805524121, -0.022338625560274435, -0.013250783300762374, -0.011580917408917361, -0.02970403398242516, -0.016062557027521292, -0.02520639994256833, -0.015587613227260828], "s proportion": [1.0168238301091277, 1.0972520499677834, 1.0353681312385117, 1.033857731252266, 1.0592646904487686, 1.0613127907227007, 1.0321332396515415, 1.0290000000000001, 1.0902253518669436, 1.0582314393290124, 1.0141332396515415, 1.6919789318516139, 1.055610077748215, 1.0619541992042163, 1.0897335206969179, 1.069834931378359, 1.0440200016862091, 1.0229676894814426, 1.704775196758197, 1.0289439253270536, 1.7017228105186089, 0.9716366566821789, 0.971107526787741, 0.9627108158862521, 0.9641173875207206, 0.9697883053530956, 0.973093259655276, 0.9734978062029522, 0.9685435914233417, 0.9743744652250373, 0.9727961710929556, 0.9740048815328517, 0.9666051363283887, 0.9660016376544431, 0.9598391332638969, 0.6500000000000001, 0.9628513218272978, 0.9695358128749698, 0.9741026840876035, 0.9670126444212477, 0.9593941714333114, 0.9793818034015302, 0.6502824125747081, 0.9808045878959003, 0.6528157803074359], "p proportion": [3.0778132263351607, 2.9079175172805685, 3.016395672678227, 3.013872418129202, 2.9582550318172314, 2.957827932390469, 3.0169942167177024, 3.0161584829227737, 2.905462536342018, 3.0369244710383367, 2.7276872092773, 4.828456280572122, 3.0338220048099958, 2.9717722297433986, 2.9376548512657443, 2.962560471118385, 3.0343464213974216, 2.7719628946857027, 4.86633311781334, 2.7779788986805034, 4.86707408015953, 0.0, 0.0, 0.0, 0.0, 0.0, 0.0, 0.0, 0.0, 0.0, 0.0, 0.0, 0.0, 0.0, 0.0, 0.0, 0.0, 0.0, 0.0, 0.0, 0.0, 0.0, 0.0, 0.0, 0.0], "d proportion": [0.0, 0.0, 0.0, 0.0, 0.0, 0.0, 0.0, 0.0, 0.0, 0.0, 0.0, 0.0, 0.0, 0.0, 0.0, 0.0, 0.0, 0.0, 0.0, 0.0, 0.0, 0.0, 0.0, 0.0, 0.0, 0.0, 0.0, 0.0, 0.0, 0.0, 0.0, 0.0, 0.0, 0.0, 0.0, 0.0, 0.0, 0.0, 0.0, 0.0, 0.0, 0.0, 0.0, 0.0, 0.0],