{"dipole": [-0.18619910422629435, 0.22304030009801434, -0.4326398807126031], "partial charges": [-0.10575675012238252, -0.01887495821005469, -0.10574618415789233, 0.07681295371075711, -0.4446214078737971, 0.03419089087488256, 0.038741834161375055, 0.03987716308380994, 0.03328320826048112, 0.03771079924933699, 0.03474744232637784, 0.0332079296255258, 0.03899371696651737, 0.022063140594670218, 0.2853702310760973], "mulliken charges": [-0.08868634535561022, -0.020922981143381425, -0.09220897244789529, 0.18954285612534882, -0.5647036857777344, 0.028550552431747592, 0.03166436698891811, 0.031751781095337925, 0.024480227970145037, 0.0315740463103197, 0.028084731081166058, 0.028388402321677064, 0.02527140425218647, 0.013733767042844689, 0.33347312643482185], "cm5 charges": [-0.23631994667787248, -0.0930442079112114, -0.24027233932443512, 0.10453580382738563, -0.7794655340554687, 0.08009369162326585, 0.08433182070448568, 0.08402608501244323, 0.08414580979222744, 0.08331844125317232, 0.07984120779799066, 0.0809535745672306, 0.08833050606063529, 0.07654149056686022, 0.5029729631661566], "FUKUI+": [0.012141675231872312, -0.02401354754708304, 0.016140217365421497, -0.019473146357986866, -0.16481560150273206, -0.07337741267834831, -0.0600309541345846, -0.06469161036035945, -0.0759943594891295, -0.07474506510417411, -0.06847645874919112, -0.05123779806754969, -0.10638579238844947, -0.10838972492781303, -0.1372552891446082], "FUKUI-": [0.025337864981451408, -0.020786013348848307, 0.02996992298585323, 0.006595445947265381, -0.16421651153490877, -0.08293819412957779, -0.08081344514325549, -0.09195830208444002, -0.10580862619803066, -0.08644893963966903, -0.08800738810835644, -0.0622925419889557, -0.09309152561523733, -0.11769784335213046, -0.06749151579158447], "FUKUIrad": [0.0186717849095549, -0.022023179990453515, 0.023182631329841864, -0.006527607308571819, -0.16437522550819353, -0.0783339968937508, -0.07023604105976523, -0.07836376027339316, -0.09071533426442527, -0.08044772645037553, -0.07834360820392007, -0.05717060944739122, -0.09959877085245397, -0.11285050136653214, -0.10272828815826691], "s proportion": [1.0115299011859975, 1.057261441748468, 1.0122078499869565, 0.9955355829761621, 1.6954157466929924, 0.971337727831586, 0.968434570597716, 0.9683380599960132, 0.975411771405062, 0.9684385744669142, 0.9718832451809631, 0.9713712585665171, 0.9747281317125572, 0.986037022202223, 0.6666955229917716], "p proportion": [3.0770975501165134, 2.9635838451520558, 3.0798183996318365, 2.8150445841691036, 4.8693707215298865, 0.0, 0.0, 0.0, 0.0, 0.0, 0.0, 0.0, 0.0, 0.0, 0.0], "d proportion": [0.0, 0.0, 0.0, 0.0, 0.0, 0.0, 0.0, 0.0, 0.0, 0.0, 0.0, 0.0, 0.0, 0.0, 0.0], "Coordination numbers": [3.7523666353681446, 3.8478108788382768, 3.752429995081562, 3.676796630449707, 1.653, 0.9239999999999999, 0.9239999999999999, 0.9239999999999999, 0.9239999999999999, 0.9239999999999999, 0.9239999999999999, 0.9239999999999999, 0.9239999999999999, 0.9239999999999999, 0.804], "Dispersion coefficient C6": [22.580549176368198, 20.87801551908244, 22.580705298648784, 19.513333696490694, 21.735610478340202, 2.5281441899719064, 2.4669566239862477, 2.451516460844354, 2.543713537166446, 2.479870512398723, 2.521094520234435, 2.54188252337388, 2.4712281949733788, 2.7074812561614916, 0.766754370392612], "Polarizability alpha": [6.77647935696847, 6.499275355928376, 6.776333415742509, 6.3286921833095, 6.293416152803709, 2.4862100851014977, 2.4562678182485467, 2.448466103768673, 2.4937761978986677, 2.462596859116092, 2.4829044093852595, 2.4928354153000774, 2.456575047736372, 2.5723704710751303, 1.375252448999227], "FOD": [0.0, 0.0, 0.0, 0.0, 0.0, 0.0, 0.0, 0.0, 0.0, 0.0, 0.0, 0.0, 0.0, 0.0, 0.0], "FOD s proportion": [0.0, 0.0, 0.0, 0.0, 0.0, 0.0, 0.0, 0.0, 0.0, 0.0, 0.0, 0.0, 0.0, 0.0, 0.0], "FOD p proportion": [0.0, 0.0, 0.0, 0.0, 0.0, 0.0, 0.0, 0.0, 0.0, 0.0, 0.0, 0.0, 0.0, 0.0, 0.0], "FOD d proportion": [0.0, 0.0, 0.0, 0.0, 0.0, 0.0, 0.0, 0.0, 0.0, 0.0, 0.0, 0.0, 0.0, 0.0, 0.0], "total energy": -17.723423251734893, "HOMO-LUMO gap/eV": 12.085628846415302, "electronic energy": -17.931021333460222, "Dipole module/D": 1.9871298992702837, "Total charge": 0.0, "HOMO": -11.029616449643326, "LUMO": 1.056042242972673, "Fermi-level/eV": -4.986812719685086, "Total dispersion C6": 1461.8902501937234, "Total dispersion C8": 29852.161725746475, "Total polarizability alpha": 56.40127325844699, "Total FOD": 0.0}