{"dipole": [-2.66851997, 0.44929959, -0.37899341], "partial charges": [-0.27479634, 0.08690969, -0.04597436, -0.02572384, -0.0326266, 0.00973147, -0.04848208, 0.52041146, -0.38264985, -0.38584211, 0.16890872, 0.16654387, 0.04609354, 0.05242585, 0.07313607, 0.07193452], "mulliken charges": [-0.43112, 0.15694, -0.05578, -0.01653, -0.03175, 0.04341, -0.05752, 0.67389, -0.46946, -0.47153, 0.22146, 0.21862, 0.04247, 0.04505, 0.06545, 0.06641], "cm5 charges": [-0.87486, 0.20581, -0.10373, -0.07124, -0.07806, 0.09614, -0.09677, 0.51339, -0.43151, -0.43371, 0.40834, 0.4056, 0.10086, 0.10036, 0.12747, 0.13194], "FUKUI+": [-0.028, -0.029, -0.05, -0.026, -0.026, -0.023, -0.032, -0.121, -0.171, -0.169, -0.036, -0.041, -0.073, -0.069, -0.054, -0.053], "FUKUI-": [-0.124, -0.037, -0.037, -0.029, -0.056, -0.034, -0.038, -0.028, -0.099, -0.092, -0.074, -0.076, -0.07, -0.074, -0.071, -0.062], "FUKUIrad": [-0.076, -0.033, -0.043, -0.027, -0.041, -0.028, -0.035, -0.075, -0.135, -0.13, -0.055, -0.058, -0.072, -0.071, -0.063, -0.058], "s proportion": [1.436, 1.046, 1.065, 1.062, 1.063, 1.073, 1.064, 1.334, 1.747, 1.747, 0.779, 0.781, 0.958, 0.955, 0.935, 0.934], "p proportion": [3.995, 2.797, 2.991, 2.954, 2.969, 2.884, 2.994, 2.993, 4.722, 4.724, 0.0, 0.0, 0.0, 0.0, 0.0, 0.0], "d proportion": [0.0, 0.0, 0.0, 0.0, 0.0, 0.0, 0.0, 0.0, 0.0, 0.0, 0.0, 0.0, 0.0, 0.0, 0.0, 0.0], "Coordination numbers": [2.638, 2.892, 2.918, 2.91, 2.91, 2.898, 2.916, 2.755, 0.926, 0.926, 0.86, 0.86, 0.925, 0.925, 0.925, 0.925], "Dispersion coefficient C6": [27.107, 26.064, 29.142, 28.645, 28.813, 27.8, 29.204, 13.802, 21.305, 21.368, 1.279, 1.294, 2.369, 2.29, 2.051, 2.064], "Polarizability alpha": [7.733, 8.37, 8.852, 8.776, 8.802, 8.645, 8.862, 5.518, 6.19, 6.199, 1.772, 1.782, 2.407, 2.366, 2.24, 2.247], "FOD": [0.0, 0.0, 0.0, 0.0, 0.0, 0.0, 0.0, 0.0, 0.0, 0.0, 0.0, 0.0, 0.0, 0.0, 0.0, 0.0], "FOD s proportion": [0.0, 0.0, 0.0, 0.0, 0.0, 0.0, 0.0, 0.0, 0.0, 0.0, 0.0, 0.0, 0.0, 0.0, 0.0, 0.0], "FOD p proportion": [0.0, 0.0, 0.0, 0.0, 0.0, 0.0, 0.0, 0.0, 0.0, 0.0, 0.0, 0.0, 0.0, 0.0, 0.0, 0.0], "FOD d proportion": [0.0, 0.0, 0.0, 0.0, 0.0, 0.0, 0.0, 0.0, 0.0, 0.0, 0.0, 0.0, 0.0, 0.0, 0.0, 0.0], "total energy": -29.77485501, "HOMO-LUMO gap/eV": 1.99544632, "electronic energy": -30.12457556, "Dipole module/D": 6.945, "Total charge": 0.0, "HOMO": -10.7598, "LUMO": -8.7643, "Fermi-level/eV": -9.7621, "Total dispersion C6": 3376.409252, "Total dispersion C8": 79968.305406, "Total polarizability alpha": 90.760642, "Total FOD": 0.0}