{"dipole": [-0.031177517775736727, 0.3480856601855663, 0.015582145864126401], "partial charges": [-0.10054605220556896, -0.05220248309361191, -0.0589353537972515, -0.0592888982665019, -0.05507022857102482, -0.08762266422971363, 0.35186885192416906, -0.4070648731232447, -0.27397093529935895, 0.08331146846924421, -0.11201714518519254, 0.032549891880804004, 0.03270234621006458, 0.03241776765986414, 0.03001904360418753, 0.02946411041459822, 0.031667814742161626, 0.032352368391116985, 0.03284891219864287, 0.03408500004707668, 0.04344282303609963, 0.04506174956878883, 0.06568411412364854, 0.0669569820434028, 0.05149995605358456, 0.05313795733192408, 0.05302781813999183, 0.05229946202318945, 0.05232018742148787], "mulliken charges": [-0.0835889700185568, -0.03852245518161558, -0.046383470243575114, -0.048037441105341125, -0.03835041027758859, -0.07771720320557253, 0.5741527112792886, -0.5292811824933377, -0.4234341079337643, 0.20533369542042496, -0.09686667225229256, 0.02746182586440712, 0.027543690044861704, 0.02764959327434906, 0.023223906339541536, 0.022710446956710338, 0.02362457276813988, 0.024546614206593292, 0.02621587404204255, 0.026601289131253834, 0.033253348024183484, 0.03520142089543351, 0.05315469041311542, 0.05425498441042712, 0.03493205428839065, 0.041303676161172316, 0.041178720257346625, 0.039904929453790684, 0.03994489804940789], "cm5 charges": [-0.2339352892600639, -0.1510455437166292, -0.15701650595732064, -0.15824938038464598, -0.14668547520143319, -0.17639585897346102, 0.6232856352151055, -0.5795978570561168, -0.506788919031376, 0.1228284692853028, -0.2434701205035803, 0.0786149776755527, 0.07871807519623772, 0.0787294742947041, 0.077941321624989, 0.07742375720010528, 0.07894374787970022, 0.07989549969475113, 0.08229297806539917, 0.0825978880924437, 0.08987437674896247, 0.09224466200524696, 0.11209636684680929, 0.112835935239197, 0.0986032730660409, 0.1066641631342082, 0.09404373630994341, 0.09274972372087283, 0.09281374154751124], "FUKUI+": [0.006680320044816861, 0.002857251647002077, 0.004816501771151375, 0.006899860333658662, 0.013059415528420456, 0.02593378840972724, -0.18705989992650207, -0.2786746226964285, -0.12202335347289164, 0.02851608170907741, 0.017961593438843758, -0.009659250234264768, -0.009338599720622913, -0.011146935176208786, -0.006854961309079507, -0.00728249336239805, -0.012903686765320561, -0.011083728641886021, -0.010659549413563259, -0.012845003778759056, -0.03512871315628362, -0.030379593447904918, -0.0920914818738282, -0.08821166217952393, -0.05298556101391703, -0.03546247601215268, -0.02946795661590215, -0.03204817526122302, -0.03193287478564568], "FUKUI-": [0.017623069657214125, 0.006020759268398442, 0.009360686409542346, 0.007744627177095172, 0.007785590777914115, -0.003073143241475374, -0.010921476129878264, -0.09840827790541214, -0.049070820778028504, 0.011095048116022204, 0.010577368660912776, -0.054726677191715395, -0.05795595759798272, -0.055490628780545184, -0.07352164269196546, -0.07491689575475982, -0.06048376757869421, -0.060424335444220385, -0.04480097099240782, -0.04560888833558502, -0.043092068897316746, -0.04041080222797465, -0.04138297032289553, -0.039837828235560646, -0.0547807857105065, -0.03843895937067266, -0.041872032633106876, -0.04105522706720235, -0.04083764250996367], "FUKUIrad": [0.012173509400981646, 0.004356131456692663, 0.006894363120982986, 0.007380170334921046, 0.010354843246348604, 0.011490077959236926, -0.09892311475604666, -0.18846131600160387, -0.08565316018280175, 0.019908219303824148, 0.014220367311636466, -0.03224071618747309, -0.03356949418492947, -0.033138158097445636, -0.040166855850277225, -0.04120819952849153, -0.036790444163973555, -0.03567571928430851, -0.027771403006988472, -0.02920213695842528, -0.03924914911353172, -0.0353673167503621, -0.06683207202174926, -0.06405707928369964, -0.05384019475593305, -0.03686954938566864, -0.0357942681218871, -0.03658940314221416, -0.036296581193198965], "s proportion": [1.0074329510743263, 1.0269999999999997, 1.0319999999999998, 1.0330278615868869, 1.0305857713930202, 1.0390316970901534, 0.9904016461967058, 1.7309999999999999, 1.6993568545973368, 0.9934623038553783, 1.0115053605696924, 0.9724635420534323, 0.9723014002106563, 0.9723126338607243, 0.9767410855965352, 0.9772353984894961, 0.9765901080642159, 0.9755111994864447, 0.9738920746535087, 0.9733188809474637, 0.9667248329470206, 0.9647737048746801, 0.9467143442200315, 0.9457917386670098, 0.9650428845575396, 0.9584731971515373, 0.9588319538809104, 0.9600899720612605, 0.960155767783861], "p proportion": [3.0761316585109064, 3.011370895761231, 3.0142429423250863, 3.0150681133112394, 3.0077547247318295, 3.038588566006741, 2.4353276816561915, 4.798441479270706, 4.724052620273566, 2.8015160817090776, 3.0855053605696923, 0.0, 0.0, 0.0, 0.0, 0.0, 0.0, 0.0, 0.0, 0.0, 0.0, 0.0, 0.0, 0.0, 0.0, 0.0, 0.0, 0.0, 0.0], "d proportion": [0.0, 0.0, 0.0, 0.0, 0.0, 0.0, 0.0, 0.0, 0.0, 0.0, 0.0, 0.0, 0.0, 0.0, 0.0, 0.0, 0.0, 0.0, 0.0, 0.0, 0.0, 0.0, 0.0, 0.0, 0.0, 0.0, 0.0, 0.0, 0.0], "Coordination numbers": [3.7499171000364973, 3.799825023359326, 3.8017548211092738, 3.801243903782051, 3.801813470246472, 3.8025778652674527, 2.716063694752497, 0.8559999999999999, 1.7024946394303073, 3.69906325265209, 3.7479999999999998, 0.9239999999999998, 0.9239999999999998, 0.9239999999999998, 0.9239999999999998, 0.9239999999999998, 0.9239999999999998, 0.9239999999999998, 0.9239999999999998, 0.9239999999999998, 0.9239999999999998, 0.9239999999999998, 0.9239999999999998, 0.9239999999999998, 0.9239999999999998, 0.9239999999999998, 0.9239999999999998, 0.9239999999999998, 0.9239999999999998], "Dispersion coefficient C6": [22.483809681838103, 21.51195072693378, 21.633848097075635, 21.64080071403189, 21.56272143755591, 22.16946206080455, 21.025054756358365, 21.82316491036657, 18.5450236336648, 19.349490888079465, 22.709775758360898, 2.550704436615232, 2.5486037601711455, 2.5525242396733603, 2.5863961138489815, 2.59423695535574, 2.5631440973065, 2.553458912387554, 2.5471001773400945, 2.5299671215343125, 2.4046831202168164, 2.383738539175525, 2.1342109897504074, 2.119627917872726, 2.301233172879492, 2.2815957532069566, 2.2830668153278157, 2.291895893993148, 2.291505543612956], "Polarizability alpha": [6.762302947742014, 6.603550892461057, 6.62218139637264, 6.623073999629384, 6.611159082927086, 6.703333589716603, 7.505917992353869, 6.263313390284078, 5.81416929658128, 6.291206861627347, 6.797104288939218, 2.497451741832689, 2.496474258760166, 2.4984817382046174, 2.5151161335881245, 2.5188898483114937, 2.50354668034001, 2.4990832718452993, 2.495809229782671, 2.4872288211247335, 2.424789260149041, 2.4143539036602437, 2.284394876117073, 2.276692534815716, 2.3722937402069113, 2.3621508121131107, 2.3628971051678436, 2.3674716687814006, 2.3672695861648485], "FOD": [0.0, 0.0, 0.0, 0.0, 0.0, 0.0, 0.0, 0.0, 0.0, 0.0, 0.0, 0.0, 0.0, 0.0, 0.0, 0.0, 0.0, 0.0, 0.0, 0.0, 0.0, 0.0, 0.0, 0.0, 0.0, 0.0, 0.0, 0.0, 0.0], "FOD s proportion": [0.0, 0.0, 0.0, 0.0, 0.0, 0.0, 0.0, 0.0, 0.0, 0.0, 0.0, 0.0, 0.0, 0.0, 0.0, 0.0, 0.0, 0.0, 0.0, 0.0, 0.0, 0.0, 0.0, 0.0, 0.0, 0.0, 0.0, 0.0, 0.0], "FOD p proportion": [0.0, 0.0, 0.0, 0.0, 0.0, 0.0, 0.0, 0.0, 0.0, 0.0, 0.0, 0.0, 0.0, 0.0, 0.0, 0.0, 0.0, 0.0, 0.0, 0.0, 0.0, 0.0, 0.0, 0.0, 0.0, 0.0, 0.0, 0.0, 0.0], "FOD d proportion": [0.0, 0.0, 0.0, 0.0, 0.0, 0.0, 0.0, 0.0, 0.0, 0.0, 0.0, 0.0, 0.0, 0.0, 0.0, 0.0, 0.0, 0.0, 0.0, 0.0, 0.0, 0.0, 0.0, 0.0, 0.0, 0.0, 0.0, 0.0, 0.0], "total energy": -36.60616702923338, "HOMO-LUMO gap/eV": 4.767658897868531, "electronic energy": -37.044329173657644, "Dipole module/D": 2.220107450363945, "Total charge": 0.0, "HOMO": -11.181415454802313, "LUMO": -6.4137433372804225, "Fermi-level/eV": -8.79758859865607, "Total dispersion C6": 6171.260270662107, "Total dispersion C8": 130730.24516300073, "Total polarizability alpha": 116.34165781812052, "Total FOD": 0.0}