{"dipole": [-0.13259776102716914, 1.665585373949086, -0.4559769644454183], "partial charges": [-0.29624671130837055, 0.24577801521192172, -0.4267131089928126, -0.3621865925059786, 1.1391182126288537, -0.5708355093049772, -0.5666437927119045, -0.10753030767615211, -0.02915090404189387, -0.05297193199711451, 0.08674022778154186, -0.2740148309477275, -0.052009023982114155, -0.02731572819085382, 0.17347426580090264, 0.199973124137376, 0.16508844717863425, 0.19640531239692452, 0.062094817784441696, 0.04781212812344944, 0.16758616947272353, 0.16747545213508863, 0.04944665182164322, 0.06462562529212243], "mulliken charges": [-0.44811069057361635, 0.42764659279814826, -0.5369506491369845, -0.3020847034482347, 0.5222725160759019, -0.4013221688881346, -0.3946859692848493, 0.0382470554891109, -0.016192488202389037, -0.07025662768940433, 0.15795374399627318, -0.43180242864367946, -0.0690169826816036, -0.014126236296766456, 0.21303158323840485, 0.22819573145155317, 0.22166366600116447, 0.24180817238291533, 0.05824709659990844, 0.03990189847270598, 0.21711262082537025, 0.21705706389428459, 0.04103151216231332, 0.0603896914576078], "cm5 charges": [-0.8933537407375318, 0.6374277105016595, -0.8112482719266313, -0.6351955752342275, 0.6429536526239845, -0.45196977216339024, -0.4510044965249516, 0.0484674834287126, -0.06586099958837607, -0.11819319617558943, 0.20640181496903656, -0.8756691269549588, -0.11695544544366432, -0.0636851929280881, 0.4078520250505719, 0.4223297297705184, 0.42635369325090966, 0.44508560768308714, 0.11859230426295078, 0.09833897126754979, 0.4042603590721604, 0.4042324417410689, 0.09945822791922078, 0.12139161068072722], "FUKUI+": [-0.019375036722275495, -0.016517851896817787, -0.04851785189681779, 0.004964296206364427, -0.12703570379363557, -0.0281389967216921, -0.026050430865870743, -0.03948214810318221, -0.038810572412437155, -0.026292720515619372, -0.06629272051561938, -0.039, -0.025671575690745053, -0.03796429620636443, -0.026367946555740707, -0.03, -0.016328424309254942, -0.030964296206364424, -0.06624228964974863, -0.06829272051561937, -0.04848214810318221, -0.048, -0.06767157569074506, -0.06323985845343358], "FUKUI-": [-0.04758544103123874, -0.007, -0.13841074051591107, -0.021414558968761255, -0.05177486861880158, -0.038537441361683036, -0.031376423978810644, -0.025999999999999995, -0.013242289649748627, -0.027810572412437156, -0.023517851896817786, -0.08389670707194347, -0.027378855175125685, -0.010757710350251371, -0.04210711138090672, -0.03751785189681778, -0.055482148103182215, -0.04115372379392727, -0.04053744136168303, -0.04943171723731146, -0.05329272051561937, -0.05332842430925494, -0.04727556224706916, -0.0316519862258798], "FUKUIrad": [-0.03322131292834822, -0.01170727948438063, -0.09396429620636441, -0.008225131381198417, -0.089, -0.033484579299497254, -0.02861871362855927, -0.032482148103182215, -0.02643171723731147, -0.02710329292805653, -0.045, -0.061189427587562836, -0.026378855175125684, -0.024568282762688527, -0.03414281517454229, -0.033999999999999996, -0.036, -0.03596429620636442, -0.05348457929949725, -0.05862114482487431, -0.05048214810318221, -0.05051785189681778, -0.05737885517512568, -0.047704848288065586], "s proportion": [1.434328424309255, 0.9568105724124369, 1.5389999999999997, 1.4229642962063642, 1.7035178518968177, 1.7236211448248742, 1.7231894275875628, 1.077, 1.067, 1.0574821481031822, 1.05, 1.4379138653404935, 1.058, 1.067, 0.7871180200002917, 0.772, 0.7785178518968178, 0.7580714075872711, 0.9419495691341292, 0.9603284243092547, 0.783, 0.783, 0.9591894275875628, 0.9398610032783078], "p proportion": [4.013742983278016, 2.6154821481031822, 3.9980357037936356, 3.8791180200002913, 2.7955178518968173, 4.677623576021189, 4.671704848288065, 2.885, 2.949431717237312, 3.012621144824874, 2.7921894275875623, 3.9941894275875627, 3.0108610032783076, 2.946825299484672, 0.0, 0.0, 0.0, 0.0, 0.0, 0.0, 0.0, 0.0, 0.0, 0.0], "d proportion": [0.0, 0.0, 0.0, 0.0, 0.9787748686188015, 0.0, 0.0, 0.0, 0.0, 0.0, 0.0, 0.0, 0.0, 0.0, 0.0, 0.0, 0.0, 0.0, 0.0, 0.0, 0.0, 0.0, 0.0, 0.0], "Coordination numbers": [2.6601894275875626, 2.7763284243092547, 1.7875178518968178, 2.7044821481031818, 3.730328424309255, 0.8599999999999999, 0.8599999999999999, 2.9609999999999994, 2.9468967070719434, 2.918, 2.891, 2.637189427587563, 2.9181894275875626, 2.9471032929280563, 0.8599999999999999, 0.8599999999999999, 0.859, 0.8625178518968177, 0.925, 0.925, 0.8599999999999999, 0.8599999999999999, 0.925, 0.925], "Dispersion coefficient C6": [27.632338198633065, 22.881168450866163, 32.100524648285145, 29.330085131536965, 102.75112397587125, 25.41157440650702, 25.312013759498733, 30.715140383978227, 28.727564324415493, 29.31534662651758, 26.067890457422777, 27.088348714397142, 29.291411924350033, 28.683125250061167, 1.2516972113823652, 1.1061894275875628, 1.3031428151745423, 1.1241714288016431, 2.1746889373817058, 2.3471462903106373, 1.2875325789690528, 1.2881575422467775, 2.3267318712362206, 2.1456566451960994], "Polarizability alpha": [7.806989091380615, 7.834671575690745, 8.391589259484089, 8.043539669135589, 17.060589259484086, 6.7584684649707265, 6.745199292267167, 9.09070727948438, 8.790674006887059, 8.87872443775293, 8.370671575690745, 7.729741596021481, 8.87539358224736, 8.783926161216414, 1.7523897637945107, 1.647482148103182, 1.7881071113809066, 1.6605464655239184, 2.3060086808454803, 2.396090997052136, 1.7773431513814901, 1.777932410865579, 2.3852017234634824, 2.2909051844950135], "FOD": [0.0, 0.0, 0.0, 0.0, 0.0, 0.0, 0.0, 0.0, 0.0, 0.0, 0.0, 0.0, 0.0, 0.0, 0.0, 0.0, 0.0, 0.0, 0.0, 0.0, 0.0, 0.0, 0.0, 0.0], "FOD s proportion": [0.0, 0.0, 0.0, 0.0, 0.0, 0.0, 0.0, 0.0, 0.0, 0.0, 0.0, 0.0, 0.0, 0.0, 0.0, 0.0, 0.0, 0.0, 0.0, 0.0, 0.0, 0.0, 0.0, 0.0], "FOD p proportion": [0.0, 0.0, 0.0, 0.0, 0.0, 0.0, 0.0, 0.0, 0.0, 0.0, 0.0, 0.0, 0.0, 0.0, 0.0, 0.0, 0.0, 0.0, 0.0, 0.0, 0.0, 0.0, 0.0, 0.0], "FOD d proportion": [0.0, 0.0, 0.0, 0.0, 0.0, 0.0, 0.0, 0.0, 0.0, 0.0, 0.0, 0.0, 0.0, 0.0, 0.0, 0.0, 0.0, 0.0, 0.0, 0.0, 0.0, 0.0, 0.0, 0.0], "total energy": -43.1263902909829, "HOMO-LUMO gap/eV": 3.41236170395077, "electronic energy": -43.655121121319006, "Dipole module/D": 7.4182871239415356, "Total charge": 0.0, "HOMO": -10.211325948346733, "LUMO": -6.79894808250385, "Fermi-level/eV": -8.50514648680467, "Total dispersion C6": 8304.859659776665, "Total dispersion C8": 210686.42916647525, "Total polarizability alpha": 142.9440382425492, "Total FOD": 0.0}