{"dipole": [0.6279986932470092, 0.09387403886802502, -0.45575873657692323], "partial charges": [-0.4453971254641016, 0.0664554428807028, 0.09473846736569583, -0.360935429534175, 0.24181209434550816, -0.46597110585369195, 0.05056251899255252, -0.44125465877447123, 0.08663602248243248, -0.44602666507066513, 0.09799681666416829, -0.4479953200919472, 0.3080376132334897, 0.04412875637137579, 0.06248176209721911, 0.05722110011791757, 0.3266290217930673, 0.07294356393442993, 0.048157561385766316, 0.3082881493548689, 0.057602765618539935, 0.3163498730556881, 0.05686146112256901, 0.31067732395798964], "mulliken charges": [-0.5703717255936182, 0.18473004681297553, 0.18069830904230683, -0.4947399261967577, 0.3911035905136456, -0.5764476749168863, 0.16909213183471725, -0.5657367758442376, 0.1766365155442407, -0.5680220103000189, 0.18959895553781828, -0.5732393461969539, 0.3478730602398742, 0.02791117916072836, 0.03791744042219369, 0.04312114647504732, 0.363733358637907, 0.049553109717571694, 0.0335465575117916, 0.35244821491900513, 0.04534290580869808, 0.3539253724160412, 0.04825150230688764, 0.3530743831714269], "cm5 charges": [-0.7821289525147422, 0.10331115527746179, 0.14526599329154607, -0.5744360361311054, 0.416802589840613, -0.7808482254134899, 0.09009277399717922, -0.7795038744217307, 0.14419652519395065, -0.7703481412111411, 0.1539293850197434, -0.7781005384154394, 0.5275974438246228, 0.09288789754515465, 0.10150739977456831, 0.11256625601986106, 0.5428989476001993, 0.11569628775971325, 0.09877952145428627, 0.5248400607420667, 0.11725009529444548, 0.5305071138152134, 0.12385982257025868, 0.523404802143124], "FUKUI+": [-0.03349576586907096, 0.0145380940690236, -0.03935878537165048, -0.1172494745527401, -0.021551760130596363, -0.02865076786555835, 9.450009981398063e-05, -0.07652590525687686, -0.005886945183595834, -0.03931311674971624, -0.007784507290198451, -0.06862287902112316, -0.010598807735615614, -0.047894801814054255, -0.06067666250393548, -0.07193838573095647, -0.03212188573578222, -0.06938901955999754, -0.05440932929942099, -0.048463757978368285, -0.04955100290329635, -0.02780181280693427, -0.05312195298295831, -0.052014519337210734], "FUKUI-": [-0.11147302374323124, 0.014114291625004802, 0.0008776584183573558, -0.03522813125950134, -0.007059943922264705, -0.013086235978981276, 0.011102410477243967, -0.07723763588098458, -0.007553671979079566, -0.08938502888596311, -0.005823942159105596, -0.08552079585420432, -0.0390501241239457, -0.1013565708345224, -0.06412856922636234, -0.05559251904896442, -0.027299415717631424, -0.04171634407299879, -0.05182815211714276, -0.028454352965383505, -0.05342014934980524, -0.036502768211877784, -0.048900284851554225, -0.04459847393344516], "FUKUIrad": [-0.07295637771488676, 0.013855494090351706, -0.01877343318355387, -0.07577306823565141, -0.013838456430594667, -0.02134021952826229, 0.006065208808328263, -0.07641464027583802, -0.006714702419107937, -0.06482014834779558, -0.006803582648615444, -0.07707183743766374, -0.024830448865303816, -0.07512504424825175, -0.0628736913951048, -0.0633166763184889, -0.030159050024884955, -0.055102998366246866, -0.05314141694005964, -0.03893077307786837, -0.051462899894773026, -0.03264630757388287, -0.051483478599285315, -0.04831210279755771], "s proportion": [1.7028879316349428, 0.9971516527768319, 1.0387947904468278, 1.7168293291482675, 1.0231136601815163, 1.7147283883843845, 1.0098963053706829, 1.7071210200497566, 1.0280172979806705, 1.706501472843026, 1.0276887031346078, 1.7031971335181586, 0.6518266562171324, 0.9719633923947597, 0.961642822559525, 0.9572569117828392, 0.6362153171121737, 0.9503472318583442, 0.9666904630126294, 0.6471773618966712, 0.9547172370905195, 0.6460778310686727, 0.951313835325791, 0.6468195230789797], "p proportion": [4.868098666395093, 2.817739012819841, 2.780744514376036, 4.778777332983246, 2.585634651771201, 4.862380182532313, 2.821767840729401, 4.8590621946219805, 2.794803470485561, 4.861039934377528, 2.7831918686320947, 4.8706765143224615, 0.0, 0.0, 0.0, 0.0, 0.0, 0.0, 0.0, 0.0, 0.0, 0.0, 0.0, 0.0], "d proportion": [0.0, 0.0, 0.0, 0.0, 0.0, 0.0, 0.0, 0.0, 0.0, 0.0, 0.0, 0.0, 0.0, 0.0, 0.0, 0.0, 0.0, 0.0, 0.0, 0.0, 0.0, 0.0, 0.0, 0.0], "Coordination numbers": [1.6519554010830313, 3.672920730338449, 3.7816131775369155, 1.693998715847927, 3.7157921809974965, 1.651056564788015, 3.6719421510599126, 1.6509441887585719, 3.7496240112027355, 1.6518514461328009, 3.7559366968471894, 1.6519893182810268, 0.8030106817189732, 0.924, 0.924, 0.9239900718276137, 0.803, 0.924, 0.924, 0.803, 0.924, 0.8029546475364445, 0.924, 0.8030012841520732], "Dispersion coefficient C6": [21.75180056844697, 19.692931832241204, 19.036114922316575, 20.09370775631033, 16.970068389660582, 22.17454907700361, 19.95910552179373, 21.66864047241815, 19.20254952203734, 21.765242335986606, 19.01460117665578, 21.804468317806663, 0.6980008743546575, 2.3948293796058344, 2.1714649313926158, 2.23248964259959, 0.645898140031946, 2.0538639350887613, 2.3430566438865617, 0.6972855243109796, 2.2277311970229126, 0.6741478027604856, 2.2364179144762772, 0.6896570790765408], "Polarizability alpha": [6.295982498963641, 6.360054133569117, 6.215432747954047, 6.051771444123395, 5.885097510515467, 6.356513310393552, 6.403410285883406, 6.283534403613291, 6.249865146846077, 6.297376571631884, 6.217933388701872, 6.303898827739981, 1.3119435560200559, 2.4203878958121767, 2.304480116928073, 2.3363296971235767, 1.262898140031946, 2.2405773197694514, 2.3939376319380434, 1.3112862778575662, 2.334321724499316, 1.2902023298498404, 2.3387578918851486, 1.304721757279383], "FOD": [0.0, 0.0, 0.0, 0.0, 0.0, 0.0, 0.0, 0.0, 0.0, 0.0, 0.0, 0.0, 0.0, 0.0, 0.0, 0.0, 0.0, 0.0, 0.0, 0.0, 0.0, 0.0, 0.0, 0.0], "FOD s proportion": [0.0, 0.0, 0.0, 0.0, 0.0, 0.0, 0.0, 0.0, 0.0, 0.0, 0.0, 0.0, 0.0, 0.0, 0.0, 0.0, 0.0, 0.0, 0.0, 0.0, 0.0, 0.0, 0.0, 0.0], "FOD p proportion": [0.0, 0.0, 0.0, 0.0, 0.0, 0.0, 0.0, 0.0, 0.0, 0.0, 0.0, 0.0, 0.0, 0.0, 0.0, 0.0, 0.0, 0.0, 0.0, 0.0, 0.0, 0.0, 0.0, 0.0], "FOD d proportion": [0.0, 0.0, 0.0, 0.0, 0.0, 0.0, 0.0, 0.0, 0.0, 0.0, 0.0, 0.0, 0.0, 0.0, 0.0, 0.0, 0.0, 0.0, 0.0, 0.0, 0.0, 0.0, 0.0, 0.0], "total energy": -43.36137638203771, "HOMO-LUMO gap/eV": 9.533522154116827, "electronic energy": -43.654976450008654, "Dipole module/D": 2.08565669178083, "Total charge": 0.0, "HOMO": -11.229436825464127, "LUMO": -1.6959397574718373, "Fermi-level/eV": -6.462641119707383, "Total dispersion C6": 4677.295496873942, "Total dispersion C8": 99642.87726247458, "Total polarizability alpha": 97.76970775356592, "Total FOD": 0.0}