{"dipole": [-0.60242207, -0.34343504, 0.5087972], "partial charges": [-0.12186657, 0.14670862, -0.16440427, -0.16444162, 0.0715485, 0.07155, 0.07789176, 0.08301358], "mulliken charges": [-0.09775, 0.19283, -0.13699, -0.13703, 0.0459, 0.0459, 0.04764, 0.03949], "cm5 charges": [-0.24252, 0.13518, -0.14267, -0.14271, 0.09749, 0.09749, 0.0998, 0.09794], "FUKUI+": [0.076, -0.065, -0.314, -0.314, -0.086, -0.086, -0.071, -0.14], "FUKUI-": [0.034, 0.037, -0.359, -0.359, -0.071, -0.071, -0.066, -0.145], "FUKUIrad": [0.055, -0.014, -0.337, -0.337, -0.079, -0.079, -0.068, -0.143], "s proportion": [1.018, 1.079, 1.95, 1.95, 0.954, 0.954, 0.952, 0.961], "p proportion": [3.079, 2.728, 5.201, 5.201, 0.0, 0.0, 0.0, 0.0], "d proportion": [0.0, 0.0, -0.014, -0.014, 0.0, 0.0, 0.0, 0.0], "Coordination numbers": [3.814, 3.675, 1.055, 1.055, 0.924, 0.924, 0.924, 0.924], "Dispersion coefficient C6": [22.821, 18.425, 104.325, 104.326, 2.069, 2.069, 2.001, 1.948], "Polarizability alpha": [6.799, 6.15, 15.626, 15.626, 2.249, 2.249, 2.212, 2.183], "FOD": [0.0, 0.0, 0.0, 0.0, 0.0, 0.0, 0.0, 0.0], "FOD s proportion": [0.0, 0.0, 0.0, 0.0, 0.0, 0.0, 0.0, 0.0], "FOD p proportion": [0.0, 0.0, 0.0, 0.0, 0.0, 0.0, 0.0, 0.0], "FOD d proportion": [0.0, 0.0, 0.0, 0.0, 0.0, 0.0, 0.0, 0.0], "total energy": -15.41908098, "HOMO-LUMO gap/eV": 6.21330007, "electronic energy": -15.50621052, "Dipole module/D": 2.186, "Total charge": 0.0, "HOMO": -11.5771, "LUMO": -5.3638, "Fermi-level/eV": -8.4704, "Total dispersion C6": 1236.106957, "Total dispersion C8": 40148.430361, "Total polarizability alpha": 53.095964, "Total FOD": 0.0}