{"dipole": [-0.53060798338831, 0.07813759003543026, 0.0022996723313553156], "partial charges": [-0.11043349718509629, -0.01041708269202377, -0.11120711051466348, 0.015520397440126775, -0.18840033309755977, 0.0711632891323251, -0.04977411308003774, -0.02668624099902693, -0.03294622023012929, -0.03255212031361989, 0.07272838269300266, -0.1565388286565519, 0.48045037560015313, -0.20748406735953254, -0.2082454853023572, -0.20661851820863975, 0.34477847239898907, -0.39779053555537924, -0.2591526152074644, 0.12613498351466826, 0.10938829764264901, -0.18831188825212178, 0.0009489973956415414, -0.039974502274251485, -0.02782609732442294, -0.05056559709962959, 0.14712286777075056, -0.26789272794851754, 0.14310350956658743, -0.05095086281920132, -0.029003536572828694, -0.03547010631340923, -0.028895917708653903, -0.05084398018306488, -0.05623736454077721, 0.046488920801079504, 0.04944635819756894, 0.04216666232292485, 0.04716244357038098, 0.04894260624977252, 0.04424547423060816, 0.04679654642200599, 0.07825153140307255, 0.18681809021412285, 0.06334769868685572, 0.0667112762583209, 0.0770625025022621, 0.0877272298604238, 0.04952615958498918, 0.05295877960944564, 0.05755337197908351, 0.045287177509526155, 0.040623356313194664, 0.037692766619551295, 0.041207439143888955, 0.04680903751045552, 0.05605433959710697], "mulliken charges": [-0.09279462883216112, -0.004363393343257518, -0.09117463712187363, 0.08387009902006216, -0.3584073855359278, 0.13591883717301387, -0.06119452004922155, -0.014774898915147718, -0.04205742882800814, -0.031582523154277724, 0.0746616931436971, -0.09457900580914287, 0.6351281032321016, -0.2502318061582204, -0.25156469978695334, -0.24912265308591544, 0.5636756936061343, -0.5192204699367181, -0.4131246952641438, 0.22132483686575943, 0.19678516825397943, -0.2653040854156223, -0.010320559379797107, -0.04524053968618079, -0.018084087215874955, -0.06606184888479906, 0.256889966135434, -0.40889113846650066, 0.24944280444796824, -0.06817394492735712, -0.022995646137956034, -0.04101605537755638, -0.022673104451386088, -0.0671989361809897, -0.07185490205909682, 0.036519925463585, 0.03862513690735975, 0.03962777395043954, 0.03585536933274395, 0.0378201889640963, 0.038665995758416526, 0.035780120556446623, 0.0534907741523841, 0.21599108304162204, 0.049730667397299415, 0.053890551479072964, 0.060340859494326576, 0.07450569133142539, 0.04420250823784478, 0.04255681330971404, 0.054664947698224144, 0.04585331037909625, 0.034620367247761415, 0.03276553246161522, 0.035142507931135866, 0.046856062738077214, 0.05680422095949527], "cm5 charges": [-0.23970503847012725, -0.06982988358441121, -0.23788115087061007, 0.08191587279432988, -0.6969021759512798, 0.18964746320305165, -0.10909114287918042, -0.0654895741935536, -0.04474749906542198, -0.07888556829853975, 0.0741700917988351, -0.09645108886182406, 0.6866952591772035, -0.27115580066801614, -0.2728161390349432, -0.270583491482337, 0.6202441538564395, -0.5704790440091383, -0.48203148598822926, 0.19749563765319308, 0.3100244936383533, -0.38680671664720107, -0.01797845556416313, -0.09700030098646988, -0.07317107956422725, -0.11627037412205006, 0.2732176051410481, -0.4769517378814636, 0.2657168048554355, -0.11842859296125703, -0.07816008568371831, -0.09627200908283894, -0.07783670053522812, -0.11745290842751765, -0.1184197431408617, 0.08924744669541577, 0.09036947728880787, 0.09377236838297819, 0.09791245038430074, 0.09061325967637351, 0.09139432244225296, 0.08897821517791647, 0.12587844897451744, 0.41283274550571236, 0.10934707132781848, 0.11106716307015951, 0.11957346052932426, 0.1487902758765104, 0.10180230369403753, 0.09794716394712062, 0.11394875957762694, 0.1050930110739376, 0.09000449295592744, 0.0881005449639149, 0.09052605250345555, 0.10623331873875462, 0.11823233571214234], "FUKUI+": [0.008047512543758274, -0.0006651610621121861, 0.007939037061852063, 0.0030220569198781983, -0.020684006843366708, -0.014999124509299484, -0.014290327506960767, -0.016571348244140836, -0.02605739309343832, -0.01740567452274029, -0.013365712498078426, -0.053511527215266794, -0.0010311653865572939, -0.017336353411129497, -0.013163875293029653, -0.01591853431549367, -0.031740319953303724, -0.07166234130911664, -0.0339613361021341, 0.0019212021264311794, -0.015410572306127664, -0.07726535462113768, -0.016167704365533997, -0.0064769984519798054, -0.010781967192071126, -0.01795935527478938, -0.008539526208440323, -0.008418378753773643, 0.0015819813104484789, -0.008661724955639534, -0.012456523222348121, -0.010342501720149715, -0.012775486160039758, -0.008499852313311646, -0.006614042971646394, -0.010063290329472927, -0.01822950263045503, -0.0030837486438570123, -0.010088818566323012, -0.012988045576380029, -0.010624277752880149, -0.00894968350193947, -0.02288391982069254, -0.01598745412113617, -0.030242180904947243, -0.03635851576390867, -0.03366601309494433, -0.02242430650045638, -0.024969158271487463, -0.03204826926979777, -0.029816902507263425, -0.011213074664326795, -0.02473012188541322, -0.026740698775453715, -0.024941324553545394, -0.011173043151533783, -0.01890092357626181], "FUKUI-": [0.006769998578335015, 0.00024650146435001763, 0.0064770189547051415, 0.004693043677549844, -0.06131347916736478, -0.005434969283982187, -0.011874055218453082, -0.007795752091893565, -0.02196481213336627, -0.0034502835122369757, -0.010977876258847535, -0.07886159835308211, 0.0, -0.01345516610294361, -0.008633200603356237, -0.011677652999954392, -0.0043286330242830375, -0.03825492966121521, -0.0071757333252660755, 0.0027763407879641345, 0.003461706326684583, -0.03669905930342313, -0.009856502962767747, -0.015098076699346404, -0.007530846431751701, -0.009115308388434204, -0.0030763962559431407, -0.05385320636366092, -0.018775502283140656, -0.015549452845830569, -0.0148603365762494, -0.03169935607873875, -0.014838677720447451, -0.015425339292201905, -0.005845276182724296, -0.00945091392104464, -0.016839281020031814, -0.006772153251272098, -0.010318551115077996, -0.011684134108037807, -0.012013313426516719, -0.00848829469823805, -0.022262178086406997, -0.02531980091885598, -0.026295937819553285, -0.02732938862497452, -0.021500815384289523, -0.01301714021349122, -0.027499037107786402, -0.029441936821659076, -0.02032966138218063, -0.029398277173911955, -0.039385896919178924, -0.04341111950361934, -0.03959090375031942, -0.029154880065987675, -0.01625925705350479], "FUKUIrad": [0.007465213940999412, -0.000532604511546536, 0.007046254529985282, 0.0039620878059803384, -0.04080965236292294, -0.010292916740611741, -0.012956643840258523, -0.012122344014826699, -0.024121376648858762, -0.010348136276326537, -0.012380999985100335, -0.06624472958148751, -0.0008602768128358481, -0.015507531995846998, -0.011012904176402683, -0.01384157477166369, -0.017969781470478067, -0.05494402266793533, -0.020706730602647133, 0.0024872350918079193, -0.0061189777233354335, -0.05714349409392314, -0.013130548802981206, -0.010528731923922377, -0.009196651382374887, -0.013647600022112566, -0.005797079228632907, -0.03098992818918129, -0.008491737271556157, -0.012066903501193832, -0.013729617211254985, -0.020805490424298537, -0.013784445683113359, -0.011921920057508556, -0.006134559048734406, -0.009656158516723967, -0.0174011876234665, -0.004837284752066841, -0.010238699811197032, -0.012494425070882805, -0.01137688946418881, -0.008638496282188872, -0.02268154029776881, -0.020994315608234296, -0.028110911314899484, -0.031932433725373334, -0.027816191685085413, -0.017455332761848026, -0.02647751343319443, -0.030678025529500698, -0.02531513314755569, -0.020413297492199986, -0.03199723291209072, -0.03494925698480999, -0.03211280685180169, -0.020332720789375765, -0.017927377737638923],