{"dipole": [0.029515615397945796, -0.805467556337632, 0.35881483675695636], "partial charges": [-0.10212817738696528, -0.04685777222712445, -0.0834275650215545, 0.2349478850294773, -0.36632544677419, -0.13569895109361685, 0.035123022788048, 0.03891661738969912, 0.03361180628073259, 0.04323932566956026, 0.038923162801010026, 0.05683233357979267, 0.056512624205722575, 0.06380672664154001, 0.06506577305593553, 0.06745862908107446], "mulliken charges": [-0.08600812492604328, -0.02714057154573894, -0.08607045080802093, 0.3981036445192859, -0.49409328902239347, -0.12675183062297507, 0.030407187099325553, 0.03562343399878293, 0.02703688228702582, 0.03547128270914918, 0.031815481393803476, 0.046672630912705765, 0.045312790324654365, 0.052610748820914766, 0.05665014065130553, 0.06036109122564279], "cm5 charges": [-0.23597094554767237, -0.13756767965194786, -0.18813460781229868, 0.4132201172256108, -0.5445975860602292, -0.26854103320752415, 0.08183168673996148, 0.08717791535331733, 0.07842685754159892, 0.09176785670155727, 0.08757231735615684, 0.10327953581853232, 0.10198319115125849, 0.10525718563785547, 0.11002590023473419, 0.11427087144729112], "FUKUI+": [0.01946680147277727, 0.013451314743297053, 0.027776932572283523, -0.19364080647192503, -0.2963435940738556, 0.05054815584509179, -0.02571449738756877, -0.030736166634401124, -0.02530560245032721, -0.030797699062704284, -0.03350552556225737, -0.09165877684642948, -0.0910850309257222, -0.10744172855068572, -0.09568558222556617, -0.08972171853025968], "FUKUI-": [0.018303024802591182, 0.008196597508185114, -0.009189604453367126, -0.036996338936649616, -0.19758893184380716, 7.327738452427181e-05, -0.07989777867061276, -0.09016421207908545, -0.07543366757031068, -0.08239978092779128, -0.09162753953543767, -0.07494468337028752, -0.07285075485847625, -0.07395006998560258, -0.07156817122375105, -0.06942892257398806], "FUKUIrad": [0.018689981625232915, 0.010648554387832491, 0.009293664059458199, -0.115247282383672, -0.24721898057515934, 0.025544494781741416, -0.052877428349706074, -0.06037287347832389, -0.05036360945251486, -0.05617605587366718, -0.06229245462630163, -0.08360679859590718, -0.08174616584077404, -0.09057225807630814, -0.0834259196544032, -0.07962767142334455], "s proportion": [1.0086101369750973, 1.0243471424124668, 1.0421425806412306, 1.0752472823836718, 1.739297212398069, 1.0218574193587693, 0.9696729856909316, 0.9644494828543158, 0.9732041295943069, 0.964483043063347, 0.968083176641603, 0.9533516555715885, 0.9548464516587754, 0.9472369568200283, 0.9431754019965874, 0.9396802918102171], "p proportion": [3.077601746922839, 3.0032888223458114, 3.0439999999999996, 2.5266101369750973, 4.75454449478174, 3.1049999999999995, 0.0, 0.0, 0.0, 0.0, 0.0, 0.0, 0.0, 0.0, 0.0, 0.0], "d proportion": [0.0, 0.0, 0.0, 0.0, 0.0, 0.0, 0.0, 0.0, 0.0, 0.0, 0.0, 0.0, 0.0, 0.0, 0.0, 0.0], "Coordination numbers": [3.7496101369750976, 3.8000619811300047, 3.8027647687319357, 2.8100619811300054, 0.857, 3.7509999999999994, 0.924, 0.924, 0.924, 0.924, 0.924, 0.924, 0.924, 0.924, 0.924, 0.924], "Dispersion coefficient C6": [22.514429161316265, 21.413997510456955, 22.089915113296488, 23.085781687705655, 21.01956030735113, 23.173574428656867, 2.515353888629732, 2.463968009717263, 2.536877312545432, 2.4077028200855533, 2.464993967730699, 2.2374120217809836, 2.2410123059169096, 2.155331704791553, 2.1408021101514954, 2.113874696936283], "Polarizability alpha": [6.767076512658667, 6.588554410046235, 6.691613798038447, 7.871796947950942, 6.14674421483933, 6.865228776727192, 2.480300585506702, 2.4544316539874105, 2.4905617071394035, 2.4264031705888494, 2.4552497014816774, 2.3390736508331944, 2.3409612807461686, 2.2955644342861405, 2.2880421826158477, 2.273536614977927], "FOD": [0.0, 0.0, 0.0, 0.0, 0.0, 0.0, 0.0, 0.0, 0.0, 0.0, 0.0, 0.0, 0.0, 0.0, 0.0, 0.0], "FOD s proportion": [0.0, 0.0, 0.0, 0.0, 0.0, 0.0, 0.0, 0.0, 0.0, 0.0, 0.0, 0.0, 0.0, 0.0, 0.0, 0.0], "FOD p proportion": [0.0, 0.0, 0.0, 0.0, 0.0, 0.0, 0.0, 0.0, 0.0, 0.0, 0.0, 0.0, 0.0, 0.0, 0.0, 0.0], "FOD d proportion": [0.0, 0.0, 0.0, 0.0, 0.0, 0.0, 0.0, 0.0, 0.0, 0.0, 0.0, 0.0, 0.0, 0.0, 0.0, 0.0], "total energy": -19.860378074885045, "HOMO-LUMO gap/eV": 3.837100968244201, "electronic energy": -20.11262995370952, "Dipole module/D": 3.40752240114534, "Total charge": 0.0, "HOMO": -10.740862647600673, "LUMO": -6.903780304046178, "Fermi-level/eV": -8.82228633644333, "Total dispersion C6": 1885.5701369734588, "Total dispersion C8": 40236.433042301025, "Total polarizability alpha": 64.77534346501425, "Total FOD": 0.0}