{"dipole": [-0.3042766643936083, -0.5276893443865486, 0.1391310078978262], "partial charges": [-0.11199649840602144, 0.017480900984113555, -0.20219184968245452, 0.2608659988154359, -0.3591650469487251, 0.2628317279493459, -0.1985968961435121, 0.05343912675882351, -0.11294101836529394, -0.11289197219081178, -0.33664890236987316, 0.23285226697535008, -0.11660487461588144, -0.052338520096825734, -0.3358273465078108, 0.046973518843497486, 0.044540020650245794, 0.04578741046000388, 0.04482083318040298, 0.050377024377384984, 0.18313361022059735, 0.18345375293645033, 0.06413423631012072, 0.04308581428011828, 0.042216206137623606, 0.04241966053663249, 0.041963053011365666, 0.04337800305562999, 0.042134564688140266, 0.06416517581843299, 0.06378858496909043, 0.06536142973623356], "mulliken charges": [-0.09537083296993383, 0.1043600440316609, -0.36149876242718454, 0.4416655223945151, -0.4448361206420442, 0.44360814729604053, -0.36041096632894715, 0.13549457692344632, -0.10218929949427802, -0.10233388922398143, -0.42908546286368093, 0.37719020448720886, -0.09291353239136049, -0.009249948964750933, -0.4272949407767397, 0.03270108450225357, 0.0316550101006234, 0.03254481408663049, 0.02708176311921703, 0.028612996948305925, 0.21576034320960777, 0.2175251627795684, 0.03349124082600979, 0.03186343959134917, 0.03567945695620756, 0.03203019939501811, 0.033473966986325286, 0.03335628880078927, 0.03291280649994853, 0.035314746628834034, 0.034669093350479956, 0.034194432050760885], "cm5 charges": [-0.23985647715268268, 0.05570770221941361, -0.7021098582499276, 0.6587606331336667, -0.6206480312400875, 0.6617890730879578, -0.6995691524586184, 0.12354152352034936, -0.24433352016268708, -0.2444936258974136, -0.6061303713331782, 0.5463351688168104, -0.11963531884267886, -0.1380405446595648, -0.6025798035839127, 0.08474213303970952, 0.08456583472111502, 0.08558120877521862, 0.09343904897507624, 0.09523222297015076, 0.41708958961638487, 0.4192955077951895, 0.10501284418111836, 0.08484495313321629, 0.08955967135196449, 0.08546409244309011, 0.08720077660276525, 0.08628001738837185, 0.0865547896165625, 0.09002650366636708, 0.08789446339200663, 0.08848723815057478], "FUKUI+": [0.011589472701103718, 0.01376887364724432, -0.048355848012575114, -0.02904594142453047, -0.10567662974573308, -0.026409209754675308, -0.04602472743816524, 0.007696679481888022, 0.011448435157843714, 0.011475859410516496, -0.07778927834613313, -0.04981505771103551, -0.23677363837160423, 0.03760742450142404, -0.07473325918169736, -0.022159576220896142, -0.018203759746697454, -0.017734951706082854, -0.018998567809364226, -0.018725180473660223, -0.03610443326188355, -0.03540869913404586, -0.011087772566536876, -0.02023830321274124, -0.010349045121680672, -0.017921501347258083, -0.014697345134331307, -0.018770910870110475, -0.015031443524374178, -0.038232282693534056, -0.04548257163464381, -0.040886334537596276], "FUKUI-": [0.013056601523197911, 0.013990498736057903, -0.06083187148154323, 0.0009616810195528701, -0.07918263316780702, 0.00013730585715976374, -0.05727162118472806, 0.003761861662377958, 0.009067320579805683, 0.008961514556561828, -0.06996015261424597, 0.02577404463857321, -0.28340573690700577, 0.045685122481997735, -0.07016746601292202, -0.027303295631779762, -0.025668286448291576, -0.025233235167883512, -0.038669878730896945, -0.036196705563500305, -0.03504015670921215, -0.03349834547460764, -0.018679936510798967, -0.02486728679599657, -0.017581939113943443, -0.023234947499640946, -0.021089336760057944, -0.024022593388887507, -0.020703895488757174, -0.04251387629335806, -0.043656982689678395, -0.04274708211942457], "FUKUIrad": [0.012172633486358834, 0.014086800203140714, -0.05452479887398016, -0.014031294199915143, -0.0922087414184808, -0.013261635537733246, -0.05182678343333638, 0.0058133215206633585, 0.010172472677612537, 0.01023423163769302, -0.07396206630656031, -0.011861058130632056, -0.2599153695060111, 0.041441859163006606, -0.07246772071141346, -0.02464215518854292, -0.022010238275425864, -0.02147094213604491, -0.028888101246570843, -0.027595121820122557, -0.03555071212728662, -0.034572298231109196, -0.01498394392274245, -0.022365644964005463, -0.013997458881325428, -0.02062236773524379, -0.017743839098738622, -0.021248931614172795, -0.017917781713961297, -0.04049042727534703, -0.044593093515138786, -0.04190433692249231], "s proportion": [1.012, 1.0009599670559965, 1.4566565184354914, 0.9780820839012092, 1.5301730169276704, 0.9758887287466462, 1.4515560499698155, 1.0279999999999998, 1.0169566150971505, 1.0169778594146723, 1.5344546288129628, 1.0192734200718192, 1.9259999999999997, 1.0092577924053525, 1.5346585927050413, 0.9672066267081436, 0.9683512461223647, 0.9673957231242627, 0.9729474663332421, 0.9714793815033468, 0.7842656490501297, 0.7826308906824171, 0.9666253093627145, 0.9681970337373101, 0.9643298734109189, 0.9678617532716726, 0.9663898067768948, 0.9666655769071161, 0.9669989150960817, 0.9647550609016876, 0.9652206270924538, 0.9658440227703261], "p proportion": [3.084, 2.8950000000000005, 3.9048720710864915, 2.580100667092132, 3.9146082551818413, 2.5805328986192095, 3.908787063142225, 2.836007438473197, 3.085415841765959, 3.0854670079481727, 3.8946443474496375, 2.6036320606621812, 4.165733025427029, 2.999991981399607, 3.8928197892717096, 0.0, 0.0, 0.0, 0.0, 0.0, 0.0, 0.0, 0.0, 0.0, 0.0, 0.0, 0.0, 0.0, 0.0, 0.0, 0.0, 0.0], "d proportion": [0.0, 0.0, 0.0, 0.0, 0.0, 0.0, 0.0, 0.0, 0.0, 0.0, 0.0, 0.0, 0.0009999999999999996, 0.0, 0.0, 0.0, 0.0, 0.0, 0.0, 0.0, 0.0, 0.0, 0.0, 0.0, 0.0, 0.0, 0.0, 0.0, 0.0, 0.0, 0.0, 0.0], "Coordination numbers": [3.7510000000000003, 3.7476638821144803, 2.6975895667803265, 2.942119828887528, 1.8506090672684108, 2.934903395900149, 2.7013666231244677, 3.790809978495869, 3.753418639532392, 3.753486841201608, 1.8841262632655074, 3.0026375960611777, 2.0350646039422964, 3.741999999999999, 1.88733237172867, 0.9239999999999999, 0.9239999999999999, 0.9239999999999999, 0.9239999999999999, 0.9239999999999999, 0.86, 0.86, 0.92399724876838, 0.9239999999999999, 0.9239999999999999, 0.9239999999999999, 0.9239999999999999, 0.9239999999999999, 0.9239999999999999, 0.9239999999999999, 0.9239999999999999, 0.9239999999999999], "Dispersion coefficient C6": [22.70414974355017, 20.344424986946066, 25.393599569155295, 22.619939911553278, 30.203960767720048, 22.58474442632365, 25.31204129646261, 19.690267602313813, 22.719189749427553, 22.718311995276935, 29.592028711908352, 23.123096166653315, 145.9386969793696, 21.589285562192817, 29.569752600653263, 2.358566146694606, 2.3903757368169862, 2.374136366798927, 2.399716885897792, 2.3297513659486304, 1.1962081630815466, 1.194311489550024, 2.152295102048385, 2.409053480628431, 2.4204051446949943, 2.4176505786393223, 2.423699427940054, 2.4050651860195775, 2.4217786781809827, 2.1511884482793313, 2.155371608021397, 2.1374487364216437], "Polarizability alpha": [6.795285200766166, 6.433197699990116, 7.484311671533106, 7.800222325628493, 8.145324661103528, 7.793949943804966, 7.472289246270456, 6.319381280389728, 6.796728644314801, 6.7966599851668095, 8.064316684384133, 7.887999878310568, 20.332437254844077, 6.628790362625655, 8.061222157550855, 2.4015139878629843, 2.4175170083687676, 2.409421466902131, 2.419561051061782, 2.38382983806491, 1.7132832671438294, 1.7119824745945296, 2.294006559826283, 2.426980471332626, 2.4329751456424815, 2.431636482063136, 2.43449017601619, 2.425095308881059, 2.433388539151406, 2.2936274993885712, 2.2959206107938197, 2.2862383260798977], "FOD": [0.0, 0.0, 0.0, 0.0, 0.0, 0.0, 0.0, 0.0, 0.0, 0.0, 0.0, 0.0, 0.0, 0.0, 0.0, 0.0, 0.0, 0.0, 0.0, 0.0, 0.0, 0.0, 0.0, 0.0, 0.0, 0.0, 0.0, 0.0, 0.0, 0.0, 0.0, 0.0], "FOD s proportion": [0.0, 0.0, 0.0, 0.0, 0.0, 0.0, 0.0, 0.0, 0.0, 0.0, 0.0, 0.0, 0.0, 0.0, 0.0, 0.0, 0.0, 0.0, 0.0, 0.0, 0.0, 0.0, 0.0, 0.0, 0.0, 0.0, 0.0, 0.0, 0.0, 0.0, 0.0, 0.0],