{"dipole": [0.61701794, 0.90459074, 0.05182636], "partial charges": [-0.39206193, 0.12661541, -0.05588174, -0.04270604, -0.04448002, -0.07241019, 0.10751189, -0.40954904, 0.32029768, 0.05589811, 0.03870131, 0.03514851, 0.03006244, 0.30285359], "mulliken charges": [-0.51893, 0.22867, -0.06913, -0.04486, -0.04302, -0.09557, 0.20314, -0.53216, 0.36703, 0.05126, 0.03236, 0.03108, 0.03281, 0.35731], "cm5 charges": [-0.71099, 0.24449, -0.11927, -0.09984, -0.09808, -0.14748, 0.21751, -0.73501, 0.54625, 0.10962, 0.08771, 0.08638, 0.09071, 0.52798], "FUKUI+": [-0.066, -0.057, -0.079, -0.05, -0.048, -0.078, -0.062, -0.061, -0.045, -0.104, -0.1, -0.099, -0.103, -0.048], "FUKUI-": [-0.144, -0.061, -0.03, -0.054, -0.066, -0.024, -0.059, -0.109, -0.058, -0.08, -0.088, -0.09, -0.078, -0.062], "FUKUIrad": [-0.105, -0.059, -0.055, -0.052, -0.057, -0.051, -0.06, -0.085, -0.051, -0.092, -0.094, -0.095, -0.09, -0.055], "s proportion": [1.7, 1.012, 1.056, 1.058, 1.055, 1.058, 1.015, 1.695, 0.633, 0.949, 0.968, 0.969, 0.967, 0.643], "p proportion": [4.819, 2.76, 3.013, 2.987, 2.988, 3.038, 2.782, 4.837, 0.0, 0.0, 0.0, 0.0, 0.0, 0.0], "d proportion": [0.0, 0.0, 0.0, 0.0, 0.0, 0.0, 0.0, 0.0, 0.0, 0.0, 0.0, 0.0, 0.0, 0.0], "Coordination numbers": [1.658, 2.845, 2.912, 2.914, 2.913, 2.911, 2.843, 1.658, 0.804, 0.925, 0.925, 0.925, 0.925, 0.804], "Dispersion coefficient C6": [20.696, 25.219, 29.388, 29.061, 29.104, 29.806, 25.618, 21.034, 0.663, 2.248, 2.466, 2.514, 2.585, 0.713], "Polarizability alpha": [6.141, 8.23, 8.889, 8.84, 8.846, 8.952, 8.295, 6.191, 1.279, 2.344, 2.456, 2.48, 2.514, 1.326], "FOD": [0.0, 0.0, 0.0, 0.0, 0.0, 0.0, 0.0, 0.0, 0.0, 0.0, 0.0, 0.0, 0.0, 0.0], "FOD s proportion": [0.0, 0.0, 0.0, 0.0, 0.0, 0.0, 0.0, 0.0, 0.0, 0.0, 0.0, 0.0, 0.0, 0.0], "FOD p proportion": [0.0, 0.0, 0.0, 0.0, 0.0, 0.0, 0.0, 0.0, 0.0, 0.0, 0.0, 0.0, 0.0, 0.0], "FOD d proportion": [0.0, 0.0, 0.0, 0.0, 0.0, 0.0, 0.0, 0.0, 0.0, 0.0, 0.0, 0.0, 0.0, 0.0], "total energy": -24.02634197, "HOMO-LUMO gap/eV": 4.10604204, "electronic energy": -24.3419124, "Dipole module/D": 2.786, "Total charge": 0.0, "HOMO": -10.1859, "LUMO": -6.0798, "Fermi-level/eV": -8.1328, "Total dispersion C6": 2370.46684, "Total dispersion C8": 57022.462628, "Total polarizability alpha": 76.7853, "Total FOD": 0.0}