{"dipole": [0.4156845978024187, -1.028915274587727, -0.419997319154022], "partial charges": [-0.1126102153219511, 0.09299917773005471, -0.26451526150832694, 0.3765577928455582, -0.3718651351438048, -0.26543076505557694, 0.09496176189461727, -0.1132723614045909, -0.08678367260332977, 0.04840800810638267, -0.10513095570125723, 0.3756051458013675, -0.37941861968449087, -0.25639923959009314, 0.09182536050285017, -0.11355476879732893, -0.2568293675197384, 0.09175314025925194, -0.11359946626029395, 0.056133057464501465, 0.05800856067552839, 0.05998608415444069, 0.052509499467471764, 0.04913408660942112, 0.05104151164108957, 0.053447093929089834, 0.05725868665802936, 0.058869376431584707, 0.05897733091522722, 0.07544828475904841, 0.07658842883191372, 0.05322757472280192, 0.05098234472778232, 0.060467392931904604, 0.0566977978467702, 0.05870320037416642, 0.05000306511234721, 0.054597736759012215, 0.05850573924816959, 0.056384192981872513, 0.06032840273178253], "mulliken charges": [-0.09622757448872846, 0.206088986176337, -0.37912060509600576, 0.3760612361359763, -0.21450984305460552, -0.37704991442374874, 0.21213579525825027, -0.09663410623203139, -0.07241070753624178, 0.09953950232652614, -0.08558303109392905, 0.3761696686976154, -0.21753715321576444, -0.37192626227491343, 0.20887481338299327, -0.09704718490627415, -0.37344723673735986, 0.20850003932184166, -0.09673492933964412, 0.03660018899820036, 0.038717949704952064, 0.042241871633460056, 0.026513067441126803, 0.024989931002538032, 0.031205664579441038, 0.028128665889075165, 0.037783405821343534, 0.04242259899674077, 0.035284820090153414, 0.049674113425424944, 0.053308330951504876, 0.02611998928102488, 0.03082877821682143, 0.040472478760456045, 0.04043464907930899, 0.03500387257341815, 0.025104472432579343, 0.031229896599477475, 0.034884376570552475, 0.038312277983900286, 0.04160257354625993], "cm5 charges": [-0.242787574386571, 0.12775586655848156, -0.443823027876897, 0.3152109060475981, -0.18500321955423177, -0.4391890314909167, 0.1341072824832794, -0.24310396175244714, -0.07258838332450354, 0.03153818432289006, -0.08645762603927235, 0.31532603369810036, -0.18775865388444357, -0.4344281215546983, 0.13082109918861057, -0.24352839587625003, -0.4362945138717133, 0.13041206273812, -0.2432504444604801, 0.08892407601447243, 0.0913396967763499, 0.09536669806955217, 0.09114187480518664, 0.09022478234906631, 0.0979847040224597, 0.0933418678942443, 0.09053003932954626, 0.0957185489876763, 0.0872333580440792, 0.11241809212040489, 0.11649964440146138, 0.09148087721215298, 0.09689316664237657, 0.09327227277424013, 0.09367663000821046, 0.08691648578120707, 0.09076081429743821, 0.09653646659434328, 0.0867735433834033, 0.09142024958409833, 0.09458804886818366], "FUKUI+": [0.00815848898768793, 0.013046225435226495, 0.00026876420524650583, -0.09807371467990678, -0.12178326817606729, 0.003040739701791688, 0.011093875599626244, 0.008117986136602081, -0.16409140393677513, 0.041561420513356546, -0.18535304045489479, -0.10720123629160191, -0.1188609242948363, 0.00015809153370056992, 0.011083763184148695, 0.008423923914029399, -0.00026076855650977867, 0.010556610318576392, 0.00834826606184698, -0.0105021558679214, -0.00860666899235634, -0.014526174328909132, -0.012497300921929785, -0.007904263158541541, -0.012399618730379829, -0.014840989064808532, -0.012029803916059931, -0.007666672485714221, -0.015492175034034248, -0.0467693893116477, -0.04741184190415611, -0.009708335272696378, -0.01181589701258363, -0.013099955120445764, -0.006468254705836484, -0.017666054999355234, -0.0055168187053329055, -0.01504918887322455, -0.015297456907325362, -0.008159350145927982, -0.014531181452167384], "FUKUI-": [0.0069999999999999975, 0.011737413039293754, 0.001965085154604893, -0.0960082816191268, -0.27851361039196354, 0.004248814673416928, 0.011232366527898729, 0.007001653404429456, -0.06438667070636994, 0.033236482365034306, -0.07747217394026092, -0.09170964671341146, -0.2621598500548348, 0.0018081692782890833, 0.009913738062067278, 0.0069999999999999975, 0.0008457067834250751, 0.01017012106343852, 0.0069999999999999975, -0.011801084405180585, -0.009521697631916175, -0.013101666764834445, -0.008887666328874073, -0.0068339135298013404, -0.008802079808520814, -0.009285963310784039, -0.012657870074272295, -0.008260649399229296, -0.014533744231604669, -0.015142859448698184, -0.016570583023536006, -0.006601838193793988, -0.010454466341824068, -0.011995551907788051, -0.007748062511574363, -0.016503742112170004, -0.005517526268198564, -0.010958719697278853, -0.014920548883146877, -0.00901693105437108, -0.012904005772165748], "FUKUIrad": [0.00749879172164054, 0.012439495697251297, 0.001354533265749427, -0.0968696643504136, -0.20020392215454436, 0.0037860872223645084, 0.011013360406214218, 0.007282011996024305, -0.1142505531561708, 0.03737626634980186, -0.13154432919276807, -0.09936141024184693, -0.19080184560389332, 0.001042926322088653, 0.010690556266439789, 0.007934562430869145, 9.45987316284528e-05, 0.010487194856616715, 0.007907817386041611, -0.011045308460980813, -0.00917849864188949, -0.013841625368314505, -0.010477620181528834, -0.007281690308205232, -0.010524339893713451, -0.012352727415317224, -0.012006185428146788, -0.007861861046513983, -0.015214262649125251, -0.031217425679401695, -0.03206343907140831, -0.008397424063505538, -0.01128130355541326, -0.012640023769465408, -0.006967358513394797, -0.017286907088144895, -0.005657010480721973, -0.012641792441778744, -0.014994342122119465, -0.008453161098425251, -0.013619987042857915], "s proportion": [1.0123420005805333, 0.9930016534044293, 1.6578167656314111, 1.5173064959753177, 1.8908741162635379, 1.6530466749316526, 0.9930101726783243, 1.0120661660535184, 1.910810332098837, 1.0400781361232903, 1.910006345185733, 1.5172778908355489, 1.8901492226119427, 1.6568895271483537, 0.9929999999999999, 1.0123577578605107, 1.657484724519311, 0.9929999999999999, 1.0123231308512959, 0.9634013051101307, 0.9611999321958387, 0.9578737573820771, 0.9734992984209441, 0.9752050377400066, 0.9687010099650385, 0.9718326130737764, 0.9622729273533501, 0.9576160092739014, 0.9645513746890934, 0.950552414847341, 0.9465218968210105, 0.9736584889390839, 0.9691415335794403, 0.9596696247952137, 0.9595523978623905, 0.9648816300324843, 0.9750910497965019, 0.968573681451993, 0.9651316442077889, 0.9617849486044151, 0.958436296167936], "p proportion": [3.083718516553463, 2.800688175650368, 4.721222325013171, 2.0236456306205404, 4.337500770557345, 4.724229744476477, 2.794764473327331, 3.084103175927666, 4.165001171055813, 2.860414302109181, 4.179177461655499, 2.0213396464586535, 4.34185150164214, 4.714904800901452, 2.7984778288787218, 3.0846863595416503, 4.716017153182576, 2.798701507239962, 3.08428774892785, 0.0, 0.0, 0.0, 0.0, 0.0, 0.0, 0.0, 0.0, 0.0, 0.0, 0.0, 0.0, 0.0, 0.0, 0.0, 0.0, 0.0, 0.0, 0.0, 0.0, 0.0, 0.0], "d proportion": [0.0, 0.0, 0.0, 1.0824965043750248, -0.014055837882445254, 0.0, 0.0, 0.0, -0.0038188457028824046, 0.0, -0.003508053753684189, 1.0851390275323314, -0.014205620956274555, 0.0, 0.0, 0.0, 0.0, 0.0, 0.0, 0.0, 0.0, 0.0, 0.0, 0.0, 0.0, 0.0, 0.0, 0.0, 0.0, 0.0, 0.0, 0.0, 0.0, 0.0, 0.0, 0.0, 0.0, 0.0, 0.0, 0.0, 0.0],