{"dipole": [-1.426507359573658, -0.3207472145235728, 1.1498701075282047], "partial charges": [0.037549478378902434, -0.2599219417695131, 0.5145417951861858, -0.4084373097172403, -0.2615364437982602, 0.03740516206519789, -0.22873999819134147, 0.14501809396116863, -0.06112510003642164, 0.08830683053550252, -0.10388132873229097, 0.06990873394429149, -0.09909131148310055, -0.04442342201501172, 0.07532095608210758, -0.11415400786054049, 0.07602088498321768, 0.06567954805831747, 0.0638476498012654, 0.0628828487532889, 0.07524909754549332, 0.06724368903493286, 0.10016442905451489, 0.10217167571241431], "mulliken charges": [0.1781504817855253, -0.35304750214194686, 0.44390848654561554, -0.20499902259708963, -0.3529882308259392, 0.17811598463984693, -0.32573863452749485, 0.2451466210545582, -0.08023696922861523, 0.09108610710215909, -0.08766557364897129, 0.04824207443546953, -0.05507105998938205, -0.06066533071510722, 0.07492295666811305, -0.0853382482029254, 0.03703141841928728, 0.03509618179538695, 0.03689018463629486, 0.04100449475153651, 0.03709496226520577, 0.030814192002521813, 0.07390779510894463, 0.05434885720521177], "cm5 charges": [0.0631099307899491, -0.4185600583974291, 0.40486349514821646, -0.17439028029731043, -0.4189247700712089, 0.06304727885948365, -0.36879575454042013, 0.2709725358099808, -0.12526270686931273, 0.0862181579222771, -0.08943053515603881, 0.03072959368193578, -0.0387754398009986, -0.11010168436097682, 0.07340790700845454, -0.0849219765529189, 0.09650607861197914, 0.097176492218881, 0.09966195352309878, 0.10460699568023236, 0.0967775439057379, 0.09184453960288776, 0.13830688457122073, 0.11191797198569041], "FUKUI+": [0.011387289233584043, -0.006374206360100049, -0.04129569729397555, -0.06107873003560084, -0.004308780167459541, 0.012050691928072125, -0.022562018838343835, -0.06185330850276893, -0.04, -0.04164822649096702, -0.1279114780478634, -0.05001517620352106, -0.1338026165746968, -0.04112403767668766, -0.0420862076526232, -0.12718759150876746, -0.020483288802742996, -0.013673194611023835, -0.0029472147418908154, -0.00910752383108806, -0.019563356480422383, -0.010415327341112756, -0.07338728923358404, -0.07361271076641596], "FUKUI-": [0.02043798116165617, -0.007118653389702363, -0.11010138385614425, -0.3108026165746968, -0.005789754670689141, 0.02043798116165617, -0.011673194611023835, -0.0068381322992478715, -0.0016505407904804236, -0.013, -0.12313921388020871, -0.017000000000000005, -0.1337972322877115, -0.007612710766415957, -0.012625572670423616, -0.10796523996340746, -0.033409943054127464, -0.014273043473432135, -0.010405535424577003, -0.015487335447649747, -0.03163670222903792, -0.009539365017800418, -0.02338421924611214, -0.03361271076641596], "FUKUIrad": [0.016387289233584044, -0.007002093330037059, -0.07567319461102383, -0.18641532734111277, -0.004855622802282319, 0.016050691928072125, -0.016898616143855755, -0.03453936501780042, -0.020825270395240215, -0.02734945920951958, -0.12561271076641597, -0.03331394348496851, -0.13382527039524023, -0.02417472960475979, -0.027524188814279368, -0.11751439689774361, -0.026971961892471287, -0.014447773078191924, -0.006932038538369763, -0.012297429639368902, -0.025687394157110046, -0.009977346179456587, -0.04849846500626405, -0.05361271076641596], "s proportion": [0.9725620188383438, 1.6459493080719279, 1.4351899058082809, 1.888, 1.646387289233584, 0.9723872892335841, 1.636189905808281, 1.013387289233584, 1.0679493080719278, 1.0823872892335842, 1.945, 1.1014379811616561, 1.9484379811616561, 1.069, 1.0780000000000003, 1.943949308071928, 0.963, 0.9647398184305755, 0.9628222004077684, 0.9590280381075288, 0.9627972322877114, 0.969, 0.9261929757957529, 0.9456127107664158], "p proportion": [2.849511326910272, 4.706977346179457, 1.9280733457486157, 4.331847924215784, 4.706612710766416, 2.8493872892335843, 4.689230805819817, 2.7416225026829517, 3.0121142457601517, 2.8264379811616562, 5.152488673089728, 2.850124037676688, 5.097612710766416, 2.992050691928072, 2.8467465403596397, 5.151004407629551, 0.0, 0.0, 0.0, 0.0, 0.0, 0.0, 0.0, 0.0], "d proportion": [0.0, 0.0, 1.1931973834253033, -0.015000000000000001, 0.0, 0.0, 0.0, 0.0, 0.0, 0.0, -0.01, 0.0, 0.009, 0.0, 0.0, -0.010050691928072127, 0.0, 0.0, 0.0, 0.0, 0.0, 0.0, 0.0, 0.0], "Coordination numbers": [3.8750000000000004, 1.657, 4.067344737830963, 0.9239999999999999, 1.657, 3.8766731946110236, 1.662, 3.0776867194234607, 2.957511326910272, 2.924387289233584, 0.9834379811616563, 2.9250000000000003, 1.079562018838344, 3.039612710766416, 2.878511326910272, 0.9600000000000001, 0.9239999999999999, 0.9239999999999999, 0.9239999999999999, 0.9239999999999999, 0.9239999999999999, 0.9239999999999999, 0.925, 0.925], "Dispersion coefficient C6": [19.89819565107991, 18.323302721146824, 139.3561793751695, 157.02038442669866, 18.35042716535205, 19.900379590647084, 17.80760435933972, 24.758181986252307, 29.51811304813324, 26.035587963615836, 102.39647831273605, 26.436565844513776, 187.75665147021232, 29.063266716247682, 26.31470447643986, 102.71239296537613, 2.0206322945994875, 2.134432644110309, 2.15488570700421, 2.165656392358606, 2.029356690514878, 2.1162835910779267, 1.7834306435598013, 1.765621165040873], "Polarizability alpha": [6.342622502682952, 5.778283812047404, 21.205625933655067, 21.194704302706025, 5.782661088394976, 6.342686056515032, 5.696940713782304, 8.155554320251847, 8.911321421101992, 8.367926654251386, 15.480835062311776, 8.432012861904008, 22.093450843065668, 8.842704302706025, 8.409565088825817, 15.504900709473892, 2.223009791916536, 2.2846845451391147, 2.2954492844541092, 2.301217689227662, 2.2277014874067, 2.2744734968862073, 2.0884316202172357, 2.078142283867681], "FOD": [0.0, 0.0, 0.0, 0.0, 0.0, 0.0, 0.0, 0.0, 0.0, 0.0, 0.0, 0.0, 0.0, 0.0, 0.0, 0.0, 0.0, 0.0, 0.0, 0.0, 0.0, 0.0, 0.0, 0.0], "FOD s proportion": [0.0, 0.0, 0.0, 0.0, 0.0, 0.0, 0.0, 0.0, 0.0, 0.0, 0.0, 0.0, 0.0, 0.0, 0.0, 0.0, 0.0, 0.0, 0.0, 0.0, 0.0, 0.0, 0.0, 0.0], "FOD p proportion": [0.0, 0.0, 0.0, 0.0, 0.0, 0.0, 0.0, 0.0, 0.0, 0.0, 0.0, 0.0, 0.0, 0.0, 0.0, 0.0, 0.0, 0.0, 0.0, 0.0, 0.0, 0.0, 0.0, 0.0], "FOD d proportion": [0.0, 0.0, 0.0, 0.0, 0.0, 0.0, 0.0, 0.0, 0.0, 0.0, 0.0, 0.0, 0.0, 0.0, 0.0, 0.0, 0.0, 0.0, 0.0, 0.0, 0.0, 0.0, 0.0, 0.0], "total energy": -52.475710740643564, "HOMO-LUMO gap/eV": 2.497003281724402, "electronic energy": -52.88858009951468, "Dipole module/D": 5.497616521380626, "Total charge": 0.0, "HOMO": -10.326872956268163, "LUMO": -7.829902735668915, "Fermi-level/eV": -9.07841848150686, "Total dispersion C6": 14922.091597057843, "Total dispersion C8": 526768.3653230384, "Total polarizability alpha": 194.3149737415397, "Total FOD": 0.0}