{"dipole": [0.00032239, -0.01896626, 0.01605972], "partial charges": [-0.11863816, 0.09052047, -0.04884538, 0.09430168, -0.13632886, 0.01416676, -0.04019974, 0.08637752, -0.12250227, 0.01417147, -0.04020107, 0.08637814, -0.12248218, 0.09050154, -0.11862337, -0.04885517, 0.09430001, -0.13633205, 0.09615165, 0.08499789, 0.08498715, 0.09615397], "mulliken charges": [-0.08432, 0.09375, -0.06377, 0.10379, -0.10053, -0.00938, -0.04633, 0.08627, -0.08751, -0.00938, -0.04633, 0.08627, -0.08749, 0.09373, -0.0843, -0.06378, 0.10379, -0.10053, 0.05736, 0.05067, 0.05066, 0.05737], "cm5 charges": [-0.08535, 0.08994, -0.1119, 0.09987, -0.10164, -0.01383, -0.09442, 0.08244, -0.08857, -0.01383, -0.09442, 0.08243, -0.08855, 0.08993, -0.08533, -0.11192, 0.09987, -0.10164, 0.11513, 0.10833, 0.10832, 0.11514], "FUKUI+": [-0.09, -0.028, -0.027, -0.024, -0.075, -0.025, -0.025, -0.026, -0.086, -0.025, -0.025, -0.026, -0.086, -0.028, -0.09, -0.027, -0.024, -0.075, -0.05, -0.044, -0.044, -0.05], "FUKUI-": [-0.121, -0.013, -0.007, -0.012, -0.107, -0.016, -0.007, -0.015, -0.141, -0.016, -0.007, -0.015, -0.141, -0.013, -0.121, -0.007, -0.012, -0.107, -0.032, -0.029, -0.029, -0.032], "FUKUIrad": [-0.106, -0.02, -0.017, -0.018, -0.091, -0.021, -0.016, -0.021, -0.113, -0.021, -0.016, -0.021, -0.113, -0.02, -0.106, -0.017, -0.018, -0.091, -0.041, -0.036, -0.036, -0.041], "s proportion": [1.945, 1.08, 1.066, 1.082, 1.945, 1.078, 1.067, 1.079, 1.945, 1.078, 1.067, 1.079, 1.944, 1.08, 1.945, 1.066, 1.082, 1.945, 0.943, 0.949, 0.949, 0.943], "p proportion": [5.15, 2.826, 2.998, 2.814, 5.166, 2.931, 2.98, 2.835, 5.153, 2.931, 2.98, 2.835, 5.153, 2.826, 5.15, 2.998, 2.814, 5.166, 0.0, 0.0, 0.0, 0.0], "d proportion": [-0.01, 0.0, 0.0, 0.0, -0.01, 0.0, 0.0, 0.0, -0.01, 0.0, 0.0, 0.0, -0.01, 0.0, -0.01, 0.0, 0.0, -0.01, 0.0, 0.0, 0.0, 0.0], "Coordination numbers": [0.967, 2.9, 2.997, 2.88, 0.959, 2.989, 2.96, 2.897, 0.966, 2.989, 2.96, 2.897, 0.966, 2.9, 0.967, 2.997, 2.88, 0.959, 0.925, 0.925, 0.925, 0.925], "Dispersion coefficient C6": [102.855, 25.987, 29.2, 25.904, 103.412, 27.688, 28.997, 26.076, 102.977, 27.688, 28.997, 26.076, 102.976, 25.987, 102.855, 29.201, 25.904, 103.412, 1.82, 1.928, 1.928, 1.82], "Polarizability alpha": [15.516, 8.358, 8.864, 8.344, 15.558, 8.632, 8.832, 8.373, 15.525, 8.632, 8.832, 8.373, 15.525, 8.358, 15.516, 8.864, 8.344, 15.558, 2.11, 2.172, 2.172, 2.11], "FOD": [0.0, 0.0, 0.0, 0.0, 0.0, 0.0, 0.0, 0.0, 0.0, 0.0, 0.0, 0.0, 0.0, 0.0, 0.0, 0.0, 0.0, 0.0, 0.0, 0.0, 0.0, 0.0], "FOD s proportion": [0.0, 0.0, 0.0, 0.0, 0.0, 0.0, 0.0, 0.0, 0.0, 0.0, 0.0, 0.0, 0.0, 0.0, 0.0, 0.0, 0.0, 0.0, 0.0, 0.0, 0.0, 0.0], "FOD p proportion": [0.0, 0.0, 0.0, 0.0, 0.0, 0.0, 0.0, 0.0, 0.0, 0.0, 0.0, 0.0, 0.0, 0.0, 0.0, 0.0, 0.0, 0.0, 0.0, 0.0, 0.0, 0.0], "FOD d proportion": [0.0, 0.0, 0.0, 0.0, 0.0, 0.0, 0.0, 0.0, 0.0, 0.0, 0.0, 0.0, 0.0, 0.0, 0.0, 0.0, 0.0, 0.0, 0.0, 0.0, 0.0, 0.0], "total energy": -55.05815465, "HOMO-LUMO gap/eV": 3.62513035, "electronic energy": -55.55581034, "Dipole module/D": 0.063, "Total charge": 0.0, "HOMO": -11.2011, "LUMO": -7.576, "Fermi-level/eV": -9.3886, "Total dispersion C6": 16652.944832, "Total dispersion C8": 561691.541416, "Total polarizability alpha": 204.565445, "Total FOD": 0.0}