{"dipole": [-0.12667687719272058, 0.02730726844682376, 0.011066063784650363], "partial charges": [-0.09974739143110939, -0.05128493183873169, -0.05345371732238901, -0.056662527430333114, -0.028652486357547916, -0.09565088086615128, 0.03132728044150121, 0.032703238228983786, 0.03216607027542112, 0.02940205005473943, 0.029065747793360797, 0.030116644892539138, 0.030943828849412065, 0.03659796048562776, 0.03748227715482896, 0.029877438671080406, 0.03400992025289069, 0.03175948010923491], "mulliken charges": [-0.08388925206964583, -0.03937858179325171, -0.04304594325447686, -0.04330956628958349, -0.021684509269352947, -0.08744432795376016, 0.027496464598325294, 0.02695812715215008, 0.02780845954981192, 0.022850191978168243, 0.02275296632012401, 0.024265006536656454, 0.024293950428780707, 0.02929157469664346, 0.029454425198347407, 0.024773339376025914, 0.028451850889991834, 0.030358184720106252], "cm5 charges": [-0.23427410648858263, -0.1516284024597574, -0.1525478824533369, -0.14938562147575743, -0.08610850374582556, -0.18954517074295577, 0.0785401145667809, 0.0783820142617468, 0.078902981538472, 0.07763393027419375, 0.07756443527899227, 0.07931242201817176, 0.07947570538722906, 0.08456861643253029, 0.084850468120926, 0.08030604667080583, 0.08126413641260422, 0.08268997963756736], "FUKUI+": [0.013643598699586382, 0.007844708133758772, 0.007025383226088087, 0.026463986065880435, -0.16143179235175079, -0.12606944525490982, -0.02367220123218075, -0.012143920595098034, -0.02133455555344425, -0.016403970918180376, -0.01629736903078763, -0.038100740786314306, -0.03099823845315952, -0.0729208195393217, -0.07854742757233905, -0.145389872861652, -0.15741691219591064, -0.15487598964602056], "FUKUI-": [0.020198485601854787, 0.005807184261961313, 0.005834535679630216, 0.007487472662482809, -0.04758641089972636, -0.06276848644322024, -0.0731229269584826, -0.07254266997810506, -0.07487029848832512, -0.08533968675488635, -0.08799755468838519, -0.06899409644296156, -0.06822924057661765, -0.08085661594324271, -0.07733679083998596, -0.07325428475753348, -0.07945996045747909, -0.08767999181723732], "FUKUIrad": [0.016969284445304787, 0.0066445294341633335, 0.006332543586544509, 0.016690424177919785, -0.10434666735494985, -0.09450880663936383, -0.04826583420363261, -0.04211311355324487, -0.04803000478301387, -0.05069327498279237, -0.05213043724435907, -0.05341464745753465, -0.04934987112941998, -0.07688103796706965, -0.07806667262391621, -0.10937370668920844, -0.1185605454365633, -0.12138875502245378], "s proportion": [1.0073628335273934, 1.0268957176402342, 1.0319305547450903, 1.0279729606657413, 1.0719084240266021, 1.0474236833659738, 0.9726098778320925, 0.9728918356249981, 0.972027049914381, 0.9770681799282421, 0.9773212252524743, 0.9757344576857934, 0.9758272989858586, 0.9707224870362335, 0.9706600744853736, 0.9749999999999999, 0.9718611094901802, 0.9697144094981137], "p proportion": [3.0766085228685975, 3.012389872861652, 3.0109921905177526, 3.015137286240069, 2.950091575973398, 3.0403250955560606, 0.0, 0.0, 0.0, 0.0, 0.0, 0.0, 0.0, 0.0, 0.0, 0.0, 0.0, 0.0], "d proportion": [0.0, 0.0, 0.0, 0.0, 0.0, 0.0, 0.0, 0.0, 0.0, 0.0, 0.0, 0.0, 0.0, 0.0, 0.0, 0.0, 0.0, 0.0], "Coordination numbers": [3.749695738565702, 3.7992364204491396, 3.801568766567849, 3.8036652511570166, 2.8852407701453107, 2.8338611094901807, 0.9240000000000002, 0.9240000000000002, 0.9240000000000002, 0.9240000000000002, 0.9240000000000002, 0.9240000000000002, 0.9240000000000002, 0.9240000000000002, 0.9240000000000002, 0.9250000000000002, 0.9250000000000002, 0.9250000000000002], "Dispersion coefficient C6": [22.469085283597604, 21.496031897901094, 21.533423952958206, 21.590380138534776, 28.713865722844886, 30.39495538153796, 2.5677718894330033, 2.5485931771310777, 2.5559011905769764, 2.5950455755594306, 2.600033097291779, 2.585208410303349, 2.5732200903685865, 2.4950696020351346, 2.4828183103722137, 2.588401773658711, 2.5301954775593116, 2.5611942392042835], "Polarizability alpha": [6.760398248301466, 6.601406284798197, 6.606828982782623, 6.615245263569888, 8.785172872348875, 9.034514914913814, 2.506105061090614, 2.4966230889355066, 2.500214463673957, 2.519215269902656, 2.5215348984754637, 2.514320344542826, 2.508561802889709, 2.4699171187581346, 2.4637774252944076, 2.515879440683096, 2.4874617014005875, 2.502735730652162], "FOD": [0.0, 0.0, 0.0, 0.0, 0.0, 0.0, 0.0, 0.0, 0.0, 0.0, 0.0, 0.0, 0.0, 0.0, 0.0, 0.0, 0.0, 0.0], "FOD s proportion": [0.0, 0.0, 0.0, 0.0, 0.0, 0.0, 0.0, 0.0, 0.0, 0.0, 0.0, 0.0, 0.0, 0.0, 0.0, 0.0, 0.0, 0.0], "FOD p proportion": [0.0, 0.0, 0.0, 0.0, 0.0, 0.0, 0.0, 0.0, 0.0, 0.0, 0.0, 0.0, 0.0, 0.0, 0.0, 0.0, 0.0, 0.0], "FOD d proportion": [0.0, 0.0, 0.0, 0.0, 0.0, 0.0, 0.0, 0.0, 0.0, 0.0, 0.0, 0.0, 0.0, 0.0, 0.0, 0.0, 0.0, 0.0], "total energy": -18.933549374360656, "HOMO-LUMO gap/eV": 5.193708007349647, "electronic energy": -19.233903032999198, "Dipole module/D": 0.44316264102190267, "Total charge": 0.0, "HOMO": -10.70072999990985, "LUMO": -5.506999195961891, "Fermi-level/eV": -8.103864144781006, "Total dispersion C6": 2366.697771024987, "Total dispersion C8": 50715.35727830777, "Total polarizability alpha": 74.4097653973113, "Total FOD": 0.0}