{"dipole": [1.2287456214425854, 1.160989395053328, 0.025534617540276014], "partial charges": [-0.13130396006193773, 0.2809999354134777, -0.40996627347539527, -0.18225114079078594, 0.571193035815509, -0.49026349818314424, -0.05835765348107559, -0.030817591291504035, -0.05521825167635894, 0.08413593139427557, -0.27764375951347164, -0.05523492815058133, -0.029787091185808173, 0.17846349429412323, -0.1674633585818707, -0.1519244812619906, 0.07903684394547328, -0.11151134884050287, -0.03065993583025167, -0.09921274533882353, 0.07718971455667673, 0.08408466785323235, 0.07061731563789087, 0.05212683806033092, 0.03919368118245979, 0.16346505429382288, 0.16345950664235137, 0.03925165478278537, 0.052778723209130005, 0.057733985169941354, 0.06491999457390266, 0.0591771962921458, 0.047525291279784374, 0.05669169498673291, 0.05957145539837372], "mulliken charges": [-0.11082187617221938, 0.47887514094309613, -0.5338919816191431, -0.21197137382646244, 0.35865962783108774, -0.4469698234195866, 0.016408997591195525, -0.021168098110197972, -0.07045685753739256, 0.157155884610177, -0.43327641433008024, -0.07039638276899139, -0.019682850031806826, 0.3388670806414112, -0.2834427270888435, -0.13011025276703975, 0.135167928342071, -0.09016973138562163, -0.06012773485658403, -0.06849632959198511, 0.06162966751610646, 0.06973521069895894, 0.05526895494466238, 0.0520282485413254, 0.038580769460713565, 0.2160258056083599, 0.21599409581892606, 0.038740657543374614, 0.05279551486561578, 0.04366200036070276, 0.04910274361538326, 0.044686812609909934, 0.03719176331296272, 0.04058678257247968, 0.04982196441740739], "cm5 charges": [-0.24568770595866352, 0.5695136437728682, -0.5809666318172555, -0.4285570430209313, 0.4359776696525699, -0.49648161119380224, 0.025004123103373636, -0.07116034579398932, -0.11847299218666932, 0.2057041099836286, -0.8774057647708133, -0.11841283161789289, -0.06967788185766209, 0.4364930406831294, -0.28508616161469563, -0.2656697414795604, 0.2026806470217394, -0.22744022351981885, -0.057781420462049725, -0.2092692821497434, 0.12076720052929897, 0.12700990555630717, 0.1126778354579275, 0.11298949338592083, 0.09704167629083137, 0.40323576148834833, 0.40318609312915626, 0.09720114967757183, 0.1135216194068944, 0.0963591441470782, 0.10386196676318926, 0.09739888611943807, 0.09191876472620313, 0.09426418853852551, 0.10526601378779682], "FUKUI+": [0.02263726795288108, -0.03718136602355947, -0.09042800466437985, -0.004650840279997041, -0.1469635041487882, -0.020860103568498264, -0.0019093169882202692, -0.014848265501095427, -0.013288108232878116, -0.033481312323840426, -0.023806795909037698, -0.013530525743562423, -0.014410211207127805, -0.015013572327115966, -0.03768399450218013, -0.07410425533889568, -0.025090683011779736, 0.01609068301177973, -0.02436273204711893, 0.017090683011779736, -0.031201391471551026, -0.04032874269941211, -0.03446986582903687, -0.02677185324903955, -0.039136373733973544, -0.02948131232384042, -0.02932957782493584, -0.03959157723068727, -0.027346727027681945, -0.031000000000000003, -0.029279792863003477, -0.030173622195895183, -0.022647961836974796, -0.030408804539393715, -0.022305965670750424], "FUKUI-": [0.015455901929321614, -0.0019093169882202692, -0.06036770578796485, -0.015288108232878118, -0.15336537524353977, -0.04625847670822323, -0.014793223581921736, -0.008757582489315695, -0.020848265501095427, -0.017621208755342153, -0.061625429885478235, -0.021489056151504697, -0.008621208755342153, -0.00790931698822027, -0.012269562164916236, -0.06345341505889865, -0.012909316988220267, 0.014, -0.03210674220931865, 0.01609068301177973, -0.018583705413737068, -0.028536217550098265, -0.024045383862185216, -0.030712590199729772, -0.04273800059424858, -0.04243984273178269, -0.041909316988220265, -0.04359157723068726, -0.03139415200958889, -0.025727950964660806, -0.026999999999999996, -0.026090683011779726, -0.030238840635054175, -0.037882753706762425, -0.03524362457572529], "FUKUIrad": [0.01863726795288108, -0.019469474256437577, -0.07561185755836228, -0.010090683011779733, -0.14999577886986393, -0.03334915972000297, -0.008595798360823349, -0.01179905208137342, -0.017378791244657847, -0.025530525743562422, -0.04271611289725797, -0.01753052574356242, -0.011970368475345113, -0.011272049035339194, -0.024956043537519318, -0.0685933114904004, -0.019000000000000003, 0.015090683011779732, -0.02809068301177973, 0.01609068301177973, -0.024871813646615178, -0.03421847779256526, -0.029712283339721174, -0.02874222172438466, -0.04122705674575327, -0.03601183806740284, -0.03586010356849826, -0.04159157723068726, -0.029273837473154263, -0.027909316988220266, -0.028139896431501738, -0.028132152603837456, -0.02666332260190583, -0.03416651391910693, -0.02893958403570578], "s proportion": [1.0210906830117796, 1.0133135186273967, 1.7359093169882203, 1.4495440980706789, 1.8733787912446578, 1.7420000000000002, 1.0849093169882205, 1.0669585304079423, 1.0573787912446577, 1.048, 1.4371439906712404, 1.0575305257435623, 1.0671813660235594, 0.9909093169882204, 1.704, 1.5829093169882202, 1.0640000000000003, 1.005, 1.077, 1.0, 0.9384077992467772, 0.9300791074288018, 0.9444140949427665, 0.9480568303569888, 0.9612228356156172, 0.7840492134197221, 0.7840906830117798, 0.961, 0.9471939025235702, 0.9563787912446577, 0.950867275853952, 0.955704719481668, 0.9632013089567373, 0.9594225146583139, 0.9499855470728882], "p proportion": [3.089362732047119, 2.508010230698087, 4.797961017278365, 3.7624534150588986, 3.2901813660235595, 4.704494884650956, 2.898246638640821, 2.954547674946309, 3.013120314536435, 2.795, 3.9960906830117797, 3.012621208755342, 2.952866757390955, 2.6703627320471193, 4.579621208755342, 3.5477694205567185, 2.801, 3.086, 2.983469474256438, 3.0686212087553426, 0.0, 0.0, 0.0, 0.0, 0.0, 0.0, 0.0, 0.0, 0.0, 0.0, 0.0, 0.0, 0.0, 0.0, 0.0], "d proportion": [0.0, 0.0, 0.0, 0.0, 0.47758805453315906, 0.0, 0.0, 0.0, 0.0, 0.0, 0.0, 0.0, 0.0, 0.0, 0.0, 0.0, 0.0, 0.0, 0.0, 0.0, 0.0, 0.0, 0.0, 0.0, 0.0, 0.0, 0.0, 0.0, 0.0, 0.0, 0.0, 0.0, 0.0, 0.0, 0.0], "Coordination numbers": [3.75190931698822, 2.82793586535774, 0.8579093169882203, 2.734, 2.9597180034829687, 0.859, 2.952041469592058, 2.934, 2.918, 2.8920000000000003, 2.638, 2.9174694742564373, 2.93418136602356, 3.0259084622296144, 1.81, 1.902, 3.018, 3.753, 2.9800906830117797, 3.7510906830117796, 0.924, 0.924, 0.924, 0.9250000000000002, 0.9250000000000002, 0.8599999999999999, 0.8599999999999999, 0.9250000000000002, 0.9250000000000002, 0.924, 0.924, 0.924, 0.924, 0.924, 0.924], "Dispersion coefficient C6": [23.084686275561605, 22.25105700673239, 21.88098671282081, 24.944746544586096, 119.92192214757799, 23.569722664155496, 29.448978517716704, 28.769090279172726, 29.371768240729505, 26.124252022488456, 27.176758873168062, 29.372012983349602, 28.74411005796557, 24.15301761238875, 16.810947318060855, 25.076078019621374, 26.215471027447656, 22.691294117800833, 28.75896334630758, 22.455927472582474, 2.016651351250522, 1.9435106349446873, 2.0813954402523542, 2.2938098761244845, 2.459764964179981, 1.3132342290312073, 1.3131617841284924, 2.4587468886052224, 2.285577426470485, 2.225742793266595, 2.1428214444563567, 2.2086642453236176, 2.3536865472847537, 2.2450758927183045, 2.2121372905415817], "Polarizability alpha": [6.851857616698076, 7.729828864674528, 6.271289740344696, 7.41767127693367, 18.430980291214535, 6.509269562164916, 8.901089075642464, 8.796414360723857, 8.887077056506563, 8.37960937068794, 7.742469347366039, 8.88685357663644, 8.792284085606546, 8.061161784128492, 5.536921155055623, 7.424283887102742, 8.398741523291777, 6.792818633976441, 8.796670241106565, 6.758217007116166, 2.2188173342652244, 2.1785121369849643, 2.255714504845375, 2.368266802979505, 2.4524278235958805, 1.7950865887720413, 1.7950711011167126, 2.45206283992494, 2.3641772954274343, 2.333326055127408, 2.2888689668650155, 2.3237751654144225, 2.398689804883759, 2.3416326970710633, 2.324079911246539],