{"dipole": [1.33580276, -1.24995734, -0.11003161], "partial charges": [-0.05618717, -0.00261944, 0.08418937, -0.27510812, 0.12101738, -0.06968232, -0.04994696, 0.31443901, -0.44524251, -0.18579845, 0.27030517, -0.43783829, -0.02443147, 0.06667636, 0.08385005, 0.08384512, 0.05913993, 0.07312938, 0.09070582, 0.07314092, 0.22641624], "mulliken charges": [0.05859, -0.16066, 0.22733, -0.3924, 0.24551, -0.23937, 0.07034, 0.54972, -0.56629, -0.33136, 0.46094, -0.56296, 0.00233, 0.04074, 0.06289, 0.06289, 0.04119, 0.04631, 0.06515, 0.04632, 0.27278], "cm5 charges": [-0.02542, -0.42373, 0.32569, -0.56724, 0.39487, -0.47977, -0.01214, 0.71142, -0.60453, -0.6684, 0.56515, -0.60346, 0.09279, 0.10273, 0.12653, 0.12652, 0.11301, 0.10967, 0.1307, 0.10969, 0.47593], "FUKUI+": [0.031, -0.073, -0.055, -0.082, -0.037, -0.055, 0.027, -0.015, -0.095, -0.034, -0.07, -0.154, -0.02, -0.045, -0.039, -0.039, -0.09, -0.035, -0.036, -0.035, -0.049], "FUKUI-": [0.027, -0.063, -0.027, -0.072, -0.023, -0.097, 0.031, -0.006, -0.126, -0.028, -0.01, -0.113, -0.047, -0.045, -0.048, -0.048, -0.07, -0.071, -0.049, -0.071, -0.042], "FUKUIrad": [0.029, -0.068, -0.041, -0.077, -0.03, -0.076, 0.029, -0.011, -0.11, -0.031, -0.04, -0.133, -0.034, -0.045, -0.043, -0.043, -0.08, -0.053, -0.042, -0.053, -0.046], "s proportion": [0.984, 1.44, 0.994, 1.554, 1.002, 1.435, 0.98, 0.944, 1.723, 1.429, 0.973, 1.726, 1.026, 0.959, 0.937, 0.937, 0.959, 0.954, 0.935, 0.954, 0.727], "p proportion": [2.957, 3.72, 2.778, 3.838, 2.753, 3.804, 2.95, 2.506, 4.843, 3.902, 2.566, 4.837, 2.972, 0.0, 0.0, 0.0, 0.0, 0.0, 0.0, 0.0, 0.0], "d proportion": [0.0, 0.0, 0.0, 0.0, 0.0, 0.0, 0.0, 0.0, 0.0, 0.0, 0.0, 0.0, 0.0, 0.0, 0.0, 0.0, 0.0, 0.0, 0.0, 0.0, 0.0], "Coordination numbers": [3.687, 2.864, 3.153, 1.892, 3.203, 2.738, 3.693, 2.707, 0.859, 2.706, 2.76, 0.858, 3.085, 0.924, 0.924, 0.924, 0.925, 0.924, 0.924, 0.924, 0.86], "Dispersion coefficient C6": [21.786, 21.309, 25.851, 27.99, 24.809, 22.592, 21.654, 21.656, 22.605, 25.025, 22.434, 22.451, 28.515, 2.123, 1.94, 1.94, 2.209, 2.052, 1.872, 2.051, 0.981], "Polarizability alpha": [6.681, 6.856, 8.315, 7.843, 8.114, 7.059, 6.658, 7.617, 6.375, 7.43, 7.756, 6.353, 8.754, 2.278, 2.178, 2.178, 2.324, 2.24, 2.14, 2.24, 1.551], "FOD": [0.0, 0.0, 0.0, 0.0, 0.0, 0.0, 0.0, 0.0, 0.0, 0.0, 0.0, 0.0, 0.0, 0.0, 0.0, 0.0, 0.0, 0.0, 0.0, 0.0, 0.0], "FOD s proportion": [0.0, 0.0, 0.0, 0.0, 0.0, 0.0, 0.0, 0.0, 0.0, 0.0, 0.0, 0.0, 0.0, 0.0, 0.0, 0.0, 0.0, 0.0, 0.0, 0.0, 0.0], "FOD p proportion": [0.0, 0.0, 0.0, 0.0, 0.0, 0.0, 0.0, 0.0, 0.0, 0.0, 0.0, 0.0, 0.0, 0.0, 0.0, 0.0, 0.0, 0.0, 0.0, 0.0, 0.0], "FOD d proportion": [0.0, 0.0, 0.0, 0.0, 0.0, 0.0, 0.0, 0.0, 0.0, 0.0, 0.0, 0.0, 0.0, 0.0, 0.0, 0.0, 0.0, 0.0, 0.0, 0.0, 0.0], "total energy": -38.9806741, "HOMO-LUMO gap/eV": 3.35113066, "electronic energy": -39.43849472, "Dipole module/D": 4.658, "Total charge": 0.0, "HOMO": -10.7226, "LUMO": -7.3715, "Fermi-level/eV": -9.047, "Total dispersion C6": 5485.035058, "Total dispersion C8": 126600.156318, "Total polarizability alpha": 112.940613, "Total FOD": 0.0}