{"dipole": [-0.09665295141668608, -0.4205122295357165, 0.31240479633704454], "partial charges": [-0.0997373374349727, -0.06389724530261455, 0.10489379435155155, -0.4482267813562243, -0.02264817961110345, -0.10526561108365555, -0.10268632148749762, 0.0329071768413818, 0.03568690218084664, 0.039464818489334454, 0.03394321263205995, 0.030885944105595323, 0.038957881956025175, 0.2835134224759213, 0.02982841359851854, 0.03387675754022496, 0.03967895764973075, 0.0340712884316925, 0.03733771373151744, 0.03538111846489782, 0.03203407119834572], "mulliken charges": [-0.0790159721422176, -0.06337861597329528, 0.20893531392682885, -0.5652861190294716, -0.023753756331735643, -0.08966787034871662, -0.08826846607524245, 0.02742064577394277, 0.02919780954249727, 0.031609882533528866, 0.026501844846634783, 0.02486740656395361, 0.027096326155119307, 0.33273036765519715, 0.02231131743045362, 0.029113276589501687, 0.0333625731583036, 0.02806631230311627, 0.031817485939600834, 0.030132481228567695, 0.02620675099189188], "cm5 charges": [-0.22873598163680173, -0.17179193023492803, 0.16332764348748355, -0.7773447031174553, -0.09385152636322212, -0.23766460797899525, -0.2361559532384815, 0.07863426603532604, 0.08124258015139572, 0.08449357830049802, 0.08327194289839919, 0.0813317900775368, 0.0944972541089296, 0.5035963261732218, 0.08226722664031424, 0.08115584593651361, 0.0859474588282236, 0.07981717269125946, 0.08510556221720608, 0.08262688333129843, 0.0782323798851759], "FUKUI+": [0.015927553203928108, 0.0012917507873356725, -0.043855932025369256, -0.11748638825965921, -0.022013859704592943, 0.015272861126597597, 0.01993575788089173, -0.06578042976590116, -0.053342848849159026, -0.04186021153315166, -0.06809377216976789, -0.06853513442355035, -0.08117009294032249, -0.10273965951835042, -0.06907253744010004, -0.047983220329197, -0.049684303039538545, -0.06165951016923301, -0.046792067594090436, -0.05398991324270376, -0.057968399086211736], "FUKUI-": [0.01833754109905095, -0.0015377542832460984, -0.017830757757617305, -0.12418087193997407, -0.019039859523179964, 0.02309974926728107, 0.023317165499870937, -0.08614158666981503, -0.06497319067877237, -0.053647583493360455, -0.06297013253359666, -0.060026878977202915, -0.06813881894762969, -0.0557911458096002, -0.0741070910579533, -0.05765866557512629, -0.061926644498393385, -0.07488537898950194, -0.05108011873873862, -0.06408785351991608, -0.06677858352408148], "FUKUIrad": [0.016903123444798673, -1.322473775679559e-05, -0.03072535101351678, -0.1208534939797571, -0.020750743106970546, 0.01936547041391114, 0.02141662644493293, -0.07602199152726992, -0.05925133033948873, -0.04767145413592218, -0.06544837391047294, -0.0642330103194513, -0.07463734489100987, -0.07908612880006495, -0.07163114495463103, -0.05272767389632484, -0.0557671509373086, -0.06821188515366082, -0.048960596510311066, -0.05906679008563008, -0.06237093601044155], "s proportion": [1.0062535817114564, 1.0361580614093964, 1.0252667772689914, 1.6990312554817988, 1.0608828411356177, 1.0122359050658607, 1.011709692609709, 0.9724078034091238, 0.9707802021522681, 0.968315383690744, 0.9734242192289146, 0.9751651848022594, 0.9728473751080758, 0.6672391902245537, 0.9776386399019913, 0.9707874461761075, 0.9667601094319507, 0.9718956161567293, 0.9683423285562016, 0.9697914299679448, 0.9740165968003702], "p proportion": [3.072591330047403, 3.027328768407299, 2.765985294370444, 4.866117025981424, 2.9629475928776103, 3.0773629124537893, 3.076367474501301, 0.0, 0.0, 0.0, 0.0, 0.0, 0.0, 0.0, 0.0, 0.0, 0.0, 0.0, 0.0, 0.0, 0.0], "d proportion": [0.0, 0.0, 0.0, 0.0, 0.0, 0.0, 0.0, 0.0, 0.0, 0.0, 0.0, 0.0, 0.0, 0.0, 0.0, 0.0, 0.0, 0.0, 0.0, 0.0, 0.0], "Coordination numbers": [3.748874704857952, 3.798037000762849, 3.724255046978978, 1.6530000000000005, 3.8467533635714584, 3.751980110057162, 3.7515625029746285, 0.9240000000000003, 0.9240000000000003, 0.9240000000000003, 0.9239856388617439, 0.9240000000000003, 0.9240000000000003, 0.8040000000000002, 0.9235258694877784, 0.9240000000000003, 0.9240000000000003, 0.9240000000000003, 0.9240000000000003, 0.9240000000000003, 0.9240000000000003], "Dispersion coefficient C6": [22.469936483030132, 21.72914231686024, 18.955668376285203, 21.809304457113484, 20.94517109751542, 22.571849309246797, 22.522584071793954, 2.5460664640111714, 2.5083293193052616, 2.4574605670824474, 2.5324881127944723, 2.5751740730128594, 2.467826711956486, 0.7728520914380292, 2.5915241490452945, 2.5324281137309432, 2.4545909796405376, 2.5297982559811842, 2.4858166573912612, 2.5120117762487726, 2.5579354289598037], "Polarizability alpha": [6.760683109862195, 6.637041729390427, 6.217124330293339, 6.304325744050705, 6.509720505522633, 6.775264177240778, 6.767945693715096, 2.4951280384685246, 2.476278718929968, 2.451385125435807, 2.4883473231529862, 2.5095382322265563, 2.4556089510205976, 1.3812299677088717, 2.5168832665742276, 2.48859577194331, 2.449764424250703, 2.487122015807625, 2.4653944622442907, 2.4784828688228653, 2.501237137779667], "FOD": [0.0, 0.0, 0.0, 0.0, 0.0, 0.0, 0.0, 0.0, 0.0, 0.0, 0.0, 0.0, 0.0, 0.0, 0.0, 0.0, 0.0, 0.0, 0.0, 0.0, 0.0], "FOD s proportion": [0.0, 0.0, 0.0, 0.0, 0.0, 0.0, 0.0, 0.0, 0.0, 0.0, 0.0, 0.0, 0.0, 0.0, 0.0, 0.0, 0.0, 0.0, 0.0, 0.0, 0.0], "FOD p proportion": [0.0, 0.0, 0.0, 0.0, 0.0, 0.0, 0.0, 0.0, 0.0, 0.0, 0.0, 0.0, 0.0, 0.0, 0.0, 0.0, 0.0, 0.0, 0.0, 0.0, 0.0], "FOD d proportion": [0.0, 0.0, 0.0, 0.0, 0.0, 0.0, 0.0, 0.0, 0.0, 0.0, 0.0, 0.0, 0.0, 0.0, 0.0, 0.0, 0.0, 0.0, 0.0, 0.0, 0.0], "total energy": -24.054274756459073, "HOMO-LUMO gap/eV": 11.68893632245843, "electronic energy": -24.351595295180893, "Dipole module/D": 1.9340171030071507, "Total charge": 0.0, "HOMO": -10.837858901047479, "LUMO": 0.8510933271282102, "Fermi-level/eV": -4.993379572637562, "Total dispersion C6": 2905.025409948159, "Total dispersion C8": 60017.370402597204, "Total polarizability alpha": 79.61714251425603, "Total FOD": 0.0}