{"dipole": [0.08798365509509844, 0.14645437433860814, 0.1858796448199448], "partial charges": [-0.10106001576453989, -0.052570829153913, -0.05958414187426323, -0.05585637440120042, -0.08825055972069232, 0.35114670625919886, -0.4028746625507836, -0.268281717555296, 0.034239070573044, 0.033480047083100664, 0.03304991186475197, 0.033978747212212244, 0.031184285556742825, 0.03025566582179786, 0.03383145457994648, 0.035191131325348846, 0.046948637529552494, 0.04284793852098182, 0.06743165555792686, 0.06742778147010298, 0.0627552638923734, 0.06192189579349342, 0.06278811597152811], "mulliken charges": [-0.08371214166733827, -0.03861358110786097, -0.04920985321004065, -0.03899879930995842, -0.07812451111108591, 0.5735474913783924, -0.5284130468718291, -0.4181898963998583, 0.17537186299501464, 0.02833939980931181, 0.027455477999161183, 0.028892722280643917, 0.02383793499213758, 0.02302269578335132, 0.026657186173157495, 0.026960096482627694, 0.03687991780576849, 0.03233489436797632, 0.05395741065366011, 0.05486360110276377, 0.0401038045802954, 0.04299443376490196, 0.04004277235953316], "cm5 charges": [-0.23408513064196806, -0.1511178554327784, -0.15933924483068582, -0.14730749861196246, -0.17683326572645974, 0.6225808885886687, -0.5781615862056004, -0.5053412504146031, 0.055712990329014375, 0.07943555889573159, 0.07867979581521918, 0.0800659176142022, 0.0785472956697779, 0.07775961866262165, 0.08261753030620061, 0.08286321056474552, 0.09431290249406302, 0.08860311706704489, 0.11292174959108009, 0.11347176738495425, 0.10032394224680669, 0.10405268407548915, 0.10023994967654538], "FUKUI+": [0.009265403253231405, 0.00525389255948869, 0.007598065528711027, 0.014165282497090497, 0.026559784294088177, -0.18701117723208363, -0.281825595262541, -0.12628699226054776, 0.047, -0.014935909699843599, -0.013200570497086261, -0.012071147758065132, -0.013130475975270674, -0.012351159695328956, -0.011586826887907556, -0.014099546704666949, -0.026968206118182503, -0.03868868178165227, -0.0920797003782868, -0.09311357887086878, -0.0611534179671159, -0.05033337104051525, -0.06136535951663869], "FUKUI-": [0.019763185354302847, 0.007422882151143906, 0.009174532741420296, 0.0101446858664492, -0.003712322812717168, -0.013342542757736511, -0.12317368329108339, -0.0639332419438787, 0.02101324233316252, -0.06641533304904397, -0.07165931156792577, -0.06825021362082039, -0.08886112677962789, -0.08888530638034195, -0.06956287479734194, -0.07056299979490586, -0.054327011033192714, -0.06272187266877435, -0.05008686243184565, -0.052508184563717177, -0.04320896995346706, -0.03372221164706365, -0.04235321800714445], "FUKUIrad": [0.014536636989844648, 0.006287235871637216, 0.00827010654388485, 0.012283473582174614, 0.011542642247450873, -0.10025155866453447, -0.20254272761243142, -0.0952256449134275, 0.034, -0.04090098230974379, -0.042412513497325624, -0.040311238401853404, -0.05129905752576198, -0.0506472137736475, -0.04067530894333193, -0.042561107662580665, -0.04050809696112691, -0.05083077337522561, -0.0710753952401909, -0.07272884464271934, -0.05209891907424424, -0.04218269530633539, -0.05191635110345373], "s proportion": [1.0074835412706176, 1.027, 1.0328623663393337, 1.0304401985717087, 1.0390737488643833, 0.990764722046066, 1.7310000000000003, 1.6979999999999997, 0.9729999999999999, 0.9717693344899488, 0.9725106898192045, 0.9710219825555739, 0.9759875790623779, 0.9769375323573366, 0.9732184865768004, 0.9731858972419954, 0.9631074354155738, 0.967619639387817, 0.946130531948648, 0.9450872678058159, 0.9598023911125044, 0.9567984796066175, 0.9599093257822412], "p proportion": [3.076337654021484, 3.0115969549458503, 3.01636052343488, 3.008530407397186, 3.039129985122552, 2.435502130693386, 4.797581400306149, 4.720116891884036, 2.8519999999999994, 0.0, 0.0, 0.0, 0.0, 0.0, 0.0, 0.0, 0.0, 0.0, 0.0, 0.0, 0.0, 0.0, 0.0], "d proportion": [0.0, 0.0, 0.0, 0.0, 0.0, 0.0, 0.0, 0.0, 0.0, 0.0, 0.0, 0.0, 0.0, 0.0, 0.0, 0.0, 0.0, 0.0, 0.0, 0.0, 0.0, 0.0, 0.0], "Coordination numbers": [3.7497768344985514, 3.799604272720856, 3.801215922487399, 3.8014669878340923, 3.802439087988847, 2.722193050072693, 0.8559999999999999, 1.7029999999999996, 3.655251065346692, 0.924, 0.924, 0.924, 0.924, 0.924, 0.924, 0.924, 0.924, 0.924, 0.924, 0.924, 0.924, 0.924, 0.924], "Dispersion coefficient C6": [22.49412693968718, 21.518826365528383, 21.64638205078812, 21.577395094329944, 22.181661903278528, 21.03719077758828, 21.739094065861078, 18.448539811939103, 20.291632569394704, 2.53774585164652, 2.543712358071429, 2.530718036136479, 2.5698635683668902, 2.582996078884584, 2.5336136213160345, 2.5149239037941213, 2.359496786144118, 2.4129085318243884, 2.1141995647690472, 2.114213548557459, 2.1671031284386033, 2.176602073697806, 2.1667013925628433], "Polarizability alpha": [6.764039251995198, 6.604789668445182, 6.6238948949491085, 6.61350408941232, 6.705226464759568, 7.508572234390386, 6.251236861798871, 5.799083894840053, 6.467143681146419, 2.491244242666221, 2.4940682198871458, 2.4876288460043434, 2.5070565871784103, 2.5133764614783436, 2.4891629552798515, 2.4799423213965244, 2.40192649425244, 2.4287151197923156, 2.2739962636445914, 2.27398045458305, 2.302085083974534, 2.307298845819359, 2.301987954266997], "FOD": [0.0, 0.0, 0.0, 0.0, 0.0, 0.0, 0.0, 0.0, 0.0, 0.0, 0.0, 0.0, 0.0, 0.0, 0.0, 0.0, 0.0, 0.0, 0.0, 0.0, 0.0, 0.0, 0.0], "FOD s proportion": [0.0, 0.0, 0.0, 0.0, 0.0, 0.0, 0.0, 0.0, 0.0, 0.0, 0.0, 0.0, 0.0, 0.0, 0.0, 0.0, 0.0, 0.0, 0.0, 0.0, 0.0, 0.0, 0.0], "FOD p proportion": [0.0, 0.0, 0.0, 0.0, 0.0, 0.0, 0.0, 0.0, 0.0, 0.0, 0.0, 0.0, 0.0, 0.0, 0.0, 0.0, 0.0, 0.0, 0.0, 0.0, 0.0, 0.0, 0.0], "FOD d proportion": [0.0, 0.0, 0.0, 0.0, 0.0, 0.0, 0.0, 0.0, 0.0, 0.0, 0.0, 0.0, 0.0, 0.0, 0.0, 0.0, 0.0, 0.0, 0.0, 0.0, 0.0, 0.0, 0.0], "total energy": -30.27425430917374, "HOMO-LUMO gap/eV": 4.7801604681628085, "electronic energy": -30.620412558127477, "Dipole module/D": 2.0639158299789884, "Total charge": 0.0, "HOMO": -11.254509803248686, "LUMO": -6.474329496796631, "Fermi-level/eV": -8.864417853676963, "Total dispersion C6": 3952.5112482989525, "Total dispersion C8": 83709.47315748413, "Total polarizability alpha": 93.08976877406212, "Total FOD": 0.0}