{"dipole": [-0.12564532938803963, -0.03867017526099015, -1.3449364412888019], "partial charges": [-0.09927782414435415, -0.012585293268644576, -0.09925835529205565, 0.0023314796120548027, -0.037725214344658115, -0.05889679971933797, 0.07696334417454312, -0.18823082353810006, 0.31638570190525395, -0.4599447203483793, -0.14523250751186145, -0.039603968105473855, -0.039793180539826264, -0.046309965709004745, -0.036451927133459024, 0.03498607485797477, 0.03352976949695401, 0.031231553124415282, 0.03175975350531199, 0.031230915306339105, 0.034925637913404334, 0.03340830153435766, 0.029888795014595175, 0.020133653259579595, 0.1718035406912905, 0.048460605278998065, 0.061081583115914134, 0.04751633718173625, 0.06011761396537991, 0.048295386949124205, 0.04818466637640674, 0.06527124481608, 0.0358046160431423], "mulliken charges": [-0.08684127390481733, 0.00021624203172755706, -0.08685070973241574, -0.013429290267584253, -0.035457324698006255, -0.07568964513379212, 0.15092, -0.34603070973241573, 0.5588751774331039, -0.5700944677006882, -0.31299035486620785, 0.06286204636463907, 0.06251277620225698, -0.05091624203172755, -0.035699981932344915, 0.02912688801796376, 0.027579663201447203, 0.02977277518348344, 0.02210167444954967, 0.029747206748861478, 0.027961937958708608, 0.028547870802752756, 0.027777224816516555, 0.02489893540137638, 0.2225396451337921, 0.028157808075346756, 0.04715586706031752, 0.03277016362766924, 0.046428955506578544, 0.02763685086388006, 0.033610354866207864, 0.061185177433103935, 0.031609936253820456], "cm5 charges": [-0.23391162877102517, -0.06748375796827244, -0.23391035486620784, -0.027044467700688187, -0.08861214726490231, -0.1236041128344803, 0.20322999999999997, -0.6897448225668961, 0.71747, -0.6132096451337921, -0.5737155322993117, -0.02396148422978458, -0.02434922550263116, -0.09806177433103937, -0.08883480449924097, 0.0808966149655905, 0.07932029112002834, 0.08132795261658737, 0.08123649701644572, 0.08130202931575753, 0.08013711539181254, 0.07988269336964882, 0.08428104653096853, 0.08381375796827242, 0.4256441128344803, 0.08964745320913889, 0.11087959741772058, 0.09665332128822994, 0.11004040258227943, 0.09106392057716814, 0.09563601465787877, 0.12585035486620788, 0.08813129197247241], "FUKUI+": [0.012999999999999998, 0.004, 0.012999999999999998, -0.067, -0.029964513379212653, -0.036035486620787344, -0.05099999999999999, -0.020999999999999998, -0.05099999999999999, -0.095, -0.05, 0.022553229931181015, 0.022446770068818983, -0.027964513379212654, -0.036035486620787344, -0.02364513379212656, -0.02483712289747977, -0.012999999999999998, -0.02851774331039367, -0.012999999999999998, -0.014482256689606328, -0.034, -0.06848225668960634, -0.065, -0.041, -0.03599999999999999, -0.02423385034409492, -0.020801636276692424, -0.02476614965590508, -0.023574160550551865, -0.0326242031727557, -0.05199999999999999, -0.06851774331039368], "FUKUI-": [0.007482256689606328, -0.004, 0.006999999999999999, -0.053, -0.022, -0.02351774331039367, -0.032, -0.06, 0.0, -0.05948225668960633, -0.091, 0.027517743310393673, 0.027482256689606327, -0.023964513379212654, -0.019999999999999997, -0.028198363723307574, -0.029319379587086095, -0.02151774331039367, -0.03051774331039367, -0.02151774331039367, -0.019999999999999997, -0.03748225668960632, -0.05151774331039367, -0.04751774331039367, -0.039999999999999994, -0.04703548662078734, -0.042716107033701246, -0.04112101586377852, -0.043283892966298754, -0.0350564172401582, -0.05178708027527593, -0.041482256689606326, -0.04948225668960633], "FUKUIrad": [0.009999999999999998, 0.0, 0.009999999999999998, -0.06, -0.026482256689606326, -0.030035486620787345, -0.041, -0.039999999999999994, -0.025999999999999995, -0.077, -0.07, 0.02503548662078734, 0.024964513379212655, -0.025964513379212656, -0.028035486620787343, -0.02616287710252023, -0.02683712289747977, -0.017, -0.029517743310393668, -0.017, -0.017482256689606325, -0.03599999999999999, -0.06, -0.055999999999999994, -0.041, -0.04151774331039367, -0.033716107033701245, -0.030461326070235474, -0.03428389296629875, -0.0290564172401582, -0.04244677006881899, -0.047, -0.059], "s proportion": [1.012, 1.051, 1.012, 1.089, 1.0610354866207872, 1.0579999999999998, 1.038, 1.42, 0.946, 1.725, 1.4449999999999998, 0.982446770068819, 0.982553229931181, 1.061, 1.0649645133792127, 0.9709999999999999, 0.9724822566896062, 0.9704822566896062, 0.9780354866207873, 0.9700354866207872, 0.9719645133792125, 0.9715177433103935, 0.9725177433103935, 0.9749999999999999, 0.777, 0.9716951764143303, 0.9531273904817328, 0.9669645133792125, 0.953872609518267, 0.9723403102064568, 0.9659999999999999, 0.9389999999999998, 0.9684822566896062], "p proportion": [3.074482256689606, 2.949, 3.0745177433103934, 2.924, 2.9744822566896065, 3.018, 2.811, 3.9259999999999997, 2.495, 4.845, 3.8679999999999994, 2.9548580535168503, 2.9551419464831494, 2.99, 2.971, 0.0, 0.0, 0.0, 0.0, 0.0, 0.0, 0.0, 0.0, 0.0, 0.0, 0.0, 0.0, 0.0, 0.0, 0.0, 0.0, 0.0, 0.0], "d proportion": [0.0, 0.0, 0.0, 0.0, 0.0, 0.0, 0.0, 0.0, 0.0, 0.0, 0.0, 0.0, 0.0, 0.0, 0.0, 0.0, 0.0, 0.0, 0.0, 0.0, 0.0, 0.0, 0.0, 0.0, 0.0, 0.0, 0.0, 0.0, 0.0, 0.0, 0.0, 0.0, 0.0], "Coordination numbers": [3.752, 3.8529999999999998, 3.752, 2.962, 2.9135177433103934, 2.918, 2.896, 2.6949999999999994, 2.693, 0.8579999999999999, 2.732, 3.694141946483149, 3.69385805351685, 2.9129999999999994, 2.914482256689606, 0.9239999999999999, 0.9239999999999999, 0.9239999999999999, 0.923, 0.9239999999999999, 0.9239999999999999, 0.9239999999999999, 0.925, 0.925, 0.8599999999999999, 0.9239999999999999, 0.9239999999999999, 0.9239999999999999, 0.9239999999999999, 0.9239999999999999, 0.9239999999999999, 0.925, 0.925], "Dispersion coefficient C6": [22.45665968979354, 20.764375796827245, 22.456588716551966, 27.971517743310393, 28.93812919724724, 29.46385805351685, 26.280482256689606, 25.08051774331039, 21.622482256689608, 22.916, 24.14051774331039, 21.462353059442364, 21.46612919724724, 29.14965968979354, 28.906906289373545, 2.5173257542050402, 2.536659689793543, 2.568893540137638, 2.5620145560014165, 2.5689435827598417, 2.5175386739297645, 2.538482256689606, 2.5878871655196836, 2.731, 1.262, 2.339525924693856, 2.1933221406740246, 2.3515968979354307, 2.204677859325975, 2.341651508410081, 2.343225668960633, 2.138, 2.505666064411497], "Polarizability alpha": [6.758035486620788, 6.481482256689606, 6.757999999999999, 8.675, 8.821319379587086, 8.901482256689604, 8.405, 7.437999999999999, 7.609999999999999, 6.417999999999999, 7.296999999999999, 6.628091903860945, 6.628908096139054, 8.853517743310393, 8.816680620412914, 2.48116287710252, 2.491070973241574, 2.506446770068819, 2.503248406345511, 2.5067306630351176, 2.481269336964882, 2.492, 2.5159435827598418, 2.5839999999999996, 1.7595177433103935, 2.3917807056573217, 2.3145013805434695, 2.3978161922781087, 2.3204986194565307, 2.3928080108946466, 2.3935950911699226, 2.287, 2.4750919038609456], "FOD": [0.0, 0.0, 0.0, 0.0, 0.0, 0.0, 0.0, 0.0, 0.0, 0.0, 0.0, 0.0, 0.0, 0.0, 0.0, 0.0, 0.0, 0.0, 0.0, 0.0, 0.0, 0.0, 0.0, 0.0, 0.0, 0.0, 0.0, 0.0, 0.0, 0.0, 0.0, 0.0, 0.0], "FOD s proportion": [0.0, 0.0, 0.0, 0.0, 0.0, 0.0, 0.0, 0.0, 0.0, 0.0, 0.0, 0.0, 0.0, 0.0, 0.0, 0.0, 0.0, 0.0, 0.0, 0.0, 0.0, 0.0, 0.0, 0.0, 0.0, 0.0, 0.0, 0.0, 0.0, 0.0, 0.0, 0.0, 0.0], "FOD p proportion": [0.0, 0.0, 0.0, 0.0, 0.0, 0.0, 0.0, 0.0, 0.0, 0.0, 0.0, 0.0, 0.0, 0.0, 0.0, 0.0, 0.0, 0.0, 0.0, 0.0, 0.0, 0.0, 0.0, 0.0, 0.0, 0.0, 0.0, 0.0, 0.0, 0.0, 0.0, 0.0, 0.0], "FOD d proportion": [0.0, 0.0, 0.0, 0.0, 0.0, 0.0, 0.0, 0.0, 0.0, 0.0, 0.0, 0.0, 0.0, 0.0, 0.0, 0.0, 0.0, 0.0, 0.0, 0.0, 0.0, 0.0, 0.0, 0.0, 0.0, 0.0, 0.0, 0.0, 0.0, 0.0, 0.0, 0.0, 0.0], "total energy": -44.81521725951153, "HOMO-LUMO gap/eV": 3.9169112003286686, "electronic energy": -45.450821032466365, "Dipole module/D": 4.289586909786461, "Total charge": 0.0, "HOMO": -9.908192902675841, "LUMO": -5.99131000852444, "Fermi-level/eV": -7.949701455600141, "Total dispersion C6": 10435.315458447563,