{"dipole": [-0.3559701165437026, -1.2081674852550555, 0.8935570668878311], "partial charges": [-0.10655250082446605, 0.003969786560479771, -0.11385114496303285, 0.14297944234865323, -0.2414877604160594, 0.05351893257304392, -0.046099323674090864, -0.03157756076372632, 0.03474950785155109, -0.05619523606146304, -0.04503352785426174, 0.12097611257869201, -0.3519448310519093, -0.015322690560651223, -0.005544229586314671, -0.04244484157901777, 0.06084662301339059, -0.24890515279545014, 0.1511028202185816, 0.04553245648534991, 0.04253971793568674, 0.044339101052621316, 0.05878276832311998, 0.060777643300201176, 0.04713662405056489, 0.04294043725663072, 0.04656607158897606, 0.05771424380547814, 0.058458987991043244, 0.08426343946780475, 0.05374483357910619, 0.0455786085605396, 0.04844064102035067], "mulliken charges": [-0.09279763658413392, 0.1031098460490498, -0.2875344834598648, 0.2674850969469121, -0.3504021264210547, 0.13414128249526452, -0.05889746883895113, -0.03764938472148752, 0.08949124554527689, -0.2328492203144487, 0.058735571499429075, 0.20253800486284093, -0.24801754642029197, -0.049459539504359724, 0.0024171647544573003, -0.05985501399306614, 0.14288626235119872, -0.3540033031667794, 0.28312358505506147, 0.034136905706876816, 0.031137194975747604, 0.029842390352439834, 0.031156260243661884, 0.034272165921253865, 0.028719936511105704, 0.038624216551414896, 0.03675849935957213, 0.037534336111008794, 0.03654775027221187, 0.044077707863630626, 0.03751521421051876, 0.03891856284846643, 0.028306554351329682], "cm5 charges": [-0.23622046220551005, 0.058657508909446245, -0.5096754752756207, 0.4014112712512435, -0.5343976417305828, 0.1559789712342564, -0.1089191745722165, -0.08396881337588435, 0.15122014467944306, -0.46227225445682163, -0.03057175995065251, 0.2789580369374437, -0.2642167120286531, -0.0371402106285336, -0.0463268467041201, -0.10990561398511281, 0.1640947651389301, -0.5354186367484418, 0.41456036514977973, 0.09094771457257969, 0.08471387251562738, 0.08116511282051339, 0.10039522005386665, 0.10375643735036712, 0.0946033165633449, 0.09478478512917002, 0.09652331379549686, 0.09883978472111976, 0.09799961690276128, 0.10634407267123279, 0.09500725412194705, 0.09500859426275797, 0.09403544861011098], "FUKUI+": [0.008029999602332923, 0.012000000000000002, -0.015886284448975437, -0.005, -0.053943142224487726, -0.027973141826820643, -0.013000000000000001, -0.027973141826820643, -0.016000000000000004, -0.0419131426221548, 0.02794314222448772, -0.030257430704382058, -0.2505417195819435, -0.013913142622154798, -0.019970000397667078, -0.014000000000000002, -0.02694314222448772, -0.051056857775512283, -0.008943142224487716, -0.004940000795334157, -0.008372872995357506, -0.022570269229130215, -0.016003141429153562, -0.015056857775512284, -0.052000000000000005, -0.04700000000000001, -0.042, -0.03108685737784521, -0.03162084414633538, -0.02220544109797422, -0.03497000039766709, -0.04894314222448772, -0.053943142224487726], "FUKUI-": [0.009029999602332922, 0.012056857775512285, -0.048113715551024575, -0.002026858173179362, -0.05973628643731083, -0.013086857377845207, -0.020056857775512284, -0.012000000000000002, -0.009083715948691645, -0.04305685777551228, 0.023056857775512286, 0.019056857775512283, -0.3062577074891868, -0.008029999602332923, -0.004056857775512284, -0.018056857775512282, -0.009, -0.06803314103148649, -0.0009431422244877168, -0.010940000795334158, -0.016292298475819422, -0.026707701524180585, -0.023089998806998767, -0.0360868573778452, -0.047026858173179364, -0.045000000000000005, -0.03602685817317936, -0.033006282858307125, -0.030597127402309576, -0.016510305290407874, -0.030086857377845208, -0.04402999960233293, -0.049029999602332924], "FUKUIrad": [0.009, 0.012029999602332924, -0.03200000000000001, -0.004000000000000001, -0.0568262852443096, -0.021, -0.017, -0.02, -0.013000000000000001, -0.042, 0.026000000000000002, -0.005113715551024567, -0.2779431422244878, -0.01097314182682064, -0.012000000000000002, -0.016056857775512287, -0.017970000397667076, -0.06000314142915356, -0.004943142224487717, -0.007940000795334159, -0.012319156648998783, -0.02465398517782186, -0.019059999204665844, -0.026056857775512286, -0.05000000000000001, -0.046000000000000006, -0.03900000000000001, -0.03203314103148649, -0.0306508437486683, -0.019372872995357504, -0.03205685777551229, -0.04602999960233293, -0.051943142224487725], "s proportion": [1.0110000000000001, 1.0050000000000001, 1.4688594262757961, 1.0259731418268208, 1.5509731418268207, 1.0249431422244877, 1.0569431422244877, 1.0629431422244877, 1.0551137155510246, 1.456, 0.9870000000000001, 1.0888294266734633, 1.9389431422244878, 1.0868562848466428, 1.065943142224488, 1.0580000000000003, 1.0300000000000002, 1.5530268581731796, 1.0238562848466426, 0.9659131426221549, 0.9689968585708466, 0.9699731418268207, 0.9690000000000001, 0.9660000000000001, 0.9710568577755124, 0.9610568577755123, 0.9630568577755123, 0.9620899988069989, 0.9636951358075664, 0.9562417235586144, 0.9620568577755124, 0.9610000000000001, 0.9720000000000001], "p proportion": [3.082, 2.8910299996023334, 3.8180000000000005, 2.706170573326537, 3.7992005729288705, 2.841083715948692, 3.0020568577755125, 2.9752274311020495, 2.855886284448976, 3.7763711462554066, 2.954, 2.708, 4.313545137795902, 2.9630568577755123, 2.931170573326537, 3.001943142224488, 2.828029999602333, 3.8009131426221554, 2.693113715551025, 0.0, 0.0, 0.0, 0.0, 0.0, 0.0, 0.0, 0.0, 0.0, 0.0, 0.0, 0.0, 0.0, 0.0], "d proportion": [0.0, 0.0, 0.0, 0.0, 0.0, 0.0, 0.0, 0.0, 0.0, 0.0, 0.0, 0.0, -0.004943142224487717, 0.0, 0.0, 0.0, 0.0, 0.0, 0.0, 0.0, 0.0, 0.0, 0.0, 0.0, 0.0, 0.0, 0.0, 0.0, 0.0, 0.0, 0.0, 0.0, 0.0], "Coordination numbers": [3.748, 3.754913142622155, 2.73602685817318, 2.877748852153925, 1.8330568577755124, 2.875913142622155, 2.902943142224488, 2.9270568577755127, 2.8927425692956183, 2.7449431422244883, 3.687943142224488, 2.8732005729288703, 1.0380568577755125, 3.0063411466530736, 2.9270000000000005, 2.9050568577755125, 2.877056857775512, 1.8340000000000003, 2.8878231438151563, 0.9240000000000002, 0.9240000000000002, 0.9240000000000002, 0.9230000000000002, 0.9230268581731795, 0.9250000000000002, 0.9250000000000002, 0.9250000000000002, 0.9240000000000002, 0.9240000000000002, 0.9240000000000002, 0.9250000000000002, 0.9250000000000002, 0.9250000000000002], "Dispersion coefficient C6": [22.602690579689213, 20.5656805665662, 23.482874790605635, 24.885785130113806, 27.154860247628683, 26.79670801357493, 29.143732868223356, 28.788020021745268, 27.221756861752187, 22.327300062054455, 21.579859703060603, 25.33895025543721, 154.43556569500595, 28.37777885175626, 28.160484585021628, 29.053748852153927, 26.632944003344086, 27.335987750834903, 24.72145317523086, 2.3761265580524435, 2.4150522663912124, 2.391717161077585, 2.2133194334338038, 2.1900962816653062, 2.355780301711404, 2.4098671590892495, 2.3636160112431748, 2.2257576876058334, 2.2180597170771184, 1.9366574792664106, 2.2741463030129014, 2.3761562808699717, 2.3391594222991254], "Polarizability alpha": [6.780940000795335, 6.466146856582512, 7.197207132571982, 8.177617425932377, 7.721710566168531, 8.485936859366182, 8.852083715948693, 8.799284288877562, 8.553970000397667, 7.017969723612864, 6.6488862844489764, 8.25151513819357, 21.017919979050074, 8.73797314182682, 8.702257430704384, 8.83797314182682, 8.46029057173587, 7.747463148587162, 8.15158000556734, 2.4105482792250554, 2.4304977043078506, 2.4183585805387926, 2.3266462876303122, 2.3140631406338197, 2.400361721967946, 2.4274485793457914, 2.4043080056215875, 2.3333819852320703, 2.3287344186335863, 2.1762213245734596, 2.358116580195374, 2.4100931402361527, 2.3920662820629732], "FOD": [0.0, 0.0, 0.0, 0.0, 0.0, 0.0, 0.0, 0.0, 0.0, 0.0, 0.0, 0.0, 0.0, 0.0, 0.0, 0.0, 0.0, 0.0, 0.0, 0.0, 0.0, 0.0, 0.0, 0.0, 0.0, 0.0, 0.0, 0.0, 0.0, 0.0, 0.0, 0.0, 0.0],