{"dipole": [-0.16244750803628394, -0.39050131678140176, 0.04377727859631757], "partial charges": [-0.09950514486124298, -0.024519340086074492, -0.011364135403564799, -0.10985038750437837, 0.0447403888787159, -0.05528601117945581, -0.036104830470580565, -0.04177505928028413, -0.037843451030515486, -0.016432398945700304, 0.03387162405876937, 0.03982979319543453, 0.04083450893276902, 0.028215922672940662, 0.15116072195895808, 0.020289890487292236, 0.02399725161528609, 0.024111145615496384, 0.025629506449515442], "mulliken charges": [-0.07777289466140397, -0.05061834590776916, 0.06104579421738694, -0.2752293140579565, 0.11325027731356482, -0.07049724154808894, -0.034565310142293276, -0.04600703478656008, -0.03918427633464901, -0.0309360009789158, 0.027834816278041588, 0.032936908366225204, 0.0336515884347739, 0.02813, 0.22616062028458656, 0.02639234492885336, 0.024740206761528855, 0.02514041352305771, 0.02553], "cm5 charges": [-0.21994820480369726, -0.05661813914624031, 0.07690896619235572, -0.6321624860329252, 0.17418793238471145, -0.11907468985770672, -0.0894104135230577, -0.10110468985770671, -0.09122744830961779, -0.027821104359680233, 0.07968164430307281, 0.08477628808163865, 0.08560855266929802, 0.09187765507114663, 0.41831062028458654, 0.08367489661923558, 0.08013275845191106, 0.08053296521343992, 0.08170234492885337], "FUKUI+": [0.02674483096177863, -0.053, -0.061, -0.04225516903822137, -0.019, -0.06974483096177864, -0.046, -0.026, -0.073, -0.033, -0.04476550711466411, -0.042531014229328215, -0.03895864769422905, -0.085, -0.055, -0.08574483096177862, -0.085, -0.08, -0.085], "FUKUI-": [0.02674483096177863, -0.08, -0.041, -0.07648966192355726, -0.01625516903822137, -0.049, -0.037, -0.03174483096177863, -0.04925516903822137, -0.01625516903822137, -0.06212405691731286, -0.07702067615288548, -0.06911043596802303, -0.07974483096177863, -0.06274483096177863, -0.06974483096177864, -0.072, -0.071, -0.066], "FUKUIrad": [0.02674483096177863, -0.066, -0.051, -0.05974483096177863, -0.017255169038221368, -0.05974483096177863, -0.04200000000000001, -0.028999999999999998, -0.06125516903822137, -0.025, -0.05357236653509917, -0.06027584519110685, -0.05440695731201535, -0.082, -0.059, -0.07774483096177863, -0.079, -0.075, -0.076], "s proportion": [0.9989999999999999, 1.07, 1.02, 1.4180000000000001, 1.034, 1.054, 1.055, 1.055, 1.061, 1.071, 0.9722344928853358, 0.9670206761528854, 0.9662551690382214, 0.972, 0.774, 0.974, 0.9749999999999999, 0.9749999999999999, 0.974], "p proportion": [3.078255169038221, 2.9807448309617786, 2.9192551690382214, 3.857744830961779, 2.853, 3.016, 2.98, 2.991, 2.9787448309617788, 2.96, 0.0, 0.0, 0.0, 0.0, 0.0, 0.0, 0.0, 0.0, 0.0], "d proportion": [0.0, 0.0, 0.0, 0.0, 0.0, 0.0, 0.0, 0.0, 0.0, 0.0, 0.0, 0.0, 0.0, 0.0, 0.0, 0.0, 0.0, 0.0, 0.0], "Coordination numbers": [3.752, 3.062, 2.99, 2.7937448309617787, 3.06, 2.905, 2.915, 2.908, 2.912, 3.1004896619235573, 0.924, 0.924, 0.924, 0.925, 0.86, 0.925, 0.925, 0.925, 0.925], "Dispersion coefficient C6": [22.461551690382212, 28.552, 28.290082704611542, 23.39738628115913, 26.93878618326755, 29.373234492885334, 28.898255169038222, 29.037234492885336, 28.940662126350237, 28.292703478656012, 2.531965702897825, 2.4515239590257325, 2.438, 2.611958647694229, 1.393489661923557, 2.7287448309617788, 2.6734896619235573, 2.671489661923557, 2.649655071146641], "Polarizability alpha": [6.758510338076443, 8.762, 8.724765507114665, 7.184234492885336, 8.51125516903822, 8.88674483096178, 8.815, 8.836, 8.821489661923557, 8.71674483096178, 2.4881104359680233, 2.4486343949937557, 2.442, 2.527234492885336, 1.8487448309617787, 2.583, 2.5567448309617786, 2.5557448309617787, 2.545572366535099], "FOD": [0.0, 0.0, 0.0, 0.0, 0.0, 0.0, 0.0, 0.0, 0.0, 0.0, 0.0, 0.0, 0.0, 0.0, 0.0, 0.0, 0.0, 0.0, 0.0], "FOD s proportion": [0.0, 0.0, 0.0, 0.0, 0.0, 0.0, 0.0, 0.0, 0.0, 0.0, 0.0, 0.0, 0.0, 0.0, 0.0, 0.0, 0.0, 0.0, 0.0], "FOD p proportion": [0.0, 0.0, 0.0, 0.0, 0.0, 0.0, 0.0, 0.0, 0.0, 0.0, 0.0, 0.0, 0.0, 0.0, 0.0, 0.0, 0.0, 0.0, 0.0], "FOD d proportion": [0.0, 0.0, 0.0, 0.0, 0.0, 0.0, 0.0, 0.0, 0.0, 0.0, 0.0, 0.0, 0.0, 0.0, 0.0, 0.0, 0.0, 0.0, 0.0], "total energy": -26.78413331182798, "HOMO-LUMO gap/eV": 3.3514001326802556, "electronic energy": -27.248587049408584, "Dipole module/D": 1.9758618326754958, "Total charge": 0.0, "HOMO": -9.571223498234323, "LUMO": -6.219738579170122, "Fermi-level/eV": -7.895493797154135, "Total dispersion C6": 4398.357175379271, "Total dispersion C8": 106714.1044672782, "Total polarizability alpha": 106.01366591574315, "Total FOD": 0.0}