{"dipole": [-0.28249562, 0.14101596, 0.04720789], "partial charges": [-0.09219602, -0.05487183, 0.00312628, -0.0399113, -0.03630126, -0.0356546, -0.04169378, 0.00925502, -0.10312805, 0.03141349, 0.03182059, 0.03378131, 0.03233461, 0.03550933, 0.02723693, 0.02506015, 0.02524456, 0.02654041, 0.04189469, 0.03682778, 0.04371169], "mulliken charges": [-0.07775, -0.04103, -0.00704, -0.04041, -0.03272, -0.03137, -0.04291, 0.00338, -0.08653, 0.02781, 0.0286, 0.02895, 0.02808, 0.02669, 0.02747, 0.02706, 0.02708, 0.0274, 0.03805, 0.03316, 0.03603], "cm5 charges": [-0.22674, -0.14681, -0.02055, -0.09374, -0.08814, -0.0868, -0.09627, -0.01196, -0.23038, 0.07954, 0.07941, 0.08051, 0.08328, 0.08267, 0.08378, 0.0825, 0.08253, 0.08352, 0.09005, 0.08506, 0.08854], "FUKUI+": [0.015, 0.016, -0.078, -0.051, -0.052, -0.06, -0.05, -0.071, 0.031, -0.019, -0.045, -0.019, -0.045, -0.044, -0.092, -0.093, -0.095, -0.091, -0.056, -0.048, -0.053], "FUKUI-": [0.008, 0.007, -0.061, -0.023, -0.052, -0.052, -0.024, -0.062, 0.025, -0.038, -0.059, -0.039, -0.072, -0.046, -0.067, -0.078, -0.078, -0.069, -0.088, -0.058, -0.075], "FUKUIrad": [0.012, 0.012, -0.07, -0.037, -0.052, -0.056, -0.037, -0.066, 0.028, -0.029, -0.052, -0.029, -0.058, -0.045, -0.079, -0.086, -0.087, -0.08, -0.072, -0.053, -0.064], "s proportion": [1.007, 1.026, 1.091, 1.063, 1.058, 1.058, 1.063, 1.088, 1.008, 0.972, 0.971, 0.971, 0.972, 0.973, 0.973, 0.973, 0.973, 0.973, 0.962, 0.967, 0.964], "p proportion": [3.07, 3.015, 2.916, 2.977, 2.975, 2.973, 2.98, 2.909, 3.079, 0.0, 0.0, 0.0, 0.0, 0.0, 0.0, 0.0, 0.0, 0.0, 0.0, 0.0, 0.0], "d proportion": [0.0, 0.0, 0.0, 0.0, 0.0, 0.0, 0.0, 0.0, 0.0, 0.0, 0.0, 0.0, 0.0, 0.0, 0.0, 0.0, 0.0, 0.0, 0.0, 0.0, 0.0], "Coordination numbers": [3.75, 3.804, 2.962, 2.915, 2.91, 2.91, 2.915, 2.96, 3.754, 0.924, 0.924, 0.924, 0.924, 0.924, 0.925, 0.925, 0.925, 0.925, 0.924, 0.924, 0.924], "Dispersion coefficient C6": [22.323, 21.557, 27.953, 28.992, 28.903, 28.887, 29.036, 27.81, 22.528, 2.567, 2.561, 2.533, 2.554, 2.51, 2.626, 2.658, 2.655, 2.636, 2.424, 2.492, 2.4], "Polarizability alpha": [6.738, 6.61, 8.672, 8.829, 8.816, 8.813, 8.836, 8.65, 6.768, 2.505, 2.503, 2.489, 2.499, 2.477, 2.534, 2.549, 2.548, 2.539, 2.435, 2.469, 2.423], "FOD": [0.0, 0.0, 0.0, 0.0, 0.0, 0.0, 0.0, 0.0, 0.0, 0.0, 0.0, 0.0, 0.0, 0.0, 0.0, 0.0, 0.0, 0.0, 0.0, 0.0, 0.0], "FOD s proportion": [0.0, 0.0, 0.0, 0.0, 0.0, 0.0, 0.0, 0.0, 0.0, 0.0, 0.0, 0.0, 0.0, 0.0, 0.0, 0.0, 0.0, 0.0, 0.0, 0.0, 0.0], "FOD p proportion": [0.0, 0.0, 0.0, 0.0, 0.0, 0.0, 0.0, 0.0, 0.0, 0.0, 0.0, 0.0, 0.0, 0.0, 0.0, 0.0, 0.0, 0.0, 0.0, 0.0, 0.0], "FOD d proportion": [0.0, 0.0, 0.0, 0.0, 0.0, 0.0, 0.0, 0.0, 0.0, 0.0, 0.0, 0.0, 0.0, 0.0, 0.0, 0.0, 0.0, 0.0, 0.0, 0.0, 0.0], "total energy": -25.38201655, "HOMO-LUMO gap/eV": 4.51736016, "electronic energy": -25.81493788, "Dipole module/D": 0.811, "Total charge": 0.0, "HOMO": -10.4044, "LUMO": -5.887, "Fermi-level/eV": -8.1457, "Total dispersion C6": 4262.461613, "Total dispersion C8": 99043.161533, "Total polarizability alpha": 102.702225, "Total FOD": 0.0}