{"dipole": [0.0, 0.0, 0.0], "partial charges": [-0.36889202, 0.22189869, -0.00830299, -0.01420352, -0.02039391, -0.02039497, -0.01419525, -0.00828927, 0.22189869, -0.36889202, -0.00830299, -0.01420352, -0.02039391, -0.02039497, -0.01419525, -0.00828927, 0.0681706, 0.04822328, 0.04821882, 0.06816052, 0.0681706, 0.04822328, 0.04821882, 0.06816052], "mulliken charges": [-0.49894, 0.37622, -0.03292, 0.00521, -0.01514, -0.01514, 0.00522, -0.03291, 0.37622, -0.49894, -0.03292, 0.00521, -0.01514, -0.01514, 0.00522, -0.03291, 0.06159, 0.04261, 0.04261, 0.06158, 0.06159, 0.04261, 0.04261, 0.06158], "cm5 charges": [-0.54757, 0.4096, -0.03436, -0.04561, -0.07016, -0.07016, -0.04559, -0.03435, 0.4096, -0.54757, -0.03436, -0.04561, -0.07016, -0.07016, -0.04559, -0.03435, 0.12125, 0.09786, 0.09785, 0.12124, 0.12125, 0.09786, 0.09785, 0.12124], "FUKUI+": [-0.126, -0.039, -0.025, -0.015, -0.028, -0.028, -0.015, -0.025, -0.039, -0.126, -0.025, -0.015, -0.028, -0.028, -0.015, -0.025, -0.043, -0.057, -0.057, -0.043, -0.043, -0.057, -0.057, -0.043], "FUKUI-": [-0.128, -0.023, -0.026, -0.021, -0.021, -0.021, -0.021, -0.026, -0.023, -0.128, -0.026, -0.021, -0.021, -0.021, -0.021, -0.026, -0.041, -0.065, -0.065, -0.041, -0.041, -0.065, -0.065, -0.041], "FUKUIrad": [-0.127, -0.031, -0.026, -0.018, -0.025, -0.025, -0.018, -0.026, -0.031, -0.127, -0.026, -0.018, -0.025, -0.025, -0.018, -0.026, -0.042, -0.061, -0.061, -0.042, -0.042, -0.061, -0.061, -0.042], "s proportion": [1.736, 1.052, 1.09, 1.07, 1.068, 1.068, 1.07, 1.09, 1.052, 1.736, 1.09, 1.07, 1.068, 1.068, 1.07, 1.09, 0.938, 0.957, 0.957, 0.938, 0.938, 0.957, 0.957, 0.938], "p proportion": [4.763, 2.572, 2.942, 2.925, 2.947, 2.947, 2.925, 2.942, 2.572, 4.763, 2.942, 2.925, 2.947, 2.947, 2.925, 2.942, 0.0, 0.0, 0.0, 0.0, 0.0, 0.0, 0.0, 0.0], "d proportion": [0.0, 0.0, 0.0, 0.0, 0.0, 0.0, 0.0, 0.0, 0.0, 0.0, 0.0, 0.0, 0.0, 0.0, 0.0, 0.0, 0.0, 0.0, 0.0, 0.0, 0.0, 0.0, 0.0, 0.0], "Coordination numbers": [0.858, 2.83, 2.971, 2.916, 2.911, 2.911, 2.916, 2.971, 2.83, 0.858, 2.971, 2.916, 2.911, 2.911, 2.916, 2.971, 0.925, 0.925, 0.925, 0.925, 0.925, 0.925, 0.925, 0.925], "Dispersion coefficient C6": [21.069, 23.333, 28.222, 28.367, 28.516, 28.516, 28.367, 28.222, 23.333, 21.069, 28.222, 28.367, 28.516, 28.516, 28.367, 28.222, 2.106, 2.342, 2.342, 2.106, 2.106, 2.342, 2.342, 2.106], "Polarizability alpha": [6.154, 7.915, 8.714, 8.734, 8.756, 8.756, 8.734, 8.714, 7.915, 6.154, 8.714, 8.734, 8.756, 8.756, 8.734, 8.714, 2.269, 2.393, 2.393, 2.269, 2.269, 2.393, 2.393, 2.269], "FOD": [0.0, 0.0, 0.0, 0.0, 0.0, 0.0, 0.0, 0.0, 0.0, 0.0, 0.0, 0.0, 0.0, 0.0, 0.0, 0.0, 0.0, 0.0, 0.0, 0.0, 0.0, 0.0, 0.0, 0.0], "FOD s proportion": [0.0, 0.0, 0.0, 0.0, 0.0, 0.0, 0.0, 0.0, 0.0, 0.0, 0.0, 0.0, 0.0, 0.0, 0.0, 0.0, 0.0, 0.0, 0.0, 0.0, 0.0, 0.0, 0.0, 0.0], "FOD p proportion": [0.0, 0.0, 0.0, 0.0, 0.0, 0.0, 0.0, 0.0, 0.0, 0.0, 0.0, 0.0, 0.0, 0.0, 0.0, 0.0, 0.0, 0.0, 0.0, 0.0, 0.0, 0.0, 0.0, 0.0], "FOD d proportion": [0.0, 0.0, 0.0, 0.0, 0.0, 0.0, 0.0, 0.0, 0.0, 0.0, 0.0, 0.0, 0.0, 0.0, 0.0, 0.0, 0.0, 0.0, 0.0, 0.0, 0.0, 0.0, 0.0, 0.0], "total energy": -42.1624798, "HOMO-LUMO gap/eV": 1.83315637, "electronic energy": -42.82465655, "Dipole module/D": 0.0, "Total charge": 0.0, "HOMO": -10.7364, "LUMO": -8.9033, "Fermi-level/eV": -9.8199, "Total dispersion C6": 8937.564666, "Total dispersion C8": 228246.545221, "Total polarizability alpha": 151.606084, "Total FOD": 0.0}