{"dipole": [-0.66846172, 0.39127041, 0.16273264], "partial charges": [-0.03775599, -0.02956661, -0.0298409, -0.02961917, -0.03190999, -0.00625387, 0.11008934, -0.44664444, 0.00662146, -0.02836017, -0.03084481, -0.03174166, -0.02989571, -0.03882549, 0.03116188, 0.03334916, 0.03255201, 0.03392263, 0.03936422, 0.03051177, 0.28642881, 0.05120733, 0.03203647, 0.02933274, 0.03048943, 0.02419157], "mulliken charges": [-0.03905, -0.0255, -0.02801, -0.02629, -0.03106, -0.02209, 0.21493, -0.56646, -0.00407, -0.02333, -0.02941, -0.03211, -0.02664, -0.04653, 0.03103, 0.03216, 0.03183, 0.03279, 0.03756, 0.02738, 0.33605, 0.04547, 0.02961, 0.0282, 0.02855, 0.02498], "cm5 charges": [-0.09225, -0.08083, -0.08336, -0.08159, -0.08326, -0.03345, 0.18033, -0.77272, -0.01383, -0.07492, -0.08473, -0.0875, -0.08198, -0.0991, 0.08729, 0.08751, 0.08721, 0.08816, 0.09525, 0.09593, 0.50779, 0.10579, 0.08501, 0.08362, 0.08395, 0.08168], "FUKUI+": [-0.03, -0.029, -0.044, -0.033, -0.023, -0.044, 0.006, -0.024, -0.031, -0.024, -0.029, -0.035, -0.027, -0.021, -0.058, -0.063, -0.068, -0.062, -0.048, -0.039, -0.018, -0.048, -0.057, -0.059, -0.054, -0.039], "FUKUI-": [-0.013, -0.025, -0.029, -0.02, -0.016, -0.019, 0.002, -0.071, -0.041, -0.02, -0.026, -0.049, -0.023, -0.022, -0.039, -0.051, -0.055, -0.053, -0.029, -0.09, -0.039, -0.046, -0.059, -0.065, -0.057, -0.045], "FUKUIrad": [-0.021, -0.027, -0.036, -0.026, -0.02, -0.031, 0.004, -0.048, -0.036, -0.022, -0.027, -0.042, -0.025, -0.021, -0.049, -0.057, -0.061, -0.058, -0.039, -0.065, -0.028, -0.047, -0.058, -0.062, -0.055, -0.042], "s proportion": [1.065, 1.061, 1.061, 1.061, 1.064, 1.099, 1.017, 1.7, 1.093, 1.063, 1.061, 1.059, 1.059, 1.062, 0.969, 0.968, 0.968, 0.967, 0.962, 0.973, 0.664, 0.955, 0.97, 0.972, 0.971, 0.975], "p proportion": [2.974, 2.965, 2.967, 2.965, 2.967, 2.924, 2.768, 4.866, 2.911, 2.961, 2.968, 2.973, 2.968, 2.985, 0.0, 0.0, 0.0, 0.0, 0.0, 0.0, 0.0, 0.0, 0.0, 0.0, 0.0, 0.0], "d proportion": [0.0, 0.0, 0.0, 0.0, 0.0, 0.0, 0.0, 0.0, 0.0, 0.0, 0.0, 0.0, 0.0, 0.0, 0.0, 0.0, 0.0, 0.0, 0.0, 0.0, 0.0, 0.0, 0.0, 0.0, 0.0, 0.0], "Coordination numbers": [2.914, 2.91, 2.912, 2.91, 2.914, 2.96, 3.73, 1.653, 2.958, 2.914, 2.91, 2.912, 2.91, 2.915, 0.925, 0.925, 0.925, 0.925, 0.925, 0.924, 0.804, 0.925, 0.925, 0.925, 0.925, 0.925], "Dispersion coefficient C6": [28.939, 28.738, 28.745, 28.739, 28.796, 28.175, 18.864, 21.777, 27.872, 28.709, 28.769, 28.791, 28.746, 28.965, 2.57, 2.539, 2.55, 2.531, 2.457, 2.579, 0.763, 2.305, 2.558, 2.596, 2.579, 2.671], "Polarizability alpha": [8.821, 8.79, 8.792, 8.791, 8.799, 8.706, 6.2, 6.3, 8.659, 8.786, 8.795, 8.799, 8.792, 8.825, 2.507, 2.492, 2.497, 2.488, 2.451, 2.512, 1.372, 2.374, 2.501, 2.52, 2.512, 2.556], "FOD": [0.0, 0.0, 0.0, 0.0, 0.0, 0.0, 0.0, 0.0, 0.0, 0.0, 0.0, 0.0, 0.0, 0.0, 0.0, 0.0, 0.0, 0.0, 0.0, 0.0, 0.0, 0.0, 0.0, 0.0, 0.0, 0.0], "FOD s proportion": [0.0, 0.0, 0.0, 0.0, 0.0, 0.0, 0.0, 0.0, 0.0, 0.0, 0.0, 0.0, 0.0, 0.0, 0.0, 0.0, 0.0, 0.0, 0.0, 0.0, 0.0, 0.0, 0.0, 0.0, 0.0, 0.0], "FOD p proportion": [0.0, 0.0, 0.0, 0.0, 0.0, 0.0, 0.0, 0.0, 0.0, 0.0, 0.0, 0.0, 0.0, 0.0, 0.0, 0.0, 0.0, 0.0, 0.0, 0.0, 0.0, 0.0, 0.0, 0.0, 0.0, 0.0], "FOD d proportion": [0.0, 0.0, 0.0, 0.0, 0.0, 0.0, 0.0, 0.0, 0.0, 0.0, 0.0, 0.0, 0.0, 0.0, 0.0, 0.0, 0.0, 0.0, 0.0, 0.0, 0.0, 0.0, 0.0, 0.0, 0.0, 0.0], "total energy": -37.98235059, "HOMO-LUMO gap/eV": 4.15570758, "electronic energy": -38.6021642, "Dipole module/D": 2.012, "Total charge": 0.0, "HOMO": -10.5776, "LUMO": -6.4219, "Fermi-level/eV": -8.4997, "Total dispersion C6": 8382.269032, "Total dispersion C8": 205524.200251, "Total polarizability alpha": 146.636835, "Total FOD": 0.0}