{"dipole": [-1.30436033, -1.13480691, -0.39557818], "partial charges": [-0.38296276, 0.28195112, -0.09052547, 0.02961497, -0.06802842, -0.09265158, 0.28210431, -0.38308122, -0.15519927, 0.27880288, -0.38064823, 0.28085359, -0.37762376, -0.01923737, -0.00954419, -0.0194015, -0.01949288, -0.00960032, -0.01958825, 0.09397486, 0.06019121, 0.07783557, 0.07882656, 0.08872906, 0.22516038, 0.06876667, 0.05633044, 0.0562288, 0.06821477], "mulliken charges": [-0.50989, 0.48235, -0.25421, 0.09496, -0.06221, -0.09266, 0.48104, -0.51113, -0.31605, 0.4751, -0.50247, 0.48271, -0.50668, -0.03867, 0.00737, -0.01422, -0.01437, 0.00725, -0.03859, 0.07947, 0.05283, 0.06598, 0.06515, 0.07522, 0.27939, 0.06094, 0.04538, 0.04535, 0.06064], "cm5 charges": [-0.55255, 0.58695, -0.4999, 0.10424, -0.15977, -0.18811, 0.57204, -0.55354, -0.66055, 0.57392, -0.54074, 0.58666, -0.54785, -0.03285, -0.04392, -0.06886, -0.06901, -0.04405, -0.03273, 0.15608, 0.11022, 0.12991, 0.12322, 0.1334, 0.48056, 0.11831, 0.10045, 0.10041, 0.11804], "FUKUI+": [-0.106, -0.032, -0.028, 0.01, 0.007, 0.009, -0.026, -0.082, -0.02, -0.021, -0.051, -0.032, -0.109, -0.03, -0.016, -0.03, -0.03, -0.016, -0.03, -0.029, -0.024, -0.011, -0.031, -0.033, -0.028, -0.047, -0.058, -0.058, -0.046], "FUKUI-": [-0.093, -0.01, -0.035, 0.003, 0.006, -0.001, -0.011, -0.116, -0.03, -0.006, -0.069, -0.009, -0.093, -0.021, -0.017, -0.023, -0.023, -0.016, -0.021, -0.037, -0.044, -0.028, -0.039, -0.037, -0.032, -0.044, -0.057, -0.056, -0.042], "FUKUIrad": [-0.099, -0.021, -0.032, 0.006, 0.007, 0.004, -0.018, -0.099, -0.025, -0.014, -0.06, -0.021, -0.101, -0.026, -0.016, -0.027, -0.027, -0.016, -0.026, -0.033, -0.034, -0.019, -0.035, -0.035, -0.03, -0.045, -0.057, -0.057, -0.044], "s proportion": [1.726, 0.989, 1.434, 1.038, 1.038, 1.044, 1.007, 1.729, 1.432, 1.012, 1.729, 0.989, 1.726, 1.082, 1.063, 1.07, 1.07, 1.063, 1.082, 0.921, 0.947, 0.934, 0.935, 0.925, 0.721, 0.939, 0.955, 0.955, 0.939], "p proportion": [4.784, 2.529, 3.82, 2.867, 3.025, 3.049, 2.512, 4.782, 3.884, 2.513, 4.773, 2.528, 4.781, 2.957, 2.929, 2.944, 2.944, 2.93, 2.957, 0.0, 0.0, 0.0, 0.0, 0.0, 0.0, 0.0, 0.0, 0.0, 0.0], "d proportion": [0.0, 0.0, 0.0, 0.0, 0.0, 0.0, 0.0, 0.0, 0.0, 0.0, 0.0, 0.0, 0.0, 0.0, 0.0, 0.0, 0.0, 0.0, 0.0, 0.0, 0.0, 0.0, 0.0, 0.0, 0.0, 0.0, 0.0, 0.0, 0.0], "Coordination numbers": [0.857, 2.887, 2.802, 3.797, 3.806, 3.807, 2.751, 0.858, 2.688, 2.753, 0.858, 2.889, 0.857, 3.07, 2.909, 2.918, 2.918, 2.909, 3.071, 0.923, 0.924, 0.924, 0.924, 0.924, 0.86, 0.925, 0.925, 0.925, 0.925], "Dispersion coefficient C6": [21.343, 22.241, 23.004, 20.08, 21.798, 22.261, 22.223, 21.345, 24.358, 22.281, 21.298, 22.26, 21.239, 28.414, 28.255, 28.492, 28.494, 28.257, 28.421, 1.841, 2.197, 2.002, 1.991, 1.891, 0.986, 2.099, 2.242, 2.244, 2.105], "Polarizability alpha": [6.194, 7.732, 7.123, 6.381, 6.646, 6.716, 7.719, 6.194, 7.33, 7.73, 6.187, 7.735, 6.179, 8.74, 8.716, 8.753, 8.754, 8.716, 8.741, 2.122, 2.318, 2.213, 2.207, 2.151, 1.556, 2.266, 2.342, 2.342, 2.269], "FOD": [0.0, 0.0, 0.0, 0.0, 0.0, 0.0, 0.0, 0.0, 0.0, 0.0, 0.0, 0.0, 0.0, 0.0, 0.0, 0.0, 0.0, 0.0, 0.0, 0.0, 0.0, 0.0, 0.0, 0.0, 0.0, 0.0, 0.0, 0.0, 0.0], "FOD s proportion": [0.0, 0.0, 0.0, 0.0, 0.0, 0.0, 0.0, 0.0, 0.0, 0.0, 0.0, 0.0, 0.0, 0.0, 0.0, 0.0, 0.0, 0.0, 0.0, 0.0, 0.0, 0.0, 0.0, 0.0, 0.0, 0.0, 0.0, 0.0, 0.0], "FOD p proportion": [0.0, 0.0, 0.0, 0.0, 0.0, 0.0, 0.0, 0.0, 0.0, 0.0, 0.0, 0.0, 0.0, 0.0, 0.0, 0.0, 0.0, 0.0, 0.0, 0.0, 0.0, 0.0, 0.0, 0.0, 0.0, 0.0, 0.0, 0.0, 0.0], "FOD d proportion": [0.0, 0.0, 0.0, 0.0, 0.0, 0.0, 0.0, 0.0, 0.0, 0.0, 0.0, 0.0, 0.0, 0.0, 0.0, 0.0, 0.0, 0.0, 0.0, 0.0, 0.0, 0.0, 0.0, 0.0, 0.0, 0.0, 0.0, 0.0, 0.0], "total energy": -55.10578566, "HOMO-LUMO gap/eV": 2.75126804, "electronic energy": -55.7954763, "Dipole module/D": 4.508, "Total charge": 0.0, "HOMO": -11.516, "LUMO": -8.7647, "Fermi-level/eV": -10.1404, "Total dispersion C6": 11353.022538, "Total dispersion C8": 274333.402819, "Total polarizability alpha": 164.072579, "Total FOD": 0.0}