{"dipole": [-0.77971178, -1.48517504, 0.00817622], "partial charges": [-0.03344487, -0.02673198, -0.05216559, 0.04633648, -0.01781256, -0.09610082, -0.18339983, 0.07039396, -0.03692985, 0.04096569, 0.03950677, 0.03429744, 0.16421847, 0.05086669], "mulliken charges": [-0.04062, -0.02707, -0.06652, 0.10243, -0.12645, -0.06623, -0.22802, 0.12033, -0.04111, 0.0336, 0.0327, 0.03497, 0.22839, 0.04359], "cm5 charges": [-0.09521, -0.08155, -0.11461, 0.18128, -0.39542, -0.09881, -0.31301, 0.2051, -0.08849, 0.08886, 0.08793, 0.09201, 0.43083, 0.1011], "FUKUI+": [-0.031, -0.047, -0.062, -0.02, -0.051, -0.166, -0.122, -0.018, -0.068, -0.083, -0.087, -0.085, -0.073, -0.086], "FUKUI-": [-0.041, -0.035, -0.059, -0.027, -0.059, -0.12, -0.175, -0.017, -0.057, -0.082, -0.081, -0.089, -0.074, -0.085], "FUKUIrad": [-0.036, -0.041, -0.06, -0.023, -0.055, -0.143, -0.148, -0.018, -0.063, -0.082, -0.084, -0.087, -0.074, -0.086], "s proportion": [1.059, 1.06, 1.055, 1.038, 1.404, 1.586, 1.576, 1.041, 1.066, 0.966, 0.967, 0.965, 0.772, 0.956], "p proportion": [2.981, 2.967, 3.012, 2.86, 3.722, 3.48, 3.652, 2.839, 2.975, 0.0, 0.0, 0.0, 0.0, 0.0], "d proportion": [0.0, 0.0, 0.0, 0.0, 0.0, 0.0, 0.0, 0.0, 0.0, 0.0, 0.0, 0.0, 0.0, 0.0], "Coordination numbers": [2.91, 2.918, 2.903, 2.998, 2.939, 2.096, 2.006, 3.099, 2.911, 0.925, 0.925, 0.925, 0.86, 0.925], "Dispersion coefficient C6": [28.833, 28.67, 29.295, 26.948, 21.59, 23.721, 25.729, 26.308, 28.918, 2.436, 2.455, 2.526, 1.308, 2.309], "Polarizability alpha": [8.805, 8.78, 8.875, 8.516, 6.901, 7.226, 7.523, 8.406, 8.818, 2.441, 2.45, 2.485, 1.792, 2.376], "FOD": [0.0, 0.0, 0.0, 0.0, 0.0, 0.0, 0.0, 0.0, 0.0, 0.0, 0.0, 0.0, 0.0, 0.0], "FOD s proportion": [0.0, 0.0, 0.0, 0.0, 0.0, 0.0, 0.0, 0.0, 0.0, 0.0, 0.0, 0.0, 0.0, 0.0], "FOD p proportion": [0.0, 0.0, 0.0, 0.0, 0.0, 0.0, 0.0, 0.0, 0.0, 0.0, 0.0, 0.0, 0.0, 0.0], "FOD d proportion": [0.0, 0.0, 0.0, 0.0, 0.0, 0.0, 0.0, 0.0, 0.0, 0.0, 0.0, 0.0, 0.0, 0.0], "total energy": -24.12355041, "HOMO-LUMO gap/eV": 2.85931625, "electronic energy": -24.4702766, "Dipole module/D": 4.264, "Total charge": 0.0, "HOMO": -10.5322, "LUMO": -7.6729, "Fermi-level/eV": -9.1025, "Total dispersion C6": 2889.119317, "Total dispersion C8": 70300.860109, "Total polarizability alpha": 85.393491, "Total FOD": 0.0}