{"dipole": [1.0505889689223296, -0.5839195132691009, 0.06780247651857357], "partial charges": [-0.10477907884893509, -0.020591169401037637, -0.06990723461361585, -0.026740374741451613, -0.029885422298010417, -0.06593760978509258, 0.1446557506066883, -0.24823373700701135, 0.008530197741303132, -0.058572688008118726, 0.23023754347791092, -0.3747798998682597, -0.058367650149164355, -0.021097420979375614, 0.01967910628504259, -0.10477558465225006, 0.15278260794758175, -0.2597570314588682, 0.10655515313167505, -0.44217096827295355, -0.07358654850534616, 0.008763651280561531, -0.11140364476708797, 0.11287666418639539, -0.4405332862323893, 0.19933655439284498, -0.36429296704756053, 0.05317887461769139, -0.43427738793843595, 0.04977940037530414, 0.03829368605679076, 0.05079786151638514, 0.028278524988980727, 0.04961031991144717, 0.04905184744296984, 0.05831429090068728, 0.045989040543789675, 0.061299220482108376, 0.05712749812520905, 0.05056818761342348, 0.0742148905350945, 0.06910442691149049, 0.07101290886103462, 0.051793896974407484, 0.052749108713592355, 0.05466820565796332, 0.052624870507837124, 0.3041967333101481, 0.051720937014513683, 0.04343563370008845, 0.04180172834736007, 0.05524544078013492, 0.04148028281860906, 0.3103623011996075, 0.0748983120763938, 0.0712206086031939, 0.31345341480681344], "mulliken charges": [-0.07833541102574901, -0.02067721772477741, -0.05721179762769222, -0.020600297978056178, -0.04064940404388765, -0.06223689253271268, 0.22647102093287513, -0.2816064312706052, -0.0035643726382204857, -0.06604270970453312, 0.38340013538202383, -0.5034778590375707, -0.06665159874631511, -0.007617913465587798, 0.009685320312387155, -0.08852123795692463, 0.2110347515702834, -0.29456270970453313, 0.20577836496834018, -0.5552155645504453, -0.08534295394259116, 0.0018490153524696182, -0.09670917794850199, 0.1945211472435628, -0.5622742637821863, 0.35070557362178145, -0.4908157362178138, 0.16608196929506078, -0.553907533845506, 0.041240847889468635, 0.031692674107207344, 0.040353876466806174, 0.016484760641619543, 0.039580009071336186, 0.039115962313199415, 0.04838540195441283, 0.03710784020687935, 0.052621473123646456, 0.051555212144371906, 0.03823812073028212, 0.07057939566057045, 0.066353766922753, 0.054852113748420764, 0.04063027007602865, 0.04517107536089224, 0.0517127822752226, 0.03817308932461496, 0.34961116538623516, 0.052556567340647946, 0.03701804884761162, 0.03788944101725136, 0.04736032519206474, 0.038346602249954745, 0.3591219692950608, 0.04874852756437253, 0.052364598045587185, 0.3596422944871255], "cm5 charges": [-0.2248642637821863, -0.08455279134655878, -0.16153851849303635, -0.08059701884340031, -0.09945367689741011, -0.1630550858336843, 0.187707244938786, -0.31348575367246717, -0.011447163984779267, -0.11314547383708334, 0.41197112002955427, -0.5493924480118217, -0.11758274598987786, -0.06094463433093193, -0.0023345261629166662, -0.23191289113125685, 0.21777934054453438, -0.3257915624609704, 0.16569492323765195, -0.76654588974251, -0.18437180669902842, -0.018367705512874505, -0.24154475157028338, 0.2019555736217814, -0.7632121318910933, 0.3746311472435628, -0.5513868834613765, 0.08664754291684215, -0.7604862240059109, 0.09543786673286894, 0.08404330634866444, 0.09342622538194881, 0.07797918701983818, 0.09746635938793466, 0.0966707592401637, 0.11198212281975696, 0.10012864411570499, 0.11109869991976005, 0.10802012631068764, 0.09920551012242809, 0.13110187995773687, 0.12504704605740888, 0.11757899720979725, 0.09519515702833584, 0.09831336984801775, 0.1042578590375707, 0.1073319420810522, 0.5208491960911744, 0.11238099371886658, 0.09992476971295575, 0.09201225050648253, 0.10340245708315787, 0.09263936638250497, 0.5371918066990284, 0.11429180669902841, 0.11708017166736856, 0.5355880307049393], "FUKUI+": [0.010000000000000002, 0.0, 0.006000000000000001, 0.002, 0.0030000000000000005, 0.007000000000000001, 0.0030000000000000005, -0.019229448712549606, -0.049672086534412206, -0.017114724356274803, -0.04100000000000001, -0.1191147243562748, -0.0158852756437252, -0.036442637821862606, -0.0030000000000000005, 0.008442637821862598, -0.005000000000000001, -0.006000000000000001, 0.0024426378218625994, -0.006000000000000001, 0.005000000000000001, -0.004, 0.011, -0.002, -0.016, -0.0623279134655878, -0.10877055128745042, 0.010000000000000002, -0.020442637821862602, -0.009344173068824407, -0.010869016040488592, -0.014786810890687008, -0.008, -0.011426378218625993, -0.01201625960323661, -0.016, -0.013000000000000001, -0.013000000000000001, -0.026000000000000002, -0.027770551287450398, -0.0451147243562748, -0.046, -0.047, -0.024557362178137407, -0.024557362178137407, -0.018000000000000002, -0.013000000000000001, -0.004, -0.009000000000000001, -0.007000000000000001, -0.008901535246961807, -0.014000000000000002, -0.009098464753038195, -0.009000000000000001, -0.035442637821862605, -0.0464426378218626, -0.011], "FUKUI-": [0.010000000000000002, 0.002, 0.006557362178137401, 0.001, 0.0014426378218625993, 0.006000000000000001, -0.001, -0.023114724356274804, -0.0224426378218626, -0.015442637821862601, -0.0224426378218626, -0.1276558269311756, -0.020000000000000004, -0.013442637821862601, -0.006000000000000001, 0.0114426378218626, -0.0030000000000000005, -0.0095573621781374, 0.001, -0.028672086534412205, 0.004, -0.008, 0.012000000000000002, -0.009000000000000001, -0.0531147243562748, -0.008, -0.054557362178137406, 0.002, -0.0474426378218626, -0.010557362178137401, -0.013541102574900793, -0.014901535246961807, -0.013000000000000001, -0.013541102574900793, -0.014458897425099208, -0.016557362178137403, -0.0144426378218626, -0.015442637821862601, -0.028442637821862602, -0.0288852756437252, -0.0428852756437252, -0.045000000000000005, -0.0474426378218626, -0.019000000000000003, -0.019000000000000003, -0.0185573621781374, -0.0185573621781374, -0.012557362178137403, -0.017557362178137404, -0.011557362178137402, -0.016114724356274805, -0.013557362178137402, -0.016, -0.022, -0.0225573621781374, -0.038000000000000006, -0.020000000000000004], "FUKUIrad": [0.010000000000000002, 0.001, 0.006000000000000001, 0.0014426378218625993, 0.002, 0.007000000000000001, 0.001, -0.0206720865344122, -0.0361147243562748, -0.016557362178137403, -0.032, -0.12344263782186261, -0.0178852756437252, -0.024885275643725203, -0.004557362178137401, 0.010000000000000002, -0.004, -0.007557362178137402, 0.002, -0.017114724356274803, 0.004, -0.006000000000000001, 0.011557362178137402, -0.006000000000000001, -0.03455736217813741, -0.035442637821862605, -0.0818852756437252, 0.006000000000000001, -0.03400000000000001, -0.010229448712549605, -0.01242637821862599, -0.014786810890687008, -0.0104426378218626, -0.011983740396763393, -0.01301625960323661, -0.016557362178137403, -0.014000000000000002, -0.014000000000000002, -0.027000000000000003, -0.0283279134655878, -0.044, -0.0454426378218626, -0.0474426378218626, -0.022, -0.021557362178137404, -0.018000000000000002, -0.016, -0.008557362178137401, -0.013000000000000001, -0.0095573621781374, -0.012786810890687006, -0.014000000000000002, -0.012770551287450397, -0.015557362178137402, -0.029000000000000005, -0.042442637821862604, -0.015442637821862601],