{"dipole": [-0.8473115923999844, 1.200543648945051, -0.050362184201584684], "partial charges": [-0.4408018943280901, 0.3303830492554574, -0.09603265861981572, 0.15506613463360747, -0.25526139152844235, 0.35566965272133527, -0.4058334472121884, -0.0886100903514985, -0.05592169001454197, -0.059091642104288404, -0.05632675797453544, -0.05921494076732145, -0.05151208006368495, -0.09954685307179975, 0.27467272060041437, -0.38522900373724334, 0.05466812991527669, -0.20688416921026337, 0.0066902996142877485, -0.03059430984916136, -0.026244444581888772, -0.02661937979840575, -0.02634179000423972, -0.032309110254503545, 0.0062568247077767905, -0.02865496959314117, -0.024931444967895063, -0.026792906099647455, -0.02703818048413403, -0.033266116235063675, 0.08675956838420419, 0.08731747404610242, 0.0743351154211643, 0.0755112284115488, 0.04217586558477164, 0.045289773997276024, 0.035350953424609886, 0.03692344868214857, 0.028419071242665735, 0.02768862577485238, 0.03430941495178309, 0.032972280298202, 0.028156155527800642, 0.028336304379454655, 0.033022895901225695, 0.031228146911065926, 0.031692044418871815, 0.194879094231021, 0.03844287067747965, 0.04123530909607878, 0.03977275144553058, 0.04212338364709822, 0.04149411361274072, 0.04325140516244285, 0.04234501800440489, 0.03822347078598995, 0.03977221814024736, 0.03862446214619363], "mulliken charges": [-0.5568118439238549, 0.5669042124341651, -0.2514544107450063, 0.33083532889762335, -0.4104028246184639, 0.5770152234553929, -0.5296312330331837, -0.07667631793646563, -0.038870024086798204, -0.04960181900750613, -0.04382272969927162, -0.04720981008746248, -0.03857049375200191, -0.08323044968254581, 0.46704569548686364, -0.5157412154913296, 0.10775407552425997, -0.37746068108532327, -0.006025656150343921, -0.03231871092787629, -0.021683753214633797, -0.024217049849028612, -0.021386925808526476, -0.03323076848684185, -0.006051843804974482, -0.028657249131961347, -0.021111090950799674, -0.024785364080524046, -0.022278649171464014, -0.03364855137853341, 0.07650517367528101, 0.07635068108210526, 0.056897711611687975, 0.061548311771253854, 0.02863949080932461, 0.03570806221360205, 0.029285566921825285, 0.03287814223487215, 0.020764400078034963, 0.021666655970653113, 0.028193676386116102, 0.02565112241742927, 0.020324851142040527, 0.02153199252140071, 0.027416016498002578, 0.02673925522412653, 0.026462564859323228, 0.25597746937749766, 0.03593624290139843, 0.0362779119096868, 0.03552641111124952, 0.037347898883794965, 0.042265564198998545, 0.04051901912463512, 0.036372333754549735, 0.034762235366993535, 0.03592392055175474, 0.03785052015550737], "cm5 charges": [-0.5927541021360085, 0.7394021799501904, -0.498498752255204, 0.3192687716364298, -0.48688013027901833, 0.6268672716462043, -0.5784852819195, -0.1752804394060409, -0.14712471430339424, -0.15949689754745872, -0.15462864194321682, -0.15790510699765173, -0.15125365645018182, -0.23368099939274542, 0.5768376900002062, -0.5595851246562125, 0.16563880743312276, -0.7182436497117259, -0.00842402413915301, -0.08353448075401236, -0.07703775709095885, -0.07960793780930836, -0.07671573568142467, -0.08426539149585213, -0.008692508921057857, -0.08004840181880139, -0.07676577020957832, -0.08039268043844895, -0.07771522766553654, -0.08443281743843126, 0.1559281299906653, 0.154962191812658, 0.11546471734650025, 0.1192924502314061, 0.08370245236212914, 0.09434364122764557, 0.08623730722032401, 0.09126468528845798, 0.0761599300237011, 0.07727122729276063, 0.08399056689087604, 0.08107350285357294, 0.07569697649003111, 0.07631441975934629, 0.07880510324730032, 0.07775733507551534, 0.07769268013101785, 0.45361192296182695, 0.09453966272202, 0.0916635393294385, 0.09092786536420248, 0.09267358564682711, 0.10291465221346581, 0.09920350589149603, 0.09185882139177462, 0.0901918153186877, 0.091305327201593, 0.09857167707756313], "FUKUI+": [-0.06719175125563859, -0.014235682365897437, -0.027956068889741146, 0.015000000000000003, -0.022991089487594173, -0.03095818603318975, -0.06510933222410416, 0.006991089487594168, 0.00440198648177445, 0.0018933308757449058, 0.00238844123777531, 0.0011516176250541315, 0.0014939687929942664, 0.0034440813632945285, -0.040569786289329765, -0.08760480688718278, -0.004000000000000001, -0.013240857305115965, -0.015149347999569237, -0.01123488713268345, -0.01494584878883195, -0.024079360769078434, -0.017104229047566415, -0.008483292138848552, -0.016005174939218533, -0.008796870989469813, -0.014159982181059518, -0.026075162169709343, -0.014651120925117424, -0.008756632706791966, -0.021557725355892295, -0.02412476990541498, -0.025063755404536425, -0.028258905229118905, -0.02014143269749322, -0.0008775779160490566, -0.002512942768307987, 0.004482851313509521, -0.00821335516228934, 0.0007819257040275848, 0.005528411643454009, -0.00593734955934745, 0.00521038753454521, -0.006955131888282279, -0.0036793997420554577, -0.005472794829143992, -0.0021526362630510695, -0.026991089487594176, -0.022785406689601845, -0.037359853562860756, -0.042000000000000016, -0.03794715837733532, -0.019307504673743186, -0.02128878074567701, -0.03705941569802419, -0.04186348521711043, -0.0370770990848654, -0.022282749769782683], "FUKUI-": [-0.04752724137722589, -0.0010000000000000002, -0.0158737404337559, 0.009132779209702286, -0.011471602964542806, -0.005588952018381076, -0.060807791545568285, 0.00113454862687963, 0.004843240568046629, 0.0054807984275975375, 0.007168693421731834, 0.005956670305954488, 0.004352769444176089, 0.011618313627102233, -0.002630875478714651, -0.02817185220901924, -0.005055049341662479, -0.012809780579687586, -0.014082613089691384, -0.009824539759097497, -0.01144884222193197, -0.021367304482842808, -0.015008822228793291, -0.007990786987927297, -0.01247331659125434, -0.006624638788185723, -0.007755562775196593, -0.018258985345912408, -0.010969065940205625, -0.006363110630364204, -0.013982535750789756, -0.01639923883722538, -0.022901608097610757, -0.02643476422615783, -0.03656323114868755, -0.01741662499017979, -0.024307377384336436, -0.01965364131590288, -0.028953192691987064, -0.020210442950111273, -0.0296957446654302, -0.03682153813900451, -0.0361104475137479, -0.04151607136354981, -0.027989745703752258, -0.025092255638341294, -0.024262701390606146, -0.018123868697296455, -0.017625852885673903, -0.029722715727460564, -0.03554364188548526, -0.03174786650457798, -0.020417495793901137, -0.016344264724966046, -0.024865679424562616, -0.030356527585821264, -0.02733371398673604, -0.018144871433174496], "FUKUIrad": [-0.05736548141739299, -0.007386282600411386, -0.021964979402146978, 0.012000000000000002, -0.017623972616234104, -0.01828711501740354, -0.06266826815364837, 0.004108438541432439, 0.004690870916355333, 0.0037394767575251666, 0.004833277549364325, 0.003652081990010539, 0.0028514420644615446, 0.007519027161063458, -0.02137737208800556, -0.05762067372416243, -0.004858310277891882, -0.01313277920970229, -0.014536131605627162, -0.010285984529218218, -0.012864829921350067, -0.02240182407504929, -0.01588364158256166, -0.008228892978076848, -0.01436831750152137, -0.007710754888827769, -0.010939339722927944, -0.02233626648432091, -0.012430522085219506, -0.007632677881769051, -0.017822388471920345, -0.020266459627523097, -0.024226410667745845, -0.02740397940979967, -0.02838842916449165, -0.009071128983737624, -0.013277582756058625, -0.007595071431265594, -0.018272450920035516, -0.009790662599797714, -0.012263620508369134, -0.021415541090577247, -0.015377317341953635, -0.024431330395731005, -0.015854670491439633, -0.015384857892720413, -0.013389402773121258, -0.022196063180098976, -0.020223812438684215, -0.03339729562907982, -0.03884093582682545, -0.034489906648644056, -0.019639541437805507, -0.018919009581573925, -0.030936890677055816, -0.036485122492704934, -0.03221951920337574, -0.02043231414129233],