{"dipole": [-0.7988323, 0.10626571, -0.58870937], "partial charges": [-0.13502536, 0.22005807, -0.37037813, 0.11606971, -0.44845537, -0.06579796, -0.05846833, -0.02628537, -0.02325458, -0.05662237, -0.06197094, 0.02723654, -0.0773455, 0.22869234, -0.3870156, -0.08046397, -0.06105787, 0.01451712, -0.09895201, -0.02525256, -0.05679444, -0.06010507, 0.01310191, -0.10393646, 0.07282122, 0.07679196, 0.06782334, 0.30647586, 0.03276145, 0.05516562, 0.0367875, 0.03009794, 0.04921444, 0.03552196, 0.03571632, 0.03514008, 0.05053588, 0.042591, 0.05743461, 0.05999792, 0.06074051, 0.03825182, 0.0344593, 0.04060479, 0.03663259, 0.03844379, 0.0322906, 0.03152327, 0.03739975, 0.02893765, 0.02994076, 0.03906842, 0.038177, 0.04615883], "mulliken charges": [-0.12501, 0.37888, -0.49335, 0.19955, -0.56496, -0.06103, -0.05013, -0.02206, -0.02367, -0.04617, -0.04721, 0.02744, -0.09993, 0.3867, -0.50662, -0.08368, -0.05805, 0.01206, -0.09193, -0.02852, -0.04602, -0.06212, 0.00748, -0.09327, 0.06864, 0.06478, 0.05082, 0.35571, 0.01975, 0.05386, 0.03551, 0.02344, 0.04322, 0.02599, 0.02975, 0.0342, 0.0419, 0.0393, 0.0616, 0.05895, 0.05435, 0.03314, 0.03334, 0.03623, 0.03655, 0.03512, 0.0258, 0.02987, 0.02907, 0.03326, 0.02293, 0.04129, 0.0308, 0.04247], "cm5 charges": [-0.26734, 0.39955, -0.54913, 0.20501, -0.76473, -0.16258, -0.15695, -0.08312, -0.08829, -0.1532, -0.15072, 0.0126, -0.14903, 0.40983, -0.55395, -0.18417, -0.16208, -0.01017, -0.23719, -0.09057, -0.15455, -0.16703, -0.01315, -0.23816, 0.1235, 0.11802, 0.10451, 0.53337, 0.07714, 0.11249, 0.09064, 0.08008, 0.10639, 0.08782, 0.08662, 0.08938, 0.09812, 0.09471, 0.12131, 0.11675, 0.11155, 0.08925, 0.09019, 0.08893, 0.0894, 0.08825, 0.08803, 0.08588, 0.0865, 0.08999, 0.08146, 0.09633, 0.08416, 0.09835], "FUKUI+": [0.02, -0.072, -0.123, -0.002, -0.018, 0.006, 0.006, 0.002, 0.004, 0.006, 0.011, -0.067, -0.024, -0.051, -0.121, 0.012, 0.009, -0.001, 0.01, 0.001, 0.005, 0.005, -0.004, 0.011, -0.035, -0.049, -0.042, -0.009, -0.012, -0.02, -0.017, -0.009, -0.015, -0.013, -0.013, -0.025, -0.038, -0.027, -0.047, -0.037, -0.041, -0.029, -0.016, -0.024, -0.011, -0.017, -0.008, -0.012, -0.012, -0.007, -0.007, -0.004, -0.015, -0.014], "FUKUI-": [0.004, -0.013, -0.072, -0.012, -0.055, 0.008, 0.007, -0.002, -0.002, 0.006, 0.002, -0.021, -0.016, -0.021, -0.123, -0.006, 0.006, -0.005, 0.013, -0.001, 0.005, 0.006, -0.01, 0.013, -0.031, -0.031, -0.023, -0.023, -0.02, -0.023, -0.021, -0.015, -0.023, -0.018, -0.02, -0.033, -0.031, -0.028, -0.04, -0.039, -0.039, -0.039, -0.021, -0.018, -0.015, -0.016, -0.014, -0.021, -0.017, -0.02, -0.014, -0.02, -0.021, -0.014], "FUKUIrad": [0.012, -0.042, -0.098, -0.007, -0.036, 0.007, 0.007, 0.0, 0.001, 0.006, 0.006, -0.044, -0.02, -0.036, -0.122, 0.003, 0.008, -0.003, 0.012, 0.0, 0.005, 0.006, -0.007, 0.012, -0.033, -0.04, -0.032, -0.016, -0.016, -0.021, -0.019, -0.012, -0.019, -0.015, -0.016, -0.029, -0.035, -0.027, -0.044, -0.038, -0.04, -0.034, -0.019, -0.021, -0.013, -0.016, -0.011, -0.017, -0.015, -0.013, -0.01, -0.012, -0.018, -0.014], "s proportion": [1.023, 1.093, 1.743, 1.067, 1.713, 1.039, 1.035, 1.069, 1.064, 1.034, 1.031, 1.121, 1.077, 1.06, 1.738, 1.038, 1.041, 1.098, 1.017, 1.072, 1.033, 1.039, 1.102, 1.016, 0.931, 0.935, 0.949, 0.644, 0.98, 0.946, 0.964, 0.977, 0.957, 0.974, 0.97, 0.966, 0.958, 0.961, 0.938, 0.941, 0.946, 0.967, 0.967, 0.964, 0.963, 0.965, 0.974, 0.97, 0.971, 0.967, 0.977, 0.959, 0.969, 0.958], "p proportion": [3.102, 2.528, 4.751, 2.733, 4.852, 3.022, 3.015, 2.953, 2.96, 3.012, 3.016, 2.851, 3.023, 2.553, 4.769, 3.045, 3.017, 2.89, 3.074, 2.956, 3.013, 3.023, 2.89, 3.077, 0.0, 0.0, 0.0, 0.0, 0.0, 0.0, 0.0, 0.0, 0.0, 0.0, 0.0, 0.0, 0.0, 0.0, 0.0, 0.0, 0.0, 0.0, 0.0, 0.0, 0.0, 0.0, 0.0, 0.0, 0.0, 0.0, 0.0, 0.0, 0.0, 0.0], "d proportion": [0.0, 0.0, 0.0, 0.0, 0.0, 0.0, 0.0, 0.0, 0.0, 0.0, 0.0, 0.0, 0.0, 0.0, 0.0, 0.0, 0.0, 0.0, 0.0, 0.0, 0.0, 0.0, 0.0, 0.0, 0.0, 0.0, 0.0, 0.0, 0.0, 0.0, 0.0, 0.0, 0.0, 0.0, 0.0, 0.0, 0.0, 0.0, 0.0, 0.0, 0.0, 0.0, 0.0, 0.0, 0.0, 0.0, 0.0, 0.0, 0.0, 0.0, 0.0, 0.0, 0.0, 0.0], "Coordination numbers": [3.75, 2.808, 0.857, 3.793, 1.651, 3.813, 3.815, 3.872, 3.85, 3.804, 3.809, 2.949, 2.895, 2.821, 0.858, 3.803, 3.806, 3.892, 3.752, 3.847, 3.8, 3.802, 3.912, 3.751, 0.924, 0.924, 0.924, 0.803, 0.924, 0.924, 0.924, 0.924, 0.923, 0.923, 0.924, 0.924, 0.924, 0.924, 0.925, 0.924, 0.924, 0.924, 0.923, 0.924, 0.924, 0.924, 0.923, 0.924, 0.924, 0.924, 0.924, 0.924, 0.924, 0.924], "Dispersion coefficient C6": [23.161, 23.364, 21.098, 18.693, 21.814, 21.751, 21.614, 20.997, 20.954, 21.589, 21.684, 27.394, 29.93, 23.204, 21.423, 22.034, 21.669, 20.279, 22.449, 20.991, 21.596, 21.655, 20.297, 22.548, 2.055, 2.013, 2.11, 0.702, 2.548, 2.257, 2.492, 2.585, 2.33, 2.51, 2.507, 2.515, 2.313, 2.415, 2.229, 2.199, 2.19, 2.472, 2.524, 2.441, 2.494, 2.47, 2.554, 2.565, 2.484, 2.602, 2.587, 2.461, 2.473, 2.369], "Polarizability alpha": [6.863, 7.919, 6.158, 6.157, 6.305, 6.638, 6.617, 6.515, 6.511, 6.615, 6.629, 8.584, 8.97, 7.893, 6.206, 6.683, 6.627, 6.402, 6.757, 6.517, 6.617, 6.625, 6.403, 6.772, 2.242, 2.219, 2.271, 1.316, 2.496, 2.349, 2.469, 2.514, 2.387, 2.477, 2.476, 2.48, 2.379, 2.43, 2.335, 2.319, 2.314, 2.459, 2.485, 2.443, 2.47, 2.458, 2.499, 2.505, 2.465, 2.522, 2.516, 2.453, 2.459, 2.407], "FOD": [0.0, 0.0, 0.0, 0.0, 0.0, 0.0, 0.0, 0.0, 0.0, 0.0, 0.0, 0.0, 0.0, 0.0, 0.0, 0.0, 0.0, 0.0, 0.0, 0.0, 0.0, 0.0, 0.0, 0.0, 0.0, 0.0, 0.0, 0.0, 0.0, 0.0, 0.0, 0.0, 0.0, 0.0, 0.0, 0.0, 0.0, 0.0, 0.0, 0.0, 0.0, 0.0, 0.0, 0.0, 0.0, 0.0, 0.0, 0.0, 0.0, 0.0, 0.0, 0.0, 0.0, 0.0], "FOD s proportion": [0.0, 0.0, 0.0, 0.0, 0.0, 0.0, 0.0, 0.0, 0.0, 0.0, 0.0, 0.0, 0.0, 0.0, 0.0, 0.0, 0.0, 0.0, 0.0, 0.0, 0.0, 0.0, 0.0, 0.0, 0.0, 0.0, 0.0, 0.0, 0.0, 0.0, 0.0, 0.0, 0.0, 0.0, 0.0, 0.0, 0.0, 0.0, 0.0, 0.0, 0.0, 0.0, 0.0, 0.0, 0.0, 0.0, 0.0, 0.0, 0.0, 0.0, 0.0, 0.0, 0.0, 0.0], "FOD p proportion": [0.0, 0.0, 0.0, 0.0, 0.0, 0.0, 0.0, 0.0, 0.0, 0.0, 0.0, 0.0, 0.0, 0.0, 0.0, 0.0, 0.0, 0.0, 0.0, 0.0, 0.0, 0.0, 0.0, 0.0, 0.0, 0.0, 0.0, 0.0, 0.0, 0.0, 0.0, 0.0, 0.0, 0.0, 0.0, 0.0, 0.0, 0.0, 0.0, 0.0, 0.0, 0.0, 0.0, 0.0, 0.0, 0.0, 0.0, 0.0, 0.0, 0.0, 0.0, 0.0, 0.0, 0.0], "FOD d proportion": [0.0, 0.0, 0.0, 0.0, 0.0, 0.0, 0.0, 0.0, 0.0, 0.0, 0.0, 0.0, 0.0, 0.0, 0.0, 0.0, 0.0, 0.0, 0.0, 0.0, 0.0, 0.0, 0.0, 0.0, 0.0, 0.0, 0.0, 0.0, 0.0, 0.0, 0.0, 0.0, 0.0, 0.0, 0.0, 0.0, 0.0, 0.0, 0.0, 0.0, 0.0, 0.0, 0.0, 0.0, 0.0, 0.0, 0.0, 0.0, 0.0, 0.0, 0.0, 0.0, 0.0, 0.0], "total energy": -72.50951514, "HOMO-LUMO gap/eV": 2.88747377, "electronic energy": -73.40562374, "Dipole module/D": 2.537, "Total charge": 0.0, "HOMO": -10.3779, "LUMO": -7.4905, "Fermi-level/eV": -8.9342, "Total dispersion C6": 25073.209684, "Total dispersion C8": 566350.186539, "Total polarizability alpha": 235.597695, "Total FOD": 0.0}