{"dipole": [-1.12062048, -1.94002643, 0.31397608], "partial charges": [-0.1147414, 0.0634262, -0.10797801, 0.25636546, -0.43900436, -0.04854595, 0.06798303, -0.04232347, -0.02781177, -0.03543386, -0.03110396, -0.0508005, -0.05610205, -0.04275318, 0.05883017, 0.05583021, 0.05911197, 0.06145217, 0.0669116, 0.03885233, 0.0310165, 0.03252881, 0.03495459, 0.04224194, 0.06260393, 0.06448961], "mulliken charges": [-0.09519, 0.13879, -0.14377, 0.45921, -0.55181, -0.15126, 0.14183, -0.04945, -0.0228, -0.04033, -0.02572, -0.06588, -0.16369, 0.05502, 0.04782, 0.04411, 0.04867, 0.06429, 0.06193, 0.03508, 0.03019, 0.03016, 0.03237, 0.03824, 0.03753, 0.04465], "cm5 charges": [-0.23394, 0.19579, -0.17909, 0.56246, -0.5949, -0.32188, 0.20042, -0.09599, -0.07794, -0.09566, -0.08091, -0.11249, -0.34998, -0.02905, 0.09999, 0.09759, 0.10217, 0.12367, 0.12593, 0.09047, 0.0856, 0.08558, 0.0951, 0.1006, 0.09855, 0.1079], "FUKUI+": [0.025, -0.072, -0.03, -0.041, -0.114, -0.027, -0.032, -0.018, -0.026, -0.043, -0.022, -0.024, -0.04, 0.021, -0.041, -0.049, -0.046, -0.067, -0.038, -0.057, -0.063, -0.057, -0.043, -0.032, -0.037, -0.027], "FUKUI-": [0.019, -0.02, -0.03, -0.013, -0.138, -0.067, -0.019, -0.024, -0.021, -0.045, -0.023, -0.02, -0.079, 0.027, -0.037, -0.038, -0.036, -0.06, -0.038, -0.055, -0.062, -0.056, -0.039, -0.049, -0.045, -0.03], "FUKUIrad": [0.022, -0.046, -0.03, -0.027, -0.126, -0.047, -0.026, -0.021, -0.023, -0.044, -0.023, -0.022, -0.059, 0.024, -0.039, -0.044, -0.041, -0.064, -0.038, -0.056, -0.063, -0.057, -0.041, -0.04, -0.041, -0.029], "s proportion": [1.008, 1.06, 1.066, 0.986, 1.727, 1.444, 1.043, 1.063, 1.062, 1.057, 1.059, 1.058, 1.478, 0.989, 0.952, 0.956, 0.951, 0.936, 0.938, 0.965, 0.97, 0.97, 0.968, 0.962, 0.962, 0.955], "p proportion": [3.087, 2.802, 3.078, 2.554, 4.825, 3.707, 2.815, 2.986, 2.961, 2.983, 2.967, 3.007, 3.686, 2.956, 0.0, 0.0, 0.0, 0.0, 0.0, 0.0, 0.0, 0.0, 0.0, 0.0, 0.0, 0.0], "d proportion": [0.0, 0.0, 0.0, 0.0, 0.0, 0.0, 0.0, 0.0, 0.0, 0.0, 0.0, 0.0, 0.0, 0.0, 0.0, 0.0, 0.0, 0.0, 0.0, 0.0, 0.0, 0.0, 0.0, 0.0, 0.0, 0.0], "Coordination numbers": [3.753, 3.007, 2.941, 2.858, 0.857, 2.871, 2.893, 2.917, 2.91, 2.912, 2.91, 2.917, 2.846, 3.689, 0.924, 0.924, 0.924, 0.926, 0.925, 0.925, 0.925, 0.925, 0.925, 0.924, 0.924, 0.924], "Dispersion coefficient C6": [22.755, 26.563, 30.729, 22.698, 22.476, 22.174, 26.477, 29.051, 28.696, 28.882, 28.776, 29.261, 22.321, 21.535, 2.213, 2.249, 2.21, 2.182, 2.12, 2.464, 2.572, 2.551, 2.517, 2.419, 2.169, 2.147], "Polarizability alpha": [6.802, 8.454, 9.092, 7.809, 6.356, 6.994, 8.436, 8.839, 8.784, 8.812, 8.796, 8.87, 7.017, 6.642, 2.326, 2.345, 2.325, 2.31, 2.277, 2.455, 2.508, 2.498, 2.481, 2.432, 2.303, 2.292], "FOD": [0.0, 0.0, 0.0, 0.0, 0.0, 0.0, 0.0, 0.0, 0.0, 0.0, 0.0, 0.0, 0.0, 0.0, 0.0, 0.0, 0.0, 0.0, 0.0, 0.0, 0.0, 0.0, 0.0, 0.0, 0.0, 0.0], "FOD s proportion": [0.0, 0.0, 0.0, 0.0, 0.0, 0.0, 0.0, 0.0, 0.0, 0.0, 0.0, 0.0, 0.0, 0.0, 0.0, 0.0, 0.0, 0.0, 0.0, 0.0, 0.0, 0.0, 0.0, 0.0, 0.0, 0.0], "FOD p proportion": [0.0, 0.0, 0.0, 0.0, 0.0, 0.0, 0.0, 0.0, 0.0, 0.0, 0.0, 0.0, 0.0, 0.0, 0.0, 0.0, 0.0, 0.0, 0.0, 0.0, 0.0, 0.0, 0.0, 0.0, 0.0, 0.0], "FOD d proportion": [0.0, 0.0, 0.0, 0.0, 0.0, 0.0, 0.0, 0.0, 0.0, 0.0, 0.0, 0.0, 0.0, 0.0, 0.0, 0.0, 0.0, 0.0, 0.0, 0.0, 0.0, 0.0, 0.0, 0.0, 0.0, 0.0], "total energy": -39.56908838, "HOMO-LUMO gap/eV": 3.26334763, "electronic energy": -40.14250933, "Dipole module/D": 5.75, "Total charge": 0.0, "HOMO": -10.0413, "LUMO": -6.778, "Fermi-level/eV": -8.4096, "Total dispersion C6": 7956.180325, "Total dispersion C8": 188769.782392, "Total polarizability alpha": 140.254935, "Total FOD": 0.0}