{"dipole": [-0.71742919, -1.5851565, -0.00923946], "partial charges": [-0.43046249, 0.27699119, -0.08778782, -0.06309728, 0.01103119, -0.18842566, 0.06441252, 0.06532893, 0.04614006, 0.04783491, 0.03904303, 0.04633921, 0.1726522], "mulliken charges": [-0.546, 0.47407, -0.08876, -0.05464, 0.09348, -0.36681, 0.05496, 0.0565, 0.0337, 0.03674, 0.0288, 0.03167, 0.24629], "cm5 charges": [-0.58732, 0.56489, -0.18298, -0.15505, 0.04822, -0.72543, 0.11271, 0.11366, 0.08824, 0.09361, 0.0944, 0.09584, 0.43922], "FUKUI+": [-0.26, -0.181, 0.027, 0.022, 0.035, -0.105, -0.101, -0.09, -0.071, -0.05, -0.069, -0.076, -0.081], "FUKUI-": [-0.228, -0.022, -0.004, 0.013, 0.026, -0.126, -0.084, -0.085, -0.08, -0.092, -0.129, -0.116, -0.074], "FUKUIrad": [-0.244, -0.101, 0.011, 0.017, 0.031, -0.116, -0.093, -0.087, -0.075, -0.071, -0.099, -0.096, -0.077], "s proportion": [1.727, 1.001, 1.039, 1.033, 1.002, 1.425, 0.945, 0.943, 0.966, 0.963, 0.971, 0.968, 0.754], "p proportion": [4.819, 2.525, 3.05, 3.022, 2.904, 3.942, 0.0, 0.0, 0.0, 0.0, 0.0, 0.0, 0.0], "d proportion": [0.0, 0.0, 0.0, 0.0, 0.0, 0.0, 0.0, 0.0, 0.0, 0.0, 0.0, 0.0, 0.0], "Coordination numbers": [0.857, 2.805, 3.833, 3.844, 3.79, 2.716, 0.924, 0.924, 0.924, 0.924, 0.924, 0.924, 0.86], "Dispersion coefficient C6": [22.299, 22.32, 22.148, 21.678, 20.402, 25.083, 2.148, 2.138, 2.369, 2.347, 2.462, 2.366, 1.257], "Polarizability alpha": [6.331, 7.74, 6.696, 6.623, 6.433, 7.438, 2.292, 2.286, 2.407, 2.396, 2.454, 2.406, 1.756], "FOD": [0.0, 0.0, 0.0, 0.0, 0.0, 0.0, 0.0, 0.0, 0.0, 0.0, 0.0, 0.0, 0.0], "FOD s proportion": [0.0, 0.0, 0.0, 0.0, 0.0, 0.0, 0.0, 0.0, 0.0, 0.0, 0.0, 0.0, 0.0], "FOD p proportion": [0.0, 0.0, 0.0, 0.0, 0.0, 0.0, 0.0, 0.0, 0.0, 0.0, 0.0, 0.0, 0.0], "FOD d proportion": [0.0, 0.0, 0.0, 0.0, 0.0, 0.0, 0.0, 0.0, 0.0, 0.0, 0.0, 0.0, 0.0], "total energy": -19.13959966, "HOMO-LUMO gap/eV": 4.94391433, "electronic energy": -19.36622073, "Dipole module/D": 4.423, "Total charge": 0.0, "HOMO": -10.6443, "LUMO": -5.7004, "Fermi-level/eV": -8.1724, "Total dispersion C6": 1480.218718, "Total dispersion C8": 32389.019069, "Total polarizability alpha": 57.25769, "Total FOD": 0.0}