{"dipole": [-1.5241146638786658, 0.3488810990244263, 0.12270661035436337], "partial charges": [-0.4410146805206322, 0.33038988390124435, -0.09566204438039162, 0.15579227227120668, -0.262476233748513, 0.3559136791863161, -0.3997611818000085, -0.08729609437968272, -0.04865794927252724, -0.10428594816018387, 0.2737380941879369, -0.3837916191271218, 0.05422913929328324, -0.2066101567608936, 0.006343005043771582, -0.030817591485797678, -0.02629327609967884, -0.02698630690156153, -0.026730803339986224, -0.03212786733441125, 0.00673783053824408, -0.03018634689741531, -0.02607334798924625, -0.026831608058854036, -0.026763349966183046, -0.03239403980988005, 0.0862088131439869, 0.08647051959707419, 0.07122340028710795, 0.07112547061534073, 0.04763869526530248, 0.045479796145080686, 0.04006673762601915, 0.040738274969309464, 0.04009039321138917, 0.19508742278439406, 0.04232647992414716, 0.04162446795399241, 0.03919892324478765, 0.0411015503812403, 0.03984170911017602, 0.04244305479115803, 0.04183048730889078, 0.039342837334652, 0.041004184750176836, 0.03877333138279695], "mulliken charges": [-0.5572598042440093, 0.5667160383361664, -0.2512102345548942, 0.3311549127681586, -0.41291321181799123, 0.5768552756639774, -0.5278558628557374, -0.07689995871587822, -0.03015689023835226, -0.0868331633485971, 0.466847012378018, -0.5154776446752073, 0.10759636357213298, -0.3773208941822225, -0.00651184871295414, -0.03100978855409709, -0.021653153569476093, -0.024836375628704024, -0.022133354962521844, -0.03282192144946829, -0.00581945872997427, -0.030611844029200464, -0.021445980707097436, -0.024638036371461336, -0.022152818227169593, -0.03347605485186402, 0.07565029393352699, 0.07577058313981194, 0.05552318756847861, 0.05689870523544999, 0.03642571028799291, 0.03389426127981158, 0.03300543942607706, 0.035343910275657454, 0.03292330203534672, 0.2555991984188967, 0.040541731561331215, 0.03661311633320722, 0.0348891437284534, 0.03622645574163306, 0.03786003835363688, 0.041144869673105516, 0.0367056463729872, 0.034956701736223575, 0.03616786648520746, 0.037722780530132685], "cm5 charges": [-0.5932036243180757, 0.7391935765025387, -0.49793050176974374, 0.3197166070991799, -0.4874339071937022, 0.6265675780656481, -0.5774574879453362, -0.17544089787998035, -0.1402715495133428, -0.2365316825978518, 0.5767731106121697, -0.5581360935522286, 0.16549307260146734, -0.7181085694790224, -0.009035352993795692, -0.082080297250007, -0.0769658303947276, -0.08021700957036186, -0.07744848605021565, -0.08376089781909013, -0.008281708778647336, -0.0817796001947414, -0.07676331516853015, -0.08002089599847768, -0.07747555616796373, -0.08441172059738251, 0.1548043838923376, 0.15474471070763027, 0.11437612717309364, 0.11544668868804858, 0.09274541855786658, 0.08942099378271647, 0.0845570653202079, 0.0872853296668977, 0.08476406261087199, 0.4532629016013476, 0.10003858610656277, 0.09196315987759672, 0.09028997907318449, 0.09157427856380063, 0.09766921585958498, 0.1004086257443825, 0.09205839837545857, 0.09035764002725712, 0.09151522309450862, 0.09772488689590068], "FUKUI+": [-0.06578223216225368, -0.013896575899870539, -0.027095628354236588, 0.015211594528259879, -0.023590930790819385, -0.032843262912643716, -0.06859852887018732, 0.0057787109655497385, 0.003286782558364717, 0.005975230453963222, -0.03899999999999999, -0.08578379686376063, -0.004, -0.013164909315775233, -0.015374033375034037, -0.008676342599129834, -0.014990465787342594, -0.025079109326932286, -0.0148287993514893, -0.009473965116566275, -0.015190966203087084, -0.00869928994969492, -0.01514353965648825, -0.024485890251188826, -0.015037195204679851, -0.009585402756487837, -0.022455884979360338, -0.022988044526984743, -0.022026276354657294, -0.02276092437587368, -0.00970903258669019, -0.013509911818411427, -0.009284322343793863, -0.005872201336459193, -0.006857698963603222, -0.026462513990508665, -0.020516230337594175, -0.03697350700938315, -0.04200203525236075, -0.037480185013552644, -0.022138380132169608, -0.02004561858669279, -0.03690538692377161, -0.04191847795755854, -0.03730366354778861, -0.02175820941420581], "FUKUI-": [-0.050461857412984756, -0.0008869237018249768, -0.019487733958012773, 0.010636450015669827, -0.017016220129194144, -0.007948845921010288, -0.06586811769637364, -6.759388772286466e-05, 0.003953009178353973, 0.009887269038631491, -0.00397340977346779, -0.04659658042380189, -0.0069999999999999975, -0.014093265743561886, -0.017465450356867623, -0.010721680199048046, -0.014891361917076561, -0.02645762969133936, -0.015354580262236274, -0.010433702100650638, -0.01601417249206632, -0.010472511974651627, -0.014504002296476812, -0.02512734058639325, -0.015184161531943286, -0.00977773842158818, -0.016763014017405577, -0.01742143986129118, -0.02682650170505124, -0.028272233179871806, -0.03977743068826286, -0.04666487529976877, -0.031645503109201056, -0.029352532620572656, -0.03152691229868852, -0.020348603307217137, -0.023415119104038592, -0.03570387638270068, -0.04079543651781279, -0.036279933870930134, -0.023894862596002098, -0.022383416421553594, -0.03506957600672502, -0.0397417469783249, -0.0356343824735652, -0.022868176183325737], "FUKUIrad": [-0.05813335030146352, -0.007408477506615864, -0.023345957050061306, 0.012938799962645358, -0.020237424050238473, -0.020250271058430747, -0.06743748496366682, 0.002764045707536715, 0.003923232574034547, 0.007903715800397263, -0.021731666584095307, -0.06609015234458707, -0.005261245579944043, -0.013587486668991774, -0.016431358955662348, -0.009604690151817323, -0.015021606770343953, -0.02582144134680878, -0.015214382072863571, -0.009854507633091413, -0.015783772718716765, -0.009495715094953644, -0.014862051473103334, -0.024780814299290584, -0.01526072483670179, -0.009567145247699034, -0.019651335446551215, -0.020150023884893842, -0.024508728286377148, -0.025508459342738616, -0.024753192561206717, -0.029983272633648757, -0.020607651425367416, -0.017534072734394203, -0.019241427965818507, -0.023348603307217126, -0.021968313829899628, -0.03627760161058413, -0.04138023635280959, -0.03676017356507676, -0.02308471557896704, -0.021162026761252704, -0.03592507786620242, -0.04094525360387391, -0.03634354089553082, -0.022313772915549163], "s proportion": [1.7181130762981747, 0.9349479359898812, 1.425164909315775, 0.9719999999999999, 1.6964015825669125, 0.9898882352130994, 1.7305642139813304, 1.0387432364013243, 1.025879883771792, 1.008770812537471, 1.0149999999999997, 1.7300000000000002, 1.0810000000000002, 1.425341593684502, 1.0919999999999999, 1.0641489758642522, 1.061040416608963, 1.0609999999999997, 1.0609595833910366, 1.0639052730375693, 1.0919999999999999, 1.0644338095191457, 1.061026586112952, 1.0609999999999997, 1.0609734138870477, 1.0640769411571538, 0.9243695209465801, 0.9242016213773161, 0.9444861819911369, 0.9431837750421567, 0.9635005363003877, 0.9660777552644209, 0.9670815698329225, 0.9646054552575032, 0.9670994774343028, 0.7445039245114782, 0.9594591782603957, 0.9633530847618665, 0.965087887680408, 0.9638529135009373, 0.9621588893334299, 0.9589741633112437, 0.9631381787280968, 0.9651680351122295, 0.9638674175373586, 0.9622777699386877], "p proportion": [4.838889514136304, 2.498435000421879, 3.8259999999999996, 2.6963307717389813, 4.716523911103315, 2.4332729000313393, 4.797339899226109, 3.0378358608738782, 3.004249154832499, 3.0780899961534147, 2.51838293641176, 4.785468585100705, 2.811999999999999, 3.9518741252005003, 2.9147514258225793, 2.9668121705821457, 2.9606311040798663, 2.9634943505103264, 2.9612128740649997, 2.9690508446032644, 2.9142485741774196, 2.966206986061515, 2.9603291897532924, 2.9631917191395702, 2.961339767669843, 2.9694830006013366, 0.0, 0.0, 0.0, 0.0, 0.0, 0.0, 0.0, 0.0, 0.0, 0.0, 0.0, 0.0, 0.0, 0.0, 0.0, 0.0, 0.0, 0.0, 0.0, 0.0],