{"dipole": [-0.18221293, 0.02471425, -0.00598062], "partial charges": [-0.09851869, -0.01266807, -0.09852581, 0.01057233, -0.03841156, -0.0312827, -0.03309369, -0.03171105, -0.03363268, 0.03380571, 0.03112508, 0.03495211, 0.03171702, 0.03380823, 0.03495794, 0.03114278, 0.02602488, 0.02702936, 0.02619675, 0.02702403, 0.02948803], "mulliken charges": [-0.08653, -0.00125, -0.08653, 0.00123, -0.0405, -0.02727, -0.03257, -0.02742, -0.03907, 0.02955, 0.03039, 0.02848, 0.02296, 0.02955, 0.02849, 0.0304, 0.02777, 0.02804, 0.02785, 0.02807, 0.02835], "cm5 charges": [-0.23359, -0.06895, -0.23361, -0.01244, -0.09387, -0.08266, -0.08798, -0.08283, -0.09245, 0.0809, 0.08194, 0.08065, 0.08209, 0.0809, 0.08065, 0.08196, 0.08395, 0.08343, 0.08328, 0.08348, 0.08516], "FUKUI+": [0.017, 0.005, 0.017, -0.083, -0.052, -0.056, -0.062, -0.054, -0.054, -0.044, -0.017, -0.019, -0.037, -0.044, -0.019, -0.017, -0.095, -0.097, -0.099, -0.096, -0.096], "FUKUI-": [0.01, -0.011, 0.01, -0.059, -0.03, -0.034, -0.063, -0.031, -0.033, -0.061, -0.05, -0.052, -0.07, -0.061, -0.052, -0.05, -0.067, -0.075, -0.081, -0.075, -0.066], "FUKUIrad": [0.013, -0.003, 0.013, -0.071, -0.041, -0.045, -0.063, -0.042, -0.044, -0.052, -0.034, -0.035, -0.054, -0.052, -0.035, -0.034, -0.081, -0.086, -0.09, -0.086, -0.081], "s proportion": [1.012, 1.051, 1.012, 1.094, 1.064, 1.06, 1.059, 1.06, 1.062, 0.97, 0.97, 0.972, 0.977, 0.97, 0.972, 0.97, 0.972, 0.972, 0.972, 0.972, 0.972], "p proportion": [3.074, 2.95, 3.074, 2.905, 2.977, 2.967, 2.974, 2.968, 2.977, 0.0, 0.0, 0.0, 0.0, 0.0, 0.0, 0.0, 0.0, 0.0, 0.0, 0.0, 0.0], "d proportion": [0.0, 0.0, 0.0, 0.0, 0.0, 0.0, 0.0, 0.0, 0.0, 0.0, 0.0, 0.0, 0.0, 0.0, 0.0, 0.0, 0.0, 0.0, 0.0, 0.0, 0.0], "Coordination numbers": [3.752, 3.852, 3.752, 2.963, 2.915, 2.91, 2.912, 2.91, 2.914, 0.924, 0.924, 0.924, 0.923, 0.924, 0.924, 0.924, 0.925, 0.925, 0.925, 0.925, 0.925], "Dispersion coefficient C6": [22.442, 20.766, 22.442, 27.778, 28.955, 28.78, 28.824, 28.791, 28.838, 2.533, 2.571, 2.517, 2.562, 2.533, 2.517, 2.57, 2.644, 2.629, 2.641, 2.629, 2.594], "Polarizability alpha": [6.756, 6.481, 6.756, 8.645, 8.824, 8.797, 8.804, 8.798, 8.806, 2.489, 2.507, 2.481, 2.503, 2.489, 2.481, 2.507, 2.543, 2.536, 2.541, 2.536, 2.518], "FOD": [0.0, 0.0, 0.0, 0.0, 0.0, 0.0, 0.0, 0.0, 0.0, 0.0, 0.0, 0.0, 0.0, 0.0, 0.0, 0.0, 0.0, 0.0, 0.0, 0.0, 0.0], "FOD s proportion": [0.0, 0.0, 0.0, 0.0, 0.0, 0.0, 0.0, 0.0, 0.0, 0.0, 0.0, 0.0, 0.0, 0.0, 0.0, 0.0, 0.0, 0.0, 0.0, 0.0, 0.0], "FOD p proportion": [0.0, 0.0, 0.0, 0.0, 0.0, 0.0, 0.0, 0.0, 0.0, 0.0, 0.0, 0.0, 0.0, 0.0, 0.0, 0.0, 0.0, 0.0, 0.0, 0.0, 0.0], "FOD d proportion": [0.0, 0.0, 0.0, 0.0, 0.0, 0.0, 0.0, 0.0, 0.0, 0.0, 0.0, 0.0, 0.0, 0.0, 0.0, 0.0, 0.0, 0.0, 0.0, 0.0, 0.0], "total energy": -25.3788254, "HOMO-LUMO gap/eV": 4.62845217, "electronic energy": -25.81112185, "Dipole module/D": 0.468, "Total charge": 0.0, "HOMO": -10.6035, "LUMO": -5.9751, "Fermi-level/eV": -8.2893, "Total dispersion C6": 4269.984134, "Total dispersion C8": 99114.316024, "Total polarizability alpha": 102.798354, "Total FOD": 0.0}