{"dipole": [-0.87165236, -0.93458023, 0.9945662], "partial charges": [-0.10975652, 0.01002936, -0.07272829, 0.10611263, -0.44557067, 0.14927286, -0.2633621, -0.02932331, -0.05565533, -0.06428355, 0.02712306, -0.07242827, 0.23009438, -0.38275583, -0.08264641, -0.06396375, 0.01329243, -0.10641221, -0.02602654, -0.064177, -0.06930118, 0.11712966, -0.44473485, 0.19981878, -0.36443682, 0.05290177, -0.43399279, 0.05267946, 0.03544169, 0.04618843, 0.0432397, 0.04793055, 0.04949101, 0.30285863, 0.03686346, 0.05190934, 0.03941774, 0.04851386, 0.05003319, 0.0616928, 0.06462561, 0.06154302, 0.04899797, 0.060207, 0.03532926, 0.04965966, 0.04762078, 0.05448459, 0.05448174, 0.04143306, 0.03233611, 0.06055944, 0.30887194, 0.07036796, 0.07567147, 0.31333099], "mulliken charges": [-0.09643, 0.00216, -0.08529, 0.20531, -0.55573, 0.20825, -0.2951, -0.04124, -0.04055, -0.05027, 0.02824, -0.09181, 0.388, -0.50427, -0.0851, -0.05444, 0.00342, -0.09661, -0.02123, -0.04979, -0.06383, 0.19969, -0.56368, 0.3517, -0.49114, 0.16627, -0.55442, 0.04557, 0.02877, 0.0464, 0.03561, 0.05077, 0.03661, 0.34802, 0.02983, 0.04301, 0.03552, 0.04335, 0.03993, 0.06307, 0.06195, 0.0536, 0.04257, 0.04592, 0.03104, 0.04568, 0.04359, 0.04581, 0.03997, 0.03659, 0.021, 0.05597, 0.35713, 0.05248, 0.04873, 0.35942], "cm5 charges": [-0.24125, -0.01811, -0.18416, 0.16506, -0.76859, 0.2138, -0.3287, -0.10068, -0.14643, -0.15357, 0.01444, -0.14079, 0.41112, -0.55168, -0.18567, -0.15644, -0.01317, -0.24151, -0.08131, -0.15594, -0.16529, 0.20532, -0.76352, 0.37573, -0.5511, 0.08703, -0.76092, 0.1015, 0.08221, 0.10136, 0.09832, 0.11058, 0.10591, 0.51957, 0.09215, 0.10094, 0.09087, 0.09882, 0.09617, 0.12284, 0.11979, 0.11081, 0.10286, 0.10757, 0.0843, 0.0991, 0.09649, 0.1092, 0.09908, 0.0918, 0.07854, 0.11458, 0.53456, 0.11693, 0.11413, 0.53535], "FUKUI+": [0.011, -0.005, 0.005, 0.002, -0.007, -0.001, -0.004, 0.004, 0.006, 0.01, -0.062, -0.024, -0.047, -0.113, 0.011, 0.009, -0.001, 0.01, 0.002, 0.006, 0.006, -0.003, -0.019, -0.077, -0.129, 0.012, -0.024, -0.014, -0.016, -0.004, -0.006, -0.005, -0.012, -0.005, -0.012, -0.012, -0.024, -0.026, -0.035, -0.045, -0.035, -0.038, -0.015, -0.027, -0.015, -0.022, -0.011, -0.015, -0.01, -0.018, -0.013, -0.021, -0.01, -0.054, -0.044, -0.012], "FUKUI-": [0.012, -0.008, 0.004, 0.001, -0.032, -0.003, -0.01, 0.0, 0.005, 0.003, -0.023, -0.015, -0.022, -0.126, -0.008, 0.005, -0.004, 0.013, 0.0, 0.007, 0.007, -0.009, -0.049, -0.008, -0.053, 0.002, -0.044, -0.014, -0.016, -0.016, -0.012, -0.019, -0.019, -0.014, -0.015, -0.017, -0.031, -0.028, -0.031, -0.042, -0.039, -0.04, -0.021, -0.041, -0.017, -0.017, -0.014, -0.017, -0.01, -0.019, -0.016, -0.021, -0.021, -0.037, -0.021, -0.019], "FUKUIrad": [0.012, -0.006, 0.004, 0.001, -0.019, -0.002, -0.007, 0.002, 0.006, 0.007, -0.043, -0.019, -0.034, -0.119, 0.001, 0.007, -0.003, 0.011, 0.001, 0.006, 0.006, -0.006, -0.034, -0.043, -0.091, 0.007, -0.034, -0.014, -0.016, -0.01, -0.009, -0.012, -0.016, -0.01, -0.014, -0.015, -0.027, -0.027, -0.033, -0.044, -0.037, -0.039, -0.018, -0.034, -0.016, -0.02, -0.013, -0.016, -0.01, -0.018, -0.014, -0.021, -0.015, -0.046, -0.033, -0.015], "s proportion": [1.017, 1.104, 1.05, 1.025, 1.704, 1.107, 1.833, 1.069, 1.033, 1.032, 1.119, 1.078, 1.059, 1.738, 1.039, 1.04, 1.103, 1.02, 1.069, 1.035, 1.04, 1.067, 1.712, 1.105, 1.744, 1.001, 1.699, 0.954, 0.971, 0.954, 0.964, 0.949, 0.963, 0.652, 0.97, 0.957, 0.964, 0.957, 0.96, 0.937, 0.938, 0.946, 0.957, 0.954, 0.969, 0.954, 0.956, 0.954, 0.96, 0.963, 0.979, 0.944, 0.643, 0.948, 0.951, 0.641], "p proportion": [3.079, 2.894, 3.035, 2.769, 4.852, 2.685, 5.462, 2.972, 3.008, 3.018, 2.853, 3.014, 2.553, 4.767, 3.046, 3.015, 2.894, 3.076, 2.952, 3.015, 3.024, 2.733, 4.852, 2.543, 4.748, 2.833, 4.856, 0.0, 0.0, 0.0, 0.0, 0.0, 0.0, 0.0, 0.0, 0.0, 0.0, 0.0, 0.0, 0.0, 0.0, 0.0, 0.0, 0.0, 0.0, 0.0, 0.0, 0.0, 0.0, 0.0, 0.0, 0.0, 0.0, 0.0, 0.0, 0.0], "d proportion": [0.0, 0.0, 0.0, 0.0, 0.0, 0.0, 0.0, 0.0, 0.0, 0.0, 0.0, 0.0, 0.0, 0.0, 0.0, 0.0, 0.0, 0.0, 0.0, 0.0, 0.0, 0.0, 0.0, 0.0, 0.0, 0.0, 0.0, 0.0, 0.0, 0.0, 0.0, 0.0, 0.0, 0.0, 0.0, 0.0, 0.0, 0.0, 0.0, 0.0, 0.0, 0.0, 0.0, 0.0, 0.0, 0.0, 0.0, 0.0, 0.0, 0.0, 0.0, 0.0, 0.0, 0.0, 0.0, 0.0], "Coordination numbers": [3.751, 3.912, 3.803, 3.724, 1.653, 3.699, 0.787, 3.85, 3.805, 3.81, 2.948, 2.896, 2.821, 0.858, 3.803, 3.805, 3.888, 3.752, 3.873, 3.814, 3.813, 3.794, 1.651, 2.807, 0.856, 3.674, 1.652, 0.924, 0.924, 0.924, 0.924, 0.923, 0.924, 0.803, 0.923, 0.924, 0.924, 0.924, 0.924, 0.925, 0.924, 0.924, 0.923, 0.924, 0.924, 0.924, 0.924, 0.923, 0.924, 0.924, 0.924, 0.924, 0.803, 0.924, 0.924, 0.803], "Dispersion coefficient C6": [22.661, 20.349, 21.889, 18.937, 21.755, 18.327, 11.911, 21.062, 21.571, 21.725, 27.397, 29.805, 23.178, 21.339, 22.075, 21.724, 20.302, 22.594, 20.992, 21.72, 21.816, 18.676, 21.739, 23.75, 20.983, 19.914, 21.521, 2.287, 2.511, 2.368, 2.406, 2.346, 2.326, 0.713, 2.491, 2.296, 2.457, 2.339, 2.32, 2.179, 2.146, 2.181, 2.333, 2.197, 2.512, 2.324, 2.35, 2.265, 2.265, 2.43, 2.554, 2.193, 0.695, 2.082, 2.024, 0.683], "Polarizability alpha": [6.789, 6.412, 6.661, 6.214, 6.296, 6.123, 4.077, 6.528, 6.612, 6.635, 8.585, 8.951, 7.888, 6.193, 6.689, 6.635, 6.406, 6.778, 6.515, 6.633, 6.648, 6.154, 6.294, 7.984, 6.142, 6.395, 6.262, 2.365, 2.478, 2.407, 2.426, 2.395, 2.385, 1.326, 2.468, 2.37, 2.451, 2.392, 2.382, 2.309, 2.291, 2.31, 2.388, 2.318, 2.479, 2.384, 2.397, 2.354, 2.353, 2.438, 2.499, 2.316, 1.31, 2.256, 2.225, 1.298], "FOD": [0.0, 0.0, 0.0, 0.0, 0.0, 0.0, 0.0, 0.0, 0.0, 0.0, 0.0, 0.0, 0.0, 0.0, 0.0, 0.0, 0.0, 0.0, 0.0, 0.0, 0.0, 0.0, 0.0, 0.0, 0.0, 0.0, 0.0, 0.0, 0.0, 0.0, 0.0, 0.0, 0.0, 0.0, 0.0, 0.0, 0.0, 0.0, 0.0, 0.0, 0.0, 0.0, 0.0, 0.0, 0.0, 0.0, 0.0, 0.0, 0.0, 0.0, 0.0, 0.0, 0.0, 0.0, 0.0, 0.0], "FOD s proportion": [0.0, 0.0, 0.0, 0.0, 0.0, 0.0, 0.0, 0.0, 0.0, 0.0, 0.0, 0.0, 0.0, 0.0, 0.0, 0.0, 0.0, 0.0, 0.0, 0.0, 0.0, 0.0, 0.0, 0.0, 0.0, 0.0, 0.0, 0.0, 0.0, 0.0, 0.0, 0.0, 0.0, 0.0, 0.0, 0.0, 0.0, 0.0, 0.0, 0.0, 0.0, 0.0, 0.0, 0.0, 0.0, 0.0, 0.0, 0.0, 0.0, 0.0, 0.0, 0.0, 0.0, 0.0, 0.0, 0.0], "FOD p proportion": [0.0, 0.0, 0.0, 0.0, 0.0, 0.0, 0.0, 0.0, 0.0, 0.0, 0.0, 0.0, 0.0, 0.0, 0.0, 0.0, 0.0, 0.0, 0.0, 0.0, 0.0, 0.0, 0.0, 0.0, 0.0, 0.0, 0.0, 0.0, 0.0, 0.0, 0.0, 0.0, 0.0, 0.0, 0.0, 0.0, 0.0, 0.0, 0.0, 0.0, 0.0, 0.0, 0.0, 0.0, 0.0, 0.0, 0.0, 0.0, 0.0, 0.0, 0.0, 0.0, 0.0, 0.0, 0.0, 0.0], "FOD d proportion": [0.0, 0.0, 0.0, 0.0, 0.0, 0.0, 0.0, 0.0, 0.0, 0.0, 0.0, 0.0, 0.0, 0.0, 0.0, 0.0, 0.0, 0.0, 0.0, 0.0, 0.0, 0.0, 0.0, 0.0, 0.0, 0.0, 0.0, 0.0, 0.0, 0.0, 0.0, 0.0, 0.0, 0.0, 0.0, 0.0, 0.0, 0.0, 0.0, 0.0, 0.0, 0.0, 0.0, 0.0, 0.0, 0.0, 0.0, 0.0, 0.0, 0.0, 0.0, 0.0, 0.0, 0.0, 0.0, 0.0], "total energy": -84.85000932, "HOMO-LUMO gap/eV": 2.45725189, "electronic energy": -85.74268784, "Dipole module/D": 4.116, "Total charge": 0.0, "HOMO": -10.4703, "LUMO": -8.013, "Fermi-level/eV": -9.2416, "Total dispersion C6": 27683.765078, "Total dispersion C8": 625036.447031, "Total polarizability alpha": 245.266395, "Total FOD": 0.0}