{"dipole": [0.4280560843242831, 1.142685886202706, 0.07550782939064436], "partial charges": [-0.10665391272674052, 0.007598263948727672, -0.0996827100526802, 0.0033619866585907236, -0.10465386554801545, 0.2442180891406811, -0.44220173040479394, 0.09763702936083339, -0.10754627489837741, -0.28028827529149314, 0.1340824666661406, -0.06944735873554791, -0.03300489073168063, -0.05118105413389605, 0.01598742454541411, -0.037211429485539294, -0.03063321443653893, -0.03317305580809033, -0.030842382516606422, -0.0016812119053230927, 0.048399019156275966, 0.03769839779774511, 0.04810994743136388, 0.044743107689384325, 0.06410571077057801, 0.06482557685631861, 0.04262607945255273, 0.04055690921087796, 0.04616440659312206, 0.04519172127890418, 0.05202679851232166, 0.055247416957571585, 0.0539654622866447, 0.04693207416697058, 0.04190288661985326, 0.03424595311558815, 0.03058760400834954, 0.031907910895647144, 0.028605759001543458, 0.028897632740702416, 0.038575722798084286], "mulliken charges": [-0.09310893283908718, 0.10106272409567628, -0.2748098267581886, 0.09178740397977254, -0.09230798122539963, 0.4386779762646468, -0.5586666679849973, 0.19432841959424713, -0.0924539853562101, -0.42933791553312595, 0.24604272615205086, -0.09666152685183321, -0.019722158105342502, -0.06087429332069414, 0.010371561946228054, -0.039313639152454775, -0.02707701032277363, -0.03526227978451146, -0.024597696925680482, -0.022985875560024207, 0.042399762890392156, 0.027267003331555857, 0.03974616157457324, 0.02565701430881468, 0.05116424284783604, 0.04400066902858675, 0.028314524124360183, 0.0325582572401262, 0.04025417828014188, 0.037166593931138525, 0.046212302476745626, 0.046716143473616266, 0.045188327361884384, 0.03715946137750503, 0.05067085136327424, 0.0336337682299064, 0.03088145791010041, 0.030948792460257644, 0.028976398555791406, 0.028922552431079763, 0.03709806282707552], "cm5 charges": [-0.2376445548679396, 0.05066687645095967, -0.5297509967468841, 0.03984297931970526, -0.2375165414840276, 0.5305890855851023, -0.6066046326714564, 0.16280491181650156, -0.23588805383166975, -0.5127317271965846, 0.2644183518156653, -0.14794473262105265, -0.07509834248295794, -0.1134696379248695, 0.003212087485020159, -0.09191074646671238, -0.0824466461342071, -0.09061621845848007, -0.07569562749406919, -0.0251831978844226, 0.09608134182884868, 0.08088713608509322, 0.09247542531577099, 0.09142948606157868, 0.11982480864085004, 0.1154884933338137, 0.09350565240516379, 0.08575303408269241, 0.09605061939001105, 0.0888402587900143, 0.11801112369877134, 0.10012502844024962, 0.09855837667203626, 0.09230241429600507, 0.1122114486254415, 0.08901828855978793, 0.08712196619183396, 0.08716208898364362, 0.08440596312053471, 0.08435211112866521, 0.0973550238104807], "FUKUI+": [0.0067756608154958325, 0.009607733222915442, -0.02923410127828778, 0.009117294830092283, 0.005009762093783608, -0.026007540534997167, -0.06221594627268167, 0.005894679927910092, 0.010103099501588763, -0.035894674986483605, -0.043078501353983, -0.020714479879428965, -0.02792905104043774, -0.0390097680234954, -0.015000000988285299, -0.0459902359296458, -0.029000000988285302, -0.027904448939690785, -0.044972759486202496, -0.013990236917931095, -0.01080661554375441, -0.009045859151201048, -0.013116917500776207, -0.017263535050235864, -0.012377937508523427, -0.002125946105367738, -0.02526301153183759, -0.01823070113301764, 0.01242418257220756, -0.01092464525353356, -0.01957217330149869, -0.020593476698258097, -0.02218682149935848, -0.016834377413160437, -0.04563362890229667, -0.05803436913595706, -0.05700976703521011, -0.06099023790621639, -0.06296563481718413, -0.06096563580546945, -0.05588714038119823], "FUKUI-": [0.007011979699428861, 0.009341736301626323, -0.03937540528162691, 0.009983113237198048, 0.006268635334339682, -0.0049142120217596915, -0.07876233011436763, 0.0011272768417892119, 0.012036583776746409, -0.06574415325736142, -0.027058971236704, -0.026999993082002915, -0.022034366171101157, -0.04387007387402195, -0.013999999011714705, -0.03164352696672552, -0.022000001976570597, -0.027904443998264295, -0.024643529931581396, -0.01290444597483489, -0.015819241898213692, -0.014038961318093117, -0.018482633755163885, -0.024133408574375126, -0.018819977780512764, -0.008772113461714404, -0.03259868640511654, -0.021158667628166733, 0.006407456776359275, -0.016506176744211027, -0.02936819486882231, -0.024907354291242505, -0.02588837952369056, -0.02047183998668268, -0.04058948778970304, -0.05299999703514412, -0.054965629875757656, -0.04897539691096776, -0.05196563382889885, -0.05095791849095384, -0.03792150556401408], "FUKUIrad": [0.007036582788461111, 0.009322209149203212, -0.034186677780466204, 0.010019695037373861, 0.005373951453288399, -0.015044127276599468, -0.07029775274245446, 0.004007120715877153, 0.011044130241455358, -0.05081067491191554, -0.0350687362953435, -0.0239999990117147, -0.024963417211538892, -0.040999999011714715, -0.01490444696312019, -0.038929051040437736, -0.025061187854063954, -0.02790444696312019, -0.034990238894501695, -0.013609158819053759, -0.013770033743578599, -0.011380593356118967, -0.015829343706369476, -0.02039491627484057, -0.01575533993827296, -0.005744870971346294, -0.02896602959622282, -0.019394986512099765, 0.009372925685163265, -0.013589915001756835, -0.024434709605379364, -0.02229819250733286, -0.023585377029964428, -0.0183228173985398, -0.043303968657417286, -0.05503436715938646, -0.05600000000000001, -0.0549902369179311, -0.0569902379062164, -0.05596563481718414, -0.04692150556401409], "s proportion": [1.0111418979191247, 1.004134183569465, 1.4504499783260307, 1.0058334999801286, 1.0113198932096694, 1.0183222767236946, 1.7353467079746352, 1.025967850446259, 1.01590666358048, 1.6860442981264063, 1.0269388131342214, 1.058837942109416, 1.0599656358054694, 1.0590611898306346, 1.0710097640703542, 1.0639733481785585, 1.0600000000000003, 1.059, 1.0640687323422022, 1.072000005929712, 0.9577709868085602, 0.9728328639252507, 0.960149771143613, 0.9742067946645853, 0.9488119668812902, 0.9562055565341488, 0.9716462933803638, 0.9676254381696285, 0.9601635143417943, 0.9629589214457046, 0.9537607735465295, 0.9534967389651303, 0.9546740454218816, 0.9626748612009258, 0.9494788979186326, 0.9661030995015887, 0.9690000000000001, 0.9690000000000001, 0.9709656338288989, 0.9709312676577977, 0.9628795919399187], "p proportion": [3.0817334124097844, 2.8949157252472713, 3.8237564063512326, 2.902675854841309, 3.0807581853603385, 2.542680938413165, 4.823209204457927, 2.7800077103965184, 3.077061182912638, 4.743513189916197, 2.7269946780589334, 3.037983797492038, 2.9601128675250847, 3.0013198803619607, 2.918000001976571, 2.9759485752280055, 2.967009931955305, 2.976931264692942, 2.959931438507605, 2.950999999011715, 0.0, 0.0, 0.0, 0.0, 0.0, 0.0, 0.0, 0.0, 0.0, 0.0, 0.0, 0.0, 0.0, 0.0, 0.0, 0.0, 0.0, 0.0, 0.0, 0.0, 0.0], "d proportion": [0.0, 0.0, 0.0, 0.0, 0.0, 0.0, 0.0, 0.0, 0.0, 0.0, 0.0, 0.0, 0.0, 0.0, 0.0, 0.0, 0.0, 0.0, 0.0, 0.0, 0.0, 0.0, 0.0, 0.0, 0.0, 0.0, 0.0, 0.0, 0.0, 0.0, 0.0, 0.0, 0.0, 0.0, 0.0, 0.0, 0.0, 0.0, 0.0, 0.0, 0.0], "Coordination numbers": [3.7490000000000006, 3.7425419878156503, 2.727340523484714, 3.7365480655123613, 3.7490000000000006, 2.7519487450895266, 0.8570000000000001, 3.734872330022794, 3.7508798458506583, 1.703904445974835, 2.8525770478084396, 2.909, 2.9090000009882853, 2.9189999990117146, 2.9829902369179315, 2.919, 2.91, 2.9080000000000004, 2.916, 2.977999999011715, 0.9240000000000002, 0.9240000000000002, 0.9240000000000002, 0.9240709489595625, 0.9240000000000002, 0.9249044469631205, 0.9240000000000002, 0.9240000000000002, 0.9240000000000002, 0.9240000000000002, 0.9230343671593868, 0.9240000000000002, 0.9240000000000002, 0.9240000000000002, 0.9250000000000002, 0.9250000000000002, 0.9250000000000002, 0.9250000000000002, 0.9250000000000002, 0.9250000000000002, 0.9250000000000002],