{"dipole": [-0.9890063346220662, 0.28573338966854434, 0.06261880594014613], "partial charges": [-0.10968371012668443, 0.049214291032237234, -0.11021067002799861, -0.12283367788427227, 0.04722423391581935, -0.11053514298912606, -0.11013357221732019, 0.29729196371907207, -0.4357176346689952, -0.1582977462297473, -0.00220215272351767, 0.07903323025141099, 0.028627662223181794, -0.12678156476148322, -0.1381078686166807, 0.04136424740693864, 0.05525960896795454, 0.041132579040119396, 0.05469497010895588, 0.05369225118827755, 0.044059560597712454, 0.04146137521350913, 0.05745518969381665, 0.04279321070384509, 0.0537990934711806, 0.04322895225869952, 0.05177661798992496, 0.043816309767026426, 0.04182177756946495, 0.08311121556091533, 0.08276549566657967, 0.090879910842349], "mulliken charges": [-0.09841309255640267, 0.1326104921319188, -0.09747201222522377, -0.3011635076951164, 0.13084004049049855, -0.09798172566876581, -0.09884871487410227, 0.5018660573112916, -0.5534699642780355, -0.11666583188095248, 0.027207885377416818, 0.07386624701966621, 0.040938105258479844, -0.09468250357640054, -0.11274140260960135, 0.034405483417633664, 0.04723537703248221, 0.03137131053005208, 0.024988494212297215, 0.04610601205225898, 0.03247901651690442, 0.03466496111302645, 0.027935699310904658, 0.03648964199961306, 0.04443031672914636, 0.03263707651635166, 0.042912144795271584, 0.03621865374798343, 0.033268054450171156, 0.05119563263550973, 0.05708818225168491, 0.05068563185476771], "cm5 charges": [-0.24143070646370574, 0.11721599141663869, -0.24087967217230144, -0.539185576277925, 0.11517593904684595, -0.2413841681190475, -0.24217099856943977, 0.6101084894437632, -0.6053906913773615, -0.14890546833128945, -0.05547983092724566, 0.06431671296668864, -0.008822360688542582, -0.09928033259623258, -0.11442441340426489, 0.08862159708651003, 0.1023414192574296, 0.08409927766920802, 0.09627335847724033, 0.10198686218456471, 0.08415938006656742, 0.0886191085964537, 0.09943907365523122, 0.09036761945657915, 0.09860204716644622, 0.08556485949640906, 0.09732408002729029, 0.08911643672804083, 0.08743613430449665, 0.11042518732410758, 0.11719864819870733, 0.10896070091442965], "FUKUI+": [0.010435227814606141, 0.007259088741575426, 0.009999999999999998, -0.03861136688763686, 0.0053522781460614306, 0.01030568344381843, 0.01030568344381843, -0.011259088741575426, -0.07235227814606143, -0.21458525165727643, 0.030953405297756996, -0.05486021589327099, -0.051906810595514, -0.13821249403933242, -0.12429544370787715, -0.0017772662247262827, -0.012010239735941291, -0.021823860926969283, -0.012989760264058708, -0.009398872848304433, -0.023564772185393858, -0.01030568344381843, -0.008927290067396579, -0.009481822516849144, -0.012471582780907852, -0.021481822516849144, -0.010860215893270995, -0.01431592317975972, -0.011036354966301709, -0.057657961589879854, -0.05869431655618157, -0.08203635496630171], "FUKUI-": [0.007435227814606142, 0.004305683443818429, 0.009176139073030715, -0.07064772185393857, 0.0055647721853938565, 0.008564772185393857, 0.009435227814606142, 0.020176139073030716, -0.056999999999999995, -0.23710342914042729, 0.04043522781460614, -0.011, -0.008259088741575427, -0.14022273377527372, -0.12208294966854472, -0.014036354966301711, -0.024528417219092144, -0.03177726622472628, -0.025601127151695567, -0.021176139073030713, -0.03438863311236314, -0.021129544370787713, -0.020269328477516717, -0.018046594702243, -0.024906810595513994, -0.026787505960667573, -0.024165899337089423, -0.02344546755054743, -0.017647721853938567, -0.04287045562921228, -0.04543522781460614, -0.045129544370787714], "FUKUIrad": [0.009435227814606142, 0.0055647721853938565, 0.009305683443818429, -0.054694316556181566, 0.005176139073030715, 0.009435227814606142, 0.009870455629212285, 0.004740911258424572, -0.06461136688763686, -0.22584434039885184, 0.03569431655618157, -0.03264772185393856, -0.03008294966854471, -0.139, -0.12347158278090786, -0.007906810595513996, -0.01826932847751672, -0.02651817748315085, -0.019295443707877138, -0.015222733775273715, -0.028694316556181567, -0.015435227814606142, -0.014880695365153577, -0.013481822516849144, -0.018906810595513995, -0.024352278146061432, -0.017295443707877136, -0.018880695365153577, -0.014342038410120139, -0.050046594702243, -0.05199999999999999, -0.06308294966854472], "s proportion": [1.0158704556292122, 1.0317409112584246, 1.0153056834438183, 1.4588704556292122, 1.0326943165561815, 1.0156943165561814, 1.0161295443707874, 0.9983056834438184, 1.729435227814606, 1.9241295443707878, 1.0368704556292123, 1.0896943165561814, 1.058, 1.9409999999999998, 1.9469999999999998, 0.9657772662247261, 0.9523988728483044, 0.9689534052977569, 0.9746477218539384, 0.9537045562921227, 0.9676477218539385, 0.96534203841012, 0.9723522781460614, 0.9633522781460613, 0.9557306715224831, 0.9676113668876367, 0.9570363549663016, 0.9633522781460613, 0.9667409112584244, 0.9490465947022428, 0.9425647721853937, 0.94934203841012], "p proportion": [3.083435227814606, 2.835352278146061, 3.082, 3.842082949668545, 2.8370829496685444, 3.082564772185394, 3.083, 2.4996943165561816, 4.8242590887415755, 4.191481822516849, 2.9355647721853937, 2.836917050331455, 2.9013886331123633, 5.161046594702243, 5.174352278146062, 0.0, 0.0, 0.0, 0.0, 0.0, 0.0, 0.0, 0.0, 0.0, 0.0, 0.0, 0.0, 0.0, 0.0, 0.0, 0.0, 0.0], "d proportion": [0.0, 0.0, 0.0, 0.0, 0.0, 0.0, 0.0, 0.0, 0.0, 0.0015647721853938568, 0.0, 0.0, 0.0, -0.006999999999999999, -0.008564772185393857, 0.0, 0.0, 0.0, 0.0, 0.0, 0.0, 0.0, 0.0, 0.0, 0.0, 0.0, 0.0, 0.0, 0.0, 0.0, 0.0, 0.0], "Coordination numbers": [3.749435227814606, 3.7846943165561813, 3.7495647721853937, 2.7535647721853937, 3.7847409112584245, 3.75, 3.7495647721853937, 2.745435227814606, 0.8848704556292123, 2.0450829496685445, 3.820870455629212, 2.922036354966301, 2.8502954437078767, 0.9248704556292122, 0.9670363549663016, 0.9239999999999999, 0.9239999999999999, 0.9239999999999999, 0.9239999999999999, 0.9239999999999999, 0.9239999999999999, 0.9239999999999999, 0.9239999999999999, 0.9239999999999999, 0.9239999999999999, 0.9239999999999999, 0.9239999999999999, 0.9239999999999999, 0.9239999999999999, 0.9239999999999999, 0.9239999999999999, 0.925], "Dispersion coefficient C6": [22.66164772185394, 19.76597285298862, 22.67204659470224, 23.667560168207928, 19.79921352582035, 22.67851817748315, 22.670896570859572, 21.95482386092697, 22.39392268608993, 147.73631489139873, 20.603812589410012, 26.236678441061763, 27.356305683443818, 103.09724321324715, 103.47040450860678, 2.4318192569495056, 2.256978488747103, 2.4342852039719354, 2.2651203364158605, 2.277221701994259, 2.3964669788034443, 2.4305601682079305, 2.231211462258318, 2.412652325831402, 2.2747987774776233, 2.4065386569550333, 2.2988192569495056, 2.3989375298033377, 2.424947769539279, 1.9475181774831507, 1.9514193523201868, 1.8710988251629637], "Polarizability alpha": [6.7891295443707875, 6.332538656955033, 6.790870455629212, 7.225601127151695, 6.338202254303391, 6.791564772185394, 6.790823860926968, 7.672564772185394, 6.345212494039332, 20.45752841721909, 6.459880695365154, 8.399917050331455, 8.572564772185395, 15.533740911258423, 15.561823860926967, 2.43819201456745, 2.3490773139100667, 2.4398602158932707, 2.3533840291348995, 2.359134148348251, 2.421015875494419, 2.4380624701966624, 2.3353466423875835, 2.428761390730307, 2.358311319202296, 2.4257045562921222, 2.3707567867528434, 2.4221863788089717, 2.434973884769639, 2.182259088741575, 2.184232973511215, 2.138590887415754], "FOD": [0.0, 0.0, 0.0, 0.0, 0.0, 0.0, 0.0, 0.0, 0.0, 0.0, 0.0, 0.0, 0.0, 0.0, 0.0, 0.0, 0.0, 0.0, 0.0, 0.0, 0.0, 0.0, 0.0, 0.0, 0.0, 0.0, 0.0, 0.0, 0.0, 0.0, 0.0, 0.0], "FOD s proportion": [0.0, 0.0, 0.0, 0.0, 0.0, 0.0, 0.0, 0.0, 0.0, 0.0, 0.0, 0.0, 0.0, 0.0, 0.0, 0.0, 0.0, 0.0, 0.0, 0.0, 0.0, 0.0, 0.0, 0.0, 0.0, 0.0, 0.0, 0.0, 0.0, 0.0, 0.0, 0.0],