{"dipole": [0.08092910492889824, -0.01627183757954706, 0.45588685849016714], "partial charges": [-0.10274582752210656, -0.013982805076571478, -0.10337709801766297, -0.032260683521900826, -0.060669768776641736, -0.06140661756347012, -0.01443771449792763, -0.10446983602192322, -0.06776896392882228, 0.11663289261469094, -0.4524814076688168, 0.03301947122458367, 0.03190124820931599, 0.03193744815981232, 0.03994204271176752, 0.03347212602863509, 0.02986094182046338, 0.03257197048257215, 0.041017355393884805, 0.034755864416369756, 0.032283933576393, 0.031017027645869368, 0.030807075663947033, 0.030242149201609322, 0.03317888524738989, 0.034337922121367395, 0.03323700562256828, 0.03292580519066256, 0.03830359638781701, 0.00945464258267473, 0.28270131671951204], "mulliken charges": [-0.09210762467000656, -0.002409006613207102, -0.09312042106379446, -0.03718668444987104, -0.053216744652017325, -0.053020494186607155, -0.007046265748153512, -0.08908242593543686, -0.07066048061808815, 0.21705522203174188, -0.5695586755617947, 0.02889697938896402, 0.02941663046976673, 0.026845657713924727, 0.03109718394355872, 0.027067872985059957, 0.028229005960153625, 0.02918416955162459, 0.031884086499337126, 0.027966405952988625, 0.025007436852567136, 0.02491569472380255, 0.026303762691481335, 0.020843371369013864, 0.028600868555257612, 0.02965064448746646, 0.028856904564286842, 0.030005451356284102, 0.03363478796628852, 0.007378886140447739, 0.3345699918942104], "cm5 charges": [-0.24078878109326976, -0.07391561298859005, -0.2418522990999602, -0.0998860591813552, -0.16083059104084588, -0.1607562012162363, -0.07843920816666013, -0.237391647211658, -0.17367314375672926, 0.1721130009971345, -0.7812872667675611, 0.08127010035177486, 0.08110143865142931, 0.07875808348676741, 0.09264619884919117, 0.07925739153147686, 0.08035517038602744, 0.08067220627849375, 0.09404825011491769, 0.0844353314740096, 0.08131500136046783, 0.0805199502400473, 0.08156054961588177, 0.08028888693008264, 0.08008264194562471, 0.0812643379289489, 0.08042068910909693, 0.08770081808252286, 0.09152106373095636, 0.07512776391031031, 0.5043772680063092], "FUKUI+": [0.01910087959024843, -0.020950569230331888, 0.01890248488401682, -0.028749988752207134, 0.0019565819993249602, 0.012257918898695477, -0.010185473597966366, 0.011924783235540394, 0.003306943367267911, -0.02600731464036786, -0.07874231236272188, -0.024207417958263127, -0.035350354049245566, -0.036405135606885144, -0.03254592838870506, -0.031637430735695166, -0.022654361199436087, -0.04633113224963769, -0.059529822196916236, -0.048353957103625556, -0.04668762955557638, -0.04832193004605769, -0.054022470423567864, -0.04346174068208281, -0.04676420006208643, -0.03681334038096414, -0.03676774392709335, -0.05410494560665632, -0.05358363138987483, -0.06584932789096605, -0.07916015056520277], "FUKUI-": [0.016457608157604473, -0.0073310657415672185, 0.018396964452141566, -0.011821668970357208, 0.005479148745246408, 0.004915753104004686, -0.007763439330570731, 0.015357858366686537, 0.0014722550433690215, -0.0018650869710322487, -0.08233078513791507, -0.034172601831935934, -0.04195503126150401, -0.051566924868853864, -0.06361308940953317, -0.04487645734147654, -0.03431762248190102, -0.05112257761253987, -0.039841311708455555, -0.041260928942540714, -0.05556607617839319, -0.04503593128826291, -0.05948114187243238, -0.03944640985920447, -0.04428788632100692, -0.04316258955460544, -0.039345355229277706, -0.052901674810266315, -0.05711882009114445, -0.06833213635152466, -0.04444132989377137], "FUKUIrad": [0.01797286026315807, -0.013968910097055458, 0.018325466592367216, -0.020332434121012453, 0.0035616801500738685, 0.008660489818734435, -0.009261283372960725, 0.01383493719034508, 0.0026298208542803606, -0.013783850118882172, -0.0803180361016941, -0.029190009895099532, -0.03877799478453859, -0.043986030237869504, -0.04812611415884939, -0.037975456687210224, -0.028245770191706657, -0.04892047132032038, -0.04968556695268591, -0.044807443023083135, -0.05100155073782097, -0.04663766496474658, -0.05638628236987442, -0.04143236627030612, -0.0452392162828545, -0.04003457022751507, -0.03788998174660799, -0.053702266155009476, -0.054933757145337096, -0.06713733738097565, -0.061842005931900805], "s proportion": [1.012788509145825, 1.0570497925187858, 1.0135736538173845, 1.0694464098592047, 1.0333047013736358, 1.0338242580757122, 1.0529923309292122, 1.0121757419242883, 1.0416000181853158, 1.0200000000000002, 1.6980000000000004, 0.9708633714798646, 0.9705348948436521, 0.973259213451373, 0.9690719261169624, 0.9728285626722346, 0.9719412438577494, 0.9709833007976766, 0.9682709558572661, 0.9720689087544196, 0.9749371113332711, 0.9748038472874008, 0.9735195567020763, 0.9790271324181445, 0.9711399929944009, 0.9704804432979239, 0.9712582733291155, 0.9701863472121535, 0.966055398986683, 0.9926485161514241, 0.6654370252972489], "p proportion": [3.079459678079193, 2.94548982785988, 3.0795326528500206, 2.9672907316115054, 3.019637482606371, 3.0190000000000006, 2.9543284766362126, 3.0764446943680372, 3.0292675840643035, 2.763093210519461, 4.871268952443749, 0.0, 0.0, 0.0, 0.0, 0.0, 0.0, 0.0, 0.0, 0.0, 0.0, 0.0, 0.0, 0.0, 0.0, 0.0, 0.0, 0.0, 0.0, 0.0, 0.0], "d proportion": [0.0, 0.0, 0.0, 0.0, 0.0, 0.0, 0.0, 0.0, 0.0, 0.0, 0.0, 0.0, 0.0, 0.0, 0.0, 0.0, 0.0, 0.0, 0.0, 0.0, 0.0, 0.0, 0.0, 0.0, 0.0, 0.0, 0.0, 0.0, 0.0, 0.0, 0.0], "Coordination numbers": [3.7511757419242886, 3.8454804432979244, 3.7511757419242886, 3.8473047013736363, 3.8018242580757127, 3.8040000000000003, 3.8518242580757125, 3.7528242580757127, 3.8043438147777886, 3.725387232778464, 1.653, 0.9240000000000003, 0.9240000000000003, 0.9240000000000003, 0.9235195567020765, 0.9240000000000003, 0.9240000000000003, 0.9240000000000003, 0.9230000000000003, 0.9240000000000003, 0.9240000000000003, 0.9240000000000003, 0.9240000000000003, 0.9231757419242883, 0.9240000000000003, 0.9240000000000003, 0.9240000000000003, 0.923656185222212, 0.9235195567020765, 0.9240000000000003, 0.8040000000000002], "Dispersion coefficient C6": [22.524615952744256, 20.793414495245116, 22.536492017543644, 21.116012980495718, 21.666247385548957, 21.677144408650975, 20.79736459716236, 22.555510245966893, 21.79487583063907, 18.770593650985905, 21.895761571461637, 2.5440754304208486, 2.5597853225441214, 2.55941593303424, 2.4532950661200843, 2.5380398608817027, 2.5888911723195167, 2.5507265248862527, 2.4370986026251518, 2.5207541791486543, 2.5545460451832467, 2.5722518083236197, 2.575306344421465, 2.585180560609879, 2.5419137051385094, 2.5257868009733553, 2.541424076736817, 2.5517658660127713, 2.472989407633451, 2.8993696672806504, 0.7754292897183905], "Polarizability alpha": [6.7681891925026525, 6.486139638563982, 6.769814171971615, 6.536149163460775, 6.627171430009069, 6.628325112161948, 6.48634983486548, 6.77253023581671, 6.6461028683663725, 6.186007669070788, 6.3169545785858086, 2.4940572719125007, 2.501924752881764, 2.5017079665171202, 2.4484236808541016, 2.4911918378297453, 2.5160590006576338, 2.497775391480983, 2.440914825090702, 2.482945403834395, 2.499444929980518, 2.5081476131621474, 2.509653172210733, 2.51366027680214, 2.4933277159046967, 2.4855923564332256, 2.4931241674062647, 2.4964469426699316, 2.4589353864341583, 2.662790579067413, 1.3835148311670633], "FOD": [0.0, 0.0, 0.0, 0.0, 0.0, 0.0, 0.0, 0.0, 0.0, 0.0, 0.0, 0.0, 0.0, 0.0, 0.0, 0.0, 0.0, 0.0, 0.0, 0.0, 0.0, 0.0, 0.0, 0.0, 0.0, 0.0, 0.0, 0.0, 0.0, 0.0, 0.0], "FOD s proportion": [0.0, 0.0, 0.0, 0.0, 0.0, 0.0, 0.0, 0.0, 0.0, 0.0, 0.0, 0.0, 0.0, 0.0, 0.0, 0.0, 0.0, 0.0, 0.0, 0.0, 0.0, 0.0, 0.0, 0.0, 0.0, 0.0, 0.0, 0.0, 0.0, 0.0, 0.0], "FOD p proportion": [0.0, 0.0, 0.0, 0.0, 0.0, 0.0, 0.0, 0.0, 0.0, 0.0, 0.0, 0.0, 0.0, 0.0, 0.0, 0.0, 0.0, 0.0, 0.0, 0.0, 0.0, 0.0, 0.0, 0.0, 0.0, 0.0, 0.0, 0.0, 0.0, 0.0, 0.0], "FOD d proportion": [0.0, 0.0, 0.0, 0.0, 0.0, 0.0, 0.0, 0.0, 0.0, 0.0, 0.0, 0.0, 0.0, 0.0, 0.0, 0.0, 0.0, 0.0, 0.0, 0.0, 0.0, 0.0, 0.0, 0.0, 0.0, 0.0, 0.0, 0.0, 0.0, 0.0, 0.0],