{"dipole": [0.043693919806264914, 0.5687722534343025, 0.13533317624455538], "partial charges": [-0.3798632254215658, 0.1569550338718465, -0.06698304705586335, -0.020413458931235987, -0.01633087753926689, 0.19919747721607994, -0.34698420114211437, -0.021539609190547863, -0.049088825443571724, 0.3057926354472148, 0.038778074591895494, 0.058640660810301184, 0.020784639322210374, 0.05954045794090138, 0.061514261041900914], "mulliken charges": [-0.5084535001525109, 0.27323240907704444, -0.0930026005490392, 0.00010487085983369119, -0.05529655455377332, 0.3741834454462266, -0.48897977307388835, -0.006862798121469261, -0.06260879951196516, 0.357393863844333, 0.039836409687088, 0.050171769853261855, 0.014617336643701805, 0.04902411202315139, 0.05662532671259639], "cm5 charges": [-0.7056517637528266, 0.28489033633868, -0.14482500962608363, -0.05171532871313583, -0.0632255181845911, 0.36138689089245335, -0.5422818458122527, -0.05875708036390863, -0.11257294498869402, 0.528234200183013, 0.0977219278716791, 0.10811067067682062, 0.07695078208992848, 0.10667383849173037, 0.11505084489718749], "FUKUI+": [-0.0655518184591107, -0.068, -0.022551818459110695, -0.03679272616355721, -0.048, -0.063, -0.19944818154088928, -0.03620727383644279, -0.025, -0.044, -0.072, -0.06658545232711441, -0.11199999999999999, -0.0668627292137749, -0.07399999999999998], "FUKUI-": [-0.1165518184591107, -0.043, -0.0334481815408893, -0.022, -0.0635518184591107, -0.012551818459110697, -0.198, -0.019999999999999997, -0.0411036369182214, -0.05399999999999999, -0.06955181845911071, -0.05903363386800371, -0.1304481815408893, -0.05996636613199628, -0.0738963630817786], "FUKUIrad": [-0.091, -0.0555518184591107, -0.027999999999999997, -0.029896363081778603, -0.055999999999999994, -0.03799999999999999, -0.199, -0.028103636918221396, -0.033, -0.049, -0.07099999999999998, -0.0625854523271144, -0.1214481815408893, -0.06341454767288558, -0.07399999999999998], "s proportion": [1.6919999999999997, 1.0229999999999997, 1.0611036369182214, 1.0685518184591107, 1.083, 1.044, 1.7359999999999998, 1.0704481815408893, 1.057344544622668, 0.6424481815408893, 0.9598963630817785, 0.9498599938995644, 0.9854481815408893, 0.9511400061004353, 0.9431036369182213], "p proportion": [4.817, 2.7039999999999997, 3.032, 2.931100901604011, 2.9725518184591104, 2.581448181540889, 4.752551818459111, 2.9368990983959886, 3.005, 0.0, 0.0, 0.0, 0.0, 0.0, 0.0], "d proportion": [0.0, 0.0, 0.0, 0.0, 0.0, 0.0, 0.0, 0.0, 0.0, 0.0, 0.0, 0.0, 0.0, 0.0, 0.0], "Coordination numbers": [1.659, 2.843, 2.9109999999999996, 2.9159999999999995, 2.966, 2.766, 0.8559999999999999, 2.9159999999999995, 2.9125518184591104, 0.804, 0.925, 0.925, 0.923, 0.925, 0.925], "Dispersion coefficient C6": [20.462621821509327, 24.598655455377333, 29.667792726163558, 28.51707354846191, 28.415, 23.756999999999998, 20.650347279936874, 28.54392645153809, 29.218966366131994, 0.7038963630817785, 2.465134535472014, 2.2206281022352297, 2.7217227231133396, 2.209405531632774, 2.1815545537733207], "Polarizability alpha": [6.10655181845911, 8.128, 8.931448181540887, 8.756960895503575, 8.744, 7.981999999999999, 6.092207273836443, 8.761039104496422, 8.863551818459111, 1.3178963630817786, 2.4550672677360073, 2.3292272311333955, 2.580137270786225, 2.3231173134892726, 2.309829095345771], "FOD": [0.0, 0.0, 0.0, 0.0, 0.0, 0.0, 0.0, 0.0, 0.0, 0.0, 0.0, 0.0, 0.0, 0.0, 0.0], "FOD s proportion": [0.0, 0.0, 0.0, 0.0, 0.0, 0.0, 0.0, 0.0, 0.0, 0.0, 0.0, 0.0, 0.0, 0.0, 0.0], "FOD p proportion": [0.0, 0.0, 0.0, 0.0, 0.0, 0.0, 0.0, 0.0, 0.0, 0.0, 0.0, 0.0, 0.0, 0.0, 0.0], "FOD d proportion": [0.0, 0.0, 0.0, 0.0, 0.0, 0.0, 0.0, 0.0, 0.0, 0.0, 0.0, 0.0, 0.0, 0.0, 0.0], "total energy": -26.14559215266355, "HOMO-LUMO gap/eV": 2.9797422815432606, "electronic energy": -26.5011439587268, "Dipole module/D": 4.055790495925059, "Total charge": 0.0, "HOMO": -10.848565819069155, "LUMO": -7.8687932732264, "Fermi-level/eV": -9.358679546147776, "Total dispersion C6": 2932.590527283519, "Total dispersion C8": 71360.92804632218, "Total polarizability alpha": 85.68173607850412, "Total FOD": 0.0}