{"dipole": [-0.24336326910528805, 0.1971317172341918, -0.1732069860609014], "partial charges": [-0.11189502481381575, 0.04329524376699965, -0.06948628609663218, -0.004395822413121602, -0.03884572647745775, -0.038496405489474035, -0.034036169984954, -0.05011513322670306, 0.04654197519632621, -0.06893212345456633, -0.11596185281521273, 0.26639627638795993, -0.3978243389376747, -0.009982747513269722, -0.013134206516160348, -0.03431654496126595, 0.10025785137186378, -0.11771592624562445, -0.09643028015865311, -0.03137729716548667, 1.138806538418694, -0.45327701653827585, -0.5759398563869971, -0.573980978386779, 0.047413342592419715, 0.051033720354073685, 0.05184976513865129, 0.021391191590768997, 0.0507166271736502, 0.05256913736831533, 0.03494927324466333, 0.033380134951265246, 0.03594241028517846, 0.03010153831353428, 0.16370771612883286, 0.0915945064141234, 0.08386684408840152, 0.07931793606500613, 0.20641813345967572, 0.20659356208229046], "mulliken charges": [-0.09337558499907447, 0.11050179818963687, -0.05993416646066174, -0.020549911498578318, -0.036162241908706476, -0.03976063841006867, -0.028472280026763833, -0.061189650799078725, 0.11025339168807936, -0.16366332188045335, -0.22123278144578415, 0.4647055618240599, -0.5358090062954461, -0.03881348723320764, 0.007872833710773618, -0.045167789145894685, 0.11422580996476803, -0.05235135859764337, 0.0475675579508321, -0.018379538479478433, 0.5234467374489352, -0.3917708680381333, -0.4058778307760209, -0.4033687639592236, 0.03315268901866849, 0.04620308096131485, 0.03754064000245725, 0.021992893046843636, 0.03995195135943823, 0.04165905200876838, 0.03275600792375875, 0.031053904293878533, 0.0328388137482684, 0.03457471784862271, 0.22358692509910316, 0.06717968835939832, 0.053383663830037446, 0.06468885943246985, 0.23792742915515622, 0.23881980857482285], "cm5 charges": [-0.23452252848046462, 0.10420011937969059, -0.15473275940440606, -0.025593098866689236, -0.08888789963471157, -0.0947295862508787, -0.08331513445184106, -0.10849148726135786, 0.17052385403333553, -0.3383945911980176, -0.5048348415468222, 0.5662164727487936, -0.576708336577384, -0.03927023842827121, -0.04265968813733247, -0.0964867021721678, 0.11228138883344346, -0.05139761580753206, 0.06114001084900584, -0.06391035827828137, 0.638215494113626, -0.8188470558819456, -0.45550900765763774, -0.45234291192940296, 0.08622028598130675, 0.10212822935047121, 0.09121016478745514, 0.09268947869086745, 0.0962111062835012, 0.09819578425624896, 0.08886645125515451, 0.08633816548928787, 0.08815449054192646, 0.09470144593536199, 0.42834644305580893, 0.12664149640178735, 0.10986275264390992, 0.13030690303393094, 0.42861015351875714, 0.4295598854427585], "FUKUI+": [0.008, 0.0030003248052331145, 0.006, -0.01787609544256129, -0.012076479475054275, -0.01490250062970865, -0.012920979661164369, -0.006634170026293923, -0.0034155146856477575, -0.0025833371529247707, -0.03327419414371166, -0.027184476092858983, -0.08650763893652623, -0.04641799635227032, -0.03906311621067231, -0.01686767908444964, -0.0523986658080059, -0.118725343449682, -0.027546385014072455, -0.01390278947058576, -0.04617556664721734, 0.0019824448069319404, -0.02436549824135021, -0.024960890649272434, -0.014739075293186051, 0.0024362617133444754, -0.012915977158528175, -0.00768652572254404, -0.021133560290370935, -0.02068647723755854, -0.029171654847348218, -0.030690877551391965, -0.024756991674509156, -0.005798243722659158, -0.022857189577207015, -0.05690670713018801, -0.05636259666795184, -0.04418542758797807, -0.021586794942772283, -0.021901648474374615], "FUKUI-": [0.012701532094691955, 0.008823704132440957, 0.012525885837599142, -0.03316571295149808, -0.012968397188701965, -0.037134434945433156, -0.022845900345719847, -0.016319812605778233, -0.014595015262037235, -0.09793150437998527, -0.012019526128614363, -0.006589019093453831, -0.048935046036110756, -0.003978443597528428, -0.0065219364167597915, -0.009573678116413891, -0.006678944571561063, -0.0893456939474933, -0.0059761788453510465, -0.003083669316185249, -0.023631757108488357, -0.01849550408898554, -0.01820823137775689, -0.020520436269819132, -0.02614605449329625, -0.02062776699409301, -0.023738760560225, -0.051608378577712104, -0.05095909726352979, -0.05123475125309233, -0.04582834515265179, -0.05262855293567691, -0.04771653846683987, -0.035670196293678916, -0.03213717840989692, -0.01797393358913005, -0.024627477140990818, -0.0055785168675818045, -0.019540987381905586, -0.0191469095171012], "FUKUIrad": [0.009912014468837039, 0.005912014468837037, 0.008824028937674071, -0.025687484476461978, -0.012943617280135069, -0.026046017367927842, -0.017865997100909196, -0.011017555193068058, -0.009072695090272287, -0.05049708414145152, -0.02290032515846895, -0.016950807121266048, -0.06797664486434749, -0.02499567398536337, -0.023044175470950175, -0.0129618139767348, -0.029535210269217998, -0.10451117730393429, -0.016554440939805383, -0.008059523356303182, -0.034905661636192443, -0.008440686752202357, -0.0213559698790898, -0.022331536000578658, -0.020255137666733224, -0.009177263259164757, -0.018074131946739406, -0.029253822782228052, -0.03579973256796572, -0.035697466513703355, -0.037965047282489034, -0.041934210682115926, -0.036473205336115914, -0.020808573460726034, -0.02756972158103715, -0.03733959141224137, -0.04051415476011071, -0.024898119505245425, -0.02030913429238899, -0.020790884513383543], "s proportion": [1.0131759710623256, 1.048010365351937, 1.033157649658333, 1.082189577274864, 1.056111806685812, 1.0581759710623257, 1.0605866776997883, 1.0552639565934887, 1.056855631748972, 1.4751208118082737, 1.40890090029734, 0.9907413750267887, 1.7280179965987597, 1.0929824448069319, 1.0718789108714746, 1.0679309773763617, 1.0859687219939351, 1.9440169561187508, 1.078033912237502, 1.0740339122375024, 1.704017555193068, 1.4611486924231443, 1.721601498787742, 1.721405691053389, 0.967047986022818, 0.9535100400725306, 0.9622953463232591, 0.9782747682807891, 0.9597547542246189, 0.9583274994199706, 0.967457764485399, 0.968893693064844, 0.967274604209666, 0.9655605143776009, 0.7764746641897036, 0.9326654001908533, 0.9467114490946066, 0.9353327206255376, 0.7619292517689936, 0.7611000694323595], "p proportion": [3.0798553069437395, 2.8415381187697393, 3.0265279131869773, 2.938460338821337, 2.979587002505021, 2.9815104729341275, 2.9675594659024354, 3.0057894773296736, 2.833239985029013, 3.6887252541687436, 3.8121617233093956, 2.5446892277570976, 4.80763176863403, 2.9459640809737246, 2.9203030712859643, 2.9771287628045626, 2.800007399406953, 5.119252387233184, 2.8738958669902255, 2.944194727275458, 2.8070175551930676, 3.929973298161089, 4.68379566115432, 4.681993944853443, 0.0, 0.0, 0.0, 0.0, 0.0, 0.0, 0.0, 0.0, 0.0, 0.0, 0.0, 0.0, 0.0, 0.0, 0.0, 0.0], "d proportion": [0.0, 0.0, 0.0, 0.0, 0.0, 0.0, 0.0, 0.0, 0.0, 0.0, 0.0, 0.0, 0.0, 0.0, 0.0, 0.0, 0.0, -0.011035110386136117, 0.0, 0.0, 0.9659160564147307, 0.0, 0.0, 0.0, 0.0, 0.0, 0.0, 0.0, 0.0, 0.0, 0.0, 0.0, 0.0, 0.0, 0.0, 0.0, 0.0, 0.0, 0.0, 0.0], "Coordination numbers": [3.7510000000000003, 3.872288364327622, 3.832513338861172, 3.018327718561995, 2.9080879855311625, 2.9159999999999995, 2.913087985531162, 2.9110563827198646, 2.9982734762947394, 2.8162080578527915, 2.7663154142244, 2.7563422928877994, 0.8579999999999999, 2.9655544409398056, 2.9148619547527232, 2.9619818457326152, 2.9062100632425, 0.9681053311584082, 2.9770005990743162, 2.9608930292872655, 3.700170679070601, 2.6319999999999997, 0.86, 0.86, 0.9239999999999999, 0.9239999999999999, 0.9239999999999999, 0.923, 0.9239999999999999, 0.9239999999999999, 0.9249999999999999, 0.9249999999999999, 0.9249999999999999, 0.9249999999999999, 0.86, 0.9249999999999999, 0.9249999999999999, 0.9249830438812489, 0.8629999999999999, 0.8629999999999999],