{"dipole": [-0.3790725849500731, -0.28653856672102324, -0.20585191276925724], "partial charges": [-0.10401322754951578, -0.00971752927279273, -0.10465582118285068, -0.0623057473133523, -0.06719357149207406, 0.07997186806896701, -0.4456972594692986, 0.03338092758627862, 0.03266440810386346, 0.031809538190862734, 0.029057392981213712, 0.032608515762101685, 0.03416689902572687, 0.03352474031174481, 0.03441846618418882, 0.03337491449130241, 0.04066894383014683, 0.032908276705369985, 0.038681096735571505, 0.021183807473723552, 0.28516336412566184], "mulliken charges": [-0.09146539757517054, 0.00020170907470175265, -0.09126506267056839, -0.052737428048500526, -0.06754782876907205, 0.19642273927999304, -0.565159959446593, 0.028112344792913805, 0.028951209499765814, 0.027934137190190885, 0.02031107995115935, 0.029268190673829846, 0.029153484870349237, 0.02832435635822461, 0.02674625786514389, 0.02477141949605771, 0.03212807738312621, 0.024518637736520063, 0.025309212803678365, 0.012340760955998413, 0.33368155686999906], "cm5 charges": [-0.2399486860865293, -0.07422007354344562, -0.2397446021325943, -0.16071823274733674, -0.17594178125902293, 0.1092907951081603, -0.7795984807454084, 0.07995511130533366, 0.08043332167397335, 0.07960352251289365, 0.07861198618714184, 0.0808213514861789, 0.0807981278056657, 0.08007610737485156, 0.08348744388338522, 0.0811961267443734, 0.08901222464675673, 0.0813324140781249, 0.08791876760103993, 0.07472294543559786, 0.5029137068209011], "FUKUI+": [0.020974714280284933, -0.0301793124515317, 0.018762223518236774, -0.02917443467089811, -0.0010334070403190208, -0.01227764906006662, -0.10995809645763134, -0.04129566784827321, -0.05282620290505591, -0.04434592999447223, -0.05430875823124322, -0.043733848583522805, -0.053471512379982676, -0.05037989894570117, -0.054405032769446034, -0.05639813669808862, -0.06962980042554012, -0.06829955244520798, -0.08593932063189047, -0.08245770037124436, -0.09890040391797822], "FUKUI-": [0.022604949617365058, -0.012657112609597463, 0.020062014099277714, 0.002810213388981107, 0.0019586254676136274, 0.012138769690784219, -0.12768612742853278, -0.06239144306230838, -0.06878465393110023, -0.05588592061177262, -0.09744216798702592, -0.052504209478510304, -0.06812734577024858, -0.06858140109997299, -0.0524569488353029, -0.058412800252437606, -0.05698415982480108, -0.053557664589270595, -0.07674434015217801, -0.09456305918706308, -0.05258807690463235], "FUKUIrad": [0.021736441465839734, -0.02147544556946663, 0.01920346336960167, -0.013465951129587076, 0.00020363704058912923, 0.00028030777353865645, -0.11873507673720879, -0.05148160510042322, -0.06074182781418572, -0.05000297830830328, -0.07570853490319229, -0.04802954454790673, -0.060828560110395606, -0.05962162765127802, -0.05341697241143334, -0.057374260738081675, -0.0633839300324635, -0.061011533739540234, -0.08128503758209302, -0.08863005793804343, -0.07568319626157313], "s proportion": [1.0124152830959072, 1.0526179245644505, 1.012484836675551, 1.0358279635607972, 1.0375573075201563, 0.9916464564583553, 1.6947931918451067, 0.9718014771630559, 0.9709972829033192, 0.9721883764904645, 0.9797832191209951, 0.9705883422183909, 0.9708762638779644, 0.9717847412396915, 0.9733392595530107, 0.9749735514876684, 0.9679330415203581, 0.975550942593709, 0.9745421991670246, 0.987468344713341, 0.666290552449779], "p proportion": [3.079091934573696, 2.947295368034267, 3.078728360417737, 3.0168028025406652, 3.0299446749050865, 2.811875523239145, 4.870175487300523, 0.0, 0.0, 0.0, 0.0, 0.0, 0.0, 0.0, 0.0, 0.0, 0.0, 0.0, 0.0, 0.0, 0.0], "d proportion": [0.0, 0.0, 0.0, 0.0, 0.0, 0.0, 0.0, 0.0, 0.0, 0.0, 0.0, 0.0, 0.0, 0.0, 0.0, 0.0, 0.0, 0.0, 0.0, 0.0, 0.0], "Coordination numbers": [3.7523154028673655, 3.847736954877592, 3.7523849564470098, 3.801956457869381, 3.7982586293127407, 3.674156218326465, 1.653, 0.9239999999999999, 0.9239999999999999, 0.9239999999999999, 0.9239001197714583, 0.9239999999999999, 0.9239999999999999, 0.9239999999999999, 0.9239958577226062, 0.9239414500621761, 0.9239999999999999, 0.9239999999999999, 0.9239999999999999, 0.9239999999999999, 0.804], "Dispersion coefficient C6": [22.54726140234742, 20.717020684618074, 22.559546771693164, 21.696151055453036, 21.790125153105727, 19.46995828240476, 21.757299351729007, 2.539181260607383, 2.549086710620111, 2.5611519009550543, 2.6002520587253124, 2.5497357912546175, 2.5282260203808673, 2.5372281047764758, 2.525366575050245, 2.5412035171719514, 2.4426178787752018, 2.546740600259547, 2.4741258723768307, 2.7206064562187016, 0.7675150334048126], "Polarizability alpha": [6.771415546130811, 6.474124150441273, 6.773239214500333, 6.631501552810678, 6.646555226933613, 6.322983766146255, 6.296576721452029, 2.49184193965474, 2.4967713626041066, 2.502536124096502, 2.52170207264725, 2.4971304134162877, 2.4864160722893613, 2.490860552087955, 2.4850706354379803, 2.492610940968821, 2.443560788844135, 2.4955189357973477, 2.458221153691797, 2.5783202459648007, 1.3761191872786807], "FOD": [0.0, 0.0, 0.0, 0.0, 0.0, 0.0, 0.0, 0.0, 0.0, 0.0, 0.0, 0.0, 0.0, 0.0, 0.0, 0.0, 0.0, 0.0, 0.0, 0.0, 0.0], "FOD s proportion": [0.0, 0.0, 0.0, 0.0, 0.0, 0.0, 0.0, 0.0, 0.0, 0.0, 0.0, 0.0, 0.0, 0.0, 0.0, 0.0, 0.0, 0.0, 0.0, 0.0, 0.0], "FOD p proportion": [0.0, 0.0, 0.0, 0.0, 0.0, 0.0, 0.0, 0.0, 0.0, 0.0, 0.0, 0.0, 0.0, 0.0, 0.0, 0.0, 0.0, 0.0, 0.0, 0.0, 0.0], "FOD d proportion": [0.0, 0.0, 0.0, 0.0, 0.0, 0.0, 0.0, 0.0, 0.0, 0.0, 0.0, 0.0, 0.0, 0.0, 0.0, 0.0, 0.0, 0.0, 0.0, 0.0, 0.0], "total energy": -24.051039536634892, "HOMO-LUMO gap/eV": 12.069260404893186, "electronic energy": -24.349046852053966, "Dipole module/D": 1.9947040515075218, "Total charge": 0.0, "HOMO": -11.052375694298656, "LUMO": 1.0168451567751198, "Fermi-level/eV": -5.017770906645322, "Total dispersion C6": 2911.876173473987, "Total dispersion C8": 60084.57477096034, "Total polarizability alpha": 79.73367461741839, "Total FOD": 0.0}