{"dipole": [-0.402254632223081, 0.19799594732242978, -0.04031375613577131], "partial charges": [-0.10168207750949994, -0.052834321708987025, -0.06015777229495928, -0.06229960765338808, 0.03328553489110429, -0.21295561367404717, 0.03405943093820004, 0.0346039268566874, 0.03495992328571821, 0.03141182651576577, 0.03253393507052927, 0.03711758309990379, 0.03808930786163197, 0.04861543003371739, 0.04906288643447443, 0.05806323270832763, 0.058126384158554464], "mulliken charges": [-0.08390619035988671, -0.038649558047218445, -0.04712119656491813, -0.05249321849915375, 0.07151509508516972, -0.16617048367179188, 0.02879329731085314, 0.02876156819257175, 0.028508884735812222, 0.023466470385357287, 0.024536932055937107, 0.025897292408999278, 0.026532510737421494, 0.03269761705582417, 0.032724893526740566, 0.03242153015226685, 0.03248643524449607], "cm5 charges": [-0.23430135908348215, -0.15115462636252783, -0.15730929854317946, -0.16133385705024458, -0.03173300627985432, -0.17594313011712015, 0.07986372931726704, 0.07989602981009035, 0.07983973413239881, 0.07823262796379594, 0.07915596202611574, 0.08138952753921277, 0.08196297644039074, 0.08813883303854461, 0.08814495090177822, 0.08753766285974196, 0.08761143712567268], "FUKUI+": [0.013553135860697667, 0.008806643249121456, 0.015264064060695495, 0.03874377136575031, -0.04154679270447988, -0.45383717746261565, -0.019794584091592946, -0.018137720942144466, -0.011769242919004332, -0.01731082566904201, -0.02099407358621956, -0.024988589742790702, -0.030492283795330383, -0.07269248047362765, -0.0679239251814885, -0.14850076095070686, -0.1482379353462206], "FUKUI-": [0.020525602933155272, 0.007238847023869817, 0.012519416893230677, 0.016833927605690902, 0.034560997387292576, -0.30309884585817826, -0.07075754823142756, -0.06668492697060767, -0.07478727013692377, -0.09291129272873608, -0.09210931736753984, -0.05992485693709407, -0.06280310511006372, -0.05445981545132326, -0.04920215286859418, -0.08217605506745912, -0.08288918308702965], "FUKUIrad": [0.017007887897315197, 0.00807204588229215, 0.013853717331330345, 0.027845419418179505, -0.0032456779914907135, -0.37870134343437045, -0.04538761496149012, -0.04251719463463148, -0.043081363413024425, -0.055241154785695065, -0.056540224471318644, -0.04220382555111501, -0.046544458265529505, -0.06356715719834795, -0.058509446675535634, -0.11533204717285708, -0.11550788503900099], "s proportion": [1.0074619446238295, 1.027, 1.0321933246212167, 1.0349960964468272, 1.042626823339888, 1.9490000000000003, 0.971264315559977, 0.9713621461603198, 0.9713536753244368, 0.9764896584209598, 0.9753062293167473, 0.9738859527528021, 0.9734117652786506, 0.9672601820472395, 0.9670727572572264, 0.9676730158614408, 0.9675023272315213], "p proportion": [3.0765187084189134, 3.011523526129219, 3.0149318416060504, 3.017577622612917, 2.885766962889992, 5.233, 0.0, 0.0, 0.0, 0.0, 0.0, 0.0, 0.0, 0.0, 0.0, 0.0, 0.0], "d proportion": [0.0, 0.0, 0.0, 0.0, 0.0, -0.016000000000000004, 0.0, 0.0, 0.0, 0.0, 0.0, 0.0, 0.0, 0.0, 0.0, 0.0, 0.0], "Coordination numbers": [3.749690997389696, 3.7994937692153066, 3.801260812896268, 3.826342393747659, 3.713108541001642, 0.9156375532947414, 0.924, 0.924, 0.924, 0.924, 0.924, 0.924, 0.924, 0.924, 0.924, 0.924, 0.924], "Dispersion coefficient C6": [22.50613463452085, 21.524017886365534, 21.657012686325572, 21.67532213280555, 20.139217803589318, 105.85702970892461, 2.529601009341801, 2.5220608459567337, 2.517322409968663, 2.5667734411476983, 2.5509937165984744, 2.4888590443428735, 2.4759134999315755, 2.3382064113581316, 2.3322212775030717, 2.221762481083007, 2.221516008500694], "Polarizability alpha": [6.765841853730438, 6.605457254549917, 6.625765826248552, 6.62502662033544, 6.412245007872592, 15.7403365634736, 2.4872382566167173, 2.4837455556205663, 2.4810106476278375, 2.505554762117079, 2.4975438722089978, 2.467037410084204, 2.4604518206062482, 2.391170152893668, 2.388254634827073, 2.3312243223487834, 2.3307508880735974], "FOD": [0.0, 0.0, 0.0, 0.0, 0.0, 0.0, 0.0, 0.0, 0.0, 0.0, 0.0, 0.0, 0.0, 0.0, 0.0, 0.0, 0.0], "FOD s proportion": [0.0, 0.0, 0.0, 0.0, 0.0, 0.0, 0.0, 0.0, 0.0, 0.0, 0.0, 0.0, 0.0, 0.0, 0.0, 0.0, 0.0], "FOD p proportion": [0.0, 0.0, 0.0, 0.0, 0.0, 0.0, 0.0, 0.0, 0.0, 0.0, 0.0, 0.0, 0.0, 0.0, 0.0, 0.0, 0.0], "FOD d proportion": [0.0, 0.0, 0.0, 0.0, 0.0, 0.0, 0.0, 0.0, 0.0, 0.0, 0.0, 0.0, 0.0, 0.0, 0.0, 0.0, 0.0], "total energy": -20.870587368021322, "HOMO-LUMO gap/eV": 6.9629404652427525, "electronic energy": -21.10706895099243, "Dipole module/D": 2.3549859776293376, "Total charge": 0.0, "HOMO": -11.102780125449158, "LUMO": -4.139810674185652, "Fermi-level/eV": -7.621295399817405, "Total dispersion C6": 2555.9000661566947, "Total dispersion C8": 62731.810052494926, "Total polarizability alpha": 75.59802982804767, "Total FOD": 0.0}