{"dipole": [0.41511218432660896, 0.16932797249955484, -0.34752652624687524], "partial charges": [-0.03756804538139594, -0.19059483238832747, 0.3958109127723351, -0.45286081030351416, -0.305883220228651, 0.14146033841923655, -0.04031853183230357, -0.03146925502898817, -0.034671378257706206, -0.03553248420441061, 0.0013817141437545515, -0.00529725814802906, -0.09952160652782935, -0.09876613709005633, 0.06491465960660785, 0.06313410553499402, 0.064286576807605, 0.18226023484269868, 0.04785083895731972, 0.04042613952131303, 0.03843749140639133, 0.042325663941709835, 0.03634664374851735, 0.032881306951040246, 0.035577704587024986, 0.03588075921520783, 0.036591161074828855, 0.03520725213490766, 0.03771005267926516], "mulliken charges": [0.07225337779670538, -0.35099986212191614, 0.6497741746573015, -0.5655334721355991, -0.4332520515853126, 0.2443848836534365, -0.048499951592668795, -0.027113705411144825, -0.034153409507924545, -0.03652612154918569, -0.020208605588097745, 0.0063828427105779035, -0.08796361241501625, -0.08684427906147825, 0.04052467742759241, 0.04071045011179858, 0.0430627234315145, 0.2350072606594329, 0.048201726269278766, 0.03353267331398532, 0.03179249096404698, 0.03328291013110621, 0.028579980039657546, 0.030476254482739093, 0.028206291679297536, 0.029654821563998485, 0.03337318474313285, 0.028100091126358362, 0.03378832560851739], "cm5 charges": [-0.014040581157887002, -0.7111332420916974, 0.7710758613698547, -0.6058542648321741, -0.49509239011602557, 0.26322657256451276, -0.09823040338264472, -0.08228895593305337, -0.08943779094737435, -0.08966564306300222, -0.028507964791620342, -0.06006217952534932, -0.2350129101918133, -0.23363323097232655, 0.10301294407455641, 0.10326368431739735, 0.105946011336523, 0.43363423831809694, 0.10762325566110252, 0.08900065825265813, 0.08714315845673197, 0.08997761815664201, 0.09182259164909767, 0.08287879299404266, 0.08026404776415055, 0.08162374642270434, 0.08592507258658821, 0.08020926134882664, 0.08633873096426484], "FUKUI+": [0.021288414378592788, -0.043865243135778366, -0.036303387080759766, -0.07359572940733508, -0.046, -0.04182843927161396, -0.03960970467336745, -0.04840819854064745, -0.04345704459513092, -0.042171560728386036, -0.06227344167642581, 0.003576828757185575, 0.01427344167642581, 0.013201506132719995, -0.028915778129915568, -0.02839363969587853, -0.025875443420135938, -0.03257682875718558, -0.06955792810703607, -0.0792734416764258, -0.07900000000000001, -0.07676336218773859, -0.025595729407335087, -0.014352974769725229, -0.0190360931663248, -0.03268260926128432, -0.02268550385248127, -0.01700711680620191, -0.022336585655887625], "FUKUI-": [0.024, -0.07519046137853555, -0.0005618560550185971, -0.07045285830077691, -0.04383085054600011, -0.02520936202868506, -0.01705177656633138, -0.04306800759572328, -0.02992487559807481, -0.018763362187738594, -0.04151007948868722, -0.006707657673424679, 0.010412126488629981, 0.005943037158461161, -0.051772098502881767, -0.05714115133569114, -0.05488131608072457, -0.04042317124281443, -0.04742317124281443, -0.06171158562140721, -0.058055704514313924, -0.05057682875718558, -0.036161771756707685, -0.033420982365448514, -0.035425649403194204, -0.04013227870384187, -0.03413358973544878, -0.03196638499405498, -0.03393026751527175], "FUKUIrad": [0.02228841437859279, -0.05976729013572112, -0.018576828757185575, -0.07219438932651809, -0.044920947650092274, -0.033157585462353686, -0.028186533430553017, -0.045557928107036065, -0.03678619078587064, -0.030557928107036066, -0.051561856055018604, -0.0015061515407046853, 0.01227344167642581, 0.00958787351137002, -0.04044469138275866, -0.04276739551578484, -0.04044772215653234, -0.036711585621407215, -0.05884634248562885, -0.07042317124281441, -0.06842709919079697, -0.06385027043361138, -0.031048846054483468, -0.023776146012539655, -0.0273316243511195, -0.036577539455025176, -0.028484411577159332, -0.024445260751183313, -0.027803522058041766], "s proportion": [0.9760000000000001, 1.4131386848122043, 0.924, 1.7230000000000003, 1.6954231712428143, 1.0215768287571856, 1.0630000000000002, 1.0590000000000002, 1.0600000000000003, 1.0645768287571857, 1.0947115856214074, 1.0482884143785929, 1.0124231712428142, 1.0124231712428142, 0.95925665803364, 0.9592728580976893, 0.957182069490078, 0.765, 0.9518463424856289, 0.9667115856214072, 0.9680000000000001, 0.9665768287571855, 0.9713740642972407, 0.9695287217924653, 0.9717614316567441, 0.970182863828942, 0.9666936322764295, 0.9718794767481822, 0.9659578016452196], "p proportion": [2.9520000000000004, 3.937572900809203, 2.4260000000000006, 4.842284486430611, 4.737711585621408, 2.7334231712428148, 2.9855729008092036, 2.967861315187796, 2.9742884143785924, 2.9722884143785926, 2.925442071892964, 2.9455579281070365, 3.0757115856214075, 3.074288414378593, 0.0, 0.0, 0.0, 0.0, 0.0, 0.0, 0.0, 0.0, 0.0, 0.0, 0.0, 0.0, 0.0, 0.0, 0.0], "d proportion": [0.0, 0.0, 0.0, 0.0, 0.0, 0.0, 0.0, 0.0, 0.0, 0.0, 0.0, 0.0, 0.0, 0.0, 0.0, 0.0, 0.0, 0.0, 0.0, 0.0, 0.0, 0.0, 0.0, 0.0, 0.0, 0.0, 0.0, 0.0, 0.0], "Coordination numbers": [3.6881386848122046, 2.6820000000000004, 2.6593853699425156, 0.857, 1.7067115856214072, 2.8772874169424583, 2.9090000000000003, 2.9120000000000004, 2.9090000000000003, 2.9162884143785925, 2.9587115856214075, 3.8520000000000003, 3.751, 3.751711585621407, 0.924, 0.924, 0.924, 0.86, 0.9250000000000002, 0.9250000000000002, 0.9250000000000002, 0.9250000000000002, 0.9237115856214073, 0.924, 0.924, 0.924, 0.924, 0.924, 0.924], "Dispersion coefficient C6": [21.44100318885822, 25.13463771954671, 20.315746456409858, 22.76659477300999, 19.094986781560035, 24.916699584469878, 29.00120328369741, 28.784544472078462, 28.86302282859813, 28.884197079705046, 27.994656993015465, 20.637755676013114, 22.462400598523068, 22.44674370161333, 2.1466324592111383, 2.1675155545988636, 2.1550463755165166, 1.201070677216481, 2.347025489126716, 2.44296764332128, 2.469591801459353, 2.41820690971551, 2.4982160983534216, 2.5464099685479065, 2.5086672125995726, 2.5044520289458054, 2.495496479748813, 2.513710399192885, 2.480235689439717], "Polarizability alpha": [6.627572900809203, 7.446, 7.37430338708076, 6.397404270592666, 5.899669856373126, 8.18311192826609, 8.830506151540705, 8.797711585621409, 8.809427099190797, 8.81305670195045, 8.678213289976668, 6.461608032488745, 6.759060632443149, 6.756387558819882, 2.2902497470609577, 2.3010538084746535, 2.2944637346001104, 1.7166325332714998, 2.3958685373740614, 2.4442287819162964, 2.457726558323574, 2.431842892736319, 2.4720331843935166, 2.4952049842739537, 2.476875096448732, 2.4750762849065144, 2.469987677752971, 2.4793551995964425, 2.4625226140305907], "FOD": [0.0, 0.0, 0.0, 0.0, 0.0, 0.0, 0.0, 0.0, 0.0, 0.0, 0.0, 0.0, 0.0, 0.0, 0.0, 0.0, 0.0, 0.0, 0.0, 0.0, 0.0, 0.0, 0.0, 0.0, 0.0, 0.0, 0.0, 0.0, 0.0], "FOD s proportion": [0.0, 0.0, 0.0, 0.0, 0.0, 0.0, 0.0, 0.0, 0.0, 0.0, 0.0, 0.0, 0.0, 0.0, 0.0, 0.0, 0.0, 0.0, 0.0, 0.0, 0.0, 0.0, 0.0, 0.0, 0.0, 0.0, 0.0, 0.0, 0.0], "FOD p proportion": [0.0, 0.0, 0.0, 0.0, 0.0, 0.0, 0.0, 0.0, 0.0, 0.0, 0.0, 0.0, 0.0, 0.0, 0.0, 0.0, 0.0, 0.0, 0.0, 0.0, 0.0, 0.0, 0.0, 0.0, 0.0, 0.0, 0.0, 0.0, 0.0], "FOD d proportion": [0.0, 0.0, 0.0, 0.0, 0.0, 0.0, 0.0, 0.0, 0.0, 0.0, 0.0, 0.0, 0.0, 0.0, 0.0, 0.0, 0.0, 0.0, 0.0, 0.0, 0.0, 0.0, 0.0, 0.0, 0.0, 0.0, 0.0, 0.0, 0.0], "total energy": -42.28385310626719, "HOMO-LUMO gap/eV": 4.5220887803170156, "electronic energy": -42.84894206814277, "Dipole module/D": 2.968717722060421, "Total charge": 0.0, "HOMO": -10.723309682076172, "LUMO": -6.201227632195188, "Fermi-level/eV": -8.462280292628893, "Total dispersion C6": 8408.102779549723, "Total dispersion C8": 192220.78719503473, "Total polarizability alpha": 141.49777561426686, "Total FOD": 0.0}