{"dipole": [-0.13623510292319316, -0.0724344351510466, -0.029660931780097256], "partial charges": [-0.09978308856869404, -0.05160634875391722, -0.05748505178255098, -0.0532888554811876, -0.056584720338856025, -0.028625084159558854, -0.09561878228872024, 0.03138993051903664, 0.03197673993483898, 0.0323035397729735, 0.028472888644167534, 0.028674509818886716, 0.02972995908078003, 0.030722112981980458, 0.030283757706208315, 0.029899135089877144, 0.036789997707301195, 0.036791086793772, 0.030019651013302742, 0.032654891738672816, 0.03328372814321151], "mulliken charges": [-0.08371312478270956, -0.038842418272206664, -0.04752191472093639, -0.04208433483983003, -0.043134816753589766, -0.02165445147653521, -0.08728289066389815, 0.02776868132146872, 0.026969331070222785, 0.027061183115393777, 0.022381440383626244, 0.022307117113843346, 0.02339748754138945, 0.02354782209675751, 0.02402783936394093, 0.024404037397439193, 0.02908390973801761, 0.029563990183004336, 0.024825920261923907, 0.029583311110841535, 0.029309415613199056], "cm5 charges": [-0.23409992617606007, -0.15137015552405353, -0.15787564384339525, -0.1516575946579268, -0.14926027877297493, -0.08608513950811696, -0.1893776677464566, 0.07871722050264557, 0.0781936377272708, 0.07838409831332402, 0.0771068273691964, 0.07704546423026604, 0.07865476381703619, 0.07905138584459222, 0.07927687265111794, 0.07962315973132174, 0.08445371426407289, 0.08485142983618689, 0.08035262803892347, 0.082086250634093, 0.08193324391037302], "FUKUI+": [0.009318062503655, 0.00546155597116045, 0.007580190637606063, 0.006506191472954082, 0.02605741997700033, -0.1611944083588901, -0.12561914683240583, -0.017336306818624674, -0.013129215087597434, -0.0083795740061924, -0.01256201180580856, -0.012462622770119853, -0.017906188677599567, -0.011754021011591086, -0.035805981061901, -0.032041507542062544, -0.07481017385066477, -0.07519310633328233, -0.144663128804215, -0.15577802363144405, -0.15624398434072942], "FUKUI-": [0.018989317879513065, 0.005193513986254582, 0.0076075886779052, 0.004298496916267383, 0.006638729719820182, -0.044258283275969965, -0.05780101516550172, -0.06247109790107713, -0.06556121509564286, -0.06489884840946453, -0.08420912954471646, -0.07914387881268309, -0.05989531255025677, -0.06071161547963631, -0.05068694767480067, -0.053432629725082635, -0.06709752910769753, -0.07442404169708215, -0.06624857765956453, -0.07701622753244489, -0.07508649801891411], "FUKUIrad": [0.014074905694694398, 0.005399875907290517, 0.0076275969339782085, 0.00536691551589811, 0.01620594993630061, -0.10249789827937979, -0.09173594542897415, -0.0399483290829841, -0.039408566802325205, -0.03660460116711552, -0.04842849362598719, -0.045649692679658925, -0.038765903434874883, -0.036440072740475386, -0.043412984835454485, -0.042829349393525354, -0.07096315085597388, -0.07465692374917603, -0.10562777956559373, -0.11624886776251142, -0.11543686514651644], "s proportion": [1.0072393870510374, 1.0269204946245514, 1.032169200383169, 1.031947865842805, 1.0281276790275597, 1.0718523625522245, 1.0477634793145427, 0.9723090244733129, 0.9729187311883347, 0.9729327604391981, 0.9776851663741198, 0.9778143648590555, 0.9766655848290574, 0.9763653878220442, 0.9759886539414708, 0.9756403467194407, 0.9709549457389136, 0.9704425336386647, 0.9749999999999999, 0.9704858679979544, 0.9708289808288229], "p proportion": [3.0764721219424214, 3.011794953287158, 3.015382980899104, 3.0101786466625597, 3.0149660233155693, 2.950068132072327, 3.0399587006122677, 0.0, 0.0, 0.0, 0.0, 0.0, 0.0, 0.0, 0.0, 0.0, 0.0, 0.0, 0.0, 0.0, 0.0], "d proportion": [0.0, 0.0, 0.0, 0.0, 0.0, 0.0, 0.0, 0.0, 0.0, 0.0, 0.0, 0.0, 0.0, 0.0, 0.0, 0.0, 0.0, 0.0, 0.0, 0.0, 0.0], "Coordination numbers": [3.749763939028789, 3.799524551977752, 3.8010894369214525, 3.8013380377179793, 3.8038134857402275, 2.885340350399789, 2.833895731685609, 0.9239999999999999, 0.9239999999999999, 0.9239999999999999, 0.9239999999999999, 0.9239999999999999, 0.9239999999999999, 0.9239999999999999, 0.9239999999999999, 0.9239999999999999, 0.9239999999999999, 0.9239999999999999, 0.925, 0.925, 0.925], "Dispersion coefficient C6": [22.469542790465074, 21.501274257979453, 21.608023812926632, 21.530774697606116, 21.588787195537943, 28.713198374000957, 30.39425545415079, 2.566968832516402, 2.558835916267813, 2.5540216212944915, 2.6085374440364433, 2.605625957527562, 2.590539225699512, 2.5765290012374606, 2.5826001520752118, 2.588100790519343, 2.49207911542748, 2.492261702370136, 2.586048348468221, 2.5490888660850692, 2.540359765550064], "Polarizability alpha": [6.76032882397249, 6.602070628229323, 6.618051578525665, 6.606318090762975, 6.614932738852365, 8.785061350177683, 9.034519520369427, 2.505517724486069, 2.5015964300266234, 2.499134925941217, 2.525606014619202, 2.5242242921485225, 2.5172253487473095, 2.510059889688998, 2.5131252385854905, 2.5157719813629953, 2.4689078416190076, 2.468801905146425, 2.514958978099629, 2.4966683629251256, 2.4923633672133043], "FOD": [0.0, 0.0, 0.0, 0.0, 0.0, 0.0, 0.0, 0.0, 0.0, 0.0, 0.0, 0.0, 0.0, 0.0, 0.0, 0.0, 0.0, 0.0, 0.0, 0.0, 0.0], "FOD s proportion": [0.0, 0.0, 0.0, 0.0, 0.0, 0.0, 0.0, 0.0, 0.0, 0.0, 0.0, 0.0, 0.0, 0.0, 0.0, 0.0, 0.0, 0.0, 0.0, 0.0, 0.0], "FOD p proportion": [0.0, 0.0, 0.0, 0.0, 0.0, 0.0, 0.0, 0.0, 0.0, 0.0, 0.0, 0.0, 0.0, 0.0, 0.0, 0.0, 0.0, 0.0, 0.0, 0.0, 0.0], "FOD d proportion": [0.0, 0.0, 0.0, 0.0, 0.0, 0.0, 0.0, 0.0, 0.0, 0.0, 0.0, 0.0, 0.0, 0.0, 0.0, 0.0, 0.0, 0.0, 0.0, 0.0, 0.0], "total energy": -22.097786413960932, "HOMO-LUMO gap/eV": 5.190491340722169, "electronic energy": -22.44352316765881, "Dipole module/D": 0.44117572549839074, "Total charge": 0.0, "HOMO": -10.698992779400362, "LUMO": -5.508499920025922, "Fermi-level/eV": -8.103756178293214, "Total dispersion C6": 3193.4832874017907, "Total dispersion C8": 68309.83124784117, "Total polarizability alpha": 86.07519531283519, "Total FOD": 0.0}