{"dipole": [-0.4178578368408948, 0.12426404827377302, 0.04955643154081717], "partial charges": [-0.10139876539102467, -0.05243079802932903, -0.05646722600283442, -0.04898276702130311, -0.06276406917111266, 0.2615290473734722, -0.39290035573298326, -0.04538650695573169, -0.044307358797290364, 0.2605359925073409, -0.39495338690562826, 0.056066345429596036, -0.04460964038624283, -0.05565283562979701, 0.14559984785234642, -0.389424811648685, -0.06390928130454171, -0.0436175333458526, 0.06648260223962466, -0.042696358248392276, -0.0273726495164108, -0.03233234815241713, -0.027250567180548864, -0.04253244163408706, 0.034974163274689524, 0.03485090036064666, 0.03493142388067219, 0.033164411994550676, 0.03282253558019977, 0.03370605820003532, 0.036441546744626956, 0.054443178760930716, 0.054934779905096355, 0.08632261011942484, 0.050669922793915634, 0.05489751866703847, 0.3022646179968101, 0.045274959370190375, 0.06493880877207173, 0.05092454449770577, 0.04132712280850126, 0.03695088718061029, 0.0416782063987631, 0.05325766642351419], "mulliken charges": [-0.08371435452391578, -0.03709752137367912, -0.051409396708229034, -0.02639027623384801, -0.08919061568888878, 0.4605759736407171, -0.5167854628816928, -0.15054340456435034, -0.1506242352031138, 0.459441533612687, -0.5189166318481514, 0.12043331553858411, -0.05136523570151693, -0.06871704583073536, 0.25615157427806284, -0.5158347414998938, -0.0835522632606534, -0.042973288281271116, 0.137153140879543, -0.05359394802692853, -0.021543811924688495, -0.03516953131332785, -0.021459925011416695, -0.05279213604495285, 0.02921897718118241, 0.029327535816146902, 0.029192472757249725, 0.025405773862969893, 0.025292279333862747, 0.02934081975811446, 0.031754606881211685, 0.04415775018340615, 0.044353256183106544, 0.08693680787445286, 0.046974982062921236, 0.05143235090021227, 0.35384077567350275, 0.04408718502085031, 0.05840991799292445, 0.048986170528732956, 0.036907610152840775, 0.034368021607025366, 0.037131529108804316, 0.05080105830979456], "cm5 charges": [-0.23409570486488165, -0.1496454712931955, -0.16040339899529513, -0.1301522412627794, -0.12802965671377406, 0.5601269924394434, -0.5634452395658973, -0.3170037087144737, -0.3170894761228496, 0.5590086627845844, -0.5656062460549035, 0.17704763527582282, -0.09751324425913785, -0.11910607502839896, 0.2678161820814844, -0.7131098788718481, -0.134891231386692, -0.08940148179197753, 0.1936813418190507, -0.10006401500027404, -0.07670735693464065, -0.09048247395580618, -0.07662531235746595, -0.09928675361209355, 0.08040371466855184, 0.08047441033622885, 0.08038119462491938, 0.08009021850457253, 0.07992605020756459, 0.08697079113591755, 0.0899131058922891, 0.10197607484481674, 0.10215371158553116, 0.1518076609763223, 0.1102109885483342, 0.10978493637151976, 0.5247402747338359, 0.10215646510975938, 0.12246444079306779, 0.1125426723871705, 0.092269024481215, 0.08975561836015328, 0.09249372168251614, 0.11447162447103469], "FUKUI+": [0.005741174108411233, 0.0034861001789613685, 0.002513899821038631, 0.00491141742681974, 0.0030595858920295076, -0.03893349264207852, -0.08800000000000002, -0.018937484287949672, -0.01825876725955007, -0.0326488661300549, -0.07965687221106371, -0.008151609371447033, -0.01882368995343951, -0.021412383858250433, -0.024502026996903483, -0.03211230811133428, -0.02227310187742311, -0.01893607509467868, -0.016610281114430806, -0.013, -0.01765163205584403, -0.029497973003096516, -0.017944958885420872, -0.013284379987798033, -0.008505802150832327, -0.008046570449600342, -0.007536209972747589, -0.009657674639712193, -0.010027900184544518, -0.0016130532120056597, -2.153854703253616e-05, -0.022596697981665158, -0.023046646378705987, -0.049743050089480684, -0.026890281285748014, -0.04167417590327211, -0.023777509215091062, -0.04258761614174957, -0.028937020328627012, -0.02586534265920889, -0.04213076320375609, -0.04761028111443081, -0.042413480273016314, -0.026244840014365754], "FUKUI-": [0.00857578902392773, 0.003804849557042354, 0.004205660349106831, 0.008001875981069452, 0.000248312929097362, -0.0060607829311029975, -0.064031846780379, -0.03983105474250863, -0.04584698940028787, -0.0070618892028891, -0.06482718374104608, -0.016245077086384167, -0.013441330703248247, -0.018831561579048407, -0.029995675150918045, -0.06201618376230479, -0.017523698180910402, -0.015555182538561052, -0.006080331775229937, -0.011233471279859526, -0.013198913186625716, -0.02700007189620674, -0.013042109905951487, -0.011392500459991245, -0.02243214288270293, -0.021897286407445614, -0.02171184752646924, -0.030095253743327235, -0.030749469227004375, -0.010634395009319455, -0.009794750474203013, -0.02055622018238092, -0.020170482098642847, -0.03278163290258008, -0.027038086812190554, -0.0402913348546375, -0.031632867415906034, -0.04044417031613221, -0.029951138051885897, -0.01976529353819993, -0.03527845455846274, -0.0407017283242246, -0.0354737746127756, -0.020263654798133537], "FUKUIrad": [0.007110432130264838, 0.0037430500894806836, 0.003271787722092672, 0.00648797616003082, 0.0019999999999999996, -0.022428535825154222, -0.07592146773468013, -0.02938257079038385, -0.032051217091502396, -0.019999999999999997, -0.0719888434203535, -0.012307592798434495, -0.01628337349370117, -0.020138191512343424, -0.02730759279843449, -0.047167747027381794, -0.019935618079838166, -0.01733065352580771, -0.011368949933124716, -0.01233649128235634, -0.015466335664802221, -0.02830282256013887, -0.015533664335197777, -0.012406558807124345, -0.015529005753825171, -0.015075208898207054, -0.01445265484760809, -0.0199879798802833, -0.02030862138703734, -0.006068261211155004, -0.00479861279790179, -0.021610819548749854, -0.021613232282551412, -0.041419972805975536, -0.026737078544740216, -0.04097912390117063, -0.02752055930457175, -0.04150697627779075, -0.029618181215218597, -0.022807228720068812, -0.0386455871425567, -0.04424102309257721, -0.03884303263462921, -0.023244917229612222], "s proportion": [1.0077430500894806, 1.027, 1.0333692580218534, 1.032757887901054, 1.0712569499105191, 1.0056310500668753, 1.7296724437283382, 1.4454192475196557, 1.4446717724932632, 1.0054549342389663, 1.7298876918886656, 1.0403689499331248, 1.0613619649498054, 1.0563096806718613, 1.0145157171700694, 1.6907775092150912, 1.0589746993159368, 1.0623897221210974, 1.0451123081113343, 1.0612000938077808, 1.0609326713296043, 1.059, 1.0610673286703958, 1.061541138932669, 0.9707941728969803, 0.970864543544066, 0.9707353160852482, 0.9745822407695567, 0.9746429228910105, 0.9707098154076498, 0.9683382564381082, 0.955911398920086, 0.9555507575962255, 0.9129533759384745, 0.9528719246234435, 0.9483709219342079, 0.6462224907849089, 0.9556290780657919, 0.9414970253096813, 0.9510417272509994, 0.9628833378634266, 0.966, 0.9625979201810324, 0.9491098821204473], "p proportion": [3.0762063973022227, 3.01003445912561, 3.017957362546349, 2.993985162188427, 3.0181316799686804, 2.533636103258619, 4.787369329918061, 3.705368949933124, 3.7059750159467026, 2.5352639174827813, 4.789217736744433, 2.8391279268405474, 2.989770051837277, 3.0117741688063, 2.729, 4.825, 3.024225831193699, 2.9806040483190785, 2.817685485735673, 2.992708666109664, 2.9606009930055937, 2.9762224907849086, 2.960399006994407, 2.9915977681114114, 0.0, 0.0, 0.0, 0.0, 0.0, 0.0, 0.0, 0.0, 0.0, 0.0, 0.0, 0.0, 0.0, 0.0, 0.0, 0.0, 0.0, 0.0, 0.0, 0.0], "d proportion": [0.0, 0.0, 0.0, 0.0, 0.0, 0.0, 0.0, 0.0, 0.0, 0.0, 0.0, 0.0, 0.0, 0.0, 0.0, 0.0, 0.0, 0.0, 0.0, 0.0, 0.0, 0.0, 0.0, 0.0, 0.0, 0.0, 0.0, 0.0, 0.0, 0.0, 0.0, 0.0, 0.0, 0.0, 0.0, 0.0, 0.0, 0.0, 0.0, 0.0, 0.0, 0.0, 0.0, 0.0],