{"dipole": [-0.54252559, -0.68717243, -0.06251506], "partial charges": [-0.21210383, 0.03754146, -0.11010189, 0.06021753, 0.06023289, 0.04939942, 0.05740587, 0.05740856], "mulliken charges": [-0.16651, 0.07822, -0.08991, 0.03241, 0.03242, 0.03654, 0.03841, 0.03842], "cm5 charges": [-0.17604, -0.02678, -0.23831, 0.08699, 0.08701, 0.08737, 0.08988, 0.08988], "FUKUI+": [-0.462, -0.044, 0.068, -0.154, -0.154, -0.108, -0.072, -0.072], "FUKUI-": [-0.437, 0.04, 0.037, -0.158, -0.158, -0.091, -0.116, -0.116], "FUKUIrad": [-0.45, -0.002, 0.052, -0.156, -0.156, -0.1, -0.094, -0.094], "s proportion": [1.949, 1.037, 1.011, 0.968, 0.968, 0.963, 0.962, 0.962], "p proportion": [5.234, 2.885, 3.079, 0.0, 0.0, 0.0, 0.0, 0.0], "d proportion": [-0.016, 0.0, 0.0, 0.0, 0.0, 0.0, 0.0, 0.0], "Coordination numbers": [0.922, 3.712, 3.782, 0.924, 0.924, 0.924, 0.924, 0.924], "Dispersion coefficient C6": [105.832, 20.07, 22.624, 2.197, 2.196, 2.328, 2.23, 2.23], "Polarizability alpha": [15.739, 6.402, 6.776, 2.318, 2.318, 2.386, 2.335, 2.335], "FOD": [0.0, 0.0, 0.0, 0.0, 0.0, 0.0, 0.0, 0.0], "FOD s proportion": [0.0, 0.0, 0.0, 0.0, 0.0, 0.0, 0.0, 0.0], "FOD p proportion": [0.0, 0.0, 0.0, 0.0, 0.0, 0.0, 0.0, 0.0], "FOD d proportion": [0.0, 0.0, 0.0, 0.0, 0.0, 0.0, 0.0, 0.0], "total energy": -11.3777532, "HOMO-LUMO gap/eV": 7.02203133, "electronic energy": -11.4781675, "Dipole module/D": 2.231, "Total charge": 0.0, "HOMO": -11.151, "LUMO": -4.1289, "Fermi-level/eV": -7.6399, "Total dispersion C6": 727.495411, "Total dispersion C8": 20159.918544, "Total polarizability alpha": 40.607365, "Total FOD": 0.0}