{"dipole": [-0.0137169, -0.1835962, 0.18775352], "partial charges": [-0.22854063, 0.13078096, -0.05297902, -0.03135171, -0.03859019, -0.03591276, -0.01633477, -0.01634875, -0.03591535, -0.03858326, -0.03134266, -0.05297793, 0.13078965, 0.04729127, 0.03825262, 0.03649093, 0.03662625, 0.0366268, 0.03647772, 0.03825186, 0.04728897], "mulliken charges": [-0.3752, 0.24062, -0.06398, -0.02754, -0.04264, -0.03193, -0.03692, -0.03693, -0.03193, -0.04264, -0.02753, -0.06398, 0.24063, 0.04968, 0.03339, 0.0327, 0.03421, 0.03421, 0.03269, 0.03339, 0.04968], "cm5 charges": [-0.4388, 0.26194, -0.11451, -0.0823, -0.09757, -0.0839, -0.0383, -0.03831, -0.0839, -0.09755, -0.08229, -0.11452, 0.26196, 0.10726, 0.08869, 0.08795, 0.09014, 0.09014, 0.08793, 0.08869, 0.10726], "FUKUI+": [-0.051, -0.019, -0.039, -0.05, -0.019, -0.045, -0.038, -0.038, -0.045, -0.019, -0.05, -0.039, -0.019, -0.066, -0.072, -0.065, -0.062, -0.062, -0.065, -0.072, -0.066], "FUKUI-": [-0.086, -0.025, -0.041, -0.032, -0.04, -0.035, -0.029, -0.029, -0.035, -0.04, -0.032, -0.041, -0.025, -0.063, -0.066, -0.067, -0.058, -0.058, -0.067, -0.066, -0.063], "FUKUIrad": [-0.069, -0.022, -0.04, -0.041, -0.029, -0.04, -0.033, -0.033, -0.04, -0.029, -0.041, -0.04, -0.022, -0.064, -0.069, -0.066, -0.06, -0.06, -0.066, -0.069, -0.064], "s proportion": [1.688, 1.022, 1.056, 1.061, 1.058, 1.062, 1.072, 1.072, 1.062, 1.058, 1.061, 1.056, 1.022, 0.95, 0.967, 0.967, 0.966, 0.966, 0.967, 0.967, 0.95], "p proportion": [4.688, 2.737, 3.008, 2.967, 2.984, 2.97, 2.965, 2.965, 2.97, 2.984, 2.967, 3.008, 2.737, 0.0, 0.0, 0.0, 0.0, 0.0, 0.0, 0.0, 0.0], "d proportion": [0.0, 0.0, 0.0, 0.0, 0.0, 0.0, 0.0, 0.0, 0.0, 0.0, 0.0, 0.0, 0.0, 0.0, 0.0, 0.0, 0.0, 0.0, 0.0, 0.0, 0.0], "Coordination numbers": [1.719, 3.101, 2.903, 2.918, 2.908, 2.911, 3.059, 3.059, 2.911, 2.908, 2.918, 2.903, 3.101, 0.925, 0.925, 0.925, 0.925, 0.925, 0.925, 0.925, 0.925], "Dispersion coefficient C6": [17.786, 25.024, 29.315, 28.782, 28.959, 28.893, 28.359, 28.359, 28.893, 28.959, 28.782, 29.315, 25.024, 2.354, 2.472, 2.496, 2.494, 2.494, 2.496, 2.472, 2.354], "Polarizability alpha": [5.694, 8.198, 8.878, 8.798, 8.824, 8.814, 8.733, 8.733, 8.814, 8.824, 8.798, 8.878, 8.197, 2.399, 2.459, 2.471, 2.47, 2.47, 2.471, 2.459, 2.399], "FOD": [0.0, 0.0, 0.0, 0.0, 0.0, 0.0, 0.0, 0.0, 0.0, 0.0, 0.0, 0.0, 0.0, 0.0, 0.0, 0.0, 0.0, 0.0, 0.0, 0.0, 0.0], "FOD s proportion": [0.0, 0.0, 0.0, 0.0, 0.0, 0.0, 0.0, 0.0, 0.0, 0.0, 0.0, 0.0, 0.0, 0.0, 0.0, 0.0, 0.0, 0.0, 0.0, 0.0, 0.0], "FOD p proportion": [0.0, 0.0, 0.0, 0.0, 0.0, 0.0, 0.0, 0.0, 0.0, 0.0, 0.0, 0.0, 0.0, 0.0, 0.0, 0.0, 0.0, 0.0, 0.0, 0.0, 0.0], "FOD d proportion": [0.0, 0.0, 0.0, 0.0, 0.0, 0.0, 0.0, 0.0, 0.0, 0.0, 0.0, 0.0, 0.0, 0.0, 0.0, 0.0, 0.0, 0.0, 0.0, 0.0, 0.0], "total energy": -33.8452924, "HOMO-LUMO gap/eV": 3.50853982, "electronic energy": -34.41392512, "Dipole module/D": 0.668, "Total charge": 0.0, "HOMO": -10.5022, "LUMO": -6.9936, "Fermi-level/eV": -8.7479, "Total dispersion C6": 6464.675066, "Total dispersion C8": 163958.631847, "Total polarizability alpha": 129.779436, "Total FOD": 0.0}