{"dipole": [-0.73378017, 0.23361055, 0.23319419], "partial charges": [-0.10845927, 0.01730352, -0.20678622, 0.06868075, -0.0577021, -0.03249835, -0.04401819, -0.03197349, -0.05960513, 0.03615194, 0.04150229, 0.04695649, 0.02211052, 0.04496789, 0.15128008, 0.02227107, 0.02480756, 0.02138975, 0.02484563, 0.01877526], "mulliken charges": [-0.09359, 0.09994, -0.37352, 0.14639, -0.07814, -0.02492, -0.05237, -0.02491, -0.07852, 0.02935, 0.03234, 0.03625, 0.01955, 0.02778, 0.20764, 0.02685, 0.02514, 0.02435, 0.02525, 0.02514], "cm5 charges": [-0.23856, 0.04655, -0.72576, 0.19727, -0.12697, -0.08019, -0.10777, -0.08013, -0.12656, 0.08261, 0.0835, 0.08962, 0.08353, 0.09195, 0.39993, 0.086, 0.08056, 0.07981, 0.08071, 0.08392], "FUKUI+": [0.013, 0.016, -0.04, -0.05, -0.06, -0.073, -0.035, -0.066, -0.067, -0.017, -0.029, -0.018, -0.022, -0.019, -0.042, -0.096, -0.101, -0.093, -0.1, -0.098], "FUKUI-": [0.022, 0.029, -0.138, -0.029, -0.036, -0.029, -0.064, -0.027, -0.04, -0.033, -0.044, -0.037, -0.089, -0.064, -0.071, -0.062, -0.072, -0.08, -0.072, -0.066], "FUKUIrad": [0.018, 0.022, -0.089, -0.039, -0.048, -0.051, -0.049, -0.046, -0.053, -0.025, -0.037, -0.028, -0.056, -0.042, -0.056, -0.079, -0.086, -0.087, -0.086, -0.082], "s proportion": [1.011, 1.001, 1.447, 1.046, 1.055, 1.059, 1.053, 1.059, 1.057, 0.971, 0.968, 0.964, 0.98, 0.972, 0.792, 0.973, 0.975, 0.976, 0.975, 0.975], "p proportion": [3.082, 2.899, 3.927, 2.808, 3.024, 2.966, 3.0, 2.966, 3.021, 0.0, 0.0, 0.0, 0.0, 0.0, 0.0, 0.0, 0.0, 0.0, 0.0, 0.0], "d proportion": [0.0, 0.0, 0.0, 0.0, 0.0, 0.0, 0.0, 0.0, 0.0, 0.0, 0.0, 0.0, 0.0, 0.0, 0.0, 0.0, 0.0, 0.0, 0.0, 0.0], "Coordination numbers": [3.751, 3.736, 2.687, 2.895, 2.917, 2.911, 2.912, 2.91, 2.922, 0.924, 0.924, 0.924, 0.924, 0.924, 0.86, 0.925, 0.925, 0.925, 0.925, 0.925], "Dispersion coefficient C6": [22.636, 20.366, 25.499, 26.462, 29.434, 28.81, 29.093, 28.797, 29.482, 2.501, 2.429, 2.358, 2.702, 2.384, 1.392, 2.699, 2.661, 2.712, 2.661, 2.752], "Polarizability alpha": [6.785, 6.44, 7.5, 8.434, 8.897, 8.801, 8.845, 8.799, 8.904, 2.473, 2.437, 2.402, 2.57, 2.415, 1.848, 2.569, 2.551, 2.575, 2.551, 2.594], "FOD": [0.0, 0.0, 0.0, 0.0, 0.0, 0.0, 0.0, 0.0, 0.0, 0.0, 0.0, 0.0, 0.0, 0.0, 0.0, 0.0, 0.0, 0.0, 0.0, 0.0], "FOD s proportion": [0.0, 0.0, 0.0, 0.0, 0.0, 0.0, 0.0, 0.0, 0.0, 0.0, 0.0, 0.0, 0.0, 0.0, 0.0, 0.0, 0.0, 0.0, 0.0, 0.0], "FOD p proportion": [0.0, 0.0, 0.0, 0.0, 0.0, 0.0, 0.0, 0.0, 0.0, 0.0, 0.0, 0.0, 0.0, 0.0, 0.0, 0.0, 0.0, 0.0, 0.0, 0.0], "FOD d proportion": [0.0, 0.0, 0.0, 0.0, 0.0, 0.0, 0.0, 0.0, 0.0, 0.0, 0.0, 0.0, 0.0, 0.0, 0.0, 0.0, 0.0, 0.0, 0.0, 0.0], "total energy": -25.64531307, "HOMO-LUMO gap/eV": 3.72365658, "electronic energy": -26.06401255, "Dipole module/D": 2.045, "Total charge": 0.0, "HOMO": -9.5166, "LUMO": -5.793, "Fermi-level/eV": -7.6548, "Total dispersion C6": 4048.602902, "Total dispersion C8": 93631.3375, "Total polarizability alpha": 100.391446, "Total FOD": 0.0}