{"dipole": [-0.25482762089948907, 0.19171246441596182, 0.2981821029944548], "partial charges": [0.04037780613433066, -0.26564358558330226, 0.5114900999751409, -0.41645013359525895, -0.2662223262278976, 0.04082262394079276, -0.245200920712122, 0.14936199288756882, -0.056121506665696694, -0.032761038885330974, 0.03689193313040879, -0.19040410292173765, -0.04480328011781192, 0.021426301446686072, -0.10602567771727402, -0.061677136634751425, 0.06314453869183638, 0.06406215626568537, 0.0677345802115271, 0.06288927426398037, 0.06838297559812356, 0.06334408181597405, 0.05722542953620734, 0.05824544233462893, 0.04938108989161266, 0.05018859675480474, 0.050900198866240004, 0.0561819598837651, 0.05441116383366412, 0.06024251045922102, 0.05860496050659409], "mulliken charges": [0.1789634857444799, -0.3561551712195467, 0.44411815094310364, -0.20306839988556735, -0.35790017537256874, 0.17838494935265303, -0.3295669193239003, 0.26178237698834317, -0.07162253932404519, -0.034388943341847035, 0.034212020015851476, -0.12622925154550335, -0.016860487628434583, 0.010695978224980718, -0.08232324411256023, -0.08245253996089064, 0.035922988531661676, 0.03312951955706777, 0.035525562274077105, 0.03571994108556385, 0.03269942412215391, 0.03525454476714624, 0.05098613753260212, 0.03627854780851082, 0.029123316120838773, 0.03044653996706371, 0.03085593047891404, 0.037792115100887334, 0.0372343748341274, 0.03971837972068213, 0.05172646591644275], "cm5 charges": [0.063942187117497, -0.4220339279185734, 0.40472341571208187, -0.17257916116942684, -0.4238118086074676, 0.0633510032270969, -0.375158210351707, 0.2839980666974023, -0.12063698625958758, -0.0852258163998844, 0.04007152504542174, -0.16887759557428048, -0.1480379755065498, -0.002362179032659745, -0.22454336254596735, -0.1294794494628883, 0.09830503491772055, 0.09463975544057646, 0.09645107225811754, 0.09779505113828524, 0.0930016424149126, 0.09730368434851627, 0.11218342782543075, 0.09323298324737071, 0.0817570351705504, 0.08298679432694522, 0.08336691652360798, 0.09005239679476688, 0.08940753098560196, 0.09217968774878635, 0.11399781408109362], "FUKUI+": [0.012053783784903675, 0.0048892524596368, -0.06679514583999574, -0.07670844256667637, -0.007212604789270278, 0.01205189647635827, -0.015475328107593363, -0.06911712537624384, -0.022321804635058402, -0.027732075408830277, -0.037066516422309966, -0.1913038682959446, 0.022467929460022466, -0.03901361603677564, 0.025510297927338395, -0.022247704525106486, -0.014080280450277791, -0.010217449428824748, -0.015586462812151954, -0.008998551897390874, -0.017358068021763727, -0.011981289051215588, -0.061612464292582006, -0.05977537200547029, -0.04163738333769115, -0.044138945375196914, -0.04484763972119129, -0.037184293358140046, -0.038039579393524495, -0.03658080770258104, -0.060043693490576804], "FUKUI-": [0.017312600237141353, 0.0006942352790540902, -0.1117538341076615, -0.27405090799879883, -0.004100344120109831, 0.017829482147959493, -0.002619715637591652, -0.005801526941472146, -0.007100101487804979, -0.0059435406499994976, 0.02510296208471869, -0.336493709086904, 0.05126523862541796, -0.012894412909834991, 0.017979791776514216, -0.005432952009959404, -0.01480338307641204, -0.013539105792933302, -0.02221934663219749, -0.014573555349035974, -0.02018224608554152, -0.015285153662950067, -0.025002768534003978, -0.020766554900420054, -0.0459210468262718, -0.04597185458312245, -0.045231664546354466, -0.019110130819481798, -0.02178592383599658, -0.01649075977617542, -0.023497009644829335], "FUKUIrad": [0.014673114651948985, 0.0027776978124236682, -0.08926507610064047, -0.17528234498495684, -0.0054130034855918545, 0.014867809920242609, -0.008910388777405423, -0.03759135802632788, -0.014612785943829998, -0.01674034789380584, -0.00590027963346317, -0.263994344319744, 0.03697752896040546, -0.025958027630386293, 0.021787863167336132, -0.013711275663387373, -0.014582427746600455, -0.011756713565812883, -0.018879358349002867, -0.011762079098230727, -0.018528195290254363, -0.013608233611770819, -0.043140755753446974, -0.04044287605825937, -0.04379251800330092, -0.04521136282006744, -0.0451771910527836, -0.028263875429594153, -0.030014700804826756, -0.02632350523216281, -0.041709789189417375], "s proportion": [0.9720596209062564, 1.6463038581281384, 1.4331176495993554, 1.888876343620846, 1.646984469316385, 0.9720559308645453, 1.6368478391731516, 1.014408820489574, 1.060561902270605, 1.0689981888003233, 1.09, 1.9263000362795921, 1.012, 1.0925856755342853, 1.007, 1.0656505081902383, 0.9639983609642625, 0.9669643693603853, 0.9646641749321027, 0.9642713123389245, 0.9671438585473123, 0.9646277652955372, 0.9488578194622805, 0.9634782514062337, 0.9709071918820346, 0.9693590280329445, 0.9689444471571931, 0.9620996247357373, 0.9625882722669598, 0.9603743206902478, 0.9482975827197291], "p proportion": [2.8489201450345423, 4.710152694367341, 1.9295648927536633, 4.329226694651901, 4.711097535197632, 2.849699505218594, 4.693026205055465, 2.7236226544492332, 3.0111577675912904, 2.965627479858159, 2.8757537613188218, 4.196154673159425, 3.005008503869487, 2.896614228509537, 3.0750000000000006, 3.0168576409714696, 0.0, 0.0, 0.0, 0.0, 0.0, 0.0, 0.0, 0.0, 0.0, 0.0, 0.0, 0.0, 0.0, 0.0, 0.0], "d proportion": [0.0, 0.0, 1.1931658743016804, -0.01471870866973831, 0.0, 0.0, 0.0, 0.0, 0.0, 0.0, 0.0, 0.004, 0.0, 0.0, 0.0, 0.0, 0.0, 0.0, 0.0, 0.0, 0.0, 0.0, 0.0, 0.0, 0.0, 0.0, 0.0, 0.0, 0.0, 0.0, 0.0], "Coordination numbers": [3.8726586698985366, 1.6569999999999998, 4.034286696715575, 0.924, 1.6569999999999998, 3.873303114175745, 1.6629999999999998, 3.021015138877225, 2.9130018111996763, 2.9523319226586704, 2.955999999999999, 2.004550616086225, 3.742, 2.979988295646003, 3.7539999999999996, 2.9174165772915606, 0.924, 0.924, 0.924, 0.924, 0.924, 0.924, 0.9250000000000003, 0.9250000000000003, 0.924, 0.924, 0.924, 0.924, 0.924, 0.924, 0.9250000000000003], "Dispersion coefficient C6": [19.85226409235222, 18.419654062181312, 139.46927477956376, 157.4004760286718, 18.429430401141506, 19.84472168146132, 18.07657818952518, 24.73661275282439, 29.394123189133474, 28.81520384250915, 27.172594733851838, 149.13869166121307, 21.451662939672502, 27.52252837146736, 22.584152360610243, 29.533812660192005, 2.1631125182880018, 2.1531061643847904, 2.1120318501324236, 2.1667766078969923, 2.104038787062379, 2.161344798939274, 2.2319015258126695, 2.2194280749849105, 2.3287521132562814, 2.3193286970005076, 2.3104254032184435, 2.247166681655883, 2.2688769613325084, 2.197165700551287, 2.2156620523125605], "Polarizability alpha": [6.335198674938182, 5.793749797243426, 21.214342208323803, 21.220409023709703, 5.79529110901317, 6.334326430553411, 5.739639738287829, 8.15829611096194, 8.890320298216077, 8.804459847723031, 8.549969195738298, 20.554151631638955, 6.607785138006625, 8.605359281121634, 6.776614259468934, 8.911531298196874, 2.299813845315957, 2.294379730887525, 2.272512327201864, 2.3016887266621344, 2.2683533172787356, 2.298620445571988, 2.336060106821797, 2.3299919035376386, 2.3861319354380126, 2.381203498628375, 2.376566590889821, 2.3435479704866045, 2.355057183751466, 2.3179721951775365, 2.327643757724623], "FOD": [0.0, 0.0, 0.0, 0.0, 0.0, 0.0, 0.0, 0.0, 0.0, 0.0, 0.0, 0.0, 0.0, 0.0, 0.0, 0.0, 0.0, 0.0, 0.0, 0.0, 0.0, 0.0, 0.0, 0.0, 0.0, 0.0, 0.0, 0.0, 0.0, 0.0, 0.0], "FOD s proportion": [0.0, 0.0, 0.0, 0.0, 0.0, 0.0, 0.0, 0.0, 0.0, 0.0, 0.0, 0.0, 0.0, 0.0, 0.0, 0.0, 0.0, 0.0, 0.0, 0.0, 0.0, 0.0, 0.0, 0.0, 0.0, 0.0, 0.0, 0.0, 0.0, 0.0, 0.0], "FOD p proportion": [0.0, 0.0, 0.0, 0.0, 0.0, 0.0, 0.0, 0.0, 0.0, 0.0, 0.0, 0.0, 0.0, 0.0, 0.0, 0.0, 0.0, 0.0, 0.0, 0.0, 0.0, 0.0, 0.0, 0.0, 0.0, 0.0, 0.0, 0.0, 0.0, 0.0, 0.0], "FOD d proportion": [0.0, 0.0, 0.0, 0.0, 0.0, 0.0, 0.0, 0.0, 0.0, 0.0, 0.0, 0.0, 0.0, 0.0, 0.0, 0.0, 0.0, 0.0, 0.0, 0.0, 0.0, 0.0, 0.0, 0.0, 0.0, 0.0, 0.0, 0.0, 0.0, 0.0, 0.0], "total energy": -50.38016212169609, "HOMO-LUMO gap/eV": 2.9556529062480466, "electronic energy": -50.920721952689966,