{"dipole": [-0.3302977181554423, 0.5707433539985431, 0.04796458060862724], "partial charges": [-0.2747324694907467, 0.1290865416960091, -0.05760011696661367, 0.01616899956929701, -0.1101522774393615, -0.04747801643038591, -0.05308203650178752, 0.036290469579771084, -0.08407236206700794, -0.04045505931841564, 0.2662753445415456, -0.4340022647403631, -0.039430549782380545, -0.03286555357294293, 0.06774782300492083, -0.27801707537827614, 0.03164050145243847, -0.24176021050495408, 0.21272242249992498, 0.06435829501255112, 0.05003044517025905, 0.048602650532860524, 0.05160807531917918, 0.04271292833905405, 0.046493988608507036, 0.061103132888575704, 0.0628206818623238, 0.06335178419117317, 0.06179212154860776, 0.16622767569715133, 0.16476562519227367, 0.04984848861962471], "mulliken charges": [-0.41524618651296713, 0.230061406149416, -0.06999645240304946, 0.011002415539847241, -0.08505990845387994, -0.0503751819320523, -0.05955811642808527, 0.089194254275753, -0.24859833210858448, 0.06467242220717602, 0.46619667118593144, -0.552139535066398, -0.0713034383252228, -0.028969348347204743, 0.1228436567481048, -0.4387200908864068, 0.10042827917462883, -0.33702024579071993, 0.37022098911020873, 0.05625684976318108, 0.03945785728994805, 0.038088054025707925, 0.040458915795095536, 0.03515118879715191, 0.03827564662622774, 0.0448799003877294, 0.04476883972397262, 0.046083696495562154, 0.057001917307368255, 0.21621774552554945, 0.21502408932768685, 0.03072372979943294], "cm5 charges": [-0.47078618651296716, 0.2559395438680549, -0.11719004074649252, -0.006322766452491797, -0.22832300039945885, -0.10349540969745138, -0.10787602638132517, 0.14551133031342853, -0.485944141421069, -0.021822263387298882, 0.5622898584837234, -0.5976967805782326, -0.06090011861424481, -0.07030353754381552, 0.1768487433279441, -0.8811761565233197, 0.128202363915936, -0.512488611274758, 0.467606799913598, 0.11595994170875999, 0.0912385314830547, 0.08988092962416666, 0.09221673188702705, 0.09117637078949094, 0.09768737268830975, 0.10817674203705423, 0.10803150741932699, 0.10950877739314485, 0.12006634331218191, 0.4029107102343664, 0.4017751229904811, 0.0993060884786581], "FUKUI+": [-0.029, -0.006, -0.016, -0.04035883434430641, 0.016999999999999998, -0.013, -0.021, -0.018999999999999996, -0.035, 0.023, -0.039, -0.104, -0.035827393791797196, -0.03799999999999999, -0.02364116565569359, -0.024, -0.041, -0.07264116565569359, -0.011, -0.036, -0.02940022982776919, -0.029008774002710763, -0.027777224305623658, -0.044, -0.039172606208202794, -0.026321906176738068, -0.0271175179070864, -0.026560575916175527, -0.05299999999999999, -0.033076503032919244, -0.03392349696708076, -0.06664116565569358], "FUKUI-": [-0.0568273937917972, -0.014999999999999998, -0.012, -0.03799999999999999, 0.016, -0.021, -0.014999999999999998, -0.018999999999999996, -0.059641165655693586, 0.023, -0.006, -0.083, -0.016641165655693586, -0.012, -0.021, -0.05189027489681561, -0.014999999999999998, -0.07035883434430641, -0.010358834344306412, -0.035641165655693585, -0.03969202547070557, -0.03791697751424353, -0.03903216267074448, -0.045, -0.03799999999999999, -0.03774104581803314, -0.0357626211789141, -0.03646946975654673, -0.03935883434430641, -0.039717668688612824, -0.03864116565569358, -0.05264116565569358], "FUKUIrad": [-0.043, -0.011, -0.014000000000000002, -0.039, 0.016999999999999998, -0.016999999999999998, -0.018, -0.018999999999999996, -0.047, 0.023, -0.023, -0.094, -0.026, -0.024999999999999998, -0.022, -0.03771766868861282, -0.028000000000000004, -0.07130919455789318, -0.011, -0.036, -0.0343186588894424, -0.033535747239325536, -0.03347756496903246, -0.044, -0.039, -0.03195860451653722, -0.031526372647101654, -0.03151502283636113, -0.046, -0.03671766868861282, -0.03628233131138717, -0.059641165655693586], "s proportion": [1.669, 1.019, 1.066, 1.083481800766096, 1.007, 1.0603588343443064, 1.061, 1.047, 1.446, 0.9829999999999999, 0.9971726062082028, 1.7329999999999999, 1.084, 1.065, 1.045, 1.4349234969670808, 1.0306411656556935, 1.558, 0.989, 0.944, 0.960530530243453, 0.9620604659260668, 0.9595952319665835, 0.965, 0.962, 0.9550966195354114, 0.9553136631560735, 0.9542308829642087, 0.9429999999999998, 0.7834353373772256, 0.7849234969670807, 0.969], "p proportion": [4.7456411656556945, 2.7510000000000003, 3.0039999999999996, 2.905358834344306, 3.0779999999999994, 2.99, 2.9989999999999997, 2.8631862281361036, 3.8021862281361036, 2.952, 2.5366411656556935, 4.8192823313113875, 2.9873588343443065, 2.964, 2.8323588343443067, 4.004, 2.869, 3.7783588343443064, 2.641, 0.0, 0.0, 0.0, 0.0, 0.0, 0.0, 0.0, 0.0, 0.0, 0.0, 0.0, 0.0, 0.0], "d proportion": [0.0, 0.0, 0.0, 0.0, 0.0, 0.0, 0.0, 0.0, 0.0, 0.0, 0.0, 0.0, 0.0, 0.0, 0.0, 0.0, 0.0, 0.0, 0.0, 0.0, 0.0, 0.0, 0.0, 0.0, 0.0, 0.0, 0.0, 0.0, 0.0, 0.0, 0.0, 0.0], "Coordination numbers": [1.709, 2.912309194557893, 2.9149999999999996, 2.96, 3.7549999999999994, 2.913, 2.917, 2.894, 2.73, 3.6949999999999994, 2.7649999999999997, 0.8599999999999999, 2.96, 2.94, 2.8849999999999993, 2.6359999999999997, 2.896, 1.83, 2.888641165655693, 0.9249999999999999, 0.924, 0.924, 0.924, 0.9249999999999999, 0.9249999999999999, 0.924, 0.924, 0.924, 0.9249999999999999, 0.8599999999999999, 0.8599999999999999, 0.9249999999999999], "Dispersion coefficient C6": [18.555929481210217, 25.174043280962653, 29.431511840410142, 27.648448578695827, 22.662309194557892, 29.17860794358543, 29.31811660759803, 27.18642209605862, 22.87800317639754, 21.474950360213587, 22.507103366279424, 22.370596986441328, 28.977747708332657, 28.81861838308711, 26.481459018197512, 27.186240430242854, 27.292750890758875, 27.160250013521505, 23.51295353661113, 2.14854506248041, 2.3202977235821747, 2.337826542213275, 2.299952237237469, 2.4127176686886127, 2.364235867922517, 2.194031138709456, 2.17370313133144, 2.168142763537314, 2.1781293252455485, 1.2961238646734987, 1.3051821474581782, 2.3216411656556932], "Polarizability alpha": [5.8160464633888695, 8.227358834344306, 8.896358834344307, 8.624358834344307, 6.788, 8.857690805442108, 8.879358834344306, 8.549, 7.103877033578209, 6.629309194557893, 7.769358834344306, 6.341515022836361, 8.829358834344308, 8.80440847413072, 8.436717668688612, 7.743584262765138, 8.565641165655695, 7.722717668688613, 7.95, 2.292358834344306, 2.381932781301246, 2.391313536379283, 2.371803322105884, 2.429358834344306, 2.4043588343443063, 2.314655214687066, 2.304201926943215, 2.3011428583697184, 2.3078966337205746, 1.7835355212304345, 1.7893351535240165, 2.3826411656556936], "FOD": [0.0, 0.0, 0.0, 0.0, 0.0, 0.0, 0.0, 0.0, 0.0, 0.0, 0.0, 0.0, 0.0, 0.0, 0.0, 0.0, 0.0, 0.0, 0.0, 0.0, 0.0, 0.0, 0.0, 0.0, 0.0, 0.0, 0.0, 0.0, 0.0, 0.0, 0.0, 0.0], "FOD s proportion": [0.0, 0.0, 0.0, 0.0, 0.0, 0.0, 0.0, 0.0, 0.0, 0.0, 0.0, 0.0, 0.0, 0.0, 0.0, 0.0, 0.0, 0.0, 0.0, 0.0, 0.0, 0.0, 0.0, 0.0, 0.0, 0.0, 0.0, 0.0, 0.0, 0.0, 0.0, 0.0], "FOD p proportion": [0.0, 0.0, 0.0, 0.0, 0.0, 0.0, 0.0, 0.0, 0.0, 0.0, 0.0, 0.0, 0.0, 0.0, 0.0, 0.0, 0.0, 0.0, 0.0, 0.0, 0.0, 0.0, 0.0, 0.0, 0.0, 0.0, 0.0, 0.0, 0.0, 0.0, 0.0, 0.0], "FOD d proportion": [0.0, 0.0, 0.0, 0.0, 0.0, 0.0, 0.0, 0.0, 0.0, 0.0, 0.0, 0.0, 0.0, 0.0, 0.0, 0.0, 0.0, 0.0, 0.0, 0.0, 0.0, 0.0, 0.0, 0.0, 0.0, 0.0, 0.0, 0.0, 0.0, 0.0, 0.0, 0.0], "total energy": -53.525737405262504, "HOMO-LUMO gap/eV": 2.725807320707185, "electronic energy": -54.255519471399026, "Dipole module/D": 3.539349014260436, "Total charge": 0.0, "HOMO": -10.14720585340185, "LUMO": -7.42139886622466, "Fermi-level/eV": -8.784294187233446, "Total dispersion C6": 13158.246700091988, "Total dispersion C8": 316854.82722081745, "Total polarizability alpha": 179.98841897475697, "Total FOD": 0.0}