{"dipole": [0.2507925415457502, -1.3518444499022952, -0.8137417593676309], "partial charges": [-0.04266238295350077, -0.14293397104450886, -0.036654461492584396, 0.3158877974107724, -0.4783578156737028, -0.22652447928823757, 0.049170795439387516, -0.06893899696848729, -0.020675414261814924, -0.06031008481725551, -0.026818981187642556, -0.024995827958601943, -0.05696358001465336, -0.054019957462466864, -0.05716163206327954, -0.02662880453878875, 0.051426041154081885, 0.04788348512212725, 0.04946235066323642, 0.042359783674080324, 0.04358014469738742, 0.0730259906003126, 0.1630673064356917, 0.057331528564631036, 0.03484185114525848, 0.03897004924548662, 0.025748620098889705, 0.028161989903843016, 0.03102709796110144, 0.035210615551785035, 0.03062783040929228, 0.030410047316358744, 0.030962647583162903, 0.030535940705828487, 0.02747719279841303, 0.03239558986376679, 0.02610082855636878, 0.027980872325920475], "mulliken charges": [0.05883356473466233, -0.3108236211612435, 0.06696673745771037, 0.558224208155155, -0.5855037108802023, -0.3880730471421577, 0.12556086752292592, -0.06889824180551986, -0.01698433296643896, -0.06007115498375759, -0.0296127058867299, -0.024760826758323327, -0.04926961203890681, -0.04253857646300442, -0.0499625802618328, -0.027648303082714112, 0.031744945644357876, 0.033084665496881695, 0.032776755696172694, 0.025936127477135848, 0.028398704817075827, 0.05497941466826371, 0.21350071521817282, 0.04555980935688247, 0.031116834101083478, 0.034286249437564364, 0.024033739568454414, 0.024271109040578567, 0.02641015071728721, 0.03592957956527325, 0.02782475066284326, 0.025242880343113654, 0.02682941363711429, 0.024792884777781694, 0.02462830596602594, 0.024411100062909235, 0.024576437070290016, 0.024235923946538805], "cm5 charges": [-0.02829336025048279, -0.573379131615514, -0.01921722089928575, 0.7180354083138091, -0.6271729019015782, -0.7436463387177407, 0.12053307832043496, -0.16811284547470218, -0.08181329962246474, -0.1625590945259117, -0.08783476140491853, -0.08784828088086709, -0.15602509345968463, -0.1512840578837822, -0.1566680616826106, -0.09088426948268624, 0.09488191499979681, 0.09502831629076232, 0.09672148890311358, 0.08785526795026652, 0.09058312613583944, 0.12016372059347263, 0.4163116016811791, 0.11817897407044337, 0.09052469118309472, 0.0902687047033004, 0.08151876030291742, 0.08166982651543692, 0.08362331629632473, 0.09735116245095489, 0.08701581077099106, 0.08079605932423403, 0.0820436582848416, 0.07999620733149057, 0.07871697959784692, 0.08083098801846401, 0.07889643707029001, 0.08319939732434059], "FUKUI+": [0.034, -0.08508382885764504, 0.04145185792222085, -0.16394563027326423, -0.22902945913090925, -0.0599987491466086, 0.01563072008203277, 0.004451857922220847, 0.001149403028902697, 0.006356824620053946, -0.0008825578087893417, -0.0005481420777791536, 0.003409943493398336, 0.004988795555478122, 0.005559346522301032, 0.0029887955554781217, -0.05063687382309596, -0.05902017654158883, -0.04572093229102151, -0.05748142077779153, -0.0550391189155073, -0.030425090579965376, -0.08083109143131856, -0.018346519875101965, -0.007283199981467061, -0.025119191101689777, -0.02616060747342458, -0.012508694851138898, -0.01649461745066425, -0.0006494842468520978, -0.006065509062485095, -0.009375832102744992, -0.009739459535504362, -0.012626573189432309, -0.017458506521604123, -0.009033613333565635, -0.017180113013203328, -0.012281794914753508], "FUKUI-": [0.029988795555478124, -0.10390081249517669, 0.030409943493398338, 5.311887334438985e-05, -0.07231150878487873, -0.06628545106032221, 0.0015651459107750944, 0.0023943374170600023, 0.0016415228840724564, 0.005857654523018719, -0.007725857108861134, -0.001627824042823712, 0.003976340257564836, 0.006041914428822512, 0.007578852062079787, 0.003503324299691639, -0.0425015712779242, -0.054928641060380166, -0.04344944212121998, -0.06056414248654374, -0.06163532916317216, -0.04002745548121413, -0.03660126095112355, -0.03385080167308014, -0.022067226667131276, -0.032336477179421924, -0.03302191083195605, -0.0222882579949817, -0.02590181591940805, -0.02074186482768166, -0.02440298235608244, -0.03428709624613986, -0.033746509777369836, -0.05291160798716043, -0.04818966496185161, -0.042889608050654816, -0.042207919648238966, -0.0305647442682929], "FUKUIrad": [0.03200000000000001, -0.09447136346199961, 0.03599999999999999, -0.08145185792222086, -0.15067048395789395, -0.06333731908027519, 0.00867263451085528, 0.00344405488405168, 0.0011157896953370606, 0.006306609095974561, -0.0043195624509755545, -0.0010879830603014327, 0.003892511399919814, 0.005590056506601665, 0.0065481420777791545, 0.002966386666434364, -0.04663271962043955, -0.056968806578723566, -0.0447748039606696, -0.05930245489331815, -0.05813225229264056, -0.035415889785138606, -0.05845185792222085, -0.02637273181298063, -0.01472335540207832, -0.02918591971173334, -0.0298115858915398, -0.01788727197853842, -0.02119821668503615, -0.01099070279056771, -0.014944819678243876, -0.021551790913291912, -0.022222027442025845, -0.032510374541557106, -0.03302905748842704, -0.026030709984300633, -0.030157704124159575, -0.02169173840815184], "s proportion": [0.9830000000000001, 1.4410419144288227, 0.9810000000000001, 0.9460726244131232, 1.726, 1.434175958810547, 1.0375145287442136, 1.0444099434933984, 1.0624099434933985, 1.036011204444522, 1.0694950232044347, 1.0669663866664345, 1.032, 1.029, 1.032, 1.0669580855711776, 0.967916171142355, 0.9669037158444417, 0.9671913174577254, 0.9744814207777915, 0.9720515742134206, 0.9454250905799654, 0.786356824620054, 0.9544722631615694, 0.9691723099750342, 0.9654781662747051, 0.9761801130132035, 0.9754548576860913, 0.9733633768048319, 0.9639507847013844, 0.9723165626871051, 0.9749468811266556, 0.973114040784858, 0.9750419144288226, 0.9756124653956455, 0.9755788520620798, 0.9752220274420259, 0.9758344928376713], "p proportion": [2.958, 3.8699161711423558, 2.952000000000001, 2.495916171142355, 4.859874256713533, 3.953493772351044, 2.8369804944602217, 3.024919572548708, 2.954368029064576, 3.023559346522301, 2.9603351685273145, 2.9584406534776995, 3.01742114793792, 3.013590056506602, 3.0180112044445218, 2.961180113013204, 0.0, 0.0, 0.0, 0.0, 0.0, 0.0, 0.0, 0.0, 0.0, 0.0, 0.0, 0.0, 0.0, 0.0, 0.0, 0.0, 0.0, 0.0, 0.0, 0.0, 0.0, 0.0], "d proportion": [0.0, 0.0, 0.0, 0.0, 0.0, 0.0, 0.0, 0.0, 0.0, 0.0, 0.0, 0.0, 0.0, 0.0, 0.0, 0.0, 0.0, 0.0, 0.0, 0.0, 0.0, 0.0, 0.0, 0.0, 0.0, 0.0, 0.0, 0.0, 0.0, 0.0, 0.0, 0.0, 0.0, 0.0, 0.0, 0.0, 0.0, 0.0], "Coordination numbers": [3.690000000000001, 2.7320419144288226, 3.6990000000000003, 2.699011204444522, 0.858, 2.6890000000000005, 3.8199833978094864, 3.8360502155240797, 3.974601260951124, 3.8720448177780877, 3.9750307099843014, 3.900946881126656, 3.826, 3.8300000000000005, 3.826, 3.9000000000000004, 0.9240000000000002, 0.9240000000000002, 0.9240000000000002, 0.9240000000000002, 0.9240000000000002, 0.9240000000000002, 0.8600000000000001, 0.9239887955554783, 0.9240000000000002, 0.9240000000000002, 0.9240000000000002, 0.9240000000000002, 0.9240000000000002, 0.9240000000000002, 0.9240000000000002, 0.9240000000000002, 0.9240000000000002, 0.9240000000000002, 0.9240000000000002, 0.9240000000000002, 0.9240000000000002, 0.9240000000000002],