{"dipole": [1.053e-05, 3.738e-05, -2.168e-05], "partial charges": [-0.0384985, -0.03849186, 0.01498974, -0.03850454, -0.03851094, 0.01499373, -0.03850053, -0.03850601, 0.0149897, -0.03849776, -0.03849107, 0.0149901, -0.03850324, -0.03850232, 0.01499516, -0.03850022, -0.03850608, 0.01499015, 0.00197182, 0.00197904, 0.00197874, 0.00197164, 0.00197888, 0.00197928, 0.03001459, 0.03000379, 0.03001993, 0.03002396, 0.03002842, 0.03001995, 0.03001338, 0.03000394, 0.03002089, 0.030007, 0.03002909, 0.03002014], "mulliken charges": [-0.03605, -0.03604, 0.00996, -0.03605, -0.03606, 0.00996, -0.03605, -0.03605, 0.00996, -0.03605, -0.03604, 0.00996, -0.03605, -0.03605, 0.00996, -0.03605, -0.03605, 0.00996, -0.00278, -0.00277, -0.00277, -0.00278, -0.00277, -0.00277, 0.03246, 0.03245, 0.03246, 0.03246, 0.03246, 0.03246, 0.03245, 0.03245, 0.03246, 0.03245, 0.03246, 0.03246], "cm5 charges": [-0.08854, -0.08853, 0.00297, -0.08855, -0.08856, 0.00297, -0.08855, -0.08855, 0.00297, -0.08854, -0.08853, 0.00297, -0.08854, -0.08854, 0.00297, -0.08855, -0.08855, 0.00297, -0.00319, -0.00318, -0.00318, -0.00319, -0.00318, -0.00318, 0.08865, 0.08863, 0.08865, 0.08866, 0.08867, 0.08866, 0.08865, 0.08863, 0.08865, 0.08864, 0.08867, 0.08866], "FUKUI+": [-0.022, -0.022, -0.021, -0.022, -0.022, -0.021, -0.022, -0.022, -0.021, -0.022, -0.022, -0.021, -0.022, -0.022, -0.021, -0.022, -0.022, -0.021, -0.013, -0.013, -0.013, -0.013, -0.013, -0.013, -0.044, -0.044, -0.044, -0.044, -0.044, -0.044, -0.044, -0.044, -0.044, -0.044, -0.044, -0.044], "FUKUI-": [-0.023, -0.023, -0.021, -0.023, -0.023, -0.021, -0.023, -0.023, -0.021, -0.023, -0.023, -0.021, -0.023, -0.023, -0.021, -0.023, -0.023, -0.021, -0.013, -0.013, -0.013, -0.013, -0.013, -0.013, -0.044, -0.044, -0.044, -0.044, -0.044, -0.044, -0.044, -0.044, -0.044, -0.044, -0.044, -0.044], "FUKUIrad": [-0.022, -0.022, -0.021, -0.022, -0.022, -0.021, -0.022, -0.022, -0.021, -0.022, -0.022, -0.021, -0.022, -0.022, -0.021, -0.022, -0.022, -0.021, -0.013, -0.013, -0.013, -0.013, -0.013, -0.013, -0.044, -0.044, -0.044, -0.044, -0.044, -0.044, -0.044, -0.044, -0.044, -0.044, -0.044, -0.044], "s proportion": [1.064, 1.064, 1.069, 1.064, 1.064, 1.069, 1.064, 1.064, 1.069, 1.064, 1.064, 1.069, 1.064, 1.064, 1.069, 1.064, 1.064, 1.069, 1.075, 1.075, 1.075, 1.075, 1.075, 1.075, 0.968, 0.968, 0.968, 0.968, 0.968, 0.968, 0.968, 0.968, 0.968, 0.968, 0.968, 0.968], "p proportion": [2.972, 2.972, 2.921, 2.972, 2.972, 2.921, 2.972, 2.972, 2.921, 2.972, 2.972, 2.921, 2.972, 2.972, 2.921, 2.972, 2.972, 2.921, 2.928, 2.928, 2.928, 2.928, 2.928, 2.928, 0.0, 0.0, 0.0, 0.0, 0.0, 0.0, 0.0, 0.0, 0.0, 0.0, 0.0, 0.0], "d proportion": [0.0, 0.0, 0.0, 0.0, 0.0, 0.0, 0.0, 0.0, 0.0, 0.0, 0.0, 0.0, 0.0, 0.0, 0.0, 0.0, 0.0, 0.0, 0.0, 0.0, 0.0, 0.0, 0.0, 0.0, 0.0, 0.0, 0.0, 0.0, 0.0, 0.0, 0.0, 0.0, 0.0, 0.0, 0.0, 0.0], "Coordination numbers": [2.916, 2.916, 2.979, 2.916, 2.916, 2.979, 2.916, 2.916, 2.979, 2.916, 2.916, 2.979, 2.916, 2.916, 2.979, 2.916, 2.916, 2.979, 2.996, 2.996, 2.996, 2.996, 2.996, 2.996, 0.925, 0.925, 0.925, 0.925, 0.925, 0.925, 0.925, 0.925, 0.925, 0.925, 0.925, 0.925], "Dispersion coefficient C6": [28.957, 28.957, 27.672, 28.957, 28.957, 27.672, 28.957, 28.957, 27.672, 28.957, 28.957, 27.672, 28.957, 28.957, 27.672, 28.957, 28.957, 27.672, 27.971, 27.971, 27.971, 27.971, 27.971, 27.971, 2.586, 2.586, 2.586, 2.586, 2.586, 2.586, 2.586, 2.586, 2.586, 2.586, 2.586, 2.586], "Polarizability alpha": [8.824, 8.824, 8.629, 8.824, 8.824, 8.629, 8.824, 8.824, 8.629, 8.824, 8.824, 8.629, 8.824, 8.824, 8.629, 8.824, 8.824, 8.629, 8.676, 8.676, 8.676, 8.676, 8.676, 8.676, 2.515, 2.515, 2.515, 2.515, 2.515, 2.515, 2.515, 2.515, 2.515, 2.515, 2.515, 2.515], "FOD": [0.0, 0.0, 0.0, 0.0, 0.0, 0.0, 0.0, 0.0, 0.0, 0.0, 0.0, 0.0, 0.0, 0.0, 0.0, 0.0, 0.0, 0.0, 0.0, 0.0, 0.0, 0.0, 0.0, 0.0, 0.0, 0.0, 0.0, 0.0, 0.0, 0.0, 0.0, 0.0, 0.0, 0.0, 0.0, 0.0], "FOD s proportion": [0.0, 0.0, 0.0, 0.0, 0.0, 0.0, 0.0, 0.0, 0.0, 0.0, 0.0, 0.0, 0.0, 0.0, 0.0, 0.0, 0.0, 0.0, 0.0, 0.0, 0.0, 0.0, 0.0, 0.0, 0.0, 0.0, 0.0, 0.0, 0.0, 0.0, 0.0, 0.0, 0.0, 0.0, 0.0, 0.0], "FOD p proportion": [0.0, 0.0, 0.0, 0.0, 0.0, 0.0, 0.0, 0.0, 0.0, 0.0, 0.0, 0.0, 0.0, 0.0, 0.0, 0.0, 0.0, 0.0, 0.0, 0.0, 0.0, 0.0, 0.0, 0.0, 0.0, 0.0, 0.0, 0.0, 0.0, 0.0, 0.0, 0.0, 0.0, 0.0, 0.0, 0.0], "FOD d proportion": [0.0, 0.0, 0.0, 0.0, 0.0, 0.0, 0.0, 0.0, 0.0, 0.0, 0.0, 0.0, 0.0, 0.0, 0.0, 0.0, 0.0, 0.0, 0.0, 0.0, 0.0, 0.0, 0.0, 0.0, 0.0, 0.0, 0.0, 0.0, 0.0, 0.0, 0.0, 0.0, 0.0, 0.0, 0.0, 0.0], "total energy": -57.59405871, "HOMO-LUMO gap/eV": 2.55844655, "electronic energy": -58.71406911, "Dipole module/D": 0.0, "Total charge": 0.0, "HOMO": -9.986, "LUMO": -7.4275, "Fermi-level/eV": -8.7067, "Total dispersion C6": 21651.556276, "Total dispersion C8": 569542.920232, "Total polarizability alpha": 239.895166, "Total FOD": 0.0}