{"dipole": [-0.061449007531315714, 0.01560511414551849, 0.0013912455916227986], "partial charges": [-0.11255338824967373, 0.011386152406613195, -0.1602222691765071, 0.0014764062258521321, 0.008594130685440595, -0.112157320016335, -0.10518753652572203, 0.10568387905756887, 0.01621350441948819, -0.013123651398332617, -0.005510799493619038, -0.014021857888038131, 0.011769659686234567, 0.5430153172981681, -0.35495996687289877, -0.355423652601776, 0.48212241176070547, -0.19399765508552894, -0.19250687297822228, -0.1940049405891328, 0.5497727034290171, -0.3483080074915208, -0.3478906549774255, 0.05195179893849741, 0.04747156830490403, 0.05569866971519405, 0.04461224125311952, 0.044364592345145414, 0.045873148895496166, 0.04382381511170714, 0.049244392253360705, 0.05144691403261285, 0.05673705605961116, 0.04711373306976298, 0.037767334832738086, 0.10308992120384503, 0.1006392181726499], "mulliken charges": [-0.09257054199988651, 0.10050689699960282, -0.3417032519993191, 0.08199581299982978, 0.0036436450002837067, -0.08751364500028372, -0.10570930900119156, 0.17934270999943258, 0.043112167999546064, 0.0022327099994325864, -0.012642709999432587, 0.001976896999602811, 0.0345436450002837, 0.6889841870001702, -0.44595512200102133, -0.44611921399807075, 0.6388932519993191, -0.2365985769950635, -0.23493019000624155, -0.2362759619987517, 0.691928916000227, -0.44500203198910565, -0.4446333880097595, 0.03994802609044566, 0.036010634961132194, 0.04411971294876259, 0.03544184402473922, 0.03576165197662258, 0.04070247694399631, 0.04012643905623065, 0.03926783200045393, 0.043427980999375844, 0.04750945800011348, 0.04193487799897866, 0.034067290000567414, 0.09247743899948933, 0.09169743899948933], "cm5 charges": [-0.23737054199988653, 0.04938743899948933, -0.5861490649991489, 0.03775054199988652, -0.015975812999829777, -0.2302936450002837, -0.20433458000113486, 0.24894798099937585, 0.10631689699960281, -0.03879201900062415, -0.014692709999432587, -0.03891310300039719, 0.09684310300039718, 0.5200647290000567, -0.4085238890023264, -0.40868571799670905, 0.6909232519993191, -0.2576043899948933, -0.25545727701208587, -0.25686414599285057, 0.5272841870001702, -0.4063723299869495, -0.40595836101185895, 0.09479121110548211, 0.08835140797457988, 0.09799575492027846, 0.102473904032683, 0.10289904996879227, 0.10918825097838156, 0.10892539402190216, 0.09122256100051067, 0.09558325199931911, 0.10467472900005674, 0.09496487799897865, 0.08857147700073764, 0.1547932519993191, 0.1540532519993191], "FUKUI+": [0.009, 0.007, -0.001, 0.008, 0.007, 0.008, 0.0, -0.028, -0.008, -0.023, -0.033, -0.022, -0.006527099994325868, -0.08747290000567412, -0.11794580001134826, -0.11852709999432587, -0.002, -0.021, -0.022054199988651737, -0.022418700017022397, -0.081, -0.11405419998865174, -0.11394580001134827, -0.010433599909213885, -0.021689699960281077, -0.01287670013050504, -0.007783200045393058, -0.008216799954606942, -0.0137587998411243, -0.0122412001588757, -0.02, -0.014, 0.01, -0.02, 0.001, -0.043, -0.042], "FUKUI-": [0.011, 0.022, -0.13, 0.025, -0.037, 0.018, -0.038, 0.025, -0.006, -0.008, -0.022, -0.009, -0.007, 0.005, -0.02589160002269653, -0.02610839997730347, 0.0, -0.015054199988651738, -0.014527099994325866, -0.016945800011348267, 0.007, -0.025, -0.02452709999432587, -0.029256100051067192, -0.03601489989219149, -0.03972900005674132, -0.06513280018157223, -0.06639429981275365, -0.06160570018724636, -0.06339429981275364, -0.06647290000567413, -0.049, -0.047, -0.063, -0.054, -0.032, -0.034], "FUKUIrad": [0.01, 0.015, -0.066, 0.017, -0.015, 0.013, -0.019, -0.002, -0.007, -0.016, -0.027, -0.015527099994325867, -0.007, -0.041, -0.07241870001702239, -0.0725812999829776, -0.001, -0.018, -0.018527099994325866, -0.019945800011348262, -0.037, -0.06952709999432588, -0.06947290000567413, -0.02010839997730347, -0.028852299926236284, -0.026039300096460247, -0.036458000113482644, -0.03754199988651736, -0.0374187000170224, -0.0375812999829776, -0.043, -0.032, -0.018, -0.041472900005674135, -0.027, -0.038, -0.038], "s proportion": [1.013, 1.012, 1.459, 1.013, 1.097, 1.009, 1.052, 1.054, 1.074, 1.072, 1.075, 1.072, 1.075, 1.326, 1.746, 1.746, 1.023, 1.823, 1.822527099994326, 1.823, 1.325, 1.747, 1.7464729000056742, 0.9604335999092138, 0.9643103000397188, 0.9562561000510672, 0.9646354999716293, 0.9638916000226965, 0.9597290000567413, 0.9602709999432586, 0.9609999999999999, 0.9569999999999999, 0.9525270999943258, 0.958, 0.966, 0.9074729000056742, 0.908], "p proportion": [3.08, 2.888, 3.883, 2.905, 2.899, 3.079, 3.0534729000056737, 2.766472900005674, 2.883, 2.926, 2.937, 2.926, 2.891, 2.985, 4.7, 4.7, 2.3384729000056743, 5.414, 5.411945800011348, 5.413527099994326, 2.983, 4.698054199988651, 4.6979458000113485, 0.0, 0.0, 0.0, 0.0, 0.0, 0.0, 0.0, 0.0, 0.0, 0.0, 0.0, 0.0, 0.0, 0.0], "d proportion": [0.0, 0.0, 0.0, 0.0, 0.0, 0.0, 0.0, 0.0, 0.0, 0.0, 0.0, 0.0, 0.0, 0.0, 0.0, 0.0, 0.0, 0.0, 0.0, 0.0, 0.0, 0.0, 0.0, 0.0, 0.0, 0.0, 0.0, 0.0, 0.0, 0.0, 0.0, 0.0, 0.0, 0.0, 0.0, 0.0, 0.0], "Coordination numbers": [3.749, 3.746, 2.73, 3.746, 2.937, 3.755, 2.839, 2.901, 2.914, 2.912, 2.959, 2.913, 2.911, 2.759, 0.927, 0.927, 3.331, 0.788, 0.788, 0.788, 2.758, 0.927, 0.927, 0.924, 0.924, 0.924, 0.924, 0.924, 0.924, 0.924, 0.924, 0.924, 0.924, 0.925, 0.925, 0.924, 0.924], "Dispersion coefficient C6": [22.718527099994326, 20.452472900005674, 24.462527099994325, 20.622472900005675, 27.827054199988652, 22.701472900005676, 30.645891600022697, 25.663472900005676, 27.648945800011347, 28.341472900005673, 28.158054199988648, 28.363, 27.752527099994325, 13.555, 20.76949730020994, 20.77861109976736, 17.408, 11.17327099994326, 11.158256100051068, 11.173472900005674, 13.482, 20.643472900005676, 20.635635499971627, 2.29831159888787, 2.3519946004198857, 2.251166700697918, 2.3888320004539305, 2.3922221995347215, 2.386519102717909, 2.4130079972764165, 2.3295270999943263, 2.302, 2.2375270999943258, 2.3564187000170227, 2.479054199988652, 1.7569458000113483, 1.7789458000113483], "Polarizability alpha": [6.798, 6.451, 7.346, 6.478, 8.651527099994325, 6.794, 9.072, 8.306, 8.622472900005674, 8.73, 8.704, 8.733, 8.638, 5.468, 6.1118374000340445, 6.113162599965955, 6.619, 3.9485270999943256, 3.945945800011348, 3.949, 5.453, 6.093, 6.092, 2.3702370994269124, 2.3979702002156174, 2.3462656003631444, 2.4169160002269656, 2.418611099767361, 2.4129147013788144, 2.426085298621186, 2.387, 2.373, 2.339527099994326, 2.400472900005674, 2.462, 2.0724729000056743, 2.0859458000113484], "FOD": [0.0, 0.0, 0.0, 0.0, 0.0, 0.0, 0.0, 0.0, 0.0, 0.0, 0.0, 0.0, 0.0, 0.0, 0.0, 0.0, 0.0, 0.0, 0.0, 0.0, 0.0, 0.0, 0.0, 0.0, 0.0, 0.0, 0.0, 0.0, 0.0, 0.0, 0.0, 0.0, 0.0, 0.0, 0.0, 0.0, 0.0], "FOD s proportion": [0.0, 0.0, 0.0, 0.0, 0.0, 0.0, 0.0, 0.0, 0.0, 0.0, 0.0, 0.0, 0.0, 0.0, 0.0, 0.0, 0.0, 0.0, 0.0, 0.0, 0.0, 0.0, 0.0, 0.0, 0.0, 0.0, 0.0, 0.0, 0.0, 0.0, 0.0, 0.0, 0.0, 0.0, 0.0, 0.0, 0.0], "FOD p proportion": [0.0, 0.0, 0.0, 0.0, 0.0, 0.0, 0.0, 0.0, 0.0, 0.0, 0.0, 0.0, 0.0, 0.0, 0.0, 0.0, 0.0, 0.0, 0.0, 0.0, 0.0, 0.0, 0.0, 0.0, 0.0, 0.0, 0.0, 0.0, 0.0, 0.0, 0.0, 0.0, 0.0, 0.0, 0.0, 0.0, 0.0], "FOD d proportion": [0.0, 0.0, 0.0, 0.0, 0.0, 0.0, 0.0, 0.0, 0.0, 0.0, 0.0, 0.0, 0.0, 0.0, 0.0, 0.0, 0.0, 0.0, 0.0, 0.0, 0.0, 0.0, 0.0, 0.0, 0.0, 0.0, 0.0, 0.0, 0.0, 0.0, 0.0, 0.0, 0.0, 0.0, 0.0, 0.0, 0.0], "total energy": -73.97994065139441, "HOMO-LUMO gap/eV": 0.9939552058943433, "electronic energy": -74.63704903052363, "Dipole module/D": 2.0168916000226966, "Total charge": 0.0, "HOMO": -10.766749730020994, "LUMO": -9.77281083999773, "Fermi-level/eV": -10.269903930009646, "Total dispersion C6": 15917.940281246305, "Total dispersion C8": 362514.42400410335, "Total polarizability alpha": 190.0263193429017, "Total FOD": 0.0}