{"dipole": [-0.057961002057383235, -0.0789048116163151, 0.01140788797601872], "partial charges": [-0.09988033270873399, -0.05170754716274451, -0.05796345072591051, -0.057393110751146385, -0.053131264051954466, -0.056649827547661846, -0.02877083746766215, -0.09564392570626838, 0.03145375714974817, 0.031819492522021625, 0.032123904142151084, 0.028421038618865913, 0.02857139054485145, 0.029903950765938905, 0.029887439925967187, 0.029649951170966676, 0.02893444544719544, 0.02999436198176146, 0.030344907551903753, 0.03670869558600216, 0.03715066631176642, 0.030031666531187298, 0.03230698471219239, 0.033837642128129765], "mulliken charges": [-0.08356450858364212, -0.03863499258812598, -0.046948996007335854, -0.0464509098259458, -0.04188461401003953, -0.04310426682837041, -0.021658739194576525, -0.0872424223791599, 0.027498336716629792, 0.027164717622523746, 0.02678939374142251, 0.02230691334289168, 0.022075357934677457, 0.02287256431238805, 0.02314120010546749, 0.0233445304155108, 0.023268164539108023, 0.024369602798190185, 0.024220789219813105, 0.028490748745929856, 0.030098036923835923, 0.024855053499850344, 0.030078687474319948, 0.028911791364523726], "cm5 charges": [-0.23392044311358087, -0.15117957462900683, -0.15760127059269982, -0.1569142801991003, -0.15148049309784242, -0.14922793102206544, -0.08608865347060116, -0.18932585645624697, 0.07849121100784662, 0.0782921893002691, 0.07807314925819546, 0.07698839178955988, 0.0768651674782299, 0.07826298441860267, 0.07848929810238336, 0.07878485248621106, 0.07864725096906851, 0.07958515624100461, 0.07946788280410748, 0.08395469592106244, 0.08534022114213938, 0.08038069406233365, 0.08245932210493524, 0.0816510106724015], "FUKUI+": [0.00658907045824257, 0.0031204078715266785, 0.005233228989971658, 0.007509891665844633, 0.0056522039297968295, 0.026055423231757815, -0.16075679231832293, -0.1253888700703386, -0.012382886170819507, -0.010263616819069548, -0.006948914371776327, -0.006867617156784032, -0.007119248078427909, -0.012102229965723344, -0.009972838643899492, -0.015709188354576756, -0.016402083241963277, -0.033988804366547484, -0.030763182718037886, -0.07060691670221067, -0.07924535632726358, -0.14443398221259798, -0.15449041234527242, -0.15653461979113595], "FUKUI-": [0.01753001002479998, 0.004902533487012416, 0.006590043624840791, 0.00785530801980766, 0.0024852910049788356, 0.005414322456699219, -0.04236877044665942, -0.054630590302190044, -0.056406901482671024, -0.058347350870622934, -0.059873446608431136, -0.07380061749136275, -0.07302437295271817, -0.060618958260086286, -0.058946695686525045, -0.04201913301000134, -0.04760279729275715, -0.04401549195261342, -0.043872432095688106, -0.05678127556016271, -0.0701264774865817, -0.06188055514572499, -0.07312577799880564, -0.06828366437000981], "FUKUIrad": [0.012371786297766052, 0.0038208175205558543, 0.0058709179103298365, 0.00746564330923364, 0.0040179910459276335, 0.0156586169114716, -0.10150119264517256, -0.0900885396674028, -0.034424339279637256, -0.03426558895976488, -0.033377962553597915, -0.04045601730370093, -0.04025237970581291, -0.03621688699056518, -0.03435585590080071, -0.028829862158329795, -0.03198634001516143, -0.039205176922302, -0.036980903811106906, -0.06358444466975159, -0.0746205319252787, -0.10304430450996523, -0.11377571798932343, -0.11234291634513872], "s proportion": [1.0071592027319907, 1.0269999999999997, 1.0319999999999998, 1.0324903425035852, 1.0322218138520463, 1.0281316024400484, 1.0718513234485283, 1.0477628272479458, 0.9724953585102695, 0.9727422075558709, 0.9732061277797474, 0.9779235101689538, 0.9780009016221737, 0.9772056029659082, 0.9769087824271443, 0.9766657786018562, 0.9764472869975486, 0.9757155885926021, 0.975706794187301, 0.9715908196460062, 0.9698106507485985, 0.9749999999999998, 0.9696352115524338, 0.971038070825239], "p proportion": [3.076152979662092, 3.0113948952950267, 3.0147983295493845, 3.0141801647488093, 3.0096591426252473, 3.0148876000423828, 2.9500688867813083, 3.039959758974118, 0.0, 0.0, 0.0, 0.0, 0.0, 0.0, 0.0, 0.0, 0.0, 0.0, 0.0, 0.0, 0.0, 0.0, 0.0, 0.0], "d proportion": [0.0, 0.0, 0.0, 0.0, 0.0, 0.0, 0.0, 0.0, 0.0, 0.0, 0.0, 0.0, 0.0, 0.0, 0.0, 0.0, 0.0, 0.0, 0.0, 0.0, 0.0, 0.0, 0.0, 0.0], "Coordination numbers": [3.7499235101689536, 3.7997643074369627, 3.8015232911024848, 3.800849483910972, 3.801575230144141, 3.8039754492106104, 2.8854211668888228, 2.8338956210435584, 0.9239999999999998, 0.9239999999999998, 0.9239999999999998, 0.9239999999999998, 0.9239999999999998, 0.9239999999999998, 0.9239999999999998, 0.9239999999999998, 0.9239999999999998, 0.9239999999999998, 0.9239999999999998, 0.9239999999999998, 0.9239999999999998, 0.925, 0.925, 0.925], "Dispersion coefficient C6": [22.4711015322384, 21.502980576540136, 21.616261892266937, 21.606344782730996, 21.527857697729896, 21.589888426574124, 28.716803582792398, 30.394751420806486, 2.5659766735819947, 2.5609358394211466, 2.556838733860982, 2.609281108122807, 2.606918721290871, 2.5876694728308793, 2.5882163461970435, 2.5917189552553275, 2.6018106591535917, 2.5867000587610356, 2.581608412929262, 2.4935708544449406, 2.4875292562712383, 2.58605644406498, 2.553791062197758, 2.532440554940499], "Polarizability alpha": [6.760602704064313, 6.60224393946526, 6.619435059199839, 6.618215035010687, 6.605829476063897, 6.614844552875551, 8.785554849338558, 9.034520338181167, 2.5049691814073816, 2.5024947329482337, 2.5005446745108424, 2.5259856025035097, 2.5251382798661166, 2.5157614100558665, 2.5158587766462963, 2.5176659705103455, 2.522542990688785, 2.515156596795859, 2.5127156607693095, 2.4693060704671534, 2.466449331090796, 2.5147224727976827, 2.499145378362191, 2.4886836967695944], "FOD": [0.0, 0.0, 0.0, 0.0, 0.0, 0.0, 0.0, 0.0, 0.0, 0.0, 0.0, 0.0, 0.0, 0.0, 0.0, 0.0, 0.0, 0.0, 0.0, 0.0, 0.0, 0.0, 0.0, 0.0], "FOD s proportion": [0.0, 0.0, 0.0, 0.0, 0.0, 0.0, 0.0, 0.0, 0.0, 0.0, 0.0, 0.0, 0.0, 0.0, 0.0, 0.0, 0.0, 0.0, 0.0, 0.0, 0.0, 0.0, 0.0, 0.0], "FOD p proportion": [0.0, 0.0, 0.0, 0.0, 0.0, 0.0, 0.0, 0.0, 0.0, 0.0, 0.0, 0.0, 0.0, 0.0, 0.0, 0.0, 0.0, 0.0, 0.0, 0.0, 0.0, 0.0, 0.0, 0.0], "FOD d proportion": [0.0, 0.0, 0.0, 0.0, 0.0, 0.0, 0.0, 0.0, 0.0, 0.0, 0.0, 0.0, 0.0, 0.0, 0.0, 0.0, 0.0, 0.0, 0.0, 0.0, 0.0, 0.0, 0.0, 0.0], "total energy": -25.262128520283827, "HOMO-LUMO gap/eV": 5.189732441646955, "electronic energy": -25.65327656211839, "Dipole module/D": 0.4452170402501082, "Total charge": 0.0, "HOMO": -10.699042519426692, "LUMO": -5.509318374210834, "Fermi-level/eV": -8.1041908731236, "Total dispersion C6": 4143.759313724262, "Total dispersion C8": 88519.29904916618, "Total polarizability alpha": 97.73812862917246, "Total FOD": 0.0}