{"dipole": [0.0, 0.0, 0.0], "partial charges": [-0.06405683, 0.12812307, 0.12812307, -0.06406624, -0.06405683, -0.06406624], "mulliken charges": [-0.06761, 0.13523, 0.13523, -0.06762, -0.06761, -0.06762], "cm5 charges": [-0.06739, 0.13478, 0.13478, -0.0674, -0.06739, -0.0674], "FUKUI+": [-0.208, -0.085, -0.085, -0.208, -0.208, -0.208], "FUKUI-": [-0.239, -0.023, -0.023, -0.239, -0.239, -0.239], "FUKUIrad": [-0.223, -0.054, -0.054, -0.223, -0.223, -0.223], "s proportion": [1.947, 1.08, 1.08, 1.947, 1.947, 1.947], "p proportion": [5.126, 2.785, 2.785, 5.126, 5.126, 5.126], "d proportion": [-0.005, 0.0, 0.0, -0.005, -0.005, -0.005], "Coordination numbers": [1.054, 2.828, 2.828, 1.054, 1.054, 1.054], "Dispersion coefficient C6": [101.171, 25.185, 25.185, 101.172, 101.171, 101.172], "Polarizability alpha": [15.388, 8.223, 8.223, 15.388, 15.388, 15.388], "FOD": [0.0, 0.0, 0.0, 0.0, 0.0, 0.0], "FOD s proportion": [0.0, 0.0, 0.0, 0.0, 0.0, 0.0], "FOD p proportion": [0.0, 0.0, 0.0, 0.0, 0.0, 0.0], "FOD d proportion": [0.0, 0.0, 0.0, 0.0, 0.0, 0.0], "total energy": -22.45276747, "HOMO-LUMO gap/eV": 3.69149274, "electronic energy": -22.51901243, "Dipole module/D": 0.0, "Total charge": 0.0, "HOMO": -11.3835, "LUMO": -7.692, "Fermi-level/eV": -9.5378, "Total dispersion C6": 2526.318125, "Total dispersion C8": 98481.032097, "Total polarizability alpha": 78.000424, "Total FOD": 0.0}