{"dipole": [0.6819809018460972, -0.07221459166508018, -0.45173407133659926], "partial charges": [-0.09745303753540396, -0.0004033422554000607, -0.05045768927384995, -0.05366273543277231, -0.021610704089529587, -0.0213076007154809, -0.056444699793989264, -0.05966985570103689, 0.005918606267752926, -0.06675480690264815, 0.14165895866247233, -0.39694523319510727, -0.07650990617785186, -0.04248590747165456, -0.009717448029337428, -0.030393076890568485, -0.0632990054340195, -0.08513993438981035, 0.23311912652770658, -0.36966468923629386, 0.0355093542211941, 0.04556216509526972, 0.04434769788532038, 0.03497513330468824, 0.042805816829731745, 0.03458827890696043, 0.03383208668915625, 0.035905624988435705, 0.033468466886849034, 0.032076981853052335, 0.02905387930905547, 0.041693197724602886, 0.042047276988969665, 0.046705507647068184, 0.29733427440376914, 0.02483561455009726, 0.031014337940600326, 0.034321270763575884, 0.034099648642785266, 0.0360466356881695, 0.06543488123760074, 0.06556484907758517], "mulliken charges": [-0.08221503884371886, -0.01689792442513563, -0.04242421095876669, -0.04834704300329356, -0.016922092504599473, -0.02042517229620294, -0.049834652306108666, -0.04486327109665699, 0.0026890872765566094, -0.08226473739937792, 0.2595446983113727, -0.5194066236265134, -0.10037152893979086, -0.031437099051569856, -0.02842689233186471, -0.03508846524118973, -0.058752095671868065, -0.08816993008855506, 0.38942319931815517, -0.49510284996419274, 0.03454954426920703, 0.04007597693192047, 0.040680672230066835, 0.03233970995322256, 0.04212688151660195, 0.030887400878844933, 0.030440093572400323, 0.028386659122513952, 0.026904259462805783, 0.02733276128808654, 0.026869478075313175, 0.03543473801416961, 0.03566882757102911, 0.047813213445815794, 0.35070236609224686, 0.031681956143705184, 0.030346002713146795, 0.02996579134586857, 0.03177464298093386, 0.03222636170923438, 0.06154589102767552, 0.0615267433570621], "cm5 charges": [-0.2265407023193715, -0.0372544211048621, -0.1458293239094016, -0.1547460237268188, -0.0768514471979541, -0.0835648129886089, -0.15693187003778364, -0.14783339893609157, -0.009495813367834982, -0.1303061563648435, 0.2710468761126884, -0.7168730528264304, -0.15246416266170987, -0.08471978657463956, -0.03873605136244026, -0.09632314564672297, -0.16523409266780642, -0.18918867558127786, 0.41246797474874053, -0.543785561024497, 0.08728361591410405, 0.09340034175425989, 0.0942481898115958, 0.08946017673704598, 0.09936135598939418, 0.08756154563329625, 0.08637094764953637, 0.08936731751261924, 0.08841994817495331, 0.0838309863757381, 0.08258273258306634, 0.09093010508938097, 0.09134185381472595, 0.10720640389409665, 0.5218303516821419, 0.08969432307115996, 0.08708558158427343, 0.09071340278165531, 0.08730073998933599, 0.08832793552284746, 0.11837709218910249, 0.11847219644513558], "FUKUI+": [0.01310760331935893, -0.004969578600567274, 0.004268179350456192, 0.0063481678926015665, 0.004030421399432726, 0.0028228517184718943, 0.009030421399432725, 0.011743096305696612, -0.04276330725452323, -0.0384442624264376, -0.019, -0.032, -0.03552531617412968, -0.038918946252307934, -0.013969578600567276, 0.00457465018747223, 0.011287325093736115, 0.012030421399432726, -0.08596957860056727, -0.14516844611822438, -0.022171301907719675, -0.022897436968564527, -0.020752371425515215, -0.0196120555105207, -0.01845187620721014, -0.013484402027444622, -0.0173225768287067, -0.01979630214680503, -0.013280364347104863, -0.01775956530151656, -0.01975071008646915, -0.03140363057639877, -0.031052140635561727, -0.053000000000000005, -0.025, -0.05303042139943273, -0.049236692745476776, -0.022963965356128938, -0.027170656606944177, -0.02431530287507895, -0.051184762062300646, -0.04875720176105308], "FUKUI-": [0.014651832107398434, -0.017939157201134547, 0.007296027257039839, 0.0023127062052453818, 0.0015253161741296717, 0.0018417643323817262, 0.009317746493168839, 0.011030421399432725, -0.024544228788039506, -0.01794936765174066, -0.03528732509373612, -0.07575050013408355, -0.025751798469000338, -0.015, -0.04251380738860678, 0.0022569036943033893, 0.009287325093736113, -0.004969578600567274, -0.01768225350683116, -0.10801914574327992, -0.026055229554427115, -0.02516584944839081, -0.02377611437496291, -0.025808326358344236, -0.027232797740726414, -0.022023017571045786, -0.02419886751765711, -0.041511913550047276, -0.021872628813570143, -0.020097522743512012, -0.021907647419170638, -0.034166937830922, -0.03480523743947885, -0.04476200891960644, -0.037762008919606446, -0.047287325093736114, -0.04076200891960644, -0.025887016565572823, -0.027468192151286402, -0.02383040859860252, -0.03909479619891926, -0.03626381527365851], "FUKUIrad": [0.014126515933268762, -0.011444262426437604, 0.005663107763551237, 0.004211441508726695, 0.0025557375735623974, 0.002584860638078337, 0.009030421399432725, 0.011030421399432725, -0.033525316174129675, -0.02820627134604405, -0.02725690369430339, -0.05376200891960645, -0.030525316174129673, -0.027206271346044045, -0.028226482294870667, 0.003287325093736115, 0.010287325093736114, 0.0037430963056966113, -0.051712674906263884, -0.12659379593075215, -0.024113265731073395, -0.024135428048958088, -0.02213579105308737, -0.022353853481300527, -0.022945472646990303, -0.01773849909952884, -0.020394928413095047, -0.030782559695577853, -0.018061285880621142, -0.01904689039525267, -0.02119497251290675, -0.03267204305622505, -0.03304193018495562, -0.049, -0.03125690369430339, -0.05028732509373612, -0.04476200891960644, -0.024688149047915716, -0.027201078006376903, -0.024048188730169458, -0.04491764791739114, -0.04251050851735579], "s proportion": [1.0146239842008147, 1.0935746501874721, 1.0341467268820954, 1.0339695786005674, 1.058494894774697, 1.062593562801382, 1.0327620089196063, 1.0287126749062638, 1.0905253161741297, 1.057, 1.0144746838258702, 1.6917620089196064, 1.057, 1.0614746838258704, 1.0880506323482593, 1.0717315875201738, 1.0375240178392129, 1.0395253161741298, 1.0854746838258704, 1.738, 0.9652671141449095, 0.9600696250397955, 0.9595328730542603, 0.9678174252494347, 0.9579750050696045, 0.9689102440890042, 0.9695922876434497, 0.9713023658798801, 0.973099966361602, 0.9725442287880395, 0.9731467268820954, 0.9647924303190393, 0.9642379910803935, 0.952287325093736, 0.6490304213994327, 0.9680304213994327, 0.9697126749062639, 0.9701771482815281, 0.9680506323482594, 0.9676620425580045, 0.9385253161741296, 0.9387620089196065], "p proportion": [3.0678506996250556, 2.923394928413095, 3.0081405982116407, 3.014368378841428, 2.9584861926113932, 2.9582379910803938, 3.017187358732134, 3.016091264198298, 2.9067924303190393, 3.0252873250937364, 2.72652531617413, 4.828, 3.04352531617413, 2.969793728653956, 2.940454472877044, 2.9633292552786923, 3.0217443946406135, 3.0490493340133424, 2.5255253161741296, 4.757317746493168, 0.0, 0.0, 0.0, 0.0, 0.0, 0.0, 0.0, 0.0, 0.0, 0.0, 0.0, 0.0, 0.0, 0.0, 0.0, 0.0, 0.0, 0.0, 0.0, 0.0, 0.0, 0.0], "d proportion": [0.0, 0.0, 0.0, 0.0, 0.0, 0.0, 0.0, 0.0, 0.0, 0.0, 0.0, 0.0, 0.0, 0.0, 0.0, 0.0, 0.0, 0.0, 0.0, 0.0, 0.0, 0.0, 0.0, 0.0, 0.0, 0.0, 0.0, 0.0, 0.0, 0.0, 0.0, 0.0, 0.0, 0.0, 0.0, 0.0, 0.0, 0.0, 0.0, 0.0, 0.0, 0.0], "Coordination numbers": [3.7549113092945516, 3.9132379910803934, 3.8064746838258703, 3.80301891261391, 3.8547620089196064, 3.8527226754044843, 3.803494894774697, 3.807464473375264, 2.9647822198684333, 2.9152873250937366, 2.8420000000000005, 1.659, 2.91, 2.915731587520174, 2.9603429977299194, 3.883960899614248, 3.838055672636183, 3.8153760157991856, 2.867800067276796, 0.856, 0.924, 0.924, 0.924, 0.9232684124798264, 0.9237620089196065, 0.924, 0.9239695786005673, 0.923, 0.923, 0.924, 0.923712674906264, 0.924, 0.924, 0.925, 0.804, 0.925, 0.925, 0.9232873250937361, 0.924, 0.924, 0.924, 0.924],