{"dipole": [0.35839597, -0.59063824, 0.02266567], "partial charges": [-0.17724346, 0.08832042, -0.03978727, -0.03085867, -0.04081808, 0.02069238, -0.03429665, -0.02747757, -0.0276811, -0.02947382, 0.01026938, 0.05165166, 0.04255751, 0.04014494, 0.0372412, 0.03468847, 0.03671358, 0.04535708], "mulliken charges": [-0.1143, 0.10304, -0.05083, -0.0227, -0.04457, 0.01423, -0.03601, -0.025, -0.02602, -0.03059, -0.00956, 0.04039, 0.03497, 0.03401, 0.03336, 0.03217, 0.03345, 0.03396], "cm5 charges": [-0.11679, 0.09851, -0.10261, -0.07792, -0.09705, 0.00706, -0.0886, -0.08036, -0.0814, -0.08224, -0.01346, 0.09703, 0.09034, 0.09016, 0.08956, 0.08758, 0.08883, 0.09135], "FUKUI+": [-0.123, -0.053, -0.033, -0.033, -0.054, -0.019, -0.051, -0.033, -0.034, -0.051, -0.019, -0.07, -0.073, -0.072, -0.07, -0.072, -0.072, -0.067], "FUKUI-": [-0.218, -0.034, -0.033, -0.032, -0.051, -0.02, -0.044, -0.03, -0.034, -0.039, -0.017, -0.064, -0.068, -0.067, -0.063, -0.066, -0.065, -0.053], "FUKUIrad": [-0.17, -0.044, -0.033, -0.032, -0.053, -0.019, -0.048, -0.031, -0.034, -0.045, -0.018, -0.067, -0.07, -0.07, -0.067, -0.069, -0.069, -0.06], "s proportion": [1.946, 1.088, 1.062, 1.059, 1.064, 1.072, 1.065, 1.06, 1.06, 1.065, 1.075, 0.96, 0.965, 0.966, 0.967, 0.968, 0.967, 0.966], "p proportion": [5.177, 2.809, 2.989, 2.963, 2.981, 2.914, 2.971, 2.965, 2.966, 2.965, 2.935, 0.0, 0.0, 0.0, 0.0, 0.0, 0.0, 0.0], "d proportion": [-0.009, 0.0, 0.0, 0.0, 0.0, 0.0, 0.0, 0.0, 0.0, 0.0, 0.0, 0.0, 0.0, 0.0, 0.0, 0.0, 0.0, 0.0], "Coordination numbers": [0.958, 2.879, 2.956, 2.909, 2.919, 2.983, 2.92, 2.91, 2.908, 2.915, 2.993, 0.925, 0.925, 0.925, 0.925, 0.925, 0.925, 0.925], "Dispersion coefficient C6": [104.717, 26.033, 28.987, 28.77, 29.014, 27.539, 28.854, 28.687, 28.692, 28.736, 27.777, 2.299, 2.415, 2.447, 2.486, 2.521, 2.493, 2.379], "Polarizability alpha": [15.656, 8.364, 8.831, 8.795, 8.833, 8.608, 8.809, 8.783, 8.783, 8.79, 8.645, 2.371, 2.43, 2.446, 2.466, 2.483, 2.469, 2.412], "FOD": [0.0, 0.0, 0.0, 0.0, 0.0, 0.0, 0.0, 0.0, 0.0, 0.0, 0.0, 0.0, 0.0, 0.0, 0.0, 0.0, 0.0, 0.0], "FOD s proportion": [0.0, 0.0, 0.0, 0.0, 0.0, 0.0, 0.0, 0.0, 0.0, 0.0, 0.0, 0.0, 0.0, 0.0, 0.0, 0.0, 0.0, 0.0], "FOD p proportion": [0.0, 0.0, 0.0, 0.0, 0.0, 0.0, 0.0, 0.0, 0.0, 0.0, 0.0, 0.0, 0.0, 0.0, 0.0, 0.0, 0.0, 0.0], "FOD d proportion": [0.0, 0.0, 0.0, 0.0, 0.0, 0.0, 0.0, 0.0, 0.0, 0.0, 0.0, 0.0, 0.0, 0.0, 0.0, 0.0, 0.0, 0.0], "total energy": -29.52300804, "HOMO-LUMO gap/eV": 2.7825605, "electronic energy": -29.990843, "Dipole module/D": 1.757, "Total charge": 0.0, "HOMO": -10.2944, "LUMO": -7.5118, "Fermi-level/eV": -8.9031, "Total dispersion C6": 5525.514736, "Total dispersion C8": 152160.032527, "Total polarizability alpha": 119.97465, "Total FOD": 0.0}