{"dipole": [0.1775477316898255, -0.04180275566966002, -0.08080773926397952], "partial charges": [0.009201957491503482, 0.029433677193413235, -0.10337776279559115, -0.10265876729432294, -0.10411537673020077, -0.04980941791571099, 0.009967230754128562, 0.029591212056459464, -0.1031316585563424, -0.10413308035157592, -0.10259967494144111, -0.04965227924593452, 0.1433857719044056, -0.30835720875433115, 0.39531333017301695, -0.4529529969201984, -0.19104236615958314, -0.037413795135156046, -0.05276600529637594, 0.03566719232446065, 0.036663502429823844, 0.035270057146404105, 0.035570704886922426, 0.033310925148347215, 0.034945897464627985, 0.03537902606199438, 0.034378647013577165, 0.03595002978483202, 0.0453230349811659, 0.035683026685655095, 0.03606416280547873, 0.034985501517401714, 0.03469166164802037, 0.035176770847052036, 0.03652827796317997, 0.03449983021320804, 0.03366244740180653, 0.036381219709831686, 0.04526767775033751, 0.1821744439676746, 0.07427355063595972, 0.061964183300295544, 0.05439088930412579, 0.0469145637228503], "mulliken charges": [0.0032919449105161206, 0.03648456999867559, -0.09330526610955672, -0.09303161407659774, -0.09461600532967882, -0.05912993474348599, 0.004138168054851366, 0.03653776816691663, -0.09322678250248934, -0.09477291573054356, -0.09298029527224295, -0.0648764890680831, 0.25663673981820817, -0.4337020293206438, 0.6499484712996924, -0.5664489000639993, -0.3511048082685747, 0.07225085504388644, -0.06735375527105505, 0.03061634075728974, 0.03254290462077962, 0.03280563410795464, 0.030556175981061022, 0.029833630594291838, 0.030591769070713787, 0.0315124863846348, 0.030952095148845837, 0.031046363493223185, 0.03211636360559525, 0.03197486260456271, 0.032047765459933555, 0.030738630152440386, 0.031153694234736882, 0.031638105844839115, 0.03198110460492962, 0.03025713243592726, 0.0298817170018573, 0.031913137503764226, 0.04698535251793222, 0.23497241649413295, 0.04981357318621485, 0.037905911195599995, 0.03549526137306678, 0.045929215137749196], "cm5 charges": [-0.007861135109283369, 0.00719644505053386, -0.23864234367344084, -0.23816999122220917, -0.24043655094229727, -0.11066666153137036, -0.007008245856313537, 0.007257768166916631, -0.23853839303185798, -0.24062978437076787, -0.23810473640496446, -0.11301171375110802, 0.2732269966755204, -0.4925086587443892, 0.7716953886565926, -0.6061193843995284, -0.7106955032325302, -0.014053080019799487, -0.11550301306548343, 0.08280421690101777, 0.08466696935793933, 0.0850018949567058, 0.08255944059838374, 0.0821024969817992, 0.0827985295128775, 0.08373495600924932, 0.08314615544245531, 0.08307522318079578, 0.09173515869004953, 0.0841548695665731, 0.08420877925343817, 0.08290154635901924, 0.08344373757469731, 0.08377233598668826, 0.08402367767001588, 0.08246393551537172, 0.08202109980991687, 0.0840676465802155, 0.10819162622110878, 0.4335749865099465, 0.11329705398142297, 0.10018344201829407, 0.0976481848188505, 0.10696856968428363], "FUKUI+": [-0.057248015912908616, -0.002, 0.01274286725363292, 0.01255549323281606, 0.014701639513551017, -0.0382727109998356, -0.05753001115582715, -0.002, 0.013034635155061532, 0.014965364844938465, 0.012247622417877638, -0.03849590066080691, -0.03896484018489717, -0.041555493232816064, -0.03550475516424472, -0.0700603795620711, -0.042, 0.020000000000000004, -0.039539127989285605, -0.020779280043056972, -0.022426721139707794, -0.011101869632173657, -0.02684258370123158, -0.01213676711725584, -0.017823895997216607, -0.016091707610004818, -0.012196884349306297, -0.027095797575822367, -0.06880298448568338, -0.016345692396124104, -0.02015402808469069, -0.018217664695829205, -0.011520858077754529, -0.017200201940440772, -0.026450437174518254, -0.018071911910125225, -0.017405940793184888, -0.020163407248169805, -0.06343538993372548, -0.03155562439782639, -0.022466713850286965, -0.028352767043937195, -0.02818051910577584, -0.06445349243563207], "FUKUI-": [-0.03025713274636708, -0.011196884349306296, 0.008733225760133159, 0.005803246815704027, 0.013463527424162815, -0.022784058749100677, -0.02933352030155182, -0.011196753184295971, 0.00846290784372534, 0.013476974924224205, 0.006060117232050456, -0.02770190184357167, -0.020323711398427584, -0.0353238425634379, -0.001, -0.05334936088504097, -0.06375224641711204, 0.020000000000000004, -0.026984028251500515, -0.025794989461535807, -0.026522296761495878, -0.021571989641356842, -0.032254549822146955, -0.021222665000930018, -0.025284410757514177, -0.02206805771178822, -0.021187505185827182, -0.028957591774825174, -0.04171734893202986, -0.023853066729203093, -0.025699712414382514, -0.025456337689872852, -0.020708363263581712, -0.023767860915194696, -0.029259919324825825, -0.024660076954220168, -0.025989571516438287, -0.026931363083760675, -0.04200026233002065, -0.03424762241787764, -0.03592059978095002, -0.042884814032775276, -0.05163896178844832, -0.0424536236006424], "FUKUIrad": [-0.04350488632925504, -0.006444506767183938, 0.010990358506500236, 0.009, 0.014206394677795737, -0.030374449466998923, -0.043333389136541486, -0.006196753184295973, 0.01087264829083742, 0.014375105292050544, 0.009, -0.033000524660041296, -0.029768087000601195, -0.038409609282101756, -0.018, -0.06160649363140805, -0.053000000000000005, 0.020000000000000004, -0.03353939031930625, -0.023385511344444377, -0.024598385742045814, -0.016213118427826433, -0.029270820145281234, -0.016778027068735754, -0.021455776785217408, -0.019109941276921748, -0.016939882767949544, -0.028026694675323767, -0.05540947811709144, -0.020227814770836815, -0.022674492667414246, -0.02149093660032024, -0.016212987262816107, -0.020355596219644514, -0.02782505405114165, -0.021396053048197926, -0.021723190771602424, -0.023572885365261236, -0.05249563833078626, -0.033, -0.029168222198827656, -0.03561879053835624, -0.03996536484493847, -0.05370124601852004], "s proportion": [1.0997523775821223, 1.0859999999999999, 1.0182476224178778, 1.018, 1.0183078708149385, 1.0668031156506936, 1.0994445067671839, 1.0859999999999999, 1.018, 1.0182476224178778, 1.018, 1.0635046239992343, 1.0168031156506936, 1.6952476224178779, 0.923803246815704, 1.723, 1.413, 0.976, 1.063247753582888, 0.969504886329255, 0.9674788433476107, 0.9671362424572144, 0.9693078708149383, 0.970247753582888, 0.9692476224178777, 0.9684351276037048, 0.9692572639113773, 0.9692476224178777, 0.9678031156506937, 0.9679142695259503, 0.9679560219260734, 0.9693677257169684, 0.9688285977276826, 0.968460740845704, 0.9684030166970814, 0.9697429984186432, 0.9703078708149384, 0.9677618879106118, 0.9529401450979702, 0.7650000000000001, 0.9502414296805227, 0.9623812980294055, 0.9643772722900718, 0.9540091168334583], "p proportion": [2.89705998606704, 2.8774443756021735, 3.074742867253633, 3.0749999999999997, 3.076257132746367, 2.992393768698612, 2.8962987539814797, 2.8775556243978264, 3.0748378819707654, 3.0764097404471116, 3.074752377582122, 3.001426273100267, 2.7264445067671836, 4.738444375602175, 2.4267523775821225, 4.843, 3.937752246417112, 2.9519999999999995, 3.004376973715437, 0.0, 0.0, 0.0, 0.0, 0.0, 0.0, 0.0, 0.0, 0.0, 0.0, 0.0, 0.0, 0.0, 0.0, 0.0, 0.0, 0.0, 0.0, 0.0, 0.0, 0.0, 0.0, 0.0, 0.0, 0.0], "d proportion": [0.0, 0.0, 0.0, 0.0, 0.0, 0.0, 0.0, 0.0, 0.0, 0.0, 0.0, 0.0, 0.0, 0.0, 0.0, 0.0, 0.0, 0.0, 0.0, 0.0, 0.0, 0.0, 0.0, 0.0, 0.0, 0.0, 0.0, 0.0, 0.0, 0.0, 0.0, 0.0, 0.0, 0.0, 0.0, 0.0, 0.0, 0.0, 0.0, 0.0, 0.0, 0.0, 0.0, 0.0],