{"dipole": [0.35116852, -1.65061551, -0.49400717], "partial charges": [-0.04727005, -0.11185737, -0.04544954, 0.38544664, -0.45518714, -0.25046166, 0.17642501, -0.10324546, 0.07761133, -0.10870457, -0.24755006, 0.03536174, 0.06420727, -0.04661383, -0.03090304, -0.03343907, -0.02806446, -0.03633306, 0.08586792, 0.05584037, 0.05263126, 0.05966218, 0.05132776, 0.07038213, 0.05675504, 0.05727602, 0.05583105, 0.04506013, 0.04386835, 0.03361938, 0.03348706, 0.0393637, 0.06505499], "mulliken charges": [0.06281, -0.27902, 0.06052, 0.64468, -0.56428, -0.3902, 0.3456, -0.14085, 0.14713, -0.0895, -0.29179, -0.06064, 0.13452, -0.06033, -0.02701, -0.03774, -0.02568, -0.04247, 0.06528, 0.03209, 0.03329, 0.03641, 0.03525, 0.05064, 0.06245, 0.04324, 0.04198, 0.0327, 0.04123, 0.02912, 0.03031, 0.03321, 0.04705], "cm5 charges": [-0.02336, -0.54131, -0.02613, 0.76709, -0.60834, -0.45451, 0.44237, -0.17245, 0.21983, -0.22638, -0.40714, -0.22344, 0.193, -0.10777, -0.08226, -0.09306, -0.08076, -0.08715, 0.13114, 0.09374, 0.09527, 0.098, 0.09751, 0.11724, 0.12484, 0.09694, 0.09551, 0.08497, 0.10731, 0.0845, 0.08571, 0.08862, 0.11045], "FUKUI+": [0.019, -0.043, 0.016, -0.03, -0.07, -0.025, -0.037, -0.022, -0.036, 0.019, -0.068, -0.024, -0.04, -0.02, -0.02, -0.047, -0.021, -0.023, -0.016, -0.029, -0.026, -0.031, -0.02, -0.003, -0.05, -0.035, -0.036, -0.032, -0.037, -0.053, -0.062, -0.056, -0.045], "FUKUI-": [0.022, -0.069, 0.021, 0.0, -0.05, -0.033, -0.021, -0.016, -0.043, 0.017, -0.055, -0.05, -0.017, -0.017, -0.017, -0.037, -0.017, -0.02, -0.027, -0.042, -0.046, -0.039, -0.037, -0.014, -0.045, -0.057, -0.057, -0.039, -0.025, -0.042, -0.05, -0.046, -0.034], "FUKUIrad": [0.021, -0.056, 0.019, -0.015, -0.06, -0.029, -0.029, -0.019, -0.039, 0.018, -0.061, -0.037, -0.029, -0.019, -0.018, -0.042, -0.019, -0.021, -0.021, -0.035, -0.036, -0.035, -0.029, -0.009, -0.047, -0.046, -0.046, -0.036, -0.031, -0.047, -0.056, -0.051, -0.039], "s proportion": [0.982, 1.434, 0.983, 0.916, 1.723, 1.661, 0.96, 1.054, 1.048, 1.004, 1.575, 1.429, 1.048, 1.06, 1.06, 1.058, 1.061, 1.063, 0.935, 0.968, 0.967, 0.964, 0.965, 0.949, 0.938, 0.957, 0.958, 0.967, 0.959, 0.971, 0.97, 0.967, 0.953], "p proportion": [2.955, 3.845, 2.957, 2.439, 4.842, 4.729, 2.695, 3.087, 2.805, 3.086, 3.716, 3.631, 2.818, 3.0, 2.967, 2.98, 2.964, 2.98, 0.0, 0.0, 0.0, 0.0, 0.0, 0.0, 0.0, 0.0, 0.0, 0.0, 0.0, 0.0, 0.0, 0.0, 0.0], "d proportion": [0.0, 0.0, 0.0, 0.0, 0.0, 0.0, 0.0, 0.0, 0.0, 0.0, 0.0, 0.0, 0.0, 0.0, 0.0, 0.0, 0.0, 0.0, 0.0, 0.0, 0.0, 0.0, 0.0, 0.0, 0.0, 0.0, 0.0, 0.0, 0.0, 0.0, 0.0, 0.0, 0.0], "Coordination numbers": [3.694, 2.727, 3.689, 2.663, 0.857, 1.709, 2.925, 2.991, 3.108, 3.754, 1.968, 2.993, 2.896, 2.913, 2.911, 2.911, 2.91, 2.915, 0.924, 0.924, 0.924, 0.924, 0.924, 0.924, 0.925, 0.924, 0.924, 0.924, 0.925, 0.925, 0.925, 0.925, 0.925], "Dispersion coefficient C6": [21.604, 23.442, 21.583, 20.48, 22.816, 18.148, 24.218, 30.594, 26.132, 22.636, 27.275, 20.622, 26.561, 29.157, 28.771, 28.833, 28.702, 28.904, 1.92, 2.248, 2.287, 2.203, 2.303, 2.081, 2.237, 2.231, 2.249, 2.383, 2.398, 2.536, 2.537, 2.457, 2.141], "Polarizability alpha": [6.65, 7.191, 6.649, 7.405, 6.404, 5.752, 8.07, 9.073, 8.375, 6.784, 7.745, 6.745, 8.45, 8.854, 8.795, 8.805, 8.785, 8.816, 2.167, 2.345, 2.365, 2.321, 2.373, 2.256, 2.339, 2.336, 2.345, 2.414, 2.422, 2.49, 2.491, 2.451, 2.288], "FOD": [0.0, 0.0, 0.0, 0.0, 0.0, 0.0, 0.0, 0.0, 0.0, 0.0, 0.0, 0.0, 0.0, 0.0, 0.0, 0.0, 0.0, 0.0, 0.0, 0.0, 0.0, 0.0, 0.0, 0.0, 0.0, 0.0, 0.0, 0.0, 0.0, 0.0, 0.0, 0.0, 0.0], "FOD s proportion": [0.0, 0.0, 0.0, 0.0, 0.0, 0.0, 0.0, 0.0, 0.0, 0.0, 0.0, 0.0, 0.0, 0.0, 0.0, 0.0, 0.0, 0.0, 0.0, 0.0, 0.0, 0.0, 0.0, 0.0, 0.0, 0.0, 0.0, 0.0, 0.0, 0.0, 0.0, 0.0, 0.0], "FOD p proportion": [0.0, 0.0, 0.0, 0.0, 0.0, 0.0, 0.0, 0.0, 0.0, 0.0, 0.0, 0.0, 0.0, 0.0, 0.0, 0.0, 0.0, 0.0, 0.0, 0.0, 0.0, 0.0, 0.0, 0.0, 0.0, 0.0, 0.0, 0.0, 0.0, 0.0, 0.0, 0.0, 0.0], "FOD d proportion": [0.0, 0.0, 0.0, 0.0, 0.0, 0.0, 0.0, 0.0, 0.0, 0.0, 0.0, 0.0, 0.0, 0.0, 0.0, 0.0, 0.0, 0.0, 0.0, 0.0, 0.0, 0.0, 0.0, 0.0, 0.0, 0.0, 0.0, 0.0, 0.0, 0.0, 0.0, 0.0, 0.0], "total energy": -52.4135327, "HOMO-LUMO gap/eV": 3.46828773, "electronic energy": -53.10515659, "Dipole module/D": 4.469, "Total charge": 0.0, "HOMO": -10.24, "LUMO": -6.7717, "Fermi-level/eV": -8.5059, "Total dispersion C6": 12594.79293, "Total dispersion C8": 294551.549127, "Total polarizability alpha": 174.752366, "Total FOD": 0.0}