{"dipole": [-0.6224901113168879, -0.5028681078721359, -0.2294232427391063], "partial charges": [-0.10206223476842205, -0.053179362543631516, -0.05543324827872012, -0.08087298524752708, 0.20704830548535863, -0.33140734918449943, 0.03440905946853577, 0.036196143277626915, 0.03492198640241376, 0.03516674236029229, 0.030592165052110945, 0.04185419427199247, 0.04540550657473272, 0.06674581283442797, 0.06530453789608082, 0.025310721702478497], "mulliken charges": [-0.08353917695135182, -0.04102254841351698, -0.039523103953781405, -0.0832674486164, 0.38634206628401896, -0.4740695366506518, 0.029269454731472303, 0.03146956117653875, 0.028967181097446892, 0.028436634565342355, 0.024218992462762504, 0.03248545366263357, 0.0359498241804818, 0.053460037432543295, 0.05205158266241218, 0.01876806524674022], "cm5 charges": [-0.23388718605024467, -0.15317740393882845, -0.14830606739824803, -0.18709916976366697, 0.3659751071888725, -0.5289534012584585, 0.08033617158647571, 0.08256956631053579, 0.08025507437714327, 0.08357256138778973, 0.07924669021166147, 0.08860498213619672, 0.092285174681906, 0.11003499383559082, 0.10820623172410489, 0.08034193676951766], "FUKUI+": [0.014392938684732123, 0.008153154235188946, 0.015345760003323418, 0.028556331849605574, -0.17010647636590026, -0.3336605684298525, -0.0246828479531084, -0.021621141416921917, -0.017445197001731402, -0.01848819505033336, -0.014389264925609225, -0.034601790714878095, -0.03847083669291334, -0.10078104117207343, -0.10446139707636808, -0.18793045192231447], "FUKUI-": [0.0213315283527637, 0.0065273971252103125, 0.01325749306143159, -0.004186177107412367, -0.01267585300145423, -0.18607922562490475, -0.08121932183794368, -0.07443829947004382, -0.08128984876550299, -0.09740022365253848, -0.0930824607970258, -0.07145793197882376, -0.07278052966192487, -0.06564760819853697, -0.06672815741923702, -0.13372914387657256], "FUKUIrad": [0.018009433803205424, 0.007124806109042327, 0.014395099503299806, 0.01211739404298921, -0.09129683783175292, -0.25970799587159743, -0.05269261203190788, -0.04810472927029783, -0.049386840908726554, -0.05807405509895448, -0.05390434465905478, -0.053145800953705795, -0.05559127388899326, -0.0827820080134126, -0.08540387868804121, -0.16097688915965047], "s proportion": [1.0075812745922628, 1.0278903261585928, 1.0303499375427208, 1.0413105412798331, 1.0574459079360479, 1.7378516901083743, 0.9708766554407974, 0.9685150115789329, 0.9711384420098679, 0.9713287144726948, 0.9755766237089499, 0.9675421863903534, 0.9640826537575818, 0.9468614904428776, 0.947798753871308, 0.9810386360502187], "p proportion": [3.0759487385106885, 3.013207004018308, 3.0092443109967877, 3.0419035871903226, 2.556404074410322, 4.736353984838195, 0.0, 0.0, 0.0, 0.0, 0.0, 0.0, 0.0, 0.0, 0.0, 0.0], "d proportion": [0.0, 0.0, 0.0, 0.0, 0.0, 0.0, 0.0, 0.0, 0.0, 0.0, 0.0, 0.0, 0.0, 0.0, 0.0, 0.0], "Coordination numbers": [3.749864633343785, 3.800246430463308, 3.8027326822115786, 3.8018663411057894, 2.757597633351682, 0.8560000000000002, 0.924, 0.924, 0.924, 0.924, 0.924, 0.924, 0.924, 0.924, 0.924, 0.923], "Dispersion coefficient C6": [22.513225163948235, 21.529828503091885, 21.568567081197504, 22.042607538454075, 23.605431468728227, 20.357936941430594, 2.524952409936106, 2.5003937940369503, 2.517760922663861, 2.5153347995770736, 2.578352642258057, 2.4259122342065305, 2.3792868769697355, 2.1218848204476237, 2.1380232574087246, 2.654578131157884], "Polarizability alpha": [6.767163939150212, 6.606558424955183, 6.612042958996695, 6.68421606060001, 7.956414410589645, 6.049423694087368, 2.484934420307011, 2.472899679080388, 2.481570141260273, 2.479994300837014, 2.5109879842122735, 2.4354077518002675, 2.412044238752991, 2.2781032487265236, 2.2869550840216544, 2.548026305793964], "FOD": [0.0, 0.0, 0.0, 0.0, 0.0, 0.0, 0.0, 0.0, 0.0, 0.0, 0.0, 0.0, 0.0, 0.0, 0.0, 0.0], "FOD s proportion": [0.0, 0.0, 0.0, 0.0, 0.0, 0.0, 0.0, 0.0, 0.0, 0.0, 0.0, 0.0, 0.0, 0.0, 0.0, 0.0], "FOD p proportion": [0.0, 0.0, 0.0, 0.0, 0.0, 0.0, 0.0, 0.0, 0.0, 0.0, 0.0, 0.0, 0.0, 0.0, 0.0, 0.0], "FOD d proportion": [0.0, 0.0, 0.0, 0.0, 0.0, 0.0, 0.0, 0.0, 0.0, 0.0, 0.0, 0.0, 0.0, 0.0, 0.0, 0.0], "total energy": -19.847594639146, "HOMO-LUMO gap/eV": 3.6421384242452666, "electronic energy": -20.097047704828167, "Dipole module/D": 3.201957725937663, "Total charge": 0.0, "HOMO": -11.01637618172438, "LUMO": -7.374226900023728, "Fermi-level/eV": -9.195308834505493, "Total dispersion C6": 1900.1278012382586, "Total dispersion C8": 40357.06825475165, "Total polarizability alpha": 65.06537922877776, "Total FOD": 0.0}