{"dipole": [0.86022131, 0.43549845, 0.26041897], "partial charges": [0.06067347, 0.06251682, -0.20304075, 0.18271127, -0.23239975, 0.15064497, -0.21860256, 0.0736411, 0.06881405, -0.20645198, 0.06059592, 0.06444321, 0.06707511, 0.06937911], "mulliken charges": [0.12713, 0.12965, -0.30202, 0.29969, -0.33886, 0.2894, -0.33036, 0.152, 0.11286, -0.30152, 0.03992, 0.04075, 0.03731, 0.04404], "cm5 charges": [0.15443, 0.15632, -0.47558, 0.45757, -0.51245, 0.39227, -0.51351, 0.1849, 0.19642, -0.47939, 0.10594, 0.10683, 0.11295, 0.11328], "FUKUI+": [-0.031, -0.04, -0.13, -0.008, -0.108, -0.018, -0.107, -0.051, -0.018, -0.135, -0.09, -0.092, -0.085, -0.085], "FUKUI-": [-0.018, -0.018, -0.137, -0.008, -0.148, -0.003, -0.135, -0.01, -0.031, -0.137, -0.086, -0.092, -0.084, -0.092], "FUKUIrad": [-0.025, -0.029, -0.134, -0.008, -0.128, -0.01, -0.121, -0.031, -0.025, -0.136, -0.088, -0.092, -0.085, -0.089], "s proportion": [1.036, 1.041, 1.551, 1.009, 1.546, 1.003, 1.561, 1.043, 1.043, 1.566, 0.96, 0.959, 0.963, 0.956], "p proportion": [2.837, 2.829, 3.751, 2.691, 3.793, 2.708, 3.769, 2.805, 2.844, 3.736, 0.0, 0.0, 0.0, 0.0], "d proportion": [0.0, 0.0, 0.0, 0.0, 0.0, 0.0, 0.0, 0.0, 0.0, 0.0, 0.0, 0.0, 0.0, 0.0], "Coordination numbers": [2.883, 2.876, 1.85, 2.962, 1.842, 2.892, 1.828, 2.938, 2.952, 1.838, 0.925, 0.925, 0.925, 0.925], "Dispersion coefficient C6": [26.638, 26.596, 26.242, 24.092, 26.937, 24.731, 26.603, 26.354, 26.459, 26.319, 2.192, 2.148, 2.118, 2.092], "Polarizability alpha": [8.461, 8.454, 7.592, 8.051, 7.692, 8.154, 7.643, 8.419, 8.437, 7.603, 2.315, 2.292, 2.276, 2.262], "FOD": [0.0, 0.0, 0.0, 0.0, 0.0, 0.0, 0.0, 0.0, 0.0, 0.0, 0.0, 0.0, 0.0, 0.0], "FOD s proportion": [0.0, 0.0, 0.0, 0.0, 0.0, 0.0, 0.0, 0.0, 0.0, 0.0, 0.0, 0.0, 0.0, 0.0], "FOD p proportion": [0.0, 0.0, 0.0, 0.0, 0.0, 0.0, 0.0, 0.0, 0.0, 0.0, 0.0, 0.0, 0.0, 0.0], "FOD d proportion": [0.0, 0.0, 0.0, 0.0, 0.0, 0.0, 0.0, 0.0, 0.0, 0.0, 0.0, 0.0, 0.0, 0.0], "total energy": -26.54019545, "HOMO-LUMO gap/eV": 0.68219231, "electronic energy": -26.91154418, "Dipole module/D": 2.539, "Total charge": 0.0, "HOMO": -10.0933, "LUMO": -9.4111, "Fermi-level/eV": -9.7522, "Total dispersion C6": 3233.835805, "Total dispersion C8": 78804.384617, "Total polarizability alpha": 89.650565, "Total FOD": 0.0}