{"dipole": [4.581e-05, 9.394e-05, -8.53e-06], "partial charges": [-0.15229862, 0.09999449, -0.04074659, -0.0250826, -0.04074874, 0.09999956, -0.1523213, 0.00952693, 0.00952603, 0.09999893, -0.15227235, -0.0407616, -0.025087, -0.04075299, 0.10000273, -0.15230152, 0.06932415, 0.06301381, 0.06932709, 0.06932374, 0.06301244, 0.06932341], "mulliken charges": [-0.10706, 0.11169, -0.05189, -0.015, -0.0519, 0.1117, -0.10709, -0.0252, -0.0252, 0.1117, -0.10703, -0.05191, -0.015, -0.0519, 0.1117, -0.10707, 0.04634, 0.04204, 0.04634, 0.04634, 0.04204, 0.04634], "cm5 charges": [-0.10809, 0.10792, -0.10354, -0.07007, -0.10355, 0.10792, -0.10811, -0.0256, -0.0256, 0.10792, -0.10806, -0.10357, -0.07007, -0.10355, 0.10793, -0.10809, 0.10287, 0.09737, 0.10287, 0.10287, 0.09737, 0.10287], "FUKUI+": [-0.081, -0.028, -0.029, -0.031, -0.029, -0.028, -0.081, -0.024, -0.024, -0.028, -0.081, -0.029, -0.031, -0.029, -0.028, -0.081, -0.056, -0.059, -0.056, -0.056, -0.059, -0.056], "FUKUI-": [-0.136, -0.01, -0.028, -0.015, -0.028, -0.01, -0.136, 0.0, 0.0, -0.01, -0.136, -0.028, -0.015, -0.028, -0.01, -0.136, -0.045, -0.047, -0.045, -0.045, -0.047, -0.045], "FUKUIrad": [-0.109, -0.019, -0.029, -0.023, -0.029, -0.019, -0.109, -0.012, -0.012, -0.019, -0.109, -0.029, -0.023, -0.029, -0.019, -0.109, -0.05, -0.053, -0.05, -0.05, -0.053, -0.05], "s proportion": [1.946, 1.085, 1.062, 1.06, 1.062, 1.085, 1.946, 1.078, 1.078, 1.085, 1.946, 1.062, 1.06, 1.062, 1.085, 1.946, 0.954, 0.958, 0.954, 0.954, 0.958, 0.954], "p proportion": [5.172, 2.804, 2.99, 2.955, 2.99, 2.804, 5.172, 2.947, 2.947, 2.804, 5.172, 2.99, 2.955, 2.99, 2.804, 5.172, 0.0, 0.0, 0.0, 0.0, 0.0, 0.0], "d proportion": [-0.01, 0.0, 0.0, 0.0, 0.0, 0.0, -0.01, 0.0, 0.0, 0.0, -0.01, 0.0, 0.0, 0.0, 0.0, -0.01, 0.0, 0.0, 0.0, 0.0, 0.0, 0.0], "Coordination numbers": [0.958, 2.881, 2.954, 2.911, 2.954, 2.881, 0.958, 3.006, 3.006, 2.881, 0.958, 2.954, 2.91, 2.954, 2.881, 0.958, 0.925, 0.925, 0.925, 0.925, 0.925, 0.925], "Dispersion coefficient C6": [103.919, 25.782, 29.011, 28.629, 29.011, 25.782, 103.92, 27.79, 27.79, 25.782, 103.918, 29.011, 28.629, 29.011, 25.782, 103.919, 2.093, 2.164, 2.093, 2.093, 2.164, 2.093], "Polarizability alpha": [15.596, 8.324, 8.834, 8.774, 8.834, 8.324, 15.596, 8.647, 8.647, 8.324, 15.596, 8.834, 8.774, 8.834, 8.324, 15.596, 2.262, 2.3, 2.262, 2.262, 2.3, 2.262], "FOD": [0.0, 0.0, 0.0, 0.0, 0.0, 0.0, 0.0, 0.0, 0.0, 0.0, 0.0, 0.0, 0.0, 0.0, 0.0, 0.0, 0.0, 0.0, 0.0, 0.0, 0.0, 0.0], "FOD s proportion": [0.0, 0.0, 0.0, 0.0, 0.0, 0.0, 0.0, 0.0, 0.0, 0.0, 0.0, 0.0, 0.0, 0.0, 0.0, 0.0, 0.0, 0.0, 0.0, 0.0, 0.0, 0.0], "FOD p proportion": [0.0, 0.0, 0.0, 0.0, 0.0, 0.0, 0.0, 0.0, 0.0, 0.0, 0.0, 0.0, 0.0, 0.0, 0.0, 0.0, 0.0, 0.0, 0.0, 0.0, 0.0, 0.0], "FOD d proportion": [0.0, 0.0, 0.0, 0.0, 0.0, 0.0, 0.0, 0.0, 0.0, 0.0, 0.0, 0.0, 0.0, 0.0, 0.0, 0.0, 0.0, 0.0, 0.0, 0.0, 0.0, 0.0], "total energy": -46.96728167, "HOMO-LUMO gap/eV": 3.9956842, "electronic energy": -47.48760207, "Dipole module/D": 0.0, "Total charge": 0.0, "HOMO": -11.0594, "LUMO": -7.0637, "Fermi-level/eV": -9.0615, "Total dispersion C6": 12672.657048, "Total dispersion C8": 400571.911507, "Total polarizability alpha": 179.510032, "Total FOD": 0.0}