{"dipole": [0.34550967, -0.75130178, 0.23774205], "partial charges": [0.06218174, -0.32629028, 0.09865992, 0.00145967, -0.02566496, -0.02813491, -0.02844619, -0.02819789, -0.03696302, 0.04550843, 0.04189016, 0.04172898, 0.04657764, 0.03715773, 0.03403459, 0.03548318, 0.02901521], "mulliken charges": [0.16457, -0.45589, 0.18462, -0.01242, -0.02081, -0.02636, -0.02765, -0.02517, -0.04336, 0.03108, 0.02983, 0.03576, 0.04573, 0.03347, 0.03133, 0.03141, 0.02386], "cm5 charges": [0.0853, -0.5278, 0.1499, -0.02192, -0.07245, -0.08165, -0.08304, -0.08049, -0.09573, 0.09212, 0.09015, 0.09939, 0.10358, 0.08886, 0.08675, 0.08679, 0.08023], "FUKUI+": [-0.001, -0.041, 0.013, -0.091, -0.047, -0.053, -0.069, -0.047, -0.053, -0.026, -0.049, -0.056, -0.093, -0.096, -0.1, -0.094, -0.095], "FUKUI-": [-0.001, -0.13, 0.001, -0.053, -0.032, -0.041, -0.053, -0.038, -0.038, -0.063, -0.084, -0.097, -0.067, -0.075, -0.082, -0.08, -0.068], "FUKUIrad": [-0.001, -0.086, 0.007, -0.072, -0.04, -0.047, -0.061, -0.043, -0.045, -0.045, -0.067, -0.076, -0.08, -0.086, -0.091, -0.087, -0.082], "s proportion": [0.985, 1.753, 1.011, 1.088, 1.064, 1.061, 1.06, 1.059, 1.062, 0.969, 0.97, 0.964, 0.954, 0.967, 0.969, 0.969, 0.976], "p proportion": [2.851, 4.703, 2.804, 2.924, 2.957, 2.965, 2.968, 2.966, 2.981, 0.0, 0.0, 0.0, 0.0, 0.0, 0.0, 0.0, 0.0], "d proportion": [0.0, 0.0, 0.0, 0.0, 0.0, 0.0, 0.0, 0.0, 0.0, 0.0, 0.0, 0.0, 0.0, 0.0, 0.0, 0.0, 0.0], "Coordination numbers": [3.675, 1.695, 3.729, 2.955, 2.917, 2.909, 2.912, 2.909, 2.917, 0.925, 0.925, 0.925, 0.925, 0.925, 0.925, 0.925, 0.925], "Dispersion coefficient C6": [19.755, 19.461, 19.045, 27.993, 28.644, 28.703, 28.711, 28.705, 28.919, 2.377, 2.424, 2.426, 2.363, 2.487, 2.53, 2.51, 2.6], "Polarizability alpha": [6.368, 5.956, 6.23, 8.678, 8.776, 8.785, 8.786, 8.785, 8.819, 2.411, 2.435, 2.436, 2.404, 2.466, 2.487, 2.477, 2.522], "FOD": [0.0, 0.0, 0.0, 0.0, 0.0, 0.0, 0.0, 0.0, 0.0, 0.0, 0.0, 0.0, 0.0, 0.0, 0.0, 0.0, 0.0], "FOD s proportion": [0.0, 0.0, 0.0, 0.0, 0.0, 0.0, 0.0, 0.0, 0.0, 0.0, 0.0, 0.0, 0.0, 0.0, 0.0, 0.0, 0.0], "FOD p proportion": [0.0, 0.0, 0.0, 0.0, 0.0, 0.0, 0.0, 0.0, 0.0, 0.0, 0.0, 0.0, 0.0, 0.0, 0.0, 0.0, 0.0], "FOD d proportion": [0.0, 0.0, 0.0, 0.0, 0.0, 0.0, 0.0, 0.0, 0.0, 0.0, 0.0, 0.0, 0.0, 0.0, 0.0, 0.0, 0.0], "total energy": -25.22369852, "HOMO-LUMO gap/eV": 4.6381025, "electronic energy": -25.5961295, "Dipole module/D": 2.187, "Total charge": 0.0, "HOMO": -11.0074, "LUMO": -6.3693, "Fermi-level/eV": -8.6884, "Total dispersion C6": 3337.56011, "Total dispersion C8": 80079.803725, "Total polarizability alpha": 90.821912, "Total FOD": 0.0}