{"dipole": [1.6033374, -1.1732719, 0.89224097], "partial charges": [-0.04593911, -0.06498015, 0.13087148, -0.37434428, 0.085765, -0.40206651, 0.10025487, -0.29498425, 0.06562703, 0.1383695, -0.43882587, -0.07696173, 0.01862133, -0.07379224, 0.20346574, -0.39841759, 0.11647537, -0.38120259, -0.06412927, 0.00458593, -0.00288092, -0.02914918, 0.06299964, 0.07043023, 0.32836463, 0.32340258, 0.03974571, 0.06429942, 0.297394, 0.08501747, 0.0560256, 0.06421806, 0.32767064, 0.06406949], "mulliken charges": [-0.03806, -0.08032, 0.23788, -0.50683, 0.17437, -0.5283, 0.19373, -0.4356, 0.16936, 0.22411, -0.5606, -0.06409, 0.02279, -0.09386, 0.34703, -0.52128, 0.22329, -0.50782, -0.08542, -0.01102, -0.0027, -0.06273, 0.04741, 0.06221, 0.3738, 0.37482, 0.03426, 0.05329, 0.34926, 0.0734, 0.04236, 0.06324, 0.37397, 0.05806], "cm5 charges": [-0.09024, -0.13032, 0.25409, -0.6987, 0.19376, -0.72607, 0.21579, -0.5221, 0.095, 0.2286, -0.75744, -0.15838, 0.01219, -0.1417, 0.37834, -0.57115, 0.23848, -0.697, -0.13309, -0.01503, -0.00425, -0.06561, 0.10484, 0.12047, 0.5521, 0.55389, 0.09822, 0.1188, 0.52436, 0.13261, 0.09923, 0.12221, 0.54945, 0.11866], "FUKUI+": [-0.018, -0.013, -0.032, -0.041, -0.016, -0.029, -0.021, -0.031, 0.012, -0.002, -0.022, 0.014, -0.038, -0.024, -0.036, -0.123, -0.031, -0.045, -0.02, -0.023, -0.067, -0.008, -0.025, -0.04, -0.024, -0.017, -0.021, -0.037, -0.015, -0.041, -0.041, -0.054, -0.026, -0.043], "FUKUI-": [-0.018, -0.021, -0.033, -0.073, -0.021, -0.044, -0.016, -0.035, 0.012, -0.002, -0.025, 0.009, -0.015, -0.024, -0.011, -0.094, -0.034, -0.073, -0.021, -0.03, -0.03, -0.027, -0.031, -0.044, -0.032, -0.025, -0.023, -0.035, -0.01, -0.033, -0.031, -0.045, -0.033, -0.035], "FUKUIrad": [-0.018, -0.017, -0.033, -0.057, -0.019, -0.036, -0.018, -0.033, 0.012, -0.002, -0.023, 0.011, -0.026, -0.024, -0.024, -0.108, -0.032, -0.059, -0.02, -0.026, -0.049, -0.018, -0.028, -0.042, -0.028, -0.021, -0.022, -0.036, -0.012, -0.037, -0.036, -0.049, -0.03, -0.039], "s proportion": [1.062, 1.056, 1.013, 1.7, 1.01, 1.701, 1.023, 1.696, 1.011, 1.044, 1.702, 1.037, 1.1, 1.071, 1.055, 1.736, 1.039, 1.708, 1.052, 1.075, 1.103, 1.073, 0.953, 0.938, 0.626, 0.625, 0.966, 0.947, 0.651, 0.927, 0.958, 0.937, 0.626, 0.942], "p proportion": [2.976, 3.025, 2.749, 4.807, 2.816, 4.827, 2.783, 4.74, 2.819, 2.732, 4.858, 3.027, 2.877, 3.023, 2.598, 4.785, 2.738, 4.8, 3.033, 2.936, 2.9, 2.99, 0.0, 0.0, 0.0, 0.0, 0.0, 0.0, 0.0, 0.0, 0.0, 0.0, 0.0, 0.0], "d proportion": [0.0, 0.0, 0.0, 0.0, 0.0, 0.0, 0.0, 0.0, 0.0, 0.0, 0.0, 0.0, 0.0, 0.0, 0.0, 0.0, 0.0, 0.0, 0.0, 0.0, 0.0, 0.0, 0.0, 0.0, 0.0, 0.0, 0.0, 0.0, 0.0, 0.0, 0.0, 0.0, 0.0, 0.0], "Coordination numbers": [2.916, 2.911, 2.843, 1.658, 2.842, 1.657, 2.866, 1.7, 3.698, 3.824, 1.653, 3.829, 3.035, 2.897, 2.827, 0.857, 2.827, 1.656, 2.898, 3.005, 3.032, 2.964, 0.925, 0.925, 0.804, 0.804, 0.924, 0.924, 0.804, 0.924, 0.924, 0.925, 0.803, 0.925], "Dispersion coefficient C6": [29.141, 29.617, 25.13, 20.358, 26.083, 20.889, 25.775, 18.907, 19.638, 18.331, 21.618, 21.946, 27.559, 29.84, 23.683, 21.649, 25.427, 20.489, 29.595, 27.906, 28.065, 28.725, 2.164, 2.081, 0.642, 0.655, 2.452, 2.149, 0.729, 1.928, 2.246, 2.15, 0.644, 2.152], "Polarizability alpha": [8.852, 8.924, 8.216, 6.091, 8.37, 6.17, 8.322, 5.871, 6.338, 6.093, 6.277, 6.666, 8.611, 8.956, 7.974, 6.238, 8.263, 6.11, 8.92, 8.665, 8.689, 8.791, 2.301, 2.256, 1.258, 1.271, 2.449, 2.293, 1.341, 2.172, 2.344, 2.293, 1.26, 2.294], "FOD": [0.0, 0.0, 0.0, 0.0, 0.0, 0.0, 0.0, 0.0, 0.0, 0.0, 0.0, 0.0, 0.0, 0.0, 0.0, 0.0, 0.0, 0.0, 0.0, 0.0, 0.0, 0.0, 0.0, 0.0, 0.0, 0.0, 0.0, 0.0, 0.0, 0.0, 0.0, 0.0, 0.0, 0.0], "FOD s proportion": [0.0, 0.0, 0.0, 0.0, 0.0, 0.0, 0.0, 0.0, 0.0, 0.0, 0.0, 0.0, 0.0, 0.0, 0.0, 0.0, 0.0, 0.0, 0.0, 0.0, 0.0, 0.0, 0.0, 0.0, 0.0, 0.0, 0.0, 0.0, 0.0, 0.0, 0.0, 0.0, 0.0, 0.0], "FOD p proportion": [0.0, 0.0, 0.0, 0.0, 0.0, 0.0, 0.0, 0.0, 0.0, 0.0, 0.0, 0.0, 0.0, 0.0, 0.0, 0.0, 0.0, 0.0, 0.0, 0.0, 0.0, 0.0, 0.0, 0.0, 0.0, 0.0, 0.0, 0.0, 0.0, 0.0, 0.0, 0.0, 0.0, 0.0], "FOD d proportion": [0.0, 0.0, 0.0, 0.0, 0.0, 0.0, 0.0, 0.0, 0.0, 0.0, 0.0, 0.0, 0.0, 0.0, 0.0, 0.0, 0.0, 0.0, 0.0, 0.0, 0.0, 0.0, 0.0, 0.0, 0.0, 0.0, 0.0, 0.0, 0.0, 0.0, 0.0, 0.0, 0.0, 0.0], "total energy": -64.77669818, "HOMO-LUMO gap/eV": 1.79217331, "electronic energy": -65.53948151, "Dipole module/D": 5.536, "Total charge": 0.0, "HOMO": -10.4019, "LUMO": -8.6097, "Fermi-level/eV": -9.5058, "Total dispersion C6": 15222.700695, "Total dispersion C8": 373407.548277, "Total polarizability alpha": 190.938536, "Total FOD": 0.0}