{"dipole": [1.4347128580576682, 1.640449403177464, 1.6154876075424673], "partial charges": [-0.11881316307158596, 0.27677668273901207, -0.12325698593325728, -0.3385365822295019, 0.11580608719664978, -0.07612117977459586, -0.023359923419551135, -0.02980413345732978, -0.05497596622256512, -0.064407100772675, 0.023580581760032023, -0.0681572688294486, 0.2285762837309102, -0.384216286264388, -0.05827940151830829, -0.02162345619160716, 0.018212030954232652, -0.10250413119138249, 0.15440987904764514, -0.25870729350956817, 0.10539305721927827, -0.4411687547417945, -0.07295173759664503, 0.008374894209254047, -0.10996977679381253, 0.11481698883126085, -0.34579088493527643, 0.20198659967710358, -0.3605821004463593, 0.05811482605370254, -0.4364975277446914, 0.05814272890138137, 0.055628899040035755, 0.05471377453369511, 0.049065889960215645, 0.0446144157606657, 0.057509149157529, 0.04880502456470931, 0.060071650005811966, 0.06171940475570962, 0.04723642048144177, 0.03876716496477317, 0.04876391362111285, 0.04470414622815952, 0.04932469488645731, 0.04854709433200853, 0.06224760833901972, 0.06568156925886028, 0.06709611645064747, 0.04783035319709035, 0.04523375858337099, 0.0514549846007919, 0.05023349666096391, 0.3058739014298001, 0.0545031664876226, 0.05214160273716699, 0.05825560603493962, 0.04086473369292325, 0.04368866169099194, 0.07667326215099567, 0.08111448842113562, 0.3131680622952358], "mulliken charges": [-0.09888588836926934, 0.4450869077912668, -0.11506746684363167, -0.4709626313897449, 0.20973781811499642, -0.07281468244669835, -0.024744923271727916, -0.04080921053814095, -0.040030394730929536, -0.05008349780455397, 0.02132039473092953, -0.084127785070967, 0.3826263048299813, -0.5093155701419341, -0.06647098682732383, -0.008719013172676178, 0.008370098682732384, -0.08889970395180287, 0.21376078946185909, -0.29178719297457273, 0.20358369517001876, -0.5551703947309296, -0.0841406029612855, 0.0013567434698313848, -0.09192608573473411, 0.1848366886960196, -0.48425645828652547, 0.3565580372102436, -0.49306404599202774, 0.17412429813130426, -0.5589729496170803, 0.04384430899619544, 0.04452866235066724, 0.04110842107628189, 0.04226029649755293, 0.04279569055444879, 0.04750172151537109, 0.052767061697166724, 0.05299740120492868, 0.04727359648728636, 0.042673804717642316, 0.029102412294497768, 0.04167926486259695, 0.03885600923113991, 0.041670284733950166, 0.039161436781420936, 0.06176901317267619, 0.06446241229449777, 0.05323709429184033, 0.043100130828050205, 0.03696145896055912, 0.046660921188620835, 0.03405320175635683, 0.3518264035127137, 0.05393123896660038, 0.052611184192788596, 0.04939382689678051, 0.030967215153710898, 0.03547831107930252, 0.051284012947998295, 0.056853870805701104, 0.3581138377616717], "cm5 charges": [-0.23842490154194554, 0.46744799330132303, -0.2547740677218101, -0.5501087936280733, 0.17789604182581353, -0.1739205925457501, -0.08465403512713648, -0.10025201756356825, -0.14588039473092954, -0.15352359648728636, 0.008406995609107942, -0.1323811841927886, 0.4111396052690705, -0.5551888705810233, -0.11742768638823463, -0.06203571273358698, -0.0042066008781784115, -0.23281970395180288, 0.22039088814459148, -0.3230564035127137, 0.16356000000000004, -0.7662442872664131, -0.1821478946185906, -0.018153453895633383, -0.2365818971510535, 0.20105279616053612, -0.5601049780455398, 0.3821678398447788, -0.5512313815582535, 0.09643558100682521, -0.7652268421525639, 0.09797411163073068, 0.09991827848462892, 0.09597141460228276, 0.09744432075979821, 0.09896166629220353, 0.10156832239354951, 0.12457765379356103, 0.1121668091085344, 0.10783689692637558, 0.10670730252219629, 0.09153231361176539, 0.09869454982122501, 0.09497752251615504, 0.09737752161744347, 0.09516759901974924, 0.12145571273358698, 0.12318241229449778, 0.11598389253548351, 0.0957701747369708, 0.09024224842241818, 0.09953018650057358, 0.10330650219544604, 0.5227464035127137, 0.11840331130398041, 0.11315369517001875, 0.10560742338406687, 0.08449332261822741, 0.08919959395482349, 0.11734317957721865, 0.12379612964365469, 0.5347670834269491], "FUKUI+": [0.006669956091079411, 0.002330043908920591, 0.006, -0.01166995609107941, 0.0016699560910794099, 0.005000000000000001, 0.0020000000000000005, 0.003, 0.007000000000000001, 0.010000000000000002, -0.046000000000000006, -0.014000000000000002, -0.040330043908920594, -0.11500000000000002, -0.017, -0.037000000000000005, -0.003, 0.008000000000000002, -0.005000000000000001, -0.005330043908920591, 0.0020000000000000005, -0.005000000000000001, 0.004000000000000001, -0.004000000000000001, 0.010330043908920592, -0.0020000000000000005, -0.011000000000000001, -0.06666995609107942, -0.11033991218215883, 0.011000000000000001, -0.022330043908920592, -0.014009868273238229, -0.0076304829981264964, -0.008699560910794095, -0.005049341366191143, 0.00038925354834996135, -0.01666995609107941, -0.007669956091079411, -0.016330043908920594, -0.004660087817841182, -0.017, -0.013000000000000001, -0.01629057081596768, -0.020709429184032326, -0.027650219544602953, -0.028679824364317638, -0.043, -0.045000000000000005, -0.046000000000000006, -0.019310307362444136, -0.02366995609107941, -0.02101973654647646, -0.013669956091079412, -0.004000000000000001, -0.001990131726761772, -0.006669956091079411, -0.015000000000000001, -0.01034978045539705, -0.009990131726761772, -0.04232017563568237, -0.048349780455397055, -0.00966995609107941], "FUKUI-": [0.00466995609107941, -0.004330043908920591, 0.002330043908920591, -0.045980263453523545, 0.004000000000000001, 0.00466995609107941, 0.0, 0.0010000000000000002, 0.006, 0.003, -0.022000000000000002, -0.015000000000000001, -0.022000000000000002, -0.12400000000000001, -0.019000000000000003, -0.014000000000000002, -0.005000000000000001, 0.011000000000000001, -0.00266995609107941, -0.007000000000000001, 0.003, -0.020000000000000004, 0.004000000000000001, -0.003, 0.010000000000000002, -0.004000000000000001, -0.04333004390892059, -0.00366995609107941, -0.04366995609107941, 0.004000000000000001, -0.038029604819714694, -0.023660087817841183, -0.016960526907047087, -0.019359648728635277, -0.02101973654647646, -0.018300439089205908, -0.026330043908920592, -0.025, -0.015000000000000001, -0.011330043908920591, -0.011330043908920591, -0.015000000000000001, -0.016630482998126497, -0.021039473092952916, -0.025320175635682365, -0.026679824364317643, -0.04000000000000001, -0.042330043908920596, -0.046000000000000006, -0.01733004390892059, -0.018000000000000002, -0.017669956091079412, -0.015330043908920593, -0.009000000000000001, -0.007000000000000001, -0.015330043908920593, -0.010000000000000002, -0.01233004390892059, -0.012669956091079411, -0.023990131726761774, -0.027039473092952918, -0.014009868273238229],