{"dipole": [-0.000993133492307123, 0.005720962393610698, 0.001677087810930592], "partial charges": [-0.09973426196355731, -0.05164856220169468, -0.05794925279827174, -0.05763476570714569, -0.057330322596796685, -0.05751899789175064, -0.057270459277880686, -0.05739850659531976, -0.05729591739698018, -0.05734977253338068, -0.057305040951336296, -0.056903121457429304, -0.057419472724486956, -0.057025452325744644, -0.05672525273945934, -0.05660146135228164, -0.057153994132693835, -0.05794739639337956, -0.05162992048933731, -0.09972237707105559, 0.03165254009953918, 0.03178124794521168, 0.03123174356759375, 0.028224954836008828, 0.028032618600567393, 0.029147055677847707, 0.02925315557730969, 0.02918186118799685, 0.028817074198331512, 0.02765853610993056, 0.028571677879007867, 0.029580789814404738, 0.028417884262661855, 0.028228865420163732, 0.028604944673181726, 0.029264831011586008, 0.028388925871826946, 0.028711130546505585, 0.029265775626524798, 0.028851414240789557, 0.028182660654172388, 0.028643667892394163, 0.028915812744658615, 0.02749725748871669, 0.02749032458646058, 0.029506533839291055, 0.030444730485166587, 0.028184829295494165, 0.02928878538554854, 0.027724204870076884, 0.027461173662788916, 0.02866143930412534, 0.028227549830293318, 0.027657074252257146, 0.02943080035020207, 0.03000565448529826, 0.02921303271731412, 0.027981671344802554, 0.028234056865964988, 0.031645626005358904, 0.030820875684820302, 0.03147951969485189], "mulliken charges": [-0.08364600764536069, -0.03867877015129354, -0.04690578449881607, -0.046247334158664215, -0.04582635461239849, -0.04654097379455184, -0.04616371322388335, -0.046410738203377364, -0.046411105094119186, -0.04640511148723481, -0.046757974496245434, -0.04574556465850914, -0.04713489871020803, -0.04676967585717365, -0.04609959600481537, -0.04675745316687925, -0.046429222494725655, -0.04716454116951891, -0.03883057065846664, -0.08342841519266743, 0.02698174462659813, 0.026889176420268068, 0.02700501747646618, 0.021926922415806724, 0.022019763851440638, 0.02264038094429672, 0.022716278208820783, 0.022779260998891746, 0.022821140392964782, 0.023131003891604204, 0.02264821385828169, 0.02304132760479201, 0.023173018295642125, 0.023295182624028507, 0.023022138156538523, 0.023094814398113228, 0.02331392987064103, 0.023472100994220403, 0.02290455590736237, 0.023025231976705106, 0.023205183499037392, 0.023434983924237512, 0.023072943909555374, 0.023287123081048456, 0.023176504886977093, 0.02315570269083217, 0.023416962976855533, 0.023196877943979018, 0.023114282338819958, 0.023602863414506757, 0.023128002783029133, 0.02319439486912859, 0.023460457860196286, 0.023119058494303697, 0.02289260262281425, 0.023042542501682462, 0.02258073904584372, 0.021811265802588718, 0.021843959228711542, 0.026448011642339432, 0.027545782896753943, 0.026728680000117508], "cm5 charges": [-0.2340051457592141, -0.1512178099119027, -0.15758526804599066, -0.15700074768627606, -0.1565666255299053, -0.15734990327120144, -0.15691871006860678, -0.15721993255235556, -0.15726328435730916, -0.15724278008689924, -0.15757166386245108, -0.1564613250027139, -0.1580764143354599, -0.15765311398155488, -0.15677280834894333, -0.15750916347758467, -0.1571844031662275, -0.157894206302096, -0.15143793162064195, -0.23379118207869792, 0.07812324002932733, 0.07809905524957202, 0.07809029890851528, 0.07662938501252295, 0.07673376786261653, 0.07801766340508287, 0.07800129381689377, 0.07831193671654788, 0.07824302051004996, 0.07834388915847472, 0.07800190100000828, 0.07869257549713049, 0.07839211599203702, 0.07856861807499928, 0.07838153396243307, 0.07853071032334337, 0.07873859694186609, 0.07894091054991018, 0.07841350718513965, 0.0785388539831025, 0.0785328315671575, 0.07886768054712552, 0.07847136310734748, 0.07843759357467071, 0.07832158744813028, 0.07892938881828855, 0.07916150671427005, 0.07867038619767762, 0.07867636891958281, 0.07868889843832658, 0.07816955952980523, 0.07856699274721905, 0.07872745431067697, 0.07836441657861275, 0.07849310632926522, 0.07849610471815592, 0.0779953915227004, 0.0765804008111966, 0.07669235867979829, 0.07773641206973521, 0.07842368895532602, 0.07792093664583136], "FUKUI+": [0.0045162108624036135, -0.005773732422264557, -0.00856399923231128, -0.00996612632217625, -0.009743444074014411, -0.0065991534813179785, -0.006253600847942981, -0.005751584523978497, -0.00427959674282814, -0.003923327232856001, -0.0030112426246556388, -0.006782214669787279, -0.004200650435707761, -0.0031019110618697478, -0.005399041317166459, -0.006420368103159699, -0.008649182975508249, -0.007678669774529935, -0.005282838392858294, 0.004, -0.0198818304382141, -0.018635027789180345, -0.0189445338169831, -0.017730297955175476, -0.01861770021884491, -0.020865043491531975, -0.023280009972803474, -0.022316373840872226, -0.0240183304107541, -0.02803807760932617, -0.025210269608427698, -0.023264156528266057, -0.025963639296190368, -0.024186593201658387, -0.022959818745847207, -0.022309306203843034, -0.024753922393704463, -0.01909559678073453, -0.01970827896326002, -0.019021839888579344, -0.020353187487537654, -0.022240989053435724, -0.02088972185993535, -0.022636322529046106, -0.021726583698405116, -0.019007306809912347, -0.020113745518714872, -0.020509357577090787, -0.020417355329115313, -0.024633279831939487, -0.024508466439071185, -0.023162187446151908, -0.024204097658913116, -0.023106687360757418, -0.02056727178500833, -0.020678243022857548, -0.019919646084233147, -0.016771543798682367, -0.015482417971234286, -0.016253105726665093, -0.023664830570984174, -0.017134364676278543], "FUKUI-": [0.009315368791785156, 0.002152303129600188, 0.002232596296444018, 0.0026259141582767303, 0.0027301926334589314, 0.0012393465324370757, 0.002725933479573223, 0.002434850015564872, 0.0020450335193144854, 0.0027212823519895206, 0.001805888013117533, 0.0034231932821493015, 0.002270267306354866, 0.0038925300509270026, 0.003726480470831312, 0.00208905962726128, 0.004234989388553272, 0.0031741827360608934, 0.0029647220821984056, 0.00959223312175169, -0.024237139663224456, -0.026256992472477102, -0.024813071342378954, -0.030130270233951994, -0.03711266271900122, -0.029597195831679968, -0.030764242950890246, -0.02339334641529673, -0.02225779291449749, -0.029544148670813584, -0.02044550486415249, -0.02650949152907745, -0.022863067648427816, -0.024013439035610266, -0.02255160393645528, -0.019639129538583516, -0.027939751771320933, -0.024252714535932543, -0.016424154761643068, -0.023161068395485655, -0.02157247970918706, -0.026686687137442856, -0.021585709211319817, -0.022491180678199916, -0.02166999766274346, -0.02396698328193197, -0.02324884094541959, -0.029945069104653898, -0.02075290144756197, -0.02796436517862664, -0.023273295608915133, -0.02518558045508273, -0.021656448498114007, -0.026907408983274102, -0.02288809425680586, -0.034431150711195437, -0.030993457323174822, -0.031956349477463765, -0.03339540590133735, -0.02489090996765993, -0.022820976863725327, -0.02237370815898217],