{"dipole": [0.45706417, -1.53719851, -0.31157622], "partial charges": [-0.04250925, -0.02846651, -0.0345529, -0.02883839, -0.05323343, 0.07734754, -0.16122819, 0.27288483, -0.44358024, -0.0594469, 0.16126614, -0.39975536, -0.04999131, -0.02604302, -0.04163162, -0.03741752, 0.06917979, 0.03966314, 0.03370571, 0.03481275, 0.02654479, 0.1807869, 0.3389505, 0.05927563, 0.04302601, 0.0365383, 0.03271261], "mulliken charges": [-0.04931, -0.02282, -0.03848, -0.02246, -0.07141, 0.14894, -0.318, 0.47273, -0.55292, -0.10332, 0.28246, -0.52638, -0.06303, -0.01627, -0.04718, -0.02943, 0.06388, 0.03546, 0.03192, 0.03205, 0.02928, 0.22588, 0.38424, 0.05515, 0.03623, 0.03369, 0.0291], "cm5 charges": [-0.09665, -0.07799, -0.0938, -0.07764, -0.11937, 0.20073, -0.6606, 0.56763, -0.61918, -0.10088, 0.2979, -0.71637, -0.11287, -0.0713, -0.10233, -0.08082, 0.129, 0.09084, 0.08732, 0.08745, 0.08814, 0.42287, 0.57513, 0.11375, 0.09158, 0.08895, 0.08853], "FUKUI+": [-0.013, -0.019, -0.036, -0.016, -0.02, -0.02, -0.026, -0.05, -0.107, -0.03, -0.023, -0.045, -0.026, -0.045, -0.017, -0.031, -0.023, -0.045, -0.052, -0.046, -0.037, -0.031, -0.015, -0.058, -0.064, -0.056, -0.048], "FUKUI-": [-0.022, -0.02, -0.045, -0.021, -0.022, -0.03, -0.048, -0.005, -0.053, -0.025, -0.028, -0.088, -0.027, -0.021, -0.039, -0.014, -0.036, -0.05, -0.057, -0.051, -0.043, -0.032, -0.028, -0.051, -0.053, -0.054, -0.037], "FUKUIrad": [-0.018, -0.019, -0.04, -0.019, -0.021, -0.025, -0.037, -0.027, -0.08, -0.028, -0.025, -0.066, -0.027, -0.033, -0.028, -0.023, -0.03, -0.047, -0.055, -0.049, -0.04, -0.032, -0.022, -0.054, -0.059, -0.055, -0.042], "s proportion": [1.062, 1.063, 1.058, 1.059, 1.06, 1.039, 1.426, 0.994, 1.727, 1.087, 1.023, 1.705, 1.06, 1.065, 1.056, 1.064, 0.936, 0.965, 0.968, 0.968, 0.971, 0.774, 0.616, 0.945, 0.964, 0.966, 0.971], "p proportion": [2.987, 2.96, 2.98, 2.963, 3.012, 2.812, 3.892, 2.533, 4.826, 3.016, 2.695, 4.821, 3.003, 2.951, 2.992, 2.965, 0.0, 0.0, 0.0, 0.0, 0.0, 0.0, 0.0, 0.0, 0.0, 0.0, 0.0], "d proportion": [0.0, 0.0, 0.0, 0.0, 0.0, 0.0, 0.0, 0.0, 0.0, 0.0, 0.0, 0.0, 0.0, 0.0, 0.0, 0.0, 0.0, 0.0, 0.0, 0.0, 0.0, 0.0, 0.0, 0.0, 0.0, 0.0, 0.0], "Coordination numbers": [2.915, 2.912, 2.911, 2.911, 2.92, 2.895, 2.69, 2.752, 0.858, 2.966, 2.844, 1.657, 2.911, 2.912, 2.91, 2.913, 0.925, 0.925, 0.925, 0.925, 0.925, 0.86, 0.802, 0.925, 0.925, 0.925, 0.925], "Dispersion coefficient C6": [29.056, 28.712, 28.86, 28.721, 29.322, 26.272, 24.488, 22.387, 22.571, 29.475, 24.512, 20.844, 29.241, 28.653, 29.034, 28.93, 2.095, 2.453, 2.534, 2.519, 2.636, 1.209, 0.615, 2.207, 2.409, 2.495, 2.548], "Polarizability alpha": [8.839, 8.786, 8.809, 8.788, 8.88, 8.404, 7.35, 7.748, 6.37, 8.905, 8.114, 6.163, 8.867, 8.777, 8.836, 8.82, 2.263, 2.449, 2.49, 2.482, 2.539, 1.723, 1.232, 2.323, 2.427, 2.47, 2.496], "FOD": [0.0, 0.0, 0.0, 0.0, 0.0, 0.0, 0.0, 0.0, 0.0, 0.0, 0.0, 0.0, 0.0, 0.0, 0.0, 0.0, 0.0, 0.0, 0.0, 0.0, 0.0, 0.0, 0.0, 0.0, 0.0, 0.0, 0.0], "FOD s proportion": [0.0, 0.0, 0.0, 0.0, 0.0, 0.0, 0.0, 0.0, 0.0, 0.0, 0.0, 0.0, 0.0, 0.0, 0.0, 0.0, 0.0, 0.0, 0.0, 0.0, 0.0, 0.0, 0.0, 0.0, 0.0, 0.0, 0.0], "FOD p proportion": [0.0, 0.0, 0.0, 0.0, 0.0, 0.0, 0.0, 0.0, 0.0, 0.0, 0.0, 0.0, 0.0, 0.0, 0.0, 0.0, 0.0, 0.0, 0.0, 0.0, 0.0, 0.0, 0.0, 0.0, 0.0, 0.0, 0.0], "FOD d proportion": [0.0, 0.0, 0.0, 0.0, 0.0, 0.0, 0.0, 0.0, 0.0, 0.0, 0.0, 0.0, 0.0, 0.0, 0.0, 0.0, 0.0, 0.0, 0.0, 0.0, 0.0, 0.0, 0.0, 0.0, 0.0, 0.0, 0.0], "total energy": -44.50025318, "HOMO-LUMO gap/eV": 3.12736526, "electronic energy": -45.16446894, "Dipole module/D": 4.152, "Total charge": 0.0, "HOMO": -10.5386, "LUMO": -7.4113, "Fermi-level/eV": -8.975, "Total dispersion C6": 9737.351235, "Total dispersion C8": 239078.081691, "Total polarizability alpha": 157.350613, "Total FOD": 0.0}