{"dipole": [-0.3798546300405894, -0.6029392583050288, -0.3462672000991901], "partial charges": [-0.03734238475489068, -0.189550712559362, 0.39865930126918864, -0.4524050530581796, -0.29583575991720173, 0.12631998243866752, -0.04956512788051759, -0.04352700693190406, -0.04557969782233512, -0.014629570238986596, -0.07129462155583832, 0.145139175646056, -0.11234102011758983, -0.11240585090833172, -0.28094323062419657, 0.1314023097692945, 0.06707729427490774, 0.06239846179639122, 0.06165229956193088, 0.18366386619063438, 0.055235415853182646, 0.04390476051494589, 0.04238206754918131, 0.05301900942728728, 0.053281057300120255, 0.04658147304235095, 0.047365482984700724, 0.04603854834703275, 0.04921118670995905, 0.048699180752152106, 0.043389176717415434], "mulliken charges": [0.07245034097128779, -0.34991766547682257, 0.6531907787017842, -0.5675994896508706, -0.42322316204454996, 0.22645462583411385, -0.05839897803841651, -0.04408343259012889, -0.04482266485650029, -0.03591093491854601, -0.06948519601281317, 0.2449538058246482, -0.102471218586913, -0.10391724594582982, -0.42176853095242567, 0.2301225493061847, 0.04045633704443798, 0.03761026623027512, 0.042845996444574895, 0.2351946342983005, 0.04980425950075206, 0.033713808939366374, 0.03375059208452452, 0.042798879040923395, 0.04210042080565725, 0.03902343390396903, 0.03835034049131771, 0.038351027615028295, 0.045926513457750555, 0.04205670146381291, 0.03244230442930647], "cm5 charges": [-0.013773715325361927, -0.7094797272806427, 0.7753169800893384, -0.6065709728422908, -0.4796056111657633, 0.24915395171448973, -0.10810075178802116, -0.0987945322201094, -0.0975426648565003, -0.04474538510355577, -0.16569897207819878, 0.23956112938924312, -0.24503118821690117, -0.24639679914039755, -0.48855915340696193, 0.2551235972710774, 0.10308363375624185, 0.10001556424896735, 0.10578607814948396, 0.4340581830494943, 0.10825220551988331, 0.08899490856934686, 0.08978614189951478, 0.09976900742212833, 0.0987447426094621, 0.09253797178459156, 0.09152546913216825, 0.09176086137105072, 0.10017196058380047, 0.09550832651990256, 0.08513431015951019], "FUKUI+": [0.020445018500975402, -0.04315768054246212, -0.034870342583948846, -0.07102802312641096, -0.04571266204148672, -0.051287337958513285, -0.055842319457537884, -0.024287337958513285, -0.05171266204148672, -0.07112965741605118, 0.017287337958513286, 0.0, 0.014000000000000002, 0.0135549814990246, -0.03928733795851329, -0.028287337958513285, -0.0282147594873198, -0.028973981182737262, -0.02470129633189375, -0.031712662041486726, -0.07428733795851328, -0.0725549814990246, -0.07900000000000001, -0.04846471291897737, -0.04782262503953593, -0.01863084736829489, -0.02087538389428103, -0.019699166824299126, -0.004369277830151526, -0.023180537160094473, -0.02608710638041685], "FUKUI-": [0.021000000000000005, -0.06571266204148672, 0.0, -0.05609026858004724, -0.032445018500975406, -0.022, -0.023445018500975398, -0.044, -0.015000000000000003, -0.037000000000000005, 0.014000000000000002, -0.005, 0.011295666666922275, 0.008704333333077728, -0.09601969441800198, -0.029000000000000005, -0.041152514033683515, -0.04716892105360869, -0.04852088437024569, -0.035287337958513285, -0.0514450185009754, -0.0604450185009754, -0.0524450185009754, -0.060740685167897684, -0.05770433333307774, -0.028129782614497577, -0.029568351517765788, -0.0289356250387691, -0.01937760653856052, -0.0313890974465999, -0.03688687480232042], "FUKUIrad": [0.021000000000000005, -0.054712662041486726, -0.017445018500975403, -0.06342532408297345, -0.039445018500975405, -0.037000000000000005, -0.0395549814990246, -0.03400000000000001, -0.03344501850097541, -0.05384231945753789, 0.015554981499024602, -0.0030000000000000005, 0.012870342583948837, 0.011129657416051163, -0.0672873379585133, -0.028554981499024606, -0.03481745853075732, -0.03820527288842863, -0.03697726858081406, -0.03373235645948869, -0.06300000000000001, -0.0662873379585133, -0.066, -0.05460269904343753, -0.05239730095656248, -0.02315780574090853, -0.024855689476279065, -0.024183574161278455, -0.012239620414100365, -0.02742848628260383, -0.03126448134088093], "s proportion": [0.9760000000000002, 1.413850648165947, 0.9234253240829735, 1.7240000000000002, 1.6920000000000002, 1.004, 1.064, 1.057, 1.056, 1.0790000000000002, 1.0355549814990246, 1.057712662041487, 1.018842319457538, 1.0197126620414867, 1.7074450185009755, 1.0180000000000002, 0.9595871995171017, 0.9623172401956261, 0.9572532408297345, 0.7650000000000001, 0.9502873379585133, 0.9660000000000001, 0.9660000000000001, 0.9570787776720079, 0.957811259329943, 0.960986629981259, 0.9615653145165819, 0.9618224998410895, 0.9542708057401419, 0.9581049216877171, 0.9676274347717718], "p proportion": [2.9520000000000004, 3.93586201387554, 2.4235746759170267, 4.843287337958514, 4.731554981499025, 2.769, 2.994732356459489, 2.9870000000000005, 2.9887323564594888, 2.956554981499025, 3.0340000000000003, 2.6975549814990245, 3.0833070323765153, 3.0841379861244604, 4.714157680542463, 2.752, 0.0, 0.0, 0.0, 0.0, 0.0, 0.0, 0.0, 0.0, 0.0, 0.0, 0.0, 0.0, 0.0, 0.0, 0.0], "d proportion": [0.0, 0.0, 0.0, 0.0, 0.0, 0.0, 0.0, 0.0, 0.0, 0.0, 0.0, 0.0, 0.0, 0.0, 0.0, 0.0, 0.0, 0.0, 0.0, 0.0, 0.0, 0.0, 0.0, 0.0, 0.0, 0.0, 0.0, 0.0, 0.0, 0.0, 0.0], "Coordination numbers": [3.688712662041487, 2.6820000000000004, 2.6762676435405117, 0.857, 1.7080000000000002, 2.8911099629980495, 2.913, 2.916, 2.9110000000000005, 3.0188900370019507, 3.838, 3.9086701110058533, 3.751712662041487, 3.751287337958514, 1.7010000000000003, 2.979225092504877, 0.9240000000000002, 0.9240000000000002, 0.9240000000000002, 0.8600000000000001, 0.9250000000000003, 0.9250000000000003, 0.9250000000000003, 0.9240000000000002, 0.9240000000000002, 0.9240000000000002, 0.9240000000000002, 0.9240000000000002, 0.9240000000000002, 0.9240000000000002, 0.9240000000000002], "Dispersion coefficient C6": [21.43613269441724, 25.111247292025816, 20.268786273204718, 22.756889786605058, 18.91932156028574, 25.22971266204149, 29.230556985808178, 29.081039388836007, 29.131732356459494, 28.354104796489274, 21.834219925996102, 18.19356950940825, 22.70986213907399, 22.711492610846943, 18.663989731105968, 25.12049589824502, 2.1223003562551748, 2.1751262490021337, 2.185125339240533, 1.1932593148321025, 2.255467749920162, 2.3973267267945175, 2.4175746759170265, 2.2826634110112525, 2.279701671927233, 2.3637804465506416, 2.3539551973069246, 2.3705083918746355, 2.3301730207172877, 2.3370187527713484, 2.4053744784919946], "Polarizability alpha": [6.62686201387554, 7.442413958373381, 7.366842319457539, 6.395771745295494, 5.872842319457538, 8.235, 8.865622393461441, 8.843, 8.850287337958514, 8.734554981499025, 6.647554981499026, 6.062842319457538, 6.795980305581999, 6.796464712918978, 5.832630722169849, 8.221267643540513, 2.276922502368321, 2.3057528673256984, 2.310758283097364, 1.7114169953745648, 2.3487437221690817, 2.421019694418002, 2.4312873379585134, 2.362697883735371, 2.361197319775359, 2.4044452047743454, 2.399278948175181, 2.4076302213760634, 2.387354153899155, 2.390554510675698, 2.425419595705486], "FOD": [0.0, 0.0, 0.0, 0.0, 0.0, 0.0, 0.0, 0.0, 0.0, 0.0, 0.0, 0.0, 0.0, 0.0, 0.0, 0.0, 0.0, 0.0, 0.0, 0.0, 0.0, 0.0, 0.0, 0.0, 0.0, 0.0, 0.0, 0.0, 0.0, 0.0, 0.0], "FOD s proportion": [0.0, 0.0, 0.0, 0.0, 0.0, 0.0, 0.0, 0.0, 0.0, 0.0, 0.0, 0.0, 0.0, 0.0, 0.0, 0.0, 0.0, 0.0, 0.0, 0.0, 0.0, 0.0, 0.0, 0.0, 0.0, 0.0, 0.0, 0.0, 0.0, 0.0, 0.0], "FOD p proportion": [0.0, 0.0, 0.0, 0.0, 0.0, 0.0, 0.0, 0.0, 0.0, 0.0, 0.0, 0.0, 0.0, 0.0, 0.0, 0.0, 0.0, 0.0, 0.0, 0.0, 0.0, 0.0, 0.0, 0.0, 0.0, 0.0, 0.0, 0.0, 0.0, 0.0, 0.0], "FOD d proportion": [0.0, 0.0, 0.0, 0.0, 0.0, 0.0, 0.0, 0.0, 0.0, 0.0, 0.0, 0.0, 0.0, 0.0, 0.0, 0.0, 0.0, 0.0, 0.0, 0.0, 0.0, 0.0, 0.0, 0.0, 0.0, 0.0, 0.0, 0.0, 0.0, 0.0, 0.0], "total energy": -48.511383807618685, "HOMO-LUMO gap/eV": 4.016767306550388, "electronic energy": -49.11673365183445, "Dipole module/D": 2.580713842671223, "Total charge": 0.0, "HOMO": -10.192951587607897,