{"dipole": [0.24709429997701873, -0.36268442851354843, 0.08736070940965529], "partial charges": [-0.10291028286096607, -0.054164779967562894, -0.0625565200633162, 0.03331772102806395, -0.21319904290999803, 0.035328537001931566, 0.03707325602172914, 0.03776804809720028, 0.03890763330530699, 0.03485941643279969, 0.05113553896710702, 0.04756802721392176, 0.05748413090015668, 0.059388320105023706], "mulliken charges": [-0.08390819088167148, -0.0389781401555403, -0.053344305372056255, 0.07140576336768734, -0.16626569620011017, 0.02897682388787433, 0.029234020678489594, 0.030768113446703, 0.027040813578669762, 0.024574409288244396, 0.033229569023945596, 0.03246989108218819, 0.03251067430084972, 0.032290367906152334], "cm5 charges": [-0.2342610485847796, -0.15109057439222726, -0.16208496858930008, -0.03179720263455212, -0.17601679633268918, 0.08010147934886355, 0.08056539474611793, 0.08185327270411943, 0.08192018031347133, 0.07939443508312675, 0.0886299509666115, 0.08765470808980266, 0.08751122531230254, 0.08760994396913252], "FUKUI+": [0.020825129379675778, 0.01443791391503879, 0.038557951480025277, -0.04136805075631274, -0.4548946166779926, -0.02872942498940137, -0.02212899854257083, -0.02750851918295164, -0.03103886130054266, -0.030136612856868174, -0.0624113951426088, -0.07693361832251443, -0.14818524207463524, -0.1499642178146479], "FUKUI-": [0.02117281308777579, 0.008316203851254934, 0.019629515850729508, 0.03785959538680078, -0.3328506656491418, -0.08446907255157249, -0.0783379384361827, -0.07884426284807466, -0.09905699525288306, -0.08781484052377804, -0.06865828859245984, -0.07276906274452422, -0.09587984859667487, -0.0888185900949629], "FUKUIrad": [0.020759924870027025, 0.011321802818150022, 0.029408491590742148, -0.0018466136426191512, -0.3939266805320852, -0.05676758136947054, -0.050048461494195964, -0.053268776973376335, -0.06504792827671287, -0.0586607336855039, -0.06503484186753432, -0.07492728717463977, -0.12193992429833744, -0.11939140395480541], "s proportion": [1.007891921262964, 1.0270771633375992, 1.0352619352533257, 1.0424471773279609, 1.949, 0.9709795503533739, 0.9707689801461109, 0.9692928506527623, 0.9729890640882805, 0.9756110294381523, 0.9665552560649968, 0.9672595018603678, 0.9675552560649969, 0.967891921262964], "p proportion": [3.076509948444652, 3.0119999999999996, 3.0182933208116713, 2.8861828086816774, 5.233108078737035, 0.0, 0.0, 0.0, 0.0, 0.0, 0.0, 0.0, 0.0, 0.0], "d proportion": [0.0, 0.0, 0.0, 0.0, -0.016, 0.0, 0.0, 0.0, 0.0, 0.0, 0.0, 0.0, 0.0, 0.0], "Coordination numbers": [3.749706679188329, 3.799631949243687, 3.8275187416986656, 3.7132619352533256, 0.9163339697829387, 0.9240000000000002, 0.9240000000000002, 0.9240000000000002, 0.9240000000000002, 0.9240000000000002, 0.9240000000000002, 0.9240000000000002, 0.9240000000000002, 0.9240000000000002], "Dispersion coefficient C6": [22.529961785176557, 21.548428042087682, 21.679295156735414, 20.138935924405168, 105.86508954956058, 2.5122201449693455, 2.4882947635453365, 2.479025590154698, 2.4649080186182135, 2.519407803999939, 2.3060506541768016, 2.351262111135854, 2.2287860156686943, 2.206268660608293], "Polarizability alpha": [6.76918861578541, 6.60926774235706, 6.624862969097576, 6.412086688772592, 15.741178620191508, 2.4787026935219907, 2.4669250098051667, 2.462159455483185, 2.4549156627197615, 2.4820574766735883, 2.374911033857935, 2.39811438117173, 2.3348544261655477, 2.3227650628513548], "FOD": [0.0, 0.0, 0.0, 0.0, 0.0, 0.0, 0.0, 0.0, 0.0, 0.0, 0.0, 0.0, 0.0, 0.0], "FOD s proportion": [0.0, 0.0, 0.0, 0.0, 0.0, 0.0, 0.0, 0.0, 0.0, 0.0, 0.0, 0.0, 0.0, 0.0], "FOD p proportion": [0.0, 0.0, 0.0, 0.0, 0.0, 0.0, 0.0, 0.0, 0.0, 0.0, 0.0, 0.0, 0.0, 0.0], "FOD d proportion": [0.0, 0.0, 0.0, 0.0, 0.0, 0.0, 0.0, 0.0, 0.0, 0.0, 0.0, 0.0, 0.0, 0.0], "total energy": -17.706443558548322, "HOMO-LUMO gap/eV": 6.965896400191056, "electronic energy": -17.89756644807079, "Dipole module/D": 2.345211851282602, "Total charge": 0.0, "HOMO": -11.109175538576698, "LUMO": -4.14331681312255, "Fermi-level/eV": -7.626233079086958, "Total dispersion C6": 1822.621188044167, "Total dispersion C8": 45922.917550169215, "Total polarizability alpha": 63.93196813004961, "Total FOD": 0.0}