{"dipole": [-0.00365958, 0.21871953, -0.4619328], "partial charges": [-0.02868209, -0.03406135, -0.03402365, -0.00488619, 0.04113046, -0.04181873, -0.07929096, 0.04114093, -0.04180354, -0.0286835, -0.03407639, -0.03403404, -0.00488273, 0.03534739, 0.03410933, 0.03385086, 0.03867974, 0.03867122, 0.03534358, 0.03412495, 0.03384474], "mulliken charges": [-0.02536, -0.03728, -0.03134, -0.02125, 0.06382, -0.05001, -0.05388, 0.06382, -0.05, -0.02537, -0.03729, -0.03135, -0.02125, 0.03105, 0.03094, 0.03102, 0.03536, 0.03535, 0.03105, 0.03095, 0.03102], "cm5 charges": [-0.08045, -0.0925, -0.08337, -0.02369, 0.07447, -0.10088, -0.09022, 0.07448, -0.10085, -0.08044, -0.09252, -0.08338, -0.02368, 0.08645, 0.08632, 0.08715, 0.09162, 0.0916, 0.08644, 0.08633, 0.08714], "FUKUI+": [-0.049, -0.017, -0.039, -0.037, -0.005, -0.03, -0.154, -0.005, -0.03, -0.049, -0.017, -0.039, -0.037, -0.069, -0.061, -0.057, -0.059, -0.059, -0.069, -0.061, -0.057], "FUKUI-": [-0.019, -0.038, -0.026, -0.018, 0.017, -0.033, -0.337, 0.017, -0.033, -0.019, -0.038, -0.026, -0.018, -0.056, -0.06, -0.049, -0.049, -0.049, -0.056, -0.06, -0.049], "FUKUIrad": [-0.034, -0.028, -0.033, -0.027, 0.006, -0.032, -0.246, 0.006, -0.032, -0.034, -0.028, -0.033, -0.027, -0.062, -0.06, -0.053, -0.054, -0.054, -0.062, -0.06, -0.053], "s proportion": [1.058, 1.056, 1.064, 1.08, 1.077, 1.058, 1.909, 1.077, 1.058, 1.058, 1.056, 1.064, 1.08, 0.969, 0.969, 0.969, 0.965, 0.965, 0.969, 0.969, 0.969], "p proportion": [2.967, 2.981, 2.967, 2.942, 2.859, 2.992, 4.133, 2.859, 2.992, 2.967, 2.981, 2.967, 2.942, 0.0, 0.0, 0.0, 0.0, 0.0, 0.0, 0.0, 0.0], "d proportion": [0.0, 0.0, 0.0, 0.0, 0.0, 0.0, 0.012, 0.0, 0.0, 0.0, 0.0, 0.0, 0.0, 0.0, 0.0, 0.0, 0.0, 0.0, 0.0, 0.0, 0.0], "Coordination numbers": [2.912, 2.907, 2.914, 3.144, 2.995, 2.931, 2.318, 2.995, 2.931, 2.912, 2.907, 2.914, 3.144, 0.925, 0.925, 0.925, 0.925, 0.925, 0.925, 0.925, 0.925], "Dispersion coefficient C6": [28.717, 28.848, 28.847, 27.886, 27.067, 29.039, 144.355, 27.067, 29.039, 28.717, 28.848, 28.847, 27.886, 2.512, 2.529, 2.532, 2.466, 2.467, 2.512, 2.529, 2.532], "Polarizability alpha": [8.787, 8.807, 8.807, 8.64, 8.534, 8.838, 20.222, 8.534, 8.837, 8.787, 8.807, 8.807, 8.64, 2.478, 2.487, 2.489, 2.456, 2.456, 2.478, 2.487, 2.489], "FOD": [0.0, 0.0, 0.0, 0.0, 0.0, 0.0, 0.0, 0.0, 0.0, 0.0, 0.0, 0.0, 0.0, 0.0, 0.0, 0.0, 0.0, 0.0, 0.0, 0.0, 0.0], "FOD s proportion": [0.0, 0.0, 0.0, 0.0, 0.0, 0.0, 0.0, 0.0, 0.0, 0.0, 0.0, 0.0, 0.0, 0.0, 0.0, 0.0, 0.0, 0.0, 0.0, 0.0, 0.0], "FOD p proportion": [0.0, 0.0, 0.0, 0.0, 0.0, 0.0, 0.0, 0.0, 0.0, 0.0, 0.0, 0.0, 0.0, 0.0, 0.0, 0.0, 0.0, 0.0, 0.0, 0.0, 0.0], "FOD d proportion": [0.0, 0.0, 0.0, 0.0, 0.0, 0.0, 0.0, 0.0, 0.0, 0.0, 0.0, 0.0, 0.0, 0.0, 0.0, 0.0, 0.0, 0.0, 0.0, 0.0, 0.0], "total energy": -33.01841721, "HOMO-LUMO gap/eV": 3.05730389, "electronic energy": -33.58455414, "Dipole module/D": 1.299, "Total charge": 0.0, "HOMO": -10.0999, "LUMO": -7.0426, "Fermi-level/eV": -8.5712, "Total dispersion C6": 7849.952807, "Total dispersion C8": 222653.246286, "Total polarizability alpha": 144.867818, "Total FOD": 0.0}