{"dipole": [-0.62963841, 0.30166269, 0.00936737], "partial charges": [-0.1963429, 0.03832767, -0.05726216, 0.10900543, -0.21306044, 0.07057809, 0.07056704, 0.08909202, 0.08909526], "mulliken charges": [-0.14232, 0.07186, -0.05131, 0.20053, -0.29073, 0.04393, 0.04392, 0.06206, 0.06206], "cm5 charges": [-0.1518, -0.02906, -0.14886, 0.30786, -0.41351, 0.09943, 0.09941, 0.11826, 0.11827], "FUKUI+": [-0.279, -0.01, 0.027, -0.111, -0.251, -0.099, -0.099, -0.089, -0.089], "FUKUI-": [-0.397, 0.04, 0.007, -0.036, -0.224, -0.113, -0.113, -0.082, -0.082], "FUKUIrad": [-0.338, 0.015, 0.017, -0.073, -0.238, -0.106, -0.106, -0.086, -0.086], "s proportion": [1.949, 1.043, 1.032, 1.078, 1.677, 0.956, 0.956, 0.938, 0.938], "p proportion": [5.209, 2.885, 3.019, 2.721, 3.614, 0.0, 0.0, 0.0, 0.0], "d proportion": [-0.016, 0.0, 0.0, 0.0, 0.0, 0.0, 0.0, 0.0, 0.0], "Coordination numbers": [0.92, 3.72, 3.834, 1.898, 0.911, 0.924, 0.924, 0.924, 0.924], "Dispersion coefficient C6": [105.319, 20.041, 21.577, 28.415, 25.645, 2.079, 2.079, 1.888, 1.888], "Polarizability alpha": [15.7, 6.394, 6.609, 8.609, 7.324, 2.255, 2.255, 2.149, 2.149], "FOD": [0.0, 0.0, 0.0, 0.0, 0.0, 0.0, 0.0, 0.0, 0.0], "FOD s proportion": [0.0, 0.0, 0.0, 0.0, 0.0, 0.0, 0.0, 0.0, 0.0], "FOD p proportion": [0.0, 0.0, 0.0, 0.0, 0.0, 0.0, 0.0, 0.0, 0.0], "FOD d proportion": [0.0, 0.0, 0.0, 0.0, 0.0, 0.0, 0.0, 0.0, 0.0], "total energy": -15.88861663, "HOMO-LUMO gap/eV": 5.25923191, "electronic energy": -16.08359307, "Dipole module/D": 1.775, "Total charge": 0.0, "HOMO": -11.6812, "LUMO": -6.4219, "Fermi-level/eV": -9.0515, "Total dispersion C6": 1250.903865, "Total dispersion C8": 35033.144308, "Total polarizability alpha": 53.44416, "Total FOD": 0.0}