{"dipole": [-0.06402627, -0.30578064, -0.85552107], "partial charges": [-0.15448995, 0.09817102, -0.03825902, -0.0362567, 0.09366555, -0.15709172, 0.01753347, -0.04009747, 0.01620675, -0.03265617, -0.02992297, -0.03804539, 0.09061582, -0.13882173, 0.08581304, -0.14288383, 0.07136543, 0.07396438, 0.07016339, 0.0579302, 0.06118965, 0.07190627], "mulliken charges": [-0.10475, 0.10979, -0.04489, -0.03946, 0.09986, -0.1107, -0.00149, -0.05139, -0.0034, -0.03562, -0.02433, -0.04509, 0.09341, -0.09432, 0.084, -0.10126, 0.04712, 0.04806, 0.04685, 0.03988, 0.04136, 0.04637], "cm5 charges": [-0.1068, 0.10254, -0.09666, -0.09106, 0.09583, -0.11179, -0.00598, -0.09974, -0.00785, -0.08719, -0.07939, -0.09675, 0.0896, -0.09536, 0.08328, -0.10112, 0.10358, 0.10457, 0.10449, 0.09626, 0.09663, 0.10292], "FUKUI+": [-0.093, -0.03, -0.031, -0.031, -0.026, -0.08, -0.028, -0.026, -0.026, -0.026, -0.03, -0.029, -0.03, -0.091, -0.025, -0.078, -0.058, -0.056, -0.048, -0.047, -0.057, -0.056], "FUKUI-": [-0.172, -0.018, -0.018, -0.016, -0.015, -0.148, -0.013, -0.011, -0.005, -0.018, -0.021, -0.012, -0.013, -0.156, -0.01, -0.122, -0.042, -0.04, -0.033, -0.034, -0.043, -0.038], "FUKUIrad": [-0.132, -0.024, -0.024, -0.023, -0.02, -0.114, -0.021, -0.019, -0.016, -0.022, -0.025, -0.021, -0.022, -0.124, -0.018, -0.1, -0.05, -0.048, -0.041, -0.041, -0.05, -0.047], "s proportion": [1.943, 1.077, 1.062, 1.064, 1.082, 1.945, 1.081, 1.065, 1.081, 1.063, 1.06, 1.063, 1.082, 1.945, 1.085, 1.947, 0.953, 0.952, 0.953, 0.96, 0.959, 0.954], "p proportion": [5.172, 2.813, 2.983, 2.975, 2.818, 5.175, 2.921, 2.986, 2.922, 2.973, 2.965, 2.982, 2.824, 5.159, 2.831, 5.163, 0.0, 0.0, 0.0, 0.0, 0.0, 0.0], "d proportion": [-0.011, 0.0, 0.0, 0.0, 0.0, -0.01, 0.0, 0.0, 0.0, 0.0, 0.0, 0.0, 0.0, -0.01, 0.0, -0.009, 0.0, 0.0, 0.0, 0.0, 0.0, 0.0], "Coordination numbers": [0.966, 2.876, 2.948, 2.953, 2.879, 0.958, 2.989, 2.953, 2.992, 2.916, 2.908, 2.957, 2.9, 0.969, 2.896, 0.954, 0.925, 0.925, 0.925, 0.925, 0.925, 0.925], "Dispersion coefficient C6": [103.991, 25.821, 28.95, 28.901, 25.918, 104.072, 27.61, 28.995, 27.64, 28.814, 28.747, 28.944, 25.985, 103.494, 26.088, 103.618, 2.071, 2.042, 2.084, 2.223, 2.185, 2.065], "Polarizability alpha": [15.601, 8.33, 8.825, 8.818, 8.346, 15.607, 8.619, 8.832, 8.624, 8.802, 8.792, 8.824, 8.358, 15.564, 8.374, 15.573, 2.25, 2.235, 2.257, 2.332, 2.312, 2.247], "FOD": [0.0, 0.0, 0.0, 0.0, 0.0, 0.0, 0.0, 0.0, 0.0, 0.0, 0.0, 0.0, 0.0, 0.0, 0.0, 0.0, 0.0, 0.0, 0.0, 0.0, 0.0, 0.0], "FOD s proportion": [0.0, 0.0, 0.0, 0.0, 0.0, 0.0, 0.0, 0.0, 0.0, 0.0, 0.0, 0.0, 0.0, 0.0, 0.0, 0.0, 0.0, 0.0, 0.0, 0.0, 0.0, 0.0], "FOD p proportion": [0.0, 0.0, 0.0, 0.0, 0.0, 0.0, 0.0, 0.0, 0.0, 0.0, 0.0, 0.0, 0.0, 0.0, 0.0, 0.0, 0.0, 0.0, 0.0, 0.0, 0.0, 0.0], "FOD d proportion": [0.0, 0.0, 0.0, 0.0, 0.0, 0.0, 0.0, 0.0, 0.0, 0.0, 0.0, 0.0, 0.0, 0.0, 0.0, 0.0, 0.0, 0.0, 0.0, 0.0, 0.0, 0.0], "total energy": -46.96432534, "HOMO-LUMO gap/eV": 3.80462214, "electronic energy": -47.48544964, "Dipole module/D": 2.315, "Total charge": 0.0, "HOMO": -10.9724, "LUMO": -7.1678, "Fermi-level/eV": -9.0701, "Total dispersion C6": 12673.682856, "Total dispersion C8": 400595.925219, "Total polarizability alpha": 179.522846, "Total FOD": 0.0}