{"dipole": [-0.023019392333176243, -0.14548697772457342, 0.254207540840422], "partial charges": [-0.10840361187973432, 0.003653177839129873, -0.08706200674100041, 0.003795774569852621, -0.1085236459361666, 0.25245036175776775, -0.3304426101129676, 0.2816802031306436, -0.1390725423487674, -0.33029552188011424, 0.2526298347110201, -0.36133116703792273, -0.0875077205650181, 0.003962770284904197, -0.10775094408356692, 0.004227020519750835, -0.10805893323546015, 0.04708007683933704, 0.0424855256877561, 0.04390434350653688, 0.04598721044524869, 0.0624904441672722, 0.05614033119435856, 0.05213363520340851, 0.041210683988748734, 0.04640701897645681, 0.04642392012113384, 0.0611308043348723, 0.045624755207862314, 0.04545965069038293, 0.046069562179694684, 0.0414030456512595, 0.05268005824649666, 0.05466359384640476, 0.04785115110522316, 0.040016196229852835, 0.04688756798119274], "mulliken charges": [-0.09430837829566563, 0.10159170561844223, -0.2732940306496635, 0.10159515344168973, -0.0941275507556813, 0.44082651046567617, -0.4303282804594968, 0.4184714605768957, -0.11277093345389153, -0.43026389336057147, 0.4408242044676221, -0.459473154290426, -0.2735880466893401, 0.10180004094921119, -0.09417872633430033, 0.10167358693842365, -0.09390598658871517, 0.03741765972917448, 0.03071713818898174, 0.03280145113721515, 0.02402412669948807, 0.0376242734906161, 0.03259894654765682, 0.029161291027709015, 0.03005935697041135, 0.03552101593711071, 0.03532400086665834, 0.03683408479914147, 0.0240603547697811, 0.03360663840203802, 0.03503515450380595, 0.031506889200442874, 0.03008669506098449, 0.03185163443913153, 0.03633954264610609, 0.029589114995923198, 0.03530084111075804], "cm5 charges": [-0.23793893876937797, 0.0548001557433299, -0.5236690080939603, 0.05480664294977782, -0.23770486149716702, 0.6628307721040924, -0.6076074785176874, 0.5790219911789488, -0.09773713634963435, -0.6076264389616595, 0.6627264479107734, -0.636440511327436, -0.5235360738143611, 0.055006487851632986, -0.23795541280581367, 0.054867225480340114, -0.23755190008355387, 0.09208500555404087, 0.08343789276538197, 0.0859559431642557, 0.08881867493327843, 0.10582443599059059, 0.09914375065600319, 0.09561205638851158, 0.08306802443773739, 0.08936125806249615, 0.08900617111309367, 0.10503477966440507, 0.0887647914335709, 0.0866413799680755, 0.08866787575365362, 0.08558658101110281, 0.09606298939714905, 0.09870418604765627, 0.0898964735375529, 0.08333248445384667, 0.08870232855766351], "FUKUI+": [0.011, 0.018145167979584258, -0.057330113426619464, 0.018330113426619464, 0.011, -0.025, -0.09499999999999999, -0.077, -0.18199999999999997, -0.09470982385233905, -0.025290176147660937, -0.11166988657338052, -0.0576202895742804, 0.018145167979584258, 0.011, 0.018330113426619464, 0.011, -0.006489905006704232, -0.021013872731165617, -0.019070697666534145, -0.03599999999999999, -0.014145167979584261, -0.024452675083315036, -0.02587743834330442, -0.021046769644686013, -0.012186313004481211, -0.013387047113605582, -0.014435344127245195, -0.036290176147660926, -0.017646515520649306, -0.013303244839984279, -0.015769723211847077, -0.027646370634168794, -0.022973918940111596, -0.013347976464170483, -0.01829017614766093, -0.014401784667127113], "FUKUI-": [0.006669886573380534, 0.014999999999999996, -0.083, 0.014999999999999996, 0.006854832020415738, 0.002, -0.07829017614766093, 0.004, -0.11533011342661947, -0.07799999999999999, 0.002, -0.09752471859379627, -0.083, 0.015145008168076669, 0.006669886573380534, 0.015290176147660931, 0.006999999999999999, -0.01645488914385396, -0.027174577321809355, -0.026841392865286324, -0.04033011342661946, -0.02847085933094964, -0.0361806831832887, -0.03287317607955792, -0.027482273583438802, -0.0211837395082643, -0.0225328543392202, -0.027891146281658126, -0.0401849454470352, -0.02594764978684396, -0.02172321216767759, -0.021204747716077096, -0.03719701885188612, -0.034322778325801884, -0.023650955915166392, -0.024, -0.024127784376556008], "FUKUIrad": [0.008999999999999998, 0.016524878405303863, -0.07, 0.017, 0.008999999999999998, -0.011330113426619465, -0.08662028957428039, -0.03599999999999999, -0.14870982385233905, -0.08633011342661946, -0.0116202895742804, -0.10466988657338053, -0.07, 0.016669886573380536, 0.008999999999999998, 0.017, 0.008999999999999998, -0.011899892991240758, -0.024449216858410814, -0.02293124676636017, -0.03833011342661946, -0.021570372952165087, -0.03050653434616167, -0.029447811295469507, -0.02433710560385454, -0.016995171043512957, -0.018242358568544087, -0.021280516427519332, -0.03833011342661946, -0.021917372228027032, -0.01772305235617, -0.01838985297461989, -0.032684054039925595, -0.02872085271699508, -0.018592018818939834, -0.021, -0.019692280437803227], "s proportion": [1.0119999999999998, 1.0009999999999997, 1.4336202895742804, 1.0009999999999997, 1.0119999999999998, 0.968, 1.532, 1.005, 1.9409999999999998, 1.532, 0.9682901761476609, 1.5215247185937961, 1.4336202895742804, 1.0009999999999997, 1.0119999999999998, 1.0009999999999997, 1.0119999999999998, 0.9625813077701313, 0.9691131358884197, 0.9672599019830798, 0.976, 0.9626243920265192, 0.9676019455151381, 0.9706286542902656, 0.9700494371875924, 0.9645640857857782, 0.964617076832033, 0.9633494328669026, 0.976, 0.9662334038592507, 0.9650909890937223, 0.9686453294882098, 0.9699246331884863, 0.9680161100922717, 0.9636937171543031, 0.9706299492944219, 0.964617076832033], "p proportion": [3.0824751215946957, 2.8975247185937962, 3.83966988657338, 2.8975247185937962, 3.082524878405304, 2.591, 3.8988548320204157, 2.5769999999999995, 5.183, 3.898709823852339, 2.591, 3.938, 3.83966988657338, 2.8973797104257195, 3.0821851052585423, 2.8973797104257195, 3.082, 0.0, 0.0, 0.0, 0.0, 0.0, 0.0, 0.0, 0.0, 0.0, 0.0, 0.0, 0.0, 0.0, 0.0, 0.0, 0.0, 0.0, 0.0, 0.0, 0.0], "d proportion": [0.0, 0.0, 0.0, 0.0, 0.0, 0.0, 0.0, 0.0, -0.012, 0.0, 0.0, 0.0, 0.0, 0.0, 0.0, 0.0, 0.0, 0.0, 0.0, 0.0, 0.0, 0.0, 0.0, 0.0, 0.0, 0.0, 0.0, 0.0, 0.0, 0.0, 0.0, 0.0, 0.0, 0.0, 0.0, 0.0, 0.0], "Coordination numbers": [3.7499999999999996, 3.7399999999999998, 2.7429999999999994, 3.7399999999999998, 3.7499999999999996, 2.9274752814062035, 1.9099999999999997, 2.9613301134266194, 1.0329999999999997, 1.9099999999999997, 2.927330113426619, 1.8489999999999998, 2.742709823852339, 3.7399999999999998, 3.7498548320204153, 3.7399999999999998, 3.7497098238523385, 0.9239999999999999, 0.9239999999999999, 0.9239999999999999, 0.9239999999999999, 0.9239999999999999, 0.9239999999999999, 0.9239999999999999, 0.9239999999999999, 0.9239999999999999, 0.9239999999999999, 0.9239999999999999, 0.9239999999999999, 0.9239999999999999, 0.9239999999999999, 0.9239999999999999, 0.9239999999999999, 0.9239999999999999, 0.9239999999999999, 0.9239999999999999, 0.9239999999999999], "Dispersion coefficient C6": [22.636602245231824, 20.594360071362424, 22.936971660085607, 20.59165530543713, 22.63868494714415, 22.773864331929047, 29.420777784816913, 22.244910465721944, 103.5146265801349, 29.41671531874966, 22.770292843690566, 30.262552516703085, 22.945966481417067, 20.58890283769291, 22.62412483069391, 20.584401061557113, 22.629834015300215, 2.3576974953875585, 2.416765181880396, 2.3980123620498275, 2.3709361613939963, 2.1703427747340465, 2.2483156501858685, 2.29571411361073, 2.4331612405889094, 2.3667135796843093, 2.3656341243634156, 2.1860070129279867, 2.3757246271706784, 2.3783769546618476, 2.3702048795292767, 2.430710826387368, 2.2904097297315844, 2.264940739299973, 2.3477621163737674, 2.4489773588457524, 2.359686711922673],