{"dipole": [0.12484989136373799, -0.055959743281151775, -0.005510729660567929], "partial charges": [-0.09961900407674215, -0.050954008774577744, -0.05170945875917774, -0.06091068714953944, 0.013319704153671747, -0.037947150758068565, -0.031487874040320434, -0.033700331855271735, -0.03141973316420974, -0.037610653681217035, 0.032677266236669444, 0.03172250547434216, 0.03203724767584728, 0.02897853868352872, 0.02971150181835497, 0.03166806181993703, 0.030527241860618094, 0.03395887345318757, 0.03466131639252556, 0.02775403232736673, 0.027018180483541016, 0.02626546505823301, 0.027039013740567438, 0.02801996962729134], "mulliken charges": [-0.08376377937103052, -0.039492166628373085, -0.04137267736378429, -0.04871697857296399, 0.008555392210396218, -0.0418746695876051, -0.027005299337269334, -0.03372444679582534, -0.026962193253601906, -0.04189367939445125, 0.027082850415551914, 0.028537793659278225, 0.027113753564722988, 0.022596845182226245, 0.023475298974167794, 0.02457035575451954, 0.02468143191938902, 0.028221437468600664, 0.030116407409604987, 0.02802312347537108, 0.02794872092722498, 0.027774427911900927, 0.027971679975286375, 0.028141440798561953], "cm5 charges": [-0.23415569567181174, -0.1517033079615891, -0.15047754383959897, -0.15243289340308558, -0.007268409368212693, -0.09537210095386511, -0.08238248395236633, -0.0891201537805013, -0.08233980144235398, -0.09530122013491488, 0.07853824178815741, 0.07939270531732365, 0.07836512920318583, 0.07729850980609249, 0.0785401052485459, 0.08012401092452272, 0.07989630748726947, 0.08405912923443258, 0.08570708709509432, 0.08427785977781789, 0.08334639614949384, 0.0831883011407892, 0.08338512963051961, 0.0844301193851001], "FUKUI+": [0.009880388699020238, 0.0051904576523737755, 0.005204823968213527, 0.017732288412151496, -0.08319012040761056, -0.05308433600908184, -0.055915663990918144, -0.061, -0.055084336009081844, -0.05441585335188226, -0.006842509047989366, -0.020936194245048088, -0.01369156514865482, -0.015432367567796297, -0.004299853751867393, -0.013612677111171732, -0.025051773645969718, -0.04454216800454092, -0.046373495986377224, -0.09565503447667677, -0.097, -0.099, -0.09688713352786416, -0.09599999999999999], "FUKUI-": [0.014683523462565745, 0.002542505249304129, -0.0024011497912793073, 0.0054222609359629755, -0.05181662442123334, -0.02612631465265866, -0.028500189360964115, -0.056767900948812615, -0.027816624421233345, -0.02692274606452527, -0.05099191683674591, -0.062349064515869176, -0.05426871267749547, -0.059703944112057476, -0.058733124628123766, -0.04224596743080345, -0.04814943862127891, -0.04839406771767219, -0.06603718929966224, -0.055619421940015644, -0.06411286647213585, -0.07176790094881261, -0.064, -0.056035612536661124], "FUKUIrad": [0.012260966759004583, 0.003845492129050546, 0.0019018370884671103, 0.011499852116200908, -0.06738732288882827, -0.03958414664811774, -0.04245783199545908, -0.059, -0.04142930153240508, -0.040725543583307586, -0.029033262467961334, -0.041449157297008606, -0.034036572149143074, -0.03756815583992689, -0.03165034498391983, -0.027851899713131262, -0.03673446192754857, -0.046661779305520686, -0.05617008808970433, -0.07588713352786415, -0.08084515488428735, -0.08550018936096412, -0.08038732288882827, -0.07611286647213585], "s proportion": [1.007344965523323, 1.026887133527864, 1.0323873228888283, 1.0307322884121515, 1.0891548451157127, 1.0624578319954592, 1.06, 1.0588871335278642, 1.06, 1.062, 0.9731128664721358, 0.9713385994164074, 0.9731192325790515, 0.9772320990511875, 0.9762324777731156, 0.9753873228888282, 0.9753873228888282, 0.9718871335278642, 0.9700138269024511, 0.972, 0.972, 0.972, 0.972, 0.972], "p proportion": [3.076535423175697, 3.012570698467595, 3.0087255435833073, 3.017993255171156, 2.902, 2.979542168004541, 2.967, 2.975, 2.967, 2.9799999999999995, 0.0, 0.0, 0.0, 0.0, 0.0, 0.0, 0.0, 0.0, 0.0, 0.0, 0.0, 0.0, 0.0, 0.0], "d proportion": [0.0, 0.0, 0.0, 0.0, 0.0, 0.0, 0.0, 0.0, 0.0, 0.0, 0.0, 0.0, 0.0, 0.0, 0.0, 0.0, 0.0, 0.0, 0.0, 0.0, 0.0, 0.0, 0.0, 0.0], "Coordination numbers": [3.749732288412152, 3.799274456416692, 3.8011615899445568, 3.804929490893369, 2.9620843360090814, 2.9149999999999996, 2.911, 2.9120000000000004, 2.911, 2.9149999999999996, 0.924, 0.924, 0.924, 0.924, 0.924, 0.924, 0.924, 0.924, 0.9238871335278642, 0.925, 0.925, 0.925, 0.925, 0.925], "Dispersion coefficient C6": [22.466288979031535, 21.489608775894794, 21.501661011217017, 21.66726468702962, 27.714209562225307, 28.94310745036805, 28.784860195689653, 28.838993255171157, 28.78349306581019, 28.935054685242086, 2.549059727985271, 2.562386020814383, 2.557550136345957, 2.601211713482852, 2.5906951353724548, 2.5629236067170114, 2.579166986004591, 2.5311107919167344, 2.5213580965031395, 2.6184546926153947, 2.6289307047962844, 2.6399307047962846, 2.6290855499119967, 2.614663330453199], "Polarizability alpha": [6.760013110935759, 6.600048723472421, 6.601570361222832, 6.626619421940015, 8.635111232370127, 8.82170337922717, 8.797725543583308, 8.806, 8.79726771158785, 8.820436383606012, 2.496779958673118, 2.5029995383237416, 2.5008911176985724, 2.5223769407436967, 2.517118651688498, 2.50384893688637, 2.511604671685048, 2.4883264799606377, 2.4834887592215775, 2.530537057277705, 2.535908919162074, 2.540908919162074, 2.535563953638751, 2.5288316652265994], "FOD": [0.0, 0.0, 0.0, 0.0, 0.0, 0.0, 0.0, 0.0, 0.0, 0.0, 0.0, 0.0, 0.0, 0.0, 0.0, 0.0, 0.0, 0.0, 0.0, 0.0, 0.0, 0.0, 0.0, 0.0], "FOD s proportion": [0.0, 0.0, 0.0, 0.0, 0.0, 0.0, 0.0, 0.0, 0.0, 0.0, 0.0, 0.0, 0.0, 0.0, 0.0, 0.0, 0.0, 0.0, 0.0, 0.0, 0.0, 0.0, 0.0, 0.0], "FOD p proportion": [0.0, 0.0, 0.0, 0.0, 0.0, 0.0, 0.0, 0.0, 0.0, 0.0, 0.0, 0.0, 0.0, 0.0, 0.0, 0.0, 0.0, 0.0, 0.0, 0.0, 0.0, 0.0, 0.0, 0.0], "FOD d proportion": [0.0, 0.0, 0.0, 0.0, 0.0, 0.0, 0.0, 0.0, 0.0, 0.0, 0.0, 0.0, 0.0, 0.0, 0.0, 0.0, 0.0, 0.0, 0.0, 0.0, 0.0, 0.0, 0.0, 0.0], "total energy": -28.5423710522643, "HOMO-LUMO gap/eV": 4.593195055807453, "electronic energy": -29.022310955044535, "Dipole module/D": 0.5145761985610013, "Total charge": 0.0, "HOMO": -10.565836280350723, "LUMO": -5.9726420247901775, "Fermi-level/eV": -8.269239152570451, "Total dispersion C6": 5359.064873341441, "Total dispersion C8": 123164.69239308283, "Total polarizability alpha": 114.4654347170478, "Total FOD": 0.0}