{"dipole": [-0.89800559, 0.75002257, -0.04896934], "partial charges": [-0.16535973, 0.09878851, -0.03733547, -0.02536099, -0.03622401, 0.0607465, -0.1087712, -0.04150247, 0.06414785, 0.05947241, 0.06008132, 0.07131727], "mulliken charges": [-0.12303, 0.11361, -0.05366, -0.01866, -0.04855, 0.04081, -0.00121, -0.06237, 0.04177, 0.03743, 0.03349, 0.04037], "cm5 charges": [-0.12491, 0.10631, -0.10611, -0.07439, -0.10315, 0.01111, 0.02441, -0.11357, 0.09869, 0.09336, 0.09018, 0.09807], "FUKUI+": [-0.149, -0.052, -0.058, -0.05, -0.05, -0.059, -0.179, -0.045, -0.092, -0.091, -0.088, -0.085], "FUKUI-": [-0.264, -0.024, -0.047, -0.024, -0.047, -0.03, -0.29, -0.014, -0.069, -0.07, -0.068, -0.055], "FUKUIrad": [-0.206, -0.038, -0.052, -0.037, -0.049, -0.044, -0.234, -0.03, -0.081, -0.08, -0.078, -0.07], "s proportion": [1.95, 1.087, 1.061, 1.061, 1.065, 1.11, 1.989, 1.068, 0.958, 0.963, 0.967, 0.96], "p proportion": [5.183, 2.8, 2.992, 2.957, 2.983, 2.849, 5.013, 2.995, 0.0, 0.0, 0.0, 0.0], "d proportion": [-0.01, 0.0, 0.0, 0.0, 0.0, 0.0, 0.0, 0.0, 0.0, 0.0, 0.0, 0.0], "Coordination numbers": [0.94, 2.874, 2.935, 2.91, 3.03, 2.943, 1.2, 3.055, 0.925, 0.925, 0.925, 0.925], "Dispersion coefficient C6": [104.33, 25.807, 28.928, 28.636, 28.869, 26.638, 379.997, 28.975, 2.151, 2.205, 2.198, 2.071], "Polarizability alpha": [15.626, 8.328, 8.821, 8.775, 8.813, 8.465, 33.651, 8.828, 2.293, 2.322, 2.318, 2.25], "FOD": [0.0, 0.0, 0.0, 0.0, 0.0, 0.0, 0.0, 0.0, 0.0, 0.0, 0.0, 0.0], "FOD s proportion": [0.0, 0.0, 0.0, 0.0, 0.0, 0.0, 0.0, 0.0, 0.0, 0.0, 0.0, 0.0], "FOD p proportion": [0.0, 0.0, 0.0, 0.0, 0.0, 0.0, 0.0, 0.0, 0.0, 0.0, 0.0, 0.0], "FOD d proportion": [0.0, 0.0, 0.0, 0.0, 0.0, 0.0, 0.0, 0.0, 0.0, 0.0, 0.0, 0.0], "total energy": -23.2367097, "HOMO-LUMO gap/eV": 3.91685116, "electronic energy": -23.51081512, "Dipole module/D": 2.977, "Total charge": 0.0, "HOMO": -11.1328, "LUMO": -7.216, "Fermi-level/eV": -9.1744, "Total dispersion C6": 4522.746075, "Total dispersion C8": 196627.631397, "Total polarizability alpha": 110.490907, "Total FOD": 0.0}