{"dipole": [0.01006737, -0.81921386, -0.03374829], "partial charges": [-0.17649872, 0.09691596, -0.03791963, -0.028043, -0.03184119, -0.0290875, 0.01264289, 0.01266141, -0.02907291, -0.03185459, -0.02805282, -0.03792388, 0.09691994, -0.176506, 0.05719016, 0.04656202, 0.04436002, 0.04571709, 0.0456995, 0.04437456, 0.0465586, 0.0571981], "mulliken charges": [-0.11927, 0.10728, -0.04654, -0.02299, -0.0316, -0.02868, -0.00813, -0.00811, -0.02867, -0.03162, -0.023, -0.04654, 0.10728, -0.11928, 0.04223, 0.03593, 0.03546, 0.03631, 0.0363, 0.03547, 0.03593, 0.04224], "cm5 charges": [-0.12037, 0.10319, -0.09833, -0.07819, -0.08679, -0.0804, -0.01275, -0.01273, -0.08038, -0.08681, -0.0782, -0.09834, 0.10319, -0.12037, 0.09882, 0.09128, 0.09077, 0.09277, 0.09274, 0.09078, 0.09128, 0.09883], "FUKUI+": [-0.085, -0.029, -0.033, -0.031, -0.033, -0.029, -0.026, -0.026, -0.029, -0.033, -0.031, -0.033, -0.029, -0.085, -0.059, -0.062, -0.062, -0.051, -0.051, -0.062, -0.062, -0.059], "FUKUI-": [-0.187, -0.016, -0.018, -0.022, -0.036, -0.013, -0.015, -0.015, -0.013, -0.036, -0.022, -0.018, -0.016, -0.187, -0.045, -0.052, -0.055, -0.04, -0.04, -0.055, -0.052, -0.045], "FUKUIrad": [-0.136, -0.023, -0.026, -0.026, -0.035, -0.021, -0.021, -0.021, -0.021, -0.035, -0.026, -0.026, -0.023, -0.136, -0.052, -0.057, -0.058, -0.046, -0.046, -0.058, -0.057, -0.052], "s proportion": [1.946, 1.083, 1.063, 1.06, 1.06, 1.064, 1.08, 1.08, 1.064, 1.06, 1.06, 1.063, 1.083, 1.946, 0.958, 0.964, 0.965, 0.964, 0.964, 0.965, 0.964, 0.958], "p proportion": [5.184, 2.81, 2.983, 2.963, 2.972, 2.965, 2.928, 2.928, 2.965, 2.972, 2.963, 2.983, 2.81, 5.184, 0.0, 0.0, 0.0, 0.0, 0.0, 0.0, 0.0, 0.0], "d proportion": [-0.01, 0.0, 0.0, 0.0, 0.0, 0.0, 0.0, 0.0, 0.0, 0.0, 0.0, 0.0, 0.0, -0.01, 0.0, 0.0, 0.0, 0.0, 0.0, 0.0, 0.0, 0.0], "Coordination numbers": [0.958, 2.88, 2.953, 2.911, 2.909, 2.917, 2.988, 2.988, 2.917, 2.909, 2.911, 2.953, 2.88, 0.958, 0.925, 0.925, 0.925, 0.925, 0.925, 0.925, 0.925, 0.925], "Dispersion coefficient C6": [104.693, 25.848, 28.942, 28.701, 28.794, 28.727, 27.724, 27.723, 28.726, 28.794, 28.701, 28.942, 25.848, 104.694, 2.232, 2.363, 2.392, 2.374, 2.374, 2.391, 2.363, 2.232], "Polarizability alpha": [15.654, 8.335, 8.824, 8.785, 8.799, 8.789, 8.637, 8.637, 8.789, 8.799, 8.785, 8.824, 8.335, 15.654, 2.336, 2.404, 2.418, 2.41, 2.41, 2.418, 2.404, 2.336], "FOD": [0.0, 0.0, 0.0, 0.0, 0.0, 0.0, 0.0, 0.0, 0.0, 0.0, 0.0, 0.0, 0.0, 0.0, 0.0, 0.0, 0.0, 0.0, 0.0, 0.0, 0.0, 0.0], "FOD s proportion": [0.0, 0.0, 0.0, 0.0, 0.0, 0.0, 0.0, 0.0, 0.0, 0.0, 0.0, 0.0, 0.0, 0.0, 0.0, 0.0, 0.0, 0.0, 0.0, 0.0, 0.0, 0.0], "FOD p proportion": [0.0, 0.0, 0.0, 0.0, 0.0, 0.0, 0.0, 0.0, 0.0, 0.0, 0.0, 0.0, 0.0, 0.0, 0.0, 0.0, 0.0, 0.0, 0.0, 0.0, 0.0, 0.0], "FOD d proportion": [0.0, 0.0, 0.0, 0.0, 0.0, 0.0, 0.0, 0.0, 0.0, 0.0, 0.0, 0.0, 0.0, 0.0, 0.0, 0.0, 0.0, 0.0, 0.0, 0.0, 0.0, 0.0], "total energy": -38.86660831, "HOMO-LUMO gap/eV": 4.16732957, "electronic energy": -39.41365422, "Dipole module/D": 2.084, "Total charge": 0.0, "HOMO": -10.8063, "LUMO": -6.639, "Fermi-level/eV": -8.7227, "Total dispersion C6": 9273.542472, "Total dispersion C8": 267043.232503, "Total polarizability alpha": 154.780701, "Total FOD": 0.0}