{"dipole": [-0.71503423, -0.16210839, -0.30403579], "partial charges": [-0.10233282, -0.01069298, -0.04228918, -0.04532943, -0.03652267, -0.06016582, 0.06839429, -0.28925748, 0.03838232, 0.03287121, 0.04305419, 0.02607596, 0.02228642, 0.02445143, 0.02226623, 0.15645926, 0.15234905], "mulliken charges": [-0.08353, -0.02931, -0.04128, -0.0491, -0.03008, -0.07572, 0.1373, -0.44594, 0.03297, 0.02976, 0.03602, 0.02588, 0.0246, 0.02514, 0.02657, 0.20792, 0.20881], "cm5 charges": [-0.22579, -0.03988, -0.09444, -0.10445, -0.08529, -0.1238, 0.18681, -0.89145, 0.08494, 0.08271, 0.08959, 0.08203, 0.08004, 0.08061, 0.08525, 0.39676, 0.39636], "FUKUI+": [0.034, -0.083, -0.065, -0.035, -0.067, -0.062, -0.046, -0.033, -0.05, -0.059, -0.057, -0.097, -0.091, -0.098, -0.094, -0.048, -0.048], "FUKUI-": [0.031, -0.063, -0.021, -0.067, -0.039, -0.031, -0.046, -0.117, -0.057, -0.069, -0.065, -0.072, -0.084, -0.078, -0.071, -0.073, -0.077], "FUKUIrad": [0.033, -0.073, -0.043, -0.051, -0.053, -0.047, -0.046, -0.075, -0.054, -0.064, -0.061, -0.084, -0.088, -0.088, -0.083, -0.06, -0.063], "s proportion": [1.006, 1.081, 1.062, 1.053, 1.057, 1.056, 1.048, 1.438, 0.967, 0.97, 0.964, 0.974, 0.975, 0.975, 0.973, 0.792, 0.791], "p proportion": [3.077, 2.948, 2.979, 2.996, 2.973, 3.019, 2.814, 4.008, 0.0, 0.0, 0.0, 0.0, 0.0, 0.0, 0.0, 0.0, 0.0], "d proportion": [0.0, 0.0, 0.0, 0.0, 0.0, 0.0, 0.0, 0.0, 0.0, 0.0, 0.0, 0.0, 0.0, 0.0, 0.0, 0.0, 0.0], "Coordination numbers": [3.754, 2.963, 2.915, 2.91, 2.911, 2.918, 2.893, 2.637, 0.924, 0.924, 0.924, 0.925, 0.925, 0.925, 0.925, 0.86, 0.86], "Dispersion coefficient C6": [22.512, 28.281, 29.05, 29.125, 28.908, 29.496, 26.468, 27.463, 2.471, 2.546, 2.409, 2.643, 2.699, 2.667, 2.699, 1.358, 1.385], "Polarizability alpha": [6.766, 8.723, 8.838, 8.849, 8.816, 8.906, 8.435, 7.783, 2.458, 2.495, 2.427, 2.542, 2.569, 2.554, 2.569, 1.825, 1.844], "FOD": [0.0, 0.0, 0.0, 0.0, 0.0, 0.0, 0.0, 0.0, 0.0, 0.0, 0.0, 0.0, 0.0, 0.0, 0.0, 0.0, 0.0], "FOD s proportion": [0.0, 0.0, 0.0, 0.0, 0.0, 0.0, 0.0, 0.0, 0.0, 0.0, 0.0, 0.0, 0.0, 0.0, 0.0, 0.0, 0.0], "FOD p proportion": [0.0, 0.0, 0.0, 0.0, 0.0, 0.0, 0.0, 0.0, 0.0, 0.0, 0.0, 0.0, 0.0, 0.0, 0.0, 0.0, 0.0], "FOD d proportion": [0.0, 0.0, 0.0, 0.0, 0.0, 0.0, 0.0, 0.0, 0.0, 0.0, 0.0, 0.0, 0.0, 0.0, 0.0, 0.0, 0.0], "total energy": -22.48358381, "HOMO-LUMO gap/eV": 3.90166157, "electronic energy": -22.85996017, "Dipole module/D": 2.017, "Total charge": 0.0, "HOMO": -9.6437, "LUMO": -5.742, "Fermi-level/eV": -7.6928, "Total dispersion C6": 3090.656799, "Total dispersion C8": 72673.683041, "Total polarizability alpha": 88.400433, "Total FOD": 0.0}