{"dipole": [1.3419655823014134, -0.3581372456710645, -0.3862491256099394], "partial charges": [-0.4484473966621451, 0.07555230527809971, 0.1009715921794917, -0.3292388250739548, 0.225995895625291, -0.33097596967556653, 0.07232447632982156, 0.09616406797135187, -0.3357264724431416, 0.24334829445212236, -0.32216513890077897, 0.12383041226109473, 0.11345013930345722, -0.20523936313093769, 0.008727062625822526, -0.03652100785503424, -0.026949959630758774, -0.027490469879511144, -0.02798164968626867, -0.02697424831879969, 0.08853137504349257, -0.4485087571660659, 0.09451511189660751, -0.45885631225061324, 0.08895720238862154, -0.4410492099720433, 0.08385495813128582, -0.4488077832541449, 0.09338740385163738, -0.4560722739442138, 0.09611291952542038, -0.45498293792311717, 0.30559490775847087, 0.05151251495938265, 0.05884726723395934, 0.04959701181387932, 0.050281679396358615, 0.05881515028470341, 0.07372291763346199, 0.05788404557129259, 0.02210211512115698, 0.07336955999719863, 0.04829237241897286, 0.04128498166405391, 0.03891581060663604, 0.04041717936210267, 0.04558689694170147, 0.04508312658144882, 0.3128944666251232, 0.04955663066620247, 0.32041391539399905, 0.05299734066580449, 0.3229298516385619, 0.0751360910108807, 0.3075332535911632, 0.044020868958453585, 0.3131334250745005, 0.04182883320985068, 0.3185123247241506], "mulliken charges": [-0.575889998802945, 0.19204997593258694, 0.1877800014615051, -0.47490999945841994, 0.3931200042615644, -0.4768100053032094, 0.19469999831710116, 0.1807600125576296, -0.4747300097688209, 0.4019100006532858, -0.46945999752336903, 0.22066999828220304, 0.20531998303045032, -0.28338999337168685, -0.00530999609281648, -0.03777998252015448, -0.023610001009994226, -0.026469999801206744, -0.02624999779430319, -0.02393001612239819, 0.17990001022202767, -0.5740799944470659, 0.18208000781548112, -0.5826699887819613, 0.18352999385146757, -0.5677500267308669, 0.17879000463084785, -0.5709800063320464, 0.18397000715049605, -0.5772599961943304, 0.18545000489421717, -0.5821699917572489, 0.3489300013510852, 0.03275000221189848, 0.040839977323752205, 0.03942002609002851, 0.04451999266349077, 0.03421000523099657, 0.044999985900377695, 0.046069986479394795, 0.03298001442884228, 0.054369997577636414, 0.041580006135824785, 0.033910001553813254, 0.032610000322137116, 0.033619999203784785, 0.04296998776994391, 0.04006000027427593, 0.35630999883156955, 0.042849999215118555, 0.36073999216844693, 0.0348600044123081, 0.3602800004302516, 0.054689993816514175, 0.3485700065261841, 0.03660000561736577, 0.3546400045557586, 0.033600005593296456, 0.3564300030421306], "cm5 charges": [-0.7915300026271529, 0.11102997440507066, 0.153360000734089, -0.5589300149927345, 0.3820300036860945, -0.572160002825409, 0.11812999901878, 0.14592001356406575, -0.5559800110662646, 0.3918200009357641, -0.5500399973853775, 0.19435999901104348, 0.31844998306680067, -0.4061299917680284, -0.013679996122012001, -0.09041998114767147, -0.07889000097450848, -0.08180999979891787, -0.08149999784152145, -0.07514001766171349, 0.1445900111784635, -0.7810999889817517, 0.14357000931525943, -0.7925399841842717, 0.14641999320812982, -0.7709600337789018, 0.14338000500691472, -0.7763500100986, 0.14614000766555746, -0.787569994188979, 0.1481800051540617, -0.7849499917485202, 0.5177899993608467, 0.09844000160467277, 0.10754997314955275, 0.11778001765005827, 0.12117999891414097, 0.1006900096932497, 0.1119099848505749, 0.12385998076828533, 0.11269001147028025, 0.1288199956019623, 0.09917000691800197, 0.08925000155867917, 0.08798000032213711, 0.08897999917316497, 0.10159998552464354, 0.11124000273081153, 0.5286800013622854, 0.11307000109125193, 0.53461999653357, 0.10408000774854967, 0.5370600107712503, 0.12772999597351314, 0.523800004659971, 0.10898000788465696, 0.5272900060003213, 0.10475000387548286, 0.533320006024573], "FUKUI+": [0.018999980512492062, 0.004999996480244502, -0.0019999964802445013, -0.003999992931670225, 0.002999997653496334, 0.003000000200067834, 0.003999997882382945, 0.0009999981112695567, 0.0049999910429397824, 0.003, -0.025000002346503666, -0.00599999928452139, -0.05799999739579095, -0.16599999948458924, -0.065000000486592, -0.031, -0.03100000165984383, -0.06299999859786155, -0.03000000094436522, -0.03100000165984383, 2.8330956651720743e-09, -0.010999987465546729, 0.002999998826748167, -0.005000004435301944, 0.002000000944365222, -0.009999994820400671, 0.001999997424609723, -0.007999995078106057, 9.443652217240248e-10, -0.003000001430957221, 0.001, -0.0039999964514257245, -0.007999994133740834, 0.002999997911201722, -0.014999990613985334, 0.02299996880879251, -0.010999990156212112, -0.013999993704786391, -0.003999993560692505, -0.00499997805071329, -0.010999995078106055, -0.052999999284521385, -0.06799999882674818, -0.07300000071547862, -0.08100000071547861, -0.07200000188873044, -0.06600000237532246, -0.009000010159130828, 0.008999978995078511, -0.016999976448507013, -0.0030000068394431634, -0.008000002604209053, -0.0060000035197554985, -0.00899998692298078, 7.983876219116239e-09, 0.007999986378751227, -0.006999993189375614, 0.007999982172335895, -0.007999992989307779], "FUKUI-": [-0.002000006381669941, 0.006999998597861557, 0.0010000002577053883, -0.03299998251483402, 0.003000000457773222, -0.009999998826748168, 0.00899999719572311, -0.0019999953069926683, -0.03399997965458317, 0.0020000032908688873, -0.014000001430957223, -2.1176170546227273e-09, -0.0010000058950779414, -0.04100003651490071, -0.019000000000000003, -0.011999998597861557, -0.01599999670913111, -0.02499999954222678, -0.015999998597861553, -0.012999996938017724, -1.4309572210986948e-09, -0.020000029504208486, 0.004999992960489003, -0.018000024667107265, -0.0009999973957909459, -0.03699998655000028, -0.004999996509063279, -0.04499996995322556, 1.6598438322733721e-09, -0.03299999868265429, 0.0020000002865241655, -0.03900000454891345, -0.009000007497284218, -0.011000002517752723, -0.01900000257539028, -0.012000004864256389, -0.02599999482040067, -0.018999991329463947, -0.020999993704786387, -0.016999993189375614, -0.017000008756992382, -0.011000010159130828, -0.021999998855566943, -0.03299999791120172, -0.036999999313340165, -0.03399999931334017, -0.025000000715478612, -0.021000017885301658, -0.010000014165478327, -0.03999998194344929, -0.016000002833095668, -0.026000003548574274, -0.01699999690919895, -0.026999987665614563, -0.017999990814053173, -0.023000000657841056, -0.02099999482040067, -0.041999993675967615, -0.020999997882382947], "FUKUIrad": [0.00799998706541106, 0.005999997653496334, -0.0009999981112695567, -0.018999986550000285, 0.002999999055634778, -0.0029999993133401665, 0.005999997653496334, -0.0009999976534963342, -0.013999994420265002, 0.003000000944365222, -0.020000000944365225, -0.003000000228886611, -0.02900000234650367, -0.10300001811418825, -0.04200000071547861, -0.02099999977111339, -0.02299999977111339, -0.043999999542226775, -0.02299999977111339, -0.021999999771113388, 2.2888661117467745e-10, -0.016000007783808386, 0.003999995306992668, -0.012000014079021995, 0.0010000016598438323, -0.022999991271826392, -0.0009999997711133888, -0.026999982401222505, 9.443652217240248e-10, -0.017999999942362444, 0.00100000120207061, -0.021000001086795502, -0.00900000022888661, -0.004000002775458112, -0.016999996709131115, 0.004999981972268062, -0.01799999318937561, -0.01599999321819439, -0.012999993160556837, -0.01099998514786184, -0.014000001917549222, -0.03200000472182611, -0.04499999836897495, -0.052999999313340165, -0.058999999542226775, -0.053000000486591994, -0.04500000165984383, -0.015000013907772936, -0.0010000169985739911, -0.028999979081534847, -0.010000003777460888, -0.01700000354857428, -0.011000000686659833, -0.017999987294297668, -0.00899999152953178, -0.007000007726170831, -0.013999994362627447, -0.017000005637372556, -0.014999994849219446],