{"dipole": [-0.9435526, 0.43491785, 0.0194433], "partial charges": [-0.02478676, -0.02718597, -0.03226152, 0.00898353, 0.0534984, -0.22919864, 0.05243708, -0.04568911, 0.0295448, -0.03682019, 0.03510932, 0.03496269, 0.03592813, 0.04012626, 0.03625352, 0.03416032, 0.03493814], "mulliken charges": [-0.02139, -0.0269, -0.03083, -0.01172, 0.1351, -0.32701, 0.13396, -0.06079, 0.02627, -0.03869, 0.03296, 0.03318, 0.03383, 0.02719, 0.02516, 0.03603, 0.03365], "cm5 charges": [-0.07663, -0.08213, -0.08313, -0.01392, 0.15813, -0.51309, 0.15521, -0.10834, 0.02096, -0.09115, 0.0883, 0.08852, 0.08997, 0.09376, 0.09088, 0.09288, 0.08979], "FUKUI+": [-0.042, -0.032, -0.058, -0.021, -0.053, -0.107, -0.018, -0.052, -0.021, -0.053, -0.079, -0.077, -0.076, -0.083, -0.079, -0.075, -0.075], "FUKUI-": [-0.03, -0.035, -0.041, -0.031, -0.018, -0.181, -0.018, -0.041, -0.024, -0.043, -0.076, -0.074, -0.067, -0.085, -0.091, -0.081, -0.067], "FUKUIrad": [-0.036, -0.033, -0.049, -0.026, -0.036, -0.144, -0.018, -0.046, -0.022, -0.048, -0.077, -0.075, -0.071, -0.084, -0.085, -0.078, -0.071], "s proportion": [1.063, 1.06, 1.066, 1.073, 1.039, 1.562, 1.029, 1.065, 1.071, 1.066, 0.967, 0.967, 0.966, 0.973, 0.975, 0.964, 0.966], "p proportion": [2.959, 2.967, 2.965, 2.939, 2.826, 3.765, 2.837, 2.996, 2.903, 2.973, 0.0, 0.0, 0.0, 0.0, 0.0, 0.0, 0.0], "d proportion": [0.0, 0.0, 0.0, 0.0, 0.0, 0.0, 0.0, 0.0, 0.0, 0.0, 0.0, 0.0, 0.0, 0.0, 0.0, 0.0, 0.0], "Coordination numbers": [2.91, 2.909, 2.916, 2.979, 2.896, 1.828, 2.889, 2.911, 2.996, 2.918, 0.925, 0.925, 0.925, 0.925, 0.925, 0.925, 0.925], "Dispersion coefficient C6": [28.622, 28.68, 28.804, 27.812, 26.799, 26.856, 26.822, 29.134, 27.331, 28.916, 2.515, 2.517, 2.504, 2.447, 2.499, 2.528, 2.517], "Polarizability alpha": [8.773, 8.781, 8.801, 8.651, 8.488, 7.679, 8.491, 8.851, 8.576, 8.818, 2.48, 2.481, 2.474, 2.446, 2.472, 2.486, 2.481], "FOD": [0.0, 0.0, 0.0, 0.0, 0.0, 0.0, 0.0, 0.0, 0.0, 0.0, 0.0, 0.0, 0.0, 0.0, 0.0, 0.0, 0.0], "FOD s proportion": [0.0, 0.0, 0.0, 0.0, 0.0, 0.0, 0.0, 0.0, 0.0, 0.0, 0.0, 0.0, 0.0, 0.0, 0.0, 0.0, 0.0], "FOD p proportion": [0.0, 0.0, 0.0, 0.0, 0.0, 0.0, 0.0, 0.0, 0.0, 0.0, 0.0, 0.0, 0.0, 0.0, 0.0, 0.0, 0.0], "FOD d proportion": [0.0, 0.0, 0.0, 0.0, 0.0, 0.0, 0.0, 0.0, 0.0, 0.0, 0.0, 0.0, 0.0, 0.0, 0.0, 0.0, 0.0], "total energy": -25.74035725, "HOMO-LUMO gap/eV": 2.36009092, "electronic energy": -26.19382298, "Dipole module/D": 2.641, "Total charge": 0.0, "HOMO": -10.0522, "LUMO": -7.6921, "Fermi-level/eV": -8.8721, "Total dispersion C6": 4087.339572, "Total dispersion C8": 101932.512623, "Total polarizability alpha": 103.22958, "Total FOD": 0.0}