{"dipole": [-0.7851990173544531, -0.5833897131545894, 0.04690486024266058], "partial charges": [-0.37716841307127374, 0.28075742421613814, -0.17393164896824112, 0.33983080563424317, -0.4206249152294175, -0.17541213876097747, 0.281731058427076, -0.37908512009833867, -0.02009707770241646, -0.05094689055717114, -0.035063266643896376, -0.08903503118660211, 0.012895253534790667, -0.03435154398196396, -0.026122212721669986, -0.026746126094731915, -0.026091265479317997, -0.03436880116680126, 0.2347378310319952, 0.23473082594766878, 0.06344688735406148, 0.06284973034218784, 0.043634811595145484, 0.04197941536409091, 0.052033925446440345, 0.04563940827432302, 0.04358794860836923, 0.04085761648683764, 0.043684608103775245, 0.046646900651141195], "mulliken charges": [-0.5058329856550806, 0.4753576179911809, -0.3229647293632062, 0.5756305669136242, -0.5365730459495492, -0.32387330237643486, 0.47512345761980423, -0.5061096853568509, -0.05217929724842749, -0.028089512786265543, -0.03208804283224152, -0.07025094185124205, 0.003914569963426476, -0.03736456996342648, -0.020564569963426475, -0.024060038810842344, -0.020593925428117485, -0.037090116432527034, 0.2807907221569937, 0.2802635546469101, 0.04884451382536813, 0.049924492341741795, 0.03906353731969405, 0.03476904082154193, 0.04055122877614931, 0.04886458729064248, 0.03893708988839894, 0.03693416037137671, 0.03897642594766877, 0.04969113174904346], "cm5 charges": [-0.551943981566176, 0.5748811920435121, -0.6643266629691331, 0.7442883595535958, -0.5735281828266001, -0.665364942822839, 0.5746944535308994, -0.5524852124205303, -0.048050586319045484, -0.1238750010391026, -0.09417220320361823, -0.1717244576873098, -0.0028383983644380997, -0.08895265576292066, -0.0759432808928085, -0.07946939427553334, -0.07598328089280848, -0.088662694573763, 0.48381070275157256, 0.483436777323455, 0.10809226765449724, 0.10842564557441157, 0.0973073463152845, 0.08711415829317154, 0.09454263427929432, 0.10935882528370389, 0.09426837895901692, 0.09234416037137672, 0.09432771501828675, 0.11042896319985725], "FUKUI+": [-0.12138672118539667, -0.044064453530899446, -0.029, -0.04380663940730166, -0.12680663940730166, -0.029064453530899446, -0.04506445353089944, -0.12332226765449723, -0.004064453530899446, 0.009935546469100554, 0.01167773234550277, -0.008193360592698339, -0.015935546469100555, -0.008064453530899447, -0.015806639407301662, -0.026871092938201106, -0.016064453530899445, -0.007806639407301663, -0.042, -0.042, -0.023419918221904985, -0.024806639407301663, -0.009935546469100554, -0.030291011160106095, -0.01696680296349169, -0.018935546469100555, -0.041935546469100554, -0.04693554646910056, -0.042, -0.018064453530899444], "FUKUI-": [-0.052193360592698336, 0.0, -0.017935546469100554, -0.001, -0.07625781412359779, -0.01712890706179889, 0.0006777323455027702, -0.054773442370793346, -0.015935546469100555, 0.007064453530899446, -0.03861327881460332, -0.04567773234550277, -0.02567773234550277, -0.016613278814603324, -0.023935546469100552, -0.03880663940730166, -0.021742185876402215, -0.017935546469100554, -0.027, -0.028064453530899446, -0.03486915239608394, -0.0452910111601061, -0.052, -0.0652910111601061, -0.05651562824719557, -0.03874218587640221, -0.05187109293820111, -0.05587109293820111, -0.05187109293820111, -0.03793554646910056], "FUKUIrad": [-0.08632226765449723, -0.022, -0.023, -0.021935546469100554, -0.10106445353089946, -0.023128907061798893, -0.022193360592698337, -0.08858008177809501, -0.01, 0.008064453530899447, -0.013, -0.02693554646910055, -0.020806639407301663, -0.011871092938201109, -0.019871092938201107, -0.03287109293820111, -0.018935546469100555, -0.012871092938201108, -0.035, -0.03506445353089945, -0.029580081778095017, -0.034548825283703885, -0.03093554646910055, -0.048226557629206655, -0.0367089888398939, -0.02887109293820111, -0.04687109293820111, -0.05093554646910055, -0.04693554646910056, -0.028], "s proportion": [1.7309355464691007, 1.0151289070617988, 1.4293222676544972, 0.937128907061799, 1.7200644535308993, 1.431128907061799, 1.0151289070617988, 1.731, 1.1090644535308996, 1.033, 1.0710644535308993, 1.052871092938201, 1.092871092938201, 1.066871092938201, 1.061, 1.062, 1.0619355464691005, 1.0669355464691006, 0.7190644535308994, 0.72, 0.9506777323455028, 0.95, 0.9606777323455028, 0.9653222676544972, 0.9592578141235978, 0.9513867211853967, 0.961, 0.963, 0.961, 0.9501933605926983], "p proportion": [4.774613278814604, 2.509742185876402, 3.8940644535308997, 2.4878066394073017, 4.815871092938201, 3.893128907061799, 2.5098066394073015, 4.774677732345503, 2.943, 2.994257814123598, 2.960291011160106, 3.0178378959016925, 2.9031289070617987, 2.9710644535308997, 2.958935546469101, 2.962, 2.958935546469101, 2.969935546469101, 0.0, 0.0, 0.0, 0.0, 0.0, 0.0, 0.0, 0.0, 0.0, 0.0, 0.0, 0.0], "d proportion": [0.0, 0.0, 0.0, 0.0, 0.0, 0.0, 0.0, 0.0, 0.0, 0.0, 0.0, 0.0, 0.0, 0.0, 0.0, 0.0, 0.0, 0.0, 0.0, 0.0, 0.0, 0.0, 0.0, 0.0, 0.0, 0.0, 0.0, 0.0, 0.0, 0.0], "Coordination numbers": [0.859, 2.761451174716296, 2.696, 2.7054511747162966, 0.8609355464691005, 2.696, 2.764451174716296, 0.8589355464691005, 3.899, 3.805871092938201, 2.882, 2.8330644535308993, 2.958, 2.9139355464691006, 2.91, 2.912, 2.91, 2.914, 0.86, 0.86, 0.923, 0.923, 0.925, 0.925, 0.925, 0.925, 0.925, 0.925, 0.925, 0.925], "Dispersion coefficient C6": [21.22971675100836, 22.24774412641852, 24.764216854918622, 21.22558202232021, 22.095421858764023, 24.797189479508464, 22.23086915239608, 21.266746066960636, 20.876773442370794, 21.483386721185397, 28.870234319797678, 30.222414096595553, 27.72526169520783, 28.855583962862333, 28.654419918221905, 28.66948437175281, 28.653355464691003, 28.855583962862333, 0.9450644535308994, 0.944871092938201, 2.159187538966347, 2.16651950933143, 2.4016874350560884, 2.4227070482977764, 2.2951855984242293, 2.375445353089945, 2.4020000000000006, 2.437548825283704, 2.400742185876402, 2.3626113382724863], "Polarizability alpha": [6.17790428997471, 7.724613278814603, 7.391353524148888, 7.540806639407302, 6.302613278814603, 7.3956445353089935, 7.7213867211853975, 6.183355464691006, 6.495128907061798, 6.5980644535309, 8.808646475851113, 9.008837895901692, 8.636419918221906, 8.808484371752805, 8.777871092938202, 8.7799355464691, 8.777871092938202, 8.808484371752805, 1.5230644535308993, 1.522871092938201, 2.2982226765449725, 2.302130847603916, 2.423714810466245, 2.434353524148888, 2.369189479508464, 2.4102226765449726, 2.4230644535308996, 2.4417421858764023, 2.422871092938201, 2.403837895901693], "FOD": [0.0, 0.0, 0.0, 0.0, 0.0, 0.0, 0.0, 0.0, 0.0, 0.0, 0.0, 0.0, 0.0, 0.0, 0.0, 0.0, 0.0, 0.0, 0.0, 0.0, 0.0, 0.0, 0.0, 0.0, 0.0, 0.0, 0.0, 0.0, 0.0, 0.0], "FOD s proportion": [0.0, 0.0, 0.0, 0.0, 0.0, 0.0, 0.0, 0.0, 0.0, 0.0, 0.0, 0.0, 0.0, 0.0, 0.0, 0.0, 0.0, 0.0, 0.0, 0.0, 0.0, 0.0, 0.0, 0.0, 0.0, 0.0, 0.0, 0.0, 0.0, 0.0], "FOD p proportion": [0.0, 0.0, 0.0, 0.0, 0.0, 0.0, 0.0, 0.0, 0.0, 0.0, 0.0, 0.0, 0.0, 0.0, 0.0, 0.0, 0.0, 0.0, 0.0, 0.0, 0.0, 0.0, 0.0, 0.0, 0.0, 0.0, 0.0, 0.0, 0.0, 0.0], "FOD d proportion": [0.0, 0.0, 0.0, 0.0, 0.0, 0.0, 0.0, 0.0, 0.0, 0.0, 0.0, 0.0, 0.0, 0.0, 0.0, 0.0, 0.0, 0.0, 0.0, 0.0, 0.0, 0.0, 0.0, 0.0, 0.0, 0.0, 0.0, 0.0, 0.0, 0.0], "total energy": -52.005573018759904, "HOMO-LUMO gap/eV": 2.9167988758243504, "electronic energy": -52.69168836140874, "Dipole module/D": 2.7374591447052814, "Total charge": 0.0, "HOMO": -11.08095800817781, "LUMO": -8.164204913701447, "Fermi-level/eV": -9.62258146093963, "Total dispersion C6": 11461.258905623707, "Total dispersion C8": 274625.8082694423, "Total polarizability alpha": 166.90841833494204, "Total FOD": 0.0}