{"dipole": [-1.6334399, -0.08850657, 0.02824388], "partial charges": [-0.12449004, 0.5391262, -0.36764274, -0.36764904, 0.10486041, 0.10486618, 0.11092902], "mulliken charges": [-0.0321, 0.6876, -0.45295, -0.45296, 0.08098, 0.08098, 0.08846], "cm5 charges": [-0.11818, 0.50685, -0.41598, -0.41599, 0.14555, 0.14556, 0.15219], "FUKUI+": [0.07, -0.246, -0.263, -0.263, -0.095, -0.095, -0.109], "FUKUI-": [0.0, -0.109, -0.281, -0.281, -0.105, -0.105, -0.118], "FUKUIrad": [0.035, -0.178, -0.272, -0.272, -0.1, -0.1, -0.114], "s proportion": [1.025, 1.334, 1.746, 1.746, 0.919, 0.919, 0.912], "p proportion": [3.007, 2.978, 4.707, 4.707, 0.0, 0.0, 0.0], "d proportion": [0.0, 0.0, 0.0, 0.0, 0.0, 0.0, 0.0], "Coordination numbers": [3.682, 2.75, 0.925, 0.925, 0.924, 0.924, 0.924], "Dispersion coefficient C6": [23.116, 13.597, 21.013, 21.014, 1.741, 1.741, 1.689], "Polarizability alpha": [6.885, 5.477, 6.148, 6.148, 2.064, 2.064, 2.032], "FOD": [0.0, 0.0, 0.0, 0.0, 0.0, 0.0, 0.0], "FOD s proportion": [0.0, 0.0, 0.0, 0.0, 0.0, 0.0, 0.0], "FOD p proportion": [0.0, 0.0, 0.0, 0.0, 0.0, 0.0, 0.0], "FOD d proportion": [0.0, 0.0, 0.0, 0.0, 0.0, 0.0, 0.0], "total energy": -14.61973693, "HOMO-LUMO gap/eV": 3.47096332, "electronic energy": -14.70653036, "Dipole module/D": 4.159, "Total charge": 0.0, "HOMO": -12.3931, "LUMO": -8.9221, "Fermi-level/eV": -10.6576, "Total dispersion C6": 464.285024, "Total dispersion C8": 9572.886329, "Total polarizability alpha": 30.816271, "Total FOD": 0.0}