{"dipole": [-0.00969567, -0.14439464, -0.01014997], "partial charges": [-0.05216651, -0.0521803, -0.05180791, -0.04250099, -0.04250272, -0.05179962, 0.03001469, 0.02487652, 0.03001686, 0.02487873, 0.03359204, 0.03734035, 0.02065789, 0.0206543, 0.03359226, 0.03733439], "mulliken charges": [-0.04415, -0.04417, -0.04087, -0.04801, -0.04801, -0.04086, 0.02381, 0.02334, 0.02382, 0.02335, 0.0288, 0.03091, 0.02616, 0.02615, 0.0288, 0.03091], "cm5 charges": [-0.15253, -0.15255, -0.14577, -0.10889, -0.1089, -0.14576, 0.07903, 0.07747, 0.07904, 0.07748, 0.08336, 0.08596, 0.08137, 0.08137, 0.08336, 0.08596], "FUKUI+": [0.023, 0.023, 0.03, -0.154, -0.154, 0.03, -0.036, -0.06, -0.036, -0.06, -0.084, -0.088, -0.13, -0.13, -0.084, -0.088], "FUKUI-": [0.018, 0.018, 0.013, -0.07, -0.07, 0.013, -0.058, -0.073, -0.058, -0.073, -0.106, -0.129, -0.095, -0.095, -0.106, -0.129], "FUKUIrad": [0.021, 0.02, 0.021, -0.112, -0.112, 0.021, -0.047, -0.067, -0.047, -0.067, -0.095, -0.109, -0.112, -0.112, -0.095, -0.109], "s proportion": [1.027, 1.027, 1.024, 1.065, 1.065, 1.024, 0.976, 0.977, 0.976, 0.977, 0.971, 0.969, 0.974, 0.974, 0.971, 0.969], "p proportion": [3.017, 3.017, 3.017, 2.983, 2.983, 3.017, 0.0, 0.0, 0.0, 0.0, 0.0, 0.0, 0.0, 0.0, 0.0, 0.0], "d proportion": [0.0, 0.0, 0.0, 0.0, 0.0, 0.0, 0.0, 0.0, 0.0, 0.0, 0.0, 0.0, 0.0, 0.0, 0.0, 0.0], "Coordination numbers": [3.802, 3.802, 3.805, 2.889, 2.889, 3.805, 0.924, 0.924, 0.924, 0.924, 0.924, 0.924, 0.925, 0.925, 0.924, 0.924], "Dispersion coefficient C6": [21.51, 21.51, 21.5, 29.054, 29.054, 21.5, 2.586, 2.661, 2.586, 2.661, 2.536, 2.485, 2.723, 2.723, 2.536, 2.485], "Polarizability alpha": [6.603, 6.603, 6.601, 8.837, 8.837, 6.601, 2.515, 2.551, 2.515, 2.551, 2.49, 2.465, 2.581, 2.581, 2.49, 2.465], "FOD": [0.0, 0.0, 0.0, 0.0, 0.0, 0.0, 0.0, 0.0, 0.0, 0.0, 0.0, 0.0, 0.0, 0.0, 0.0, 0.0], "FOD s proportion": [0.0, 0.0, 0.0, 0.0, 0.0, 0.0, 0.0, 0.0, 0.0, 0.0, 0.0, 0.0, 0.0, 0.0, 0.0, 0.0], "FOD p proportion": [0.0, 0.0, 0.0, 0.0, 0.0, 0.0, 0.0, 0.0, 0.0, 0.0, 0.0, 0.0, 0.0, 0.0, 0.0, 0.0], "FOD d proportion": [0.0, 0.0, 0.0, 0.0, 0.0, 0.0, 0.0, 0.0, 0.0, 0.0, 0.0, 0.0, 0.0, 0.0, 0.0, 0.0], "total energy": -17.93005937, "HOMO-LUMO gap/eV": 5.03978484, "electronic energy": -18.21134734, "Dipole module/D": 0.369, "Total charge": 0.0, "HOMO": -10.2827, "LUMO": -5.2429, "Fermi-level/eV": -7.7628, "Total dispersion C6": 2058.966016, "Total dispersion C8": 45554.451288, "Total polarizability alpha": 69.286177, "Total FOD": 0.0}