{"dipole": [-0.12148356, -0.18512535, 0.01902833], "partial charges": [-0.10482536, 0.00970317, -0.04113417, -0.0329341, -0.04203238, 0.01635225, -0.03681907, -0.03123676, -0.031937, -0.03710635, 0.00829472, 0.04510793, 0.03853833, 0.04511136, 0.02759879, 0.02687605, 0.02747124, 0.02875125, 0.02642202, 0.02672395, 0.03107414], "mulliken charges": [-0.08648, 0.00735, -0.0447, -0.02595, -0.04355, 0.01148, -0.03735, -0.02841, -0.02885, -0.03813, -0.00286, 0.03905, 0.03387, 0.03905, 0.02933, 0.02908, 0.02974, 0.03038, 0.02912, 0.02925, 0.02857], "cm5 charges": [-0.22994, -0.00726, -0.09804, -0.08133, -0.0962, 0.00423, -0.08999, -0.08382, -0.08428, -0.09079, -0.00807, 0.09109, 0.08576, 0.09109, 0.08548, 0.08451, 0.08603, 0.08664, 0.08457, 0.08465, 0.08568], "FUKUI+": [0.028, -0.068, -0.031, -0.034, -0.052, -0.018, -0.054, -0.033, -0.034, -0.054, -0.017, -0.044, -0.044, -0.044, -0.071, -0.072, -0.07, -0.072, -0.074, -0.074, -0.07], "FUKUI-": [0.026, -0.061, -0.035, -0.033, -0.055, -0.018, -0.047, -0.032, -0.035, -0.044, -0.016, -0.064, -0.05, -0.064, -0.068, -0.07, -0.069, -0.066, -0.069, -0.069, -0.061], "FUKUIrad": [0.027, -0.065, -0.033, -0.033, -0.053, -0.018, -0.051, -0.033, -0.035, -0.049, -0.016, -0.054, -0.047, -0.054, -0.07, -0.071, -0.07, -0.069, -0.071, -0.071, -0.065], "s proportion": [1.008, 1.092, 1.062, 1.059, 1.063, 1.072, 1.065, 1.059, 1.059, 1.065, 1.075, 0.961, 0.966, 0.961, 0.971, 0.971, 0.97, 0.97, 0.971, 0.971, 0.971], "p proportion": [3.078, 2.9, 2.982, 2.967, 2.981, 2.917, 2.973, 2.969, 2.97, 2.973, 2.927, 0.0, 0.0, 0.0, 0.0, 0.0, 0.0, 0.0, 0.0, 0.0, 0.0], "d proportion": [0.0, 0.0, 0.0, 0.0, 0.0, 0.0, 0.0, 0.0, 0.0, 0.0, 0.0, 0.0, 0.0, 0.0, 0.0, 0.0, 0.0, 0.0, 0.0, 0.0, 0.0], "Coordination numbers": [3.754, 2.961, 2.913, 2.908, 2.92, 2.982, 2.92, 2.91, 2.909, 2.916, 2.977, 0.924, 0.924, 0.924, 0.925, 0.925, 0.925, 0.925, 0.925, 0.925, 0.925], "Dispersion coefficient C6": [22.561, 27.799, 29.022, 28.82, 29.044, 27.639, 28.916, 28.779, 28.796, 28.923, 27.829, 2.382, 2.469, 2.382, 2.621, 2.631, 2.623, 2.604, 2.638, 2.633, 2.571], "Polarizability alpha": [6.773, 8.648, 8.834, 8.803, 8.838, 8.624, 8.818, 8.797, 8.799, 8.819, 8.653, 2.414, 2.457, 2.414, 2.532, 2.537, 2.533, 2.524, 2.54, 2.538, 2.508], "FOD": [0.0, 0.0, 0.0, 0.0, 0.0, 0.0, 0.0, 0.0, 0.0, 0.0, 0.0, 0.0, 0.0, 0.0, 0.0, 0.0, 0.0, 0.0, 0.0, 0.0, 0.0], "FOD s proportion": [0.0, 0.0, 0.0, 0.0, 0.0, 0.0, 0.0, 0.0, 0.0, 0.0, 0.0, 0.0, 0.0, 0.0, 0.0, 0.0, 0.0, 0.0, 0.0, 0.0, 0.0], "FOD p proportion": [0.0, 0.0, 0.0, 0.0, 0.0, 0.0, 0.0, 0.0, 0.0, 0.0, 0.0, 0.0, 0.0, 0.0, 0.0, 0.0, 0.0, 0.0, 0.0, 0.0, 0.0], "FOD d proportion": [0.0, 0.0, 0.0, 0.0, 0.0, 0.0, 0.0, 0.0, 0.0, 0.0, 0.0, 0.0, 0.0, 0.0, 0.0, 0.0, 0.0, 0.0, 0.0, 0.0, 0.0], "total energy": -28.64004865, "HOMO-LUMO gap/eV": 2.8782603, "electronic energy": -29.16647582, "Dipole module/D": 0.565, "Total charge": 0.0, "HOMO": -9.9607, "LUMO": -7.0825, "Fermi-level/eV": -8.5216, "Total dispersion C6": 5495.068208, "Total dispersion C8": 135644.640527, "Total polarizability alpha": 119.39907, "Total FOD": 0.0}