{"dipole": [0.43600904, -0.01928961, 0.32018686], "partial charges": [-0.07102425, 0.1219658, -0.45346666, -0.06036598, -0.06155649, 0.01773082, -0.10083748, -0.06531324, -0.02058774, -0.05489519, -0.06063964, 0.01129824, -0.10407969, -0.00107146, -0.10738149, -0.06439652, 0.10652656, -0.33588005, 0.07484028, -0.0236656, -0.1094313, -0.06386292, 0.11116519, -0.33597666, 0.11083475, -0.06412463, -0.02559939, -0.02014378, -0.05646616, -0.00716082, 0.05022729, 0.02478315, 0.01031956, 0.28319212, 0.04820444, 0.04024426, 0.02856071, 0.03604012, 0.03409448, 0.03861889, 0.03264413, 0.03166187, 0.02676696, 0.03880877, 0.0270972, 0.0257479, 0.02732559, 0.04756829, 0.03759118, 0.03178397, 0.03376761, 0.04366592, 0.03289994, 0.03694133, 0.04202277, 0.04917146, 0.0259319, 0.02424246, 0.04848765, 0.04013638, 0.03846022, 0.03822649, 0.04351428, 0.04150248, 0.04320427, 0.01737816, 0.01481146, 0.02978387, 0.05678837, 0.02911381, 0.04073188, 0.02150187], "mulliken charges": [-0.07242, 0.22328, -0.56932, -0.05583, -0.05889, 0.02279, -0.09338, -0.05993, -0.01569, -0.04712, -0.05801, 0.01151, -0.09737, -0.01209, -0.09702, -0.06363, 0.19958, -0.47613, 0.18661, -0.0293, -0.09165, -0.06075, 0.20297, -0.47586, 0.20785, -0.06227, -0.02877, -0.01177, -0.06599, -0.02165, 0.0444, 0.02603, 0.00938, 0.33497, 0.03843, 0.03846, 0.02471, 0.03036, 0.03269, 0.03314, 0.02989, 0.02779, 0.02498, 0.02823, 0.02686, 0.02192, 0.02522, 0.03815, 0.03226, 0.03126, 0.02919, 0.03587, 0.03125, 0.03177, 0.03855, 0.04133, 0.02167, 0.01582, 0.0332, 0.03129, 0.03126, 0.02944, 0.0354, 0.03722, 0.03385, 0.02098, 0.0174, 0.02518, 0.04963, 0.02268, 0.031, 0.02713], "cm5 charges": [-0.17157, 0.17748, -0.77862, -0.16004, -0.16327, -0.0015, -0.23876, -0.16275, -0.08215, -0.15552, -0.16343, -0.01142, -0.24399, -0.03328, -0.24403, -0.16267, 0.16139, -0.56901, 0.10633, -0.09812, -0.23967, -0.16246, 0.16627, -0.56795, 0.17079, -0.16355, -0.0904, -0.07216, -0.12229, -0.03693, 0.103, 0.08342, 0.07603, 0.50415, 0.09678, 0.09499, 0.08106, 0.08578, 0.08537, 0.08635, 0.08199, 0.08386, 0.08195, 0.09071, 0.08178, 0.07826, 0.08168, 0.10175, 0.08546, 0.08379, 0.08223, 0.08855, 0.08337, 0.0852, 0.09654, 0.10188, 0.09325, 0.07939, 0.0962, 0.09203, 0.08272, 0.08135, 0.08684, 0.0942, 0.09284, 0.0908, 0.08526, 0.08085, 0.11087, 0.08399, 0.09248, 0.08428], "FUKUI+": [0.019, -0.003, -0.024, 0.016, 0.009, -0.004, 0.013, 0.018, 0.003, 0.007, 0.01, -0.003, 0.011, -0.002, 0.008, 0.006, 0.001, -0.006, 0.003, 0.001, 0.003, 0.001, 0.003, 0.001, 0.001, 0.002, 0.0, 0.009, -0.134, -0.148, -0.066, -0.04, -0.021, -0.018, -0.025, -0.04, -0.02, -0.043, -0.019, -0.025, -0.045, -0.042, -0.022, -0.017, -0.024, -0.015, -0.025, -0.012, 0.001, -0.021, -0.009, -0.012, -0.015, 0.003, -0.008, -0.014, 0.001, -0.003, -0.01, -0.005, -0.008, -0.002, -0.004, -0.004, 0.001, -0.008, -0.015, -0.001, 0.007, -0.013, -0.06, -0.105], "FUKUI-": [0.003, -0.001, -0.039, 0.009, 0.006, -0.004, 0.006, 0.009, 0.001, 0.006, 0.004, -0.002, 0.009, -0.007, 0.012, 0.01, -0.004, -0.059, 0.009, -0.003, 0.009, 0.008, -0.003, -0.054, 0.003, 0.004, 0.002, 0.001, -0.03, -0.033, -0.037, -0.023, -0.033, -0.02, -0.023, -0.034, -0.016, -0.024, -0.008, -0.014, -0.023, -0.02, -0.013, -0.009, -0.018, -0.017, -0.014, -0.005, -0.013, -0.014, -0.014, -0.019, -0.014, -0.012, -0.032, -0.023, -0.029, -0.026, -0.03, -0.016, -0.018, -0.012, -0.018, -0.031, -0.016, -0.033, -0.035, -0.017, -0.008, -0.016, -0.044, -0.033], "FUKUIrad": [0.011, -0.002, -0.031, 0.013, 0.007, -0.004, 0.01, 0.014, 0.002, 0.007, 0.007, -0.002, 0.01, -0.004, 0.01, 0.008, -0.001, -0.033, 0.006, -0.001, 0.006, 0.004, 0.0, -0.027, 0.002, 0.003, 0.001, 0.005, -0.082, -0.091, -0.051, -0.032, -0.027, -0.019, -0.024, -0.037, -0.018, -0.033, -0.013, -0.02, -0.034, -0.031, -0.018, -0.013, -0.021, -0.016, -0.02, -0.008, -0.006, -0.018, -0.012, -0.015, -0.015, -0.004, -0.02, -0.018, -0.014, -0.014, -0.02, -0.011, -0.013, -0.007, -0.011, -0.017, -0.008, -0.02, -0.025, -0.009, 0.0, -0.015, -0.052, -0.069], "s proportion": [1.04, 1.017, 1.699, 1.033, 1.041, 1.09, 1.018, 1.043, 1.056, 1.033, 1.039, 1.104, 1.017, 1.111, 1.022, 1.041, 1.023, 1.701, 0.999, 1.059, 1.012, 1.038, 1.02, 1.701, 1.03, 1.04, 1.071, 1.057, 1.07, 1.1, 0.956, 0.974, 0.991, 0.665, 0.962, 0.962, 0.975, 0.97, 0.967, 0.967, 0.97, 0.972, 0.975, 0.972, 0.973, 0.978, 0.975, 0.962, 0.968, 0.969, 0.971, 0.964, 0.969, 0.968, 0.961, 0.959, 0.978, 0.984, 0.967, 0.969, 0.969, 0.971, 0.965, 0.963, 0.966, 0.979, 0.983, 0.975, 0.95, 0.977, 0.969, 0.973], "p proportion": [3.032, 2.76, 4.871, 3.022, 3.018, 2.887, 3.075, 3.017, 2.959, 3.014, 3.019, 2.885, 3.08, 2.901, 3.075, 3.022, 2.777, 4.775, 2.814, 2.97, 3.08, 3.023, 2.777, 4.775, 2.762, 3.022, 2.958, 2.955, 2.996, 2.922, 0.0, 0.0, 0.0, 0.0, 0.0, 0.0, 0.0, 0.0, 0.0, 0.0, 0.0, 0.0, 0.0, 0.0, 0.0, 0.0, 0.0, 0.0, 0.0, 0.0, 0.0, 0.0, 0.0, 0.0, 0.0, 0.0, 0.0, 0.0, 0.0, 0.0, 0.0, 0.0, 0.0, 0.0, 0.0, 0.0, 0.0, 0.0, 0.0, 0.0, 0.0, 0.0], "d proportion": [0.0, 0.0, 0.0, 0.0, 0.0, 0.0, 0.0, 0.0, 0.0, 0.0, 0.0, 0.0, 0.0, 0.0, 0.0, 0.0, 0.0, 0.0, 0.0, 0.0, 0.0, 0.0, 0.0, 0.0, 0.0, 0.0, 0.0, 0.0, 0.0, 0.0, 0.0, 0.0, 0.0, 0.0, 0.0, 0.0, 0.0, 0.0, 0.0, 0.0, 0.0, 0.0, 0.0, 0.0, 0.0, 0.0, 0.0, 0.0, 0.0, 0.0, 0.0, 0.0, 0.0, 0.0, 0.0, 0.0, 0.0, 0.0, 0.0, 0.0, 0.0, 0.0, 0.0, 0.0, 0.0, 0.0, 0.0, 0.0, 0.0, 0.0, 0.0, 0.0], "Coordination numbers": [3.806, 3.727, 1.653, 3.801, 3.805, 3.897, 3.753, 3.805, 3.856, 3.803, 3.803, 3.901, 3.751, 3.899, 3.752, 3.805, 3.751, 1.696, 3.7, 3.851, 3.752, 3.807, 3.755, 1.698, 3.759, 3.809, 3.864, 3.858, 2.893, 2.945, 0.924, 0.924, 0.924, 0.804, 0.924, 0.924, 0.923, 0.924, 0.924, 0.924, 0.924, 0.924, 0.923, 0.924, 0.924, 0.924, 0.924, 0.924, 0.924, 0.924, 0.924, 0.924, 0.924, 0.924, 0.924, 0.923, 0.924, 0.924, 0.924, 0.923, 0.924, 0.924, 0.924, 0.924, 0.923, 0.923, 0.924, 0.924, 0.924, 0.923, 0.923, 0.925], "Dispersion coefficient C6": [21.854, 18.686, 21.916, 21.661, 21.68, 20.223, 22.485, 21.749, 20.903, 21.559, 21.664, 20.331, 22.551, 20.544, 22.613, 21.732, 18.887, 19.633, 19.483, 20.961, 22.652, 21.72, 18.811, 19.634, 18.81, 21.723, 20.988, 20.895, 29.401, 28.199, 2.317, 2.662, 2.885, 0.774, 2.343, 2.446, 2.607, 2.502, 2.529, 2.467, 2.549, 2.563, 2.633, 2.465, 2.628, 2.648, 2.625, 2.351, 2.481, 2.561, 2.534, 2.401, 2.546, 2.49, 2.422, 2.331, 2.645, 2.67, 2.339, 2.447, 2.47, 2.473, 2.403, 2.429, 2.407, 2.774, 2.814, 2.59, 2.237, 2.599, 2.439, 2.711], "Polarizability alpha": [6.655, 6.172, 6.32, 6.626, 6.629, 6.393, 6.762, 6.639, 6.502, 6.61, 6.627, 6.409, 6.772, 6.443, 6.781, 6.637, 6.198, 5.982, 6.312, 6.512, 6.787, 6.634, 6.184, 5.982, 6.183, 6.635, 6.515, 6.501, 8.89, 8.709, 2.381, 2.552, 2.656, 1.382, 2.394, 2.446, 2.525, 2.474, 2.487, 2.456, 2.497, 2.504, 2.538, 2.455, 2.535, 2.545, 2.534, 2.398, 2.463, 2.503, 2.489, 2.423, 2.495, 2.468, 2.434, 2.387, 2.543, 2.555, 2.392, 2.446, 2.458, 2.459, 2.424, 2.437, 2.426, 2.605, 2.623, 2.517, 2.339, 2.521, 2.443, 2.575], "FOD": [0.0, 0.0, 0.0, 0.0, 0.0, 0.0, 0.0, 0.0, 0.0, 0.0, 0.0, 0.0, 0.0, 0.0, 0.0, 0.0, 0.0, 0.0, 0.0, 0.0, 0.0, 0.0, 0.0, 0.0, 0.0, 0.0, 0.0, 0.0, 0.0, 0.0, 0.0, 0.0, 0.0, 0.0, 0.0, 0.0, 0.0, 0.0, 0.0, 0.0, 0.0, 0.0, 0.0, 0.0, 0.0, 0.0, 0.0, 0.0, 0.0, 0.0, 0.0, 0.0, 0.0, 0.0, 0.0, 0.0, 0.0, 0.0, 0.0, 0.0, 0.0, 0.0, 0.0, 0.0, 0.0, 0.0, 0.0, 0.0, 0.0, 0.0, 0.0, 0.0], "FOD s proportion": [0.0, 0.0, 0.0, 0.0, 0.0, 0.0, 0.0, 0.0, 0.0, 0.0, 0.0, 0.0, 0.0, 0.0, 0.0, 0.0, 0.0, 0.0, 0.0, 0.0, 0.0, 0.0, 0.0, 0.0, 0.0, 0.0, 0.0, 0.0, 0.0, 0.0, 0.0, 0.0, 0.0, 0.0, 0.0, 0.0, 0.0, 0.0, 0.0, 0.0, 0.0, 0.0, 0.0, 0.0, 0.0, 0.0, 0.0, 0.0, 0.0, 0.0, 0.0, 0.0, 0.0, 0.0, 0.0, 0.0, 0.0, 0.0, 0.0, 0.0, 0.0, 0.0, 0.0, 0.0, 0.0, 0.0, 0.0, 0.0, 0.0, 0.0, 0.0, 0.0],