{"dipole": [0.17896212, -0.44674975, 0.08860665], "partial charges": [-0.15858274, 0.01330816, 0.1312285, -0.14294341, -0.13450421, 0.09694516, 0.09397684, 0.10057169], "mulliken charges": [-0.12976, 0.05002, 0.17394, -0.12198, -0.11873, 0.04991, 0.04866, 0.04793], "cm5 charges": [-0.13832, -0.04783, 0.11975, -0.12754, -0.12341, 0.10584, 0.10442, 0.1071], "FUKUI+": [-0.234, 0.031, -0.02, -0.301, -0.182, -0.092, -0.095, -0.107], "FUKUI-": [-0.309, 0.043, 0.04, -0.261, -0.256, -0.078, -0.083, -0.096], "FUKUIrad": [-0.272, 0.037, 0.01, -0.281, -0.219, -0.085, -0.089, -0.102], "s proportion": [1.95, 1.053, 1.089, 1.952, 1.951, 0.95, 0.951, 0.952], "p proportion": [5.195, 2.897, 2.737, 5.183, 5.181, 0.0, 0.0, 0.0], "d proportion": [-0.016, 0.0, 0.0, -0.013, -0.014, 0.0, 0.0, 0.0], "Coordination numbers": [0.91, 3.765, 3.695, 1.063, 1.055, 0.924, 0.924, 0.924], "Dispersion coefficient C6": [104.1, 20.391, 18.608, 103.641, 103.373, 1.813, 1.841, 1.78], "Polarizability alpha": [15.609, 6.436, 6.171, 15.575, 15.555, 2.106, 2.122, 2.086], "FOD": [0.0, 0.0, 0.0, 0.0, 0.0, 0.0, 0.0, 0.0], "FOD s proportion": [0.0, 0.0, 0.0, 0.0, 0.0, 0.0, 0.0, 0.0], "FOD p proportion": [0.0, 0.0, 0.0, 0.0, 0.0, 0.0, 0.0, 0.0], "FOD d proportion": [0.0, 0.0, 0.0, 0.0, 0.0, 0.0, 0.0, 0.0], "total energy": -19.45301331, "HOMO-LUMO gap/eV": 5.76229832, "electronic energy": -19.52631362, "Dipole module/D": 1.244, "Total charge": 0.0, "HOMO": -11.8184, "LUMO": -6.0561, "Fermi-level/eV": -8.9373, "Total dispersion C6": 1882.952037, "Total dispersion C8": 66943.49437, "Total polarizability alpha": 65.660264, "Total FOD": 0.0}