{"dipole": [1.01753978, -1.60004677, -0.25450199], "partial charges": [-0.10074382, 0.0028706, -0.0756625, 0.2343011, -0.36102982, -0.04345974, -0.01762215, -0.05670832, -0.06294147, 0.02361972, -0.07582174, 0.22901235, -0.38420344, -0.08156257, -0.06247157, 0.02417714, -0.10099908, -0.0353018, -0.06456465, -0.0877471, 0.23126929, -0.35877047, 0.05981764, 0.04283774, 0.04057015, 0.060305, 0.07948408, 0.05413702, 0.04060028, 0.03829705, 0.03657417, 0.04518322, 0.05292788, 0.05822183, 0.06292963, 0.06509026, 0.02915436, 0.05932829, 0.03446504, 0.06514222, 0.03582256, 0.04288814, 0.0409928, 0.03598685, 0.07021121, 0.0733926], "mulliken charges": [-0.08304, -0.0143, -0.08083, 0.39197, -0.48595, -0.06369, -0.01816, -0.04643, -0.04721, 0.02034, -0.09647, 0.38673, -0.50453, -0.08411, -0.05796, 0.02585, -0.09142, -0.04324, -0.06081, -0.08736, 0.38952, -0.48521, 0.05776, 0.03866, 0.04, 0.05876, 0.07805, 0.04648, 0.03493, 0.03079, 0.03512, 0.04175, 0.04412, 0.06176, 0.06127, 0.05722, 0.02928, 0.05455, 0.03072, 0.05849, 0.03358, 0.03876, 0.03876, 0.03069, 0.06733, 0.0675], "cm5 charges": [-0.22654, -0.0339, -0.17553, 0.41259, -0.54273, -0.11729, -0.08151, -0.15334, -0.15071, 0.00546, -0.14557, 0.40985, -0.55188, -0.18457, -0.16073, 0.00551, -0.23531, -0.10446, -0.16741, -0.18838, 0.41264, -0.53353, 0.1116, 0.09193, 0.09295, 0.11777, 0.1385, 0.10968, 0.09689, 0.08777, 0.09029, 0.09715, 0.10038, 0.12146, 0.11908, 0.11442, 0.0865, 0.11448, 0.08435, 0.11582, 0.08654, 0.09962, 0.09388, 0.08777, 0.12411, 0.12439], "FUKUI+": [0.013, -0.004, 0.007, -0.039, -0.082, 0.003, 0.002, 0.007, 0.012, -0.053, -0.022, -0.042, -0.109, 0.01, 0.009, 0.0, 0.012, 0.006, 0.009, 0.01, -0.049, -0.099, -0.018, -0.015, -0.02, -0.03, -0.028, -0.025, -0.017, -0.015, -0.028, -0.029, -0.035, -0.046, -0.036, -0.038, -0.015, -0.021, -0.017, -0.018, -0.017, -0.023, -0.024, -0.01, -0.036, -0.041], "FUKUI-": [0.014, -0.016, 0.0, -0.011, -0.074, -0.003, 0.0, 0.006, 0.006, -0.022, -0.014, -0.02, -0.124, -0.007, 0.007, -0.004, 0.014, 0.003, 0.009, -0.003, -0.015, -0.095, -0.019, -0.022, -0.024, -0.029, -0.027, -0.021, -0.018, -0.018, -0.032, -0.031, -0.031, -0.045, -0.039, -0.04, -0.023, -0.038, -0.019, -0.019, -0.021, -0.025, -0.027, -0.013, -0.033, -0.036], "FUKUIrad": [0.014, -0.01, 0.003, -0.025, -0.078, 0.0, 0.001, 0.007, 0.009, -0.037, -0.018, -0.031, -0.117, 0.001, 0.008, -0.002, 0.013, 0.005, 0.009, 0.003, -0.032, -0.097, -0.018, -0.018, -0.022, -0.029, -0.028, -0.023, -0.017, -0.016, -0.03, -0.03, -0.033, -0.045, -0.038, -0.039, -0.019, -0.029, -0.018, -0.018, -0.019, -0.024, -0.026, -0.011, -0.035, -0.039], "s proportion": [1.014, 1.094, 1.047, 1.08, 1.738, 1.08, 1.065, 1.034, 1.031, 1.122, 1.078, 1.061, 1.738, 1.039, 1.041, 1.095, 1.017, 1.075, 1.037, 1.041, 1.083, 1.736, 0.942, 0.961, 0.96, 0.941, 0.922, 0.954, 0.965, 0.969, 0.965, 0.958, 0.956, 0.938, 0.939, 0.943, 0.971, 0.945, 0.969, 0.942, 0.966, 0.961, 0.961, 0.969, 0.933, 0.932], "p proportion": [3.069, 2.92, 3.034, 2.528, 4.748, 2.983, 2.953, 3.012, 3.016, 2.858, 3.018, 2.552, 4.767, 3.045, 3.017, 2.879, 3.074, 2.968, 3.024, 3.047, 2.527, 4.749, 0.0, 0.0, 0.0, 0.0, 0.0, 0.0, 0.0, 0.0, 0.0, 0.0, 0.0, 0.0, 0.0, 0.0, 0.0, 0.0, 0.0, 0.0, 0.0, 0.0, 0.0, 0.0, 0.0, 0.0], "d proportion": [0.0, 0.0, 0.0, 0.0, 0.0, 0.0, 0.0, 0.0, 0.0, 0.0, 0.0, 0.0, 0.0, 0.0, 0.0, 0.0, 0.0, 0.0, 0.0, 0.0, 0.0, 0.0, 0.0, 0.0, 0.0, 0.0, 0.0, 0.0, 0.0, 0.0, 0.0, 0.0, 0.0, 0.0, 0.0, 0.0, 0.0, 0.0, 0.0, 0.0, 0.0, 0.0, 0.0, 0.0, 0.0, 0.0], "Coordination numbers": [3.753, 3.916, 3.81, 2.814, 0.857, 3.849, 3.852, 3.805, 3.808, 2.951, 2.895, 2.821, 0.858, 3.803, 3.805, 3.892, 3.753, 3.889, 3.837, 3.817, 2.871, 0.856, 0.924, 0.924, 0.924, 0.924, 0.924, 0.923, 0.923, 0.924, 0.924, 0.924, 0.924, 0.925, 0.924, 0.924, 0.923, 0.924, 0.924, 0.924, 0.924, 0.923, 0.924, 0.924, 0.924, 0.924], "Dispersion coefficient C6": [22.482, 20.471, 21.937, 23.098, 20.918, 21.316, 20.853, 21.59, 21.702, 27.477, 29.891, 23.198, 21.368, 22.055, 21.696, 20.116, 22.488, 21.15, 21.71, 22.159, 23.162, 20.875, 2.201, 2.412, 2.441, 2.196, 1.985, 2.269, 2.441, 2.472, 2.495, 2.381, 2.284, 2.22, 2.165, 2.14, 2.599, 2.207, 2.524, 2.14, 2.505, 2.411, 2.436, 2.503, 2.083, 2.049], "Polarizability alpha": [6.761, 6.431, 6.667, 7.874, 6.132, 6.567, 6.495, 6.615, 6.631, 8.597, 8.964, 7.892, 6.198, 6.686, 6.631, 6.376, 6.762, 6.538, 6.629, 6.7, 7.889, 6.126, 2.32, 2.428, 2.444, 2.317, 2.203, 2.356, 2.443, 2.459, 2.47, 2.413, 2.363, 2.33, 2.301, 2.288, 2.521, 2.323, 2.484, 2.288, 2.475, 2.428, 2.441, 2.474, 2.257, 2.238], "FOD": [0.0, 0.0, 0.0, 0.0, 0.0, 0.0, 0.0, 0.0, 0.0, 0.0, 0.0, 0.0, 0.0, 0.0, 0.0, 0.0, 0.0, 0.0, 0.0, 0.0, 0.0, 0.0, 0.0, 0.0, 0.0, 0.0, 0.0, 0.0, 0.0, 0.0, 0.0, 0.0, 0.0, 0.0, 0.0, 0.0, 0.0, 0.0, 0.0, 0.0, 0.0, 0.0, 0.0, 0.0, 0.0, 0.0], "FOD s proportion": [0.0, 0.0, 0.0, 0.0, 0.0, 0.0, 0.0, 0.0, 0.0, 0.0, 0.0, 0.0, 0.0, 0.0, 0.0, 0.0, 0.0, 0.0, 0.0, 0.0, 0.0, 0.0, 0.0, 0.0, 0.0, 0.0, 0.0, 0.0, 0.0, 0.0, 0.0, 0.0, 0.0, 0.0, 0.0, 0.0, 0.0, 0.0, 0.0, 0.0, 0.0, 0.0, 0.0, 0.0, 0.0, 0.0], "FOD p proportion": [0.0, 0.0, 0.0, 0.0, 0.0, 0.0, 0.0, 0.0, 0.0, 0.0, 0.0, 0.0, 0.0, 0.0, 0.0, 0.0, 0.0, 0.0, 0.0, 0.0, 0.0, 0.0, 0.0, 0.0, 0.0, 0.0, 0.0, 0.0, 0.0, 0.0, 0.0, 0.0, 0.0, 0.0, 0.0, 0.0, 0.0, 0.0, 0.0, 0.0, 0.0, 0.0, 0.0, 0.0, 0.0, 0.0], "FOD d proportion": [0.0, 0.0, 0.0, 0.0, 0.0, 0.0, 0.0, 0.0, 0.0, 0.0, 0.0, 0.0, 0.0, 0.0, 0.0, 0.0, 0.0, 0.0, 0.0, 0.0, 0.0, 0.0, 0.0, 0.0, 0.0, 0.0, 0.0, 0.0, 0.0, 0.0, 0.0, 0.0, 0.0, 0.0, 0.0, 0.0, 0.0, 0.0, 0.0, 0.0, 0.0, 0.0, 0.0, 0.0, 0.0, 0.0], "total energy": -65.15308837, "HOMO-LUMO gap/eV": 2.84213413, "electronic energy": -65.96637719, "Dipole module/D": 4.863, "Total charge": 0.0, "HOMO": -10.4433, "LUMO": -7.6012, "Fermi-level/eV": -9.0222, "Total dispersion C6": 19622.196425, "Total dispersion C8": 451670.527396, "Total polarizability alpha": 209.22736, "Total FOD": 0.0}