{"dipole": [0.7772733395408902, -0.683929322445051, -0.24477215121677975], "partial charges": [0.03847358977380945, -0.32108156390522835, 0.08187913025971601, -0.07074181402114563, 0.013761374957149117, -0.2062284037950276, 0.26129390570886263, -0.36130340847809067, 0.26252892485374424, -0.1988815281815449, 0.05293345824274347, -0.11367602549989583, -0.11157312462880974, -0.3319889213642962, 0.2327154212443417, -0.11970952925893696, -0.05192925479246834, -0.33911687835681503, 0.04757343913763832, 0.03962631086395197, 0.03550072313502919, 0.026827216762566896, 0.026340597740453244, 0.050195721983925815, 0.06109707917085821, 0.05846539759748635, 0.04192376135609699, 0.2013289966784804, 0.18261807786751433, 0.06659708468899186, 0.04371134930759338, 0.04392222201312049, 0.04139813340917516, 0.040170718062274756, 0.04316715087649326, 0.03997815681877865, 0.06423287782815157, 0.06319226734046089, 0.06477735185336246], "mulliken charges": [0.17081833662358634, -0.46920556130378094, 0.19487860895925868, -0.06369176770045591, 0.10140440615176059, -0.3634783286838365, 0.4426069142492444, -0.44720161384915524, 0.4428357349104223, -0.3613837849298831, 0.1356009501851773, -0.10138204512377093, -0.10305380202349668, -0.4263416817101634, 0.376602010714198, -0.09500906203945118, -0.009299153835938125, -0.42999828281252095, 0.02758295617073948, 0.021850913053245796, 0.01830809544674338, 0.014501110272245437, 0.013778462485409457, 0.03009500482400547, 0.04231175661724617, 0.030054801710446805, 0.026842161152643707, 0.22942871867242612, 0.21665725400947627, 0.03461777266409178, 0.03441156901697152, 0.03125317649595629, 0.031334417938936016, 0.03521168097589671, 0.0317043903933203, 0.03247047682180574, 0.03480876914463664, 0.03321527126877954, 0.03485468835225187], "cm5 charges": [0.04805853444746861, -0.5801199888552904, 0.11197576253187418, -0.16566596632213199, 0.05513928149209278, -0.7023090632806215, 0.6599274014497337, -0.6224777396870506, 0.6610528124620221, -0.700504993452172, 0.12367189632957346, -0.24354186774467898, -0.24518035602357338, -0.6017335748514596, 0.545844866578079, -0.12172106073304874, -0.13805750403755007, -0.6071600000539394, 0.08656034058875914, 0.08083374668744323, 0.07726454829430926, 0.07756358688154641, 0.07693755393646463, 0.08627028827176869, 0.10173407046223915, 0.09740671063055226, 0.09451935552719465, 0.4369850620502214, 0.41848280184762915, 0.10614854918837079, 0.08822563320434024, 0.08381307010638475, 0.08490826288002369, 0.08923888389595809, 0.08430144351592249, 0.08646153111487183, 0.08943819830135835, 0.08613183832624594, 0.08958326169955211], "FUKUI+": [0.005663182960710276, 0.00626288415868613, 0.006724341314153156, 0.005521901684136385, 0.01419334342188125, -0.0484708835603394, -0.02857204671119329, -0.10495958636288653, -0.027159341816478746, -0.04570692662789192, 0.007249428610119149, 0.011191908351788174, 0.01136562046232563, -0.07791327646097314, -0.049988484283009664, -0.23457431525273298, 0.037486664904631053, -0.07543069701688804, -0.00576628549317718, -0.004956680933252807, -0.009830595646523312, -0.013509396217711928, -0.009724576481937433, -0.020547389069634034, -0.013313484284411115, -0.018404940663110728, -0.017431887569431266, -0.03565333789602967, -0.03558187653242721, -0.01050063590581892, -0.013543006531632368, -0.021033664854954375, -0.015806084651840163, -0.008649580680015494, -0.02307837199720964, -0.01370866918510468, -0.03815407302981948, -0.04654408443889656, -0.03803215648404436], "FUKUI-": [0.01556844137518469, -0.0456368024481669, 0.012516781930706086, 0.008353828143947178, 0.013007978121392138, -0.04887404221798785, 0.0008021423276768018, -0.06975039553866962, 5.507594933223646e-05, -0.05039185569262266, 0.004097228712147152, 0.008690758374891824, 0.007723423954900056, -0.07104324930053403, 0.022817562998248428, -0.2503266424193717, 0.04049465941861105, -0.05762411948690149, -0.024892302218063857, -0.025712503856777348, -0.03131372368646246, -0.03580679249095446, -0.031598490315162465, -0.024757158097723126, -0.01865277478923917, -0.027777521228591368, -0.02589669329924365, -0.02551117990162974, -0.029550952726552226, -0.014739222897055745, -0.0166040118037279, -0.022126907979981722, -0.017996294922168327, -0.013219126640954941, -0.024246330150217175, -0.0167058176482124, -0.036634386097413714, -0.03893023966332707, -0.03698021642995605], "FUKUIrad": [0.010529342601622405, -0.01973130626597858, 0.009519174756667602, 0.00715156228415622, 0.013250920344608928, -0.04893313793139905, -0.013667678053638275, -0.08753901642187782, -0.013332547721565115, -0.0480157412029338, 0.005840136479025604, 0.01027613327291495, 0.009418103457403204, -0.07455699359719803, -0.013472817868027585, -0.2424376061889342, 0.03878684860179563, -0.06685437211073145, -0.015519153492382736, -0.015373141576125288, -0.020398533408715235, -0.024609658168712575, -0.020781654463977315, -0.02243652051714541, -0.01608514375052749, -0.023149495446484553, -0.02152923513343812, -0.030560491842056933, -0.032771213236541814, -0.012371079247904234, -0.015087734507549846, -0.021692472984325795, -0.016946922471827087, -0.0109257410489951, -0.02342898165387834, -0.015303633739954638, -0.037351583170458495, -0.042658890114650905, -0.03760347240608532], "s proportion": [0.9716631829607104, 1.6944156143382305, 0.995673331808728, 1.0360430845568522, 1.0040104511178691, 1.460697930762037, 0.9780993098879047, 1.53113592253505, 0.9759896992036615, 1.451561971657403, 1.0280000000000002, 1.0165210349215998, 1.0169000192866582, 1.5329780051674102, 1.01903711283501, 1.9260448978422, 1.0091274015489133, 1.535658427357785, 0.9724402487477884, 0.9783010017056242, 0.9814331446773736, 0.9857205378504232, 0.9864652858574985, 0.9700071516802886, 0.9575086029441742, 0.970000895484779, 0.9734168495094816, 0.7707610066710429, 0.7832842864326687, 0.9655672145530455, 0.9653951065199661, 0.9686802099961455, 0.9687533216223808, 0.964988704338905, 0.9682929542025311, 0.9675491250086236, 0.9652780034535086, 0.9667581807940419, 0.9652342310858718], "p proportion": [2.8573368170392897, 4.774688926929069, 2.8091933471522497, 3.027614382329506, 2.89423790526221, 3.9028345698461044, 2.5793478400080163, 3.9159322625625332, 2.581072609640982, 3.909741067102579, 2.8360088685552434, 3.0849438623801713, 3.0860363872924816, 3.8933833844827506, 2.604608523345572, 4.167334003626484, 2.9999468866494468, 3.894754452401815, 0.0, 0.0, 0.0, 0.0, 0.0, 0.0, 0.0, 0.0, 0.0, 0.0, 0.0, 0.0, 0.0, 0.0, 0.0, 0.0, 0.0, 0.0, 0.0, 0.0, 0.0], "d proportion": [0.0, 0.0, 0.0, 0.0, 0.0, 0.0, 0.0, 0.0, 0.0, 0.0, 0.0, 0.0, 0.0, 0.0, 0.0, 0.001, 0.0, 0.0, 0.0, 0.0, 0.0, 0.0, 0.0, 0.0, 0.0, 0.0, 0.0, 0.0, 0.0, 0.0, 0.0, 0.0, 0.0, 0.0, 0.0, 0.0, 0.0, 0.0, 0.0], "Coordination numbers": [3.6493263038759713, 1.6972358933920995, 3.7007167186354324, 3.8003799015961426, 3.7482171294272133, 2.696231871641324, 2.941803711734704, 1.851893546763215, 2.934691606727728, 2.7011613938721313, 3.7909702189401138, 3.754030748064148, 3.7529516687804882, 1.887074408448736, 3.0023579530932865, 2.035239778247868, 3.7419999999999995, 1.883044944829238, 0.924, 0.924, 0.924, 0.924, 0.924, 0.924, 0.924, 0.924, 0.924, 0.8600000000000001, 0.8600000000000001, 0.9239985677589049, 0.924, 0.924, 0.924, 0.924, 0.924, 0.924, 0.924, 0.924, 0.924],