{"dipole": [0.33227221529998113, -0.2727500860225205, -1.116392182244596], "partial charges": [-0.11495936239330863, 0.09201672050093744, -0.2578690433324408, 0.3784561612430207, -0.37838974159994077, -0.2602414837962949, 0.09219910859250928, -0.11523952160818439, -0.1197130694092314, 0.06037828524457231, -0.07688542527911009, 0.38589620306281314, -0.40723046210398156, -0.23256268240785963, 0.12561718980834877, -0.05474780173260526, 0.09387154379429406, -0.1407439165929017, -0.04309963479500794, -0.043479235021441964, 0.04273747909993357, 0.0584958134734132, 0.05781566002760849, 0.06096892601400678, 0.055762847361522073, 0.05015763844331, 0.04677969093039767, 0.05441022843682836, 0.061340981619501724, 0.06229531963051277, 0.05834295548618616, 0.08702251789628487, 0.08375446491451707, 0.08851085645661129, 0.07779079612639056, 0.07053999550733639], "mulliken charges": [-0.09658915501698018, 0.20904599417175584, -0.3737419516584035, 0.3758931570850365, -0.21060575740546886, -0.3720330262954561, 0.2074169494131119, -0.09761308671209, -0.0859951094819528, 0.15997522767267208, -0.23835112267704578, 0.6390295550306712, -0.5315910131125489, -0.3767098314313188, 0.22185738191551294, -0.07515091011467495, 0.10171126702424575, -0.0959462920578113, -0.05557125833803436, -0.05227363732380548, 0.09040817329293832, 0.04100246682428047, 0.037185770327300846, 0.040467824788318764, 0.03399436992096127, 0.025530096825999292, 0.026175893758260238, 0.032335909991926814, 0.0430153419658913, 0.045344668660816344, 0.03761901661194777, 0.06016665075566053, 0.06345055299006326, 0.06907491376849134, 0.050053560057913796, 0.05142129496633483], "cm5 charges": [-0.24305425721592872, 0.1309229923373037, -0.4366399155151842, 0.3148390203981109, -0.18072832413277073, -0.4352797176096089, 0.12926810746040232, -0.24411474922649615, -0.08212513126954607, 0.13846447543103868, -0.4885235685282341, 0.7637986363162712, -0.5686015841307621, -0.426243205300143, 0.250897282340759, -0.1218616031391434, 0.09490596965923517, -0.09790166035619002, -0.10686505300692828, -0.10047219177946094, 0.1572399288083845, 0.09434806638135736, 0.08936016273592053, 0.09286995258686694, 0.0996609479383165, 0.09060341687163596, 0.09285041572485703, 0.09738713536759701, 0.09582817265488643, 0.0989454983227599, 0.08983661715816486, 0.13135487340886964, 0.13519122781809262, 0.12785122189034354, 0.10635334511628675, 0.10963346939437903], "FUKUI+": [0.007002864138582151, 0.007415631039268667, -0.0015967820739709831, -0.07459053915009332, -0.10113604265514514, -0.007185786801095386, 0.010224343635339904, 0.007552595723412932, -0.15488827254347978, 0.02761666582237187, -0.01980068507520741, -0.022664816289432108, -0.07692818821322946, -0.0438671233834716, -0.018529736501056, -0.04308705735198064, -0.022933561691735806, -0.08561256465480181, -0.0194632981927918, -0.03842444423439624, -0.01127517777238622, -0.006193780334078533, -0.011273710889235766, -0.016226927574615815, -0.012079292177824899, -0.003835041827971002, -0.0013334615301139562, -0.01934196309953528, -0.0063157861174505, -0.00814751072162673, -0.015633550131067077, -0.03524160908402376, -0.036396283822274146, -0.054275177772386204, -0.04920873946412203, -0.042355141787549885], "FUKUI-": [0.007002864138582151, 0.010924969275989346, -0.00207265397851667, -0.09718136582547134, -0.296937870885904, 0.0016875767744605954, 0.01026514140464055, 0.007560172373766989, -0.06965062949988828, 0.02305978467458617, -0.027934798720723693, -0.002455593511772986, -0.054758928392289026, -0.03312107076793953, -0.016054632459675332, -0.011999999999999999, -0.015066438308264193, -0.15028633196598815, -0.016999999999999998, -0.009400961052097652, -0.015467399360361846, -0.010622838342918236, -0.015107991120536084, -0.01739371678726921, -0.009215217297554219, -0.005233677230429191, -0.004707375553918226, -0.015395761335427841, -0.010833333792000051, -0.010834055053098417, -0.017964794388387016, -0.017734656212591245, -0.02122543499346575, -0.03265838391934958, -0.032436963487650856, -0.021105956537386453], "FUKUIrad": [0.007002864138582151, 0.009398096913515501, -0.0015737989005003585, -0.08580491475765656, -0.19882597081989214, -0.002760776281264412, 0.010730287970622107, 0.007560172373766989, -0.11273336772896979, 0.025601903086484492, -0.024334522743833454, -0.012738347934513262, -0.06584236789023673, -0.03852973650105599, -0.016999999999999998, -0.027745441271330214, -0.018999999999999996, -0.11796247079047203, -0.017940655028552757, -0.023679002963066024, -0.013346328592422317, -0.008202850074750002, -0.012727456027818999, -0.01631622510523695, -0.01063727104332479, -0.0047875565117810786, -0.0030109427303475237, -0.017138709205709115, -0.008371562373182992, -0.009754219068599496, -0.016802718928135525, -0.026756547567243976, -0.02854977948251897, -0.043400961052097654, -0.040344480219232565, -0.031973079920858065], "s proportion": [1.0120047125117715, 0.9934114018410337, 1.6568776498333042, 1.5150616469041456, 1.8903938677152803, 1.6574864150599002, 0.9939411383420896, 1.0129592850526745, 1.910336371117023, 1.0059335616917358, 1.4304009610520971, 0.9294080543889146, 1.7189382742035075, 1.7074673993603615, 1.0149999999999997, 1.056992906663183, 1.079, 1.9429999999999998, 1.0629999999999997, 1.0510070933368167, 1.0329999999999997, 0.9586911089675968, 0.9632095294313804, 0.9592955457735256, 0.9657366196196455, 0.9740785711808337, 0.9737755020059798, 0.9678463708090717, 0.9571767317219849, 0.9545476038839785, 0.9624648793457808, 0.9399155434889301, 0.9364265911872053, 0.9309999999999998, 0.9499971358614177, 0.9485701822870972], "p proportion": [3.0839971358614178, 2.7981602850529126, 4.716981283991072, 2.020832633126802, 4.334977469300145, 4.714841625582612, 2.7989196326628534, 3.0845554598619946, 4.183068511514037, 2.83441439401028, 3.807467399360361, 2.4314009610520975, 4.812617277166574, 4.669025723360939, 2.762945367540324, 3.0184673993603615, 2.818999999999999, 5.163065954994727, 2.9920617257964914, 3.0009900425246, 2.8769999999999993, 0.0, 0.0, 0.0, 0.0, 0.0, 0.0, 0.0, 0.0, 0.0, 0.0, 0.0, 0.0, 0.0, 0.0, 0.0], "d proportion": [0.0, 0.0, 0.0, 1.087983150122183, -0.01406172579649229, 0.0, 0.0, 0.0, -0.006988194151411136, 0.0, 0.0, 0.0, 0.0, 0.0, 0.0, 0.0, 0.0, -0.010992906663183042, 0.0, 0.0, 0.0, 0.0, 0.0, 0.0, 0.0, 0.0, 0.0, 0.0, 0.0, 0.0, 0.0, 0.0, 0.0, 0.0, 0.0, 0.0], "Coordination numbers": [3.7489999999999997, 3.899126797136042, 1.6575943264361301, 3.917900038150124, 0.9259999999999998, 1.6575961748093198, 3.8957803343508988, 3.7489999999999997, 1.9334737389817278, 3.7419999999999995, 2.848404436534881, 2.904874700033825, 0.8559999999999999, 1.7069999999999999, 3.102867123383471, 2.9469999999999996, 2.8869999999999996, 0.9629999999999999, 2.9539335616917355, 2.9089999999999994, 3.0279999999999996, 0.9239999999999998, 0.9239999999999998, 0.9239999999999998, 0.9239999999999998, 0.9239999999999998, 0.9239999999999998, 0.9239999999999998, 0.9239999999999998, 0.9239999999999998, 0.9239999999999998, 0.9239999999999998, 0.9239999999999998, 0.9249999999999998, 0.9249999999999998, 0.9249999999999998], "Dispersion coefficient C6": [22.766606561572775, 19.008856502028323, 18.289342151487435, 144.50766203829423, 155.61136869181172, 18.328968002610456, 19.007146530314934, 22.772303877881292, 146.07087855910277, 19.636182872767773, 22.729425679761576, 20.487685236489906, 21.826252597853326, 17.854883632219966, 25.126396594507064, 29.35975939909008, 25.914017498867324, 103.55319825957115, 29.068993361857533, 29.07948190337382, 27.013143812347057, 2.216666321027167, 2.2249322541469434, 2.18792501614978, 2.250461792857139, 2.3197090608207156, 2.3608159578307455, 2.265957339644068, 2.1833305462996, 2.1727947419820035, 2.2184605674438873, 1.9095269360244618, 1.9414097160996702, 1.8931422625699168, 2.0022382654715347, 2.0797693714633447],