{"dipole": [-0.01156915, -0.00106919, 0.00080421], "partial charges": [-0.03019853, -0.03055985, -0.0351907, 0.00785364, 0.01596907, -0.03681948, -0.04568408, 0.01403735, -0.03866585, -0.03776054, 0.01655534, -0.03798861, -0.03178781, -0.0384134, 0.01619286, -0.03896361, -0.03741027, 0.00669575, 0.0034834, 0.00345505, 0.02805858, 0.02921724, 0.02977526, 0.02999504, 0.03024402, 0.02953847, 0.02952072, 0.02977858, 0.02850918, 0.02966665, 0.03071275, 0.03018379], "mulliken charges": [-0.02685, -0.02711, -0.03666, 0.00021, 0.01185, -0.03663, -0.04615, 0.01097, -0.03593, -0.03539, 0.0109, -0.0383, -0.02614, -0.0386, 0.01153, -0.03566, -0.03586, 0.00149, -0.00314, -0.00422, 0.03039, 0.03096, 0.03076, 0.03135, 0.03301, 0.03229, 0.03232, 0.03169, 0.0308, 0.0316, 0.03275, 0.03179], "cm5 charges": [-0.08232, -0.08265, -0.08933, -0.00418, 0.00469, -0.08931, -0.09602, 0.00397, -0.08851, -0.08798, 0.00385, -0.09089, -0.08144, -0.09118, 0.00446, -0.08839, -0.08841, -0.00263, -0.00373, -0.00497, 0.08585, 0.08636, 0.08782, 0.08761, 0.09032, 0.08854, 0.08859, 0.08793, 0.08621, 0.08782, 0.089, 0.0889], "FUKUI+": [-0.017, -0.029, -0.018, -0.016, -0.013, -0.026, -0.043, -0.019, -0.025, -0.027, -0.021, -0.032, -0.015, -0.036, -0.014, -0.029, -0.016, -0.025, -0.012, -0.01, -0.047, -0.049, -0.037, -0.042, -0.05, -0.046, -0.048, -0.049, -0.05, -0.05, -0.047, -0.04], "FUKUI-": [-0.018, -0.03, -0.019, -0.017, -0.014, -0.027, -0.042, -0.019, -0.024, -0.026, -0.021, -0.033, -0.016, -0.037, -0.015, -0.029, -0.016, -0.025, -0.012, -0.01, -0.047, -0.049, -0.037, -0.043, -0.048, -0.046, -0.048, -0.049, -0.049, -0.049, -0.046, -0.039], "FUKUIrad": [-0.018, -0.029, -0.019, -0.017, -0.013, -0.027, -0.043, -0.019, -0.024, -0.027, -0.021, -0.033, -0.016, -0.037, -0.014, -0.029, -0.016, -0.025, -0.012, -0.01, -0.047, -0.049, -0.037, -0.043, -0.049, -0.046, -0.048, -0.049, -0.049, -0.049, -0.046, -0.04], "s proportion": [1.059, 1.059, 1.066, 1.08, 1.071, 1.065, 1.068, 1.069, 1.065, 1.064, 1.07, 1.064, 1.06, 1.064, 1.068, 1.064, 1.065, 1.079, 1.078, 1.077, 0.97, 0.969, 0.969, 0.969, 0.967, 0.968, 0.968, 0.968, 0.969, 0.968, 0.967, 0.968], "p proportion": [2.968, 2.968, 2.971, 2.92, 2.917, 2.972, 2.978, 2.92, 2.971, 2.971, 2.919, 2.974, 2.966, 2.975, 2.92, 2.972, 2.971, 2.919, 2.925, 2.927, 0.0, 0.0, 0.0, 0.0, 0.0, 0.0, 0.0, 0.0, 0.0, 0.0, 0.0, 0.0], "d proportion": [0.0, 0.0, 0.0, 0.0, 0.0, 0.0, 0.0, 0.0, 0.0, 0.0, 0.0, 0.0, 0.0, 0.0, 0.0, 0.0, 0.0, 0.0, 0.0, 0.0, 0.0, 0.0, 0.0, 0.0, 0.0, 0.0, 0.0, 0.0, 0.0, 0.0, 0.0, 0.0], "Coordination numbers": [2.91, 2.909, 2.916, 2.973, 2.981, 2.922, 2.93, 2.978, 2.919, 2.917, 2.98, 2.919, 2.908, 2.92, 2.98, 2.915, 2.914, 2.969, 2.995, 2.999, 0.925, 0.925, 0.925, 0.925, 0.925, 0.925, 0.925, 0.925, 0.925, 0.925, 0.925, 0.925], "Dispersion coefficient C6": [28.754, 28.762, 28.876, 27.84, 27.649, 28.916, 29.135, 27.694, 28.961, 28.939, 27.635, 28.945, 28.792, 28.955, 27.644, 28.968, 28.93, 27.868, 27.936, 27.935, 2.614, 2.598, 2.59, 2.586, 2.583, 2.593, 2.593, 2.59, 2.608, 2.591, 2.576, 2.584], "Polarizability alpha": [8.793, 8.794, 8.812, 8.655, 8.625, 8.818, 8.852, 8.632, 8.825, 8.822, 8.623, 8.822, 8.799, 8.824, 8.624, 8.826, 8.82, 8.659, 8.67, 8.67, 2.528, 2.52, 2.516, 2.515, 2.513, 2.518, 2.518, 2.516, 2.525, 2.517, 2.51, 2.514], "FOD": [0.0, 0.0, 0.0, 0.0, 0.0, 0.0, 0.0, 0.0, 0.0, 0.0, 0.0, 0.0, 0.0, 0.0, 0.0, 0.0, 0.0, 0.0, 0.0, 0.0, 0.0, 0.0, 0.0, 0.0, 0.0, 0.0, 0.0, 0.0, 0.0, 0.0, 0.0, 0.0], "FOD s proportion": [0.0, 0.0, 0.0, 0.0, 0.0, 0.0, 0.0, 0.0, 0.0, 0.0, 0.0, 0.0, 0.0, 0.0, 0.0, 0.0, 0.0, 0.0, 0.0, 0.0, 0.0, 0.0, 0.0, 0.0, 0.0, 0.0, 0.0, 0.0, 0.0, 0.0, 0.0, 0.0], "FOD p proportion": [0.0, 0.0, 0.0, 0.0, 0.0, 0.0, 0.0, 0.0, 0.0, 0.0, 0.0, 0.0, 0.0, 0.0, 0.0, 0.0, 0.0, 0.0, 0.0, 0.0, 0.0, 0.0, 0.0, 0.0, 0.0, 0.0, 0.0, 0.0, 0.0, 0.0, 0.0, 0.0], "FOD d proportion": [0.0, 0.0, 0.0, 0.0, 0.0, 0.0, 0.0, 0.0, 0.0, 0.0, 0.0, 0.0, 0.0, 0.0, 0.0, 0.0, 0.0, 0.0, 0.0, 0.0, 0.0, 0.0, 0.0, 0.0, 0.0, 0.0, 0.0, 0.0, 0.0, 0.0, 0.0, 0.0], "total energy": -48.96430175, "HOMO-LUMO gap/eV": 1.76940688, "electronic energy": -49.90233592, "Dipole module/D": 0.03, "Total charge": 0.0, "HOMO": -9.6167, "LUMO": -7.8473, "Fermi-level/eV": -8.732, "Total dispersion C6": 15871.59201, "Total dispersion C8": 410661.873189, "Total polarizability alpha": 205.178254, "Total FOD": 0.0}