{"dipole": [-0.38863208, -0.6326473, 0.78091411], "partial charges": [-0.04546259, -0.07707796, 0.26573263, -0.39607271, -0.00362561, -0.23379136, 0.09830022, 0.00955213, -0.02200562, -0.02486617, -0.02326447, -0.0263633, -0.02805345, -0.00689275, -0.02074085, 0.00583519, -0.02138351, -0.04468703, 0.07384384, 0.52020217, -0.38066386, -0.38059623, 0.05871038, 0.08976111, 0.05927889, 0.07725182, 0.03888903, 0.05576056, 0.04297787, 0.04075815, 0.03952737, 0.02840333, 0.08393364, 0.08412911, 0.06270002], "mulliken charges": [0.06393, -0.24628, 0.46706, -0.52209, 0.05988, -0.32501, 0.17263, -0.00597, -0.01586, -0.02253, -0.01974, -0.02109, -0.03337, -0.03727, -0.00937, 0.03223, -0.0063, -0.05264, 0.14432, 0.67423, -0.46749, -0.46766, 0.03713, 0.07296, 0.04483, 0.05999, 0.03988, 0.04406, 0.03799, 0.03697, 0.03703, 0.0282, 0.0734, 0.07329, 0.05267], "cm5 charges": [-0.02216, -0.48748, 0.56186, -0.56662, 0.02755, -0.51249, 0.25482, -0.00801, -0.06606, -0.07769, -0.075, -0.07635, -0.08541, -0.03334, -0.05202, 0.08456, -0.05246, -0.10036, 0.19922, 0.51366, -0.4296, -0.42966, 0.09881, 0.13877, 0.10713, 0.12828, 0.10721, 0.10368, 0.09334, 0.09227, 0.09235, 0.0859, 0.13795, 0.13524, 0.1121], "FUKUI+": [0.018, -0.022, -0.013, -0.069, 0.014, -0.057, -0.013, -0.001, -0.007, -0.01, -0.017, -0.007, -0.003, -0.02, -0.018, -0.013, -0.025, -0.015, -0.04, -0.086, -0.12, -0.124, -0.016, -0.026, -0.021, -0.034, -0.021, -0.018, -0.03, -0.031, -0.024, -0.004, -0.035, -0.043, -0.048], "FUKUI-": [0.021, -0.046, -0.005, -0.086, 0.012, -0.111, -0.012, -0.017, -0.015, -0.019, -0.029, -0.019, -0.014, -0.015, -0.007, -0.022, -0.012, -0.015, -0.003, -0.014, -0.038, -0.05, -0.031, -0.03, -0.039, -0.051, -0.048, -0.027, -0.045, -0.047, -0.042, -0.029, -0.023, -0.038, -0.035], "FUKUIrad": [0.02, -0.034, -0.009, -0.077, 0.013, -0.084, -0.012, -0.009, -0.011, -0.015, -0.023, -0.013, -0.008, -0.017, -0.013, -0.017, -0.019, -0.015, -0.021, -0.05, -0.079, -0.087, -0.024, -0.028, -0.03, -0.042, -0.034, -0.023, -0.037, -0.039, -0.033, -0.017, -0.029, -0.04, -0.042], "s proportion": [0.985, 1.45, 1.016, 1.734, 1.016, 1.567, 1.065, 1.084, 1.065, 1.062, 1.063, 1.061, 1.063, 1.092, 1.074, 1.07, 1.07, 1.065, 1.057, 1.331, 1.746, 1.746, 0.963, 0.927, 0.955, 0.94, 0.96, 0.956, 0.962, 0.963, 0.963, 0.972, 0.927, 0.927, 0.947], "p proportion": [2.951, 3.797, 2.517, 4.788, 2.924, 3.758, 2.762, 2.922, 2.951, 2.96, 2.956, 2.96, 2.971, 2.945, 2.936, 2.898, 2.937, 2.988, 2.798, 2.995, 4.721, 4.721, 0.0, 0.0, 0.0, 0.0, 0.0, 0.0, 0.0, 0.0, 0.0, 0.0, 0.0, 0.0, 0.0], "d proportion": [0.0, 0.0, 0.0, 0.0, 0.0, 0.0, 0.0, 0.0, 0.0, 0.0, 0.0, 0.0, 0.0, 0.0, 0.0, 0.0, 0.0, 0.0, 0.0, 0.0, 0.0, 0.0, 0.0, 0.0, 0.0, 0.0, 0.0, 0.0, 0.0, 0.0, 0.0, 0.0, 0.0, 0.0, 0.0], "Coordination numbers": [3.694, 2.731, 2.759, 0.857, 3.76, 1.831, 2.907, 2.971, 2.915, 2.911, 2.912, 2.911, 2.913, 2.967, 2.913, 2.896, 2.907, 2.915, 2.895, 2.755, 0.926, 0.926, 0.924, 0.924, 0.924, 0.924, 0.924, 0.925, 0.925, 0.925, 0.925, 0.925, 0.925, 0.925, 0.925], "Dispersion coefficient C6": [21.568, 22.738, 22.516, 21.603, 20.691, 26.968, 25.821, 27.801, 28.555, 28.624, 28.585, 28.66, 28.702, 28.189, 28.524, 27.891, 28.54, 29.11, 26.349, 13.804, 21.266, 21.265, 2.214, 1.881, 2.208, 2.008, 2.464, 2.249, 2.41, 2.439, 2.455, 2.609, 1.939, 1.937, 2.168], "Polarizability alpha": [6.644, 7.082, 7.771, 6.232, 6.485, 7.695, 8.332, 8.649, 8.763, 8.773, 8.767, 8.779, 8.785, 8.709, 8.758, 8.659, 8.76, 8.847, 8.416, 5.518, 6.184, 6.184, 2.327, 2.145, 2.324, 2.216, 2.455, 2.345, 2.427, 2.442, 2.45, 2.526, 2.178, 2.176, 2.302], "FOD": [0.0, 0.0, 0.0, 0.0, 0.0, 0.0, 0.0, 0.0, 0.0, 0.0, 0.0, 0.0, 0.0, 0.0, 0.0, 0.0, 0.0, 0.0, 0.0, 0.0, 0.0, 0.0, 0.0, 0.0, 0.0, 0.0, 0.0, 0.0, 0.0, 0.0, 0.0, 0.0, 0.0, 0.0, 0.0], "FOD s proportion": [0.0, 0.0, 0.0, 0.0, 0.0, 0.0, 0.0, 0.0, 0.0, 0.0, 0.0, 0.0, 0.0, 0.0, 0.0, 0.0, 0.0, 0.0, 0.0, 0.0, 0.0, 0.0, 0.0, 0.0, 0.0, 0.0, 0.0, 0.0, 0.0, 0.0, 0.0, 0.0, 0.0, 0.0, 0.0], "FOD p proportion": [0.0, 0.0, 0.0, 0.0, 0.0, 0.0, 0.0, 0.0, 0.0, 0.0, 0.0, 0.0, 0.0, 0.0, 0.0, 0.0, 0.0, 0.0, 0.0, 0.0, 0.0, 0.0, 0.0, 0.0, 0.0, 0.0, 0.0, 0.0, 0.0, 0.0, 0.0, 0.0, 0.0, 0.0, 0.0], "FOD d proportion": [0.0, 0.0, 0.0, 0.0, 0.0, 0.0, 0.0, 0.0, 0.0, 0.0, 0.0, 0.0, 0.0, 0.0, 0.0, 0.0, 0.0, 0.0, 0.0, 0.0, 0.0, 0.0, 0.0, 0.0, 0.0, 0.0, 0.0, 0.0, 0.0, 0.0, 0.0, 0.0, 0.0, 0.0, 0.0], "total energy": -61.75854051, "HOMO-LUMO gap/eV": 1.53180679, "electronic energy": -62.55745349, "Dipole module/D": 2.739, "Total charge": 0.0, "HOMO": -10.6583, "LUMO": -9.1265, "Fermi-level/eV": -9.8924, "Total dispersion C6": 16773.59209, "Total dispersion C8": 407385.537593, "Total polarizability alpha": 203.104957, "Total FOD": 0.0}