{"dipole": [-0.40548032, -0.50386926, 6.402e-05], "partial charges": [-0.03583289, -0.03239174, -0.05166181, 0.11932597, -0.21122101, 0.18187503, -0.25622151, 0.06878353, -0.04091985, 0.04562807, 0.04474478, 0.05203384, 0.06085182, 0.05500576], "mulliken charges": [-0.04012, -0.03339, -0.06149, 0.2173, -0.36184, 0.3566, -0.36668, 0.11806, -0.04631, 0.03526, 0.03511, 0.05113, 0.05073, 0.04563], "cm5 charges": [-0.09469, -0.08792, -0.1119, 0.24589, -0.42522, 0.41213, -0.54372, 0.18606, -0.09431, 0.09044, 0.09031, 0.10853, 0.12137, 0.10304], "FUKUI+": [-0.028, -0.049, -0.065, -0.017, -0.095, -0.071, -0.122, -0.027, -0.07, -0.083, -0.088, -0.087, -0.11, -0.087], "FUKUI-": [-0.034, -0.051, -0.064, -0.027, -0.096, -0.024, -0.161, -0.031, -0.065, -0.084, -0.088, -0.093, -0.093, -0.09], "FUKUIrad": [-0.031, -0.05, -0.064, -0.022, -0.096, -0.048, -0.141, -0.029, -0.068, -0.083, -0.088, -0.09, -0.102, -0.089], "s proportion": [1.061, 1.061, 1.056, 1.023, 1.7, 0.991, 1.568, 1.042, 1.064, 0.965, 0.965, 0.949, 0.949, 0.954], "p proportion": [2.979, 2.973, 3.005, 2.759, 4.662, 2.652, 3.799, 2.84, 2.982, 0.0, 0.0, 0.0, 0.0, 0.0], "d proportion": [0.0, 0.0, 0.0, 0.0, 0.0, 0.0, 0.0, 0.0, 0.0, 0.0, 0.0, 0.0, 0.0, 0.0], "Coordination numbers": [2.91, 2.921, 2.902, 3.118, 1.72, 3.189, 1.864, 3.185, 2.912, 0.925, 0.925, 0.925, 0.926, 0.925], "Dispersion coefficient C6": [28.891, 28.808, 29.282, 25.222, 17.508, 23.694, 27.52, 26.028, 29.016, 2.375, 2.387, 2.295, 2.189, 2.258], "Polarizability alpha": [8.814, 8.802, 8.873, 8.226, 5.65, 7.941, 7.776, 8.326, 8.833, 2.41, 2.416, 2.369, 2.314, 2.35], "FOD": [0.0, 0.0, 0.0, 0.0, 0.0, 0.0, 0.0, 0.0, 0.0, 0.0, 0.0, 0.0, 0.0, 0.0], "FOD s proportion": [0.0, 0.0, 0.0, 0.0, 0.0, 0.0, 0.0, 0.0, 0.0, 0.0, 0.0, 0.0, 0.0, 0.0], "FOD p proportion": [0.0, 0.0, 0.0, 0.0, 0.0, 0.0, 0.0, 0.0, 0.0, 0.0, 0.0, 0.0, 0.0, 0.0], "FOD d proportion": [0.0, 0.0, 0.0, 0.0, 0.0, 0.0, 0.0, 0.0, 0.0, 0.0, 0.0, 0.0, 0.0, 0.0], "total energy": -24.52239861, "HOMO-LUMO gap/eV": 3.7336824, "electronic energy": -24.87438624, "Dipole module/D": 1.644, "Total charge": 0.0, "HOMO": -11.0196, "LUMO": -7.286, "Fermi-level/eV": -9.1528, "Total dispersion C6": 2858.838893, "Total dispersion C8": 70714.722927, "Total polarizability alpha": 85.096889, "Total FOD": 0.0}