{"dipole": [0.05212054866380752, 0.4621193682654403, -0.3142105276926901], "partial charges": [-0.1030921027321052, -0.049337527425302494, -0.08766531109843997, 0.35316607574452524, -0.40710531796627947, -0.2741944054357508, 0.08258093871427127, -0.1112452718520211, 0.036516184352893416, 0.039260851215110026, 0.038053488787039666, 0.04559120445717297, 0.042321161114928056, 0.06726841992669097, 0.06603956996439557, 0.0526612660640687, 0.053019784026868445, 0.05050114923078252, 0.05350164538986174, 0.052158200175095086], "mulliken charges": [-0.08640157415264378, -0.031288678114676234, -0.07885827697719942, 0.574304459163203, -0.5294200616406372, -0.4232151361910437, 0.20500137670378535, -0.09748355979472897, 0.029797346848020018, 0.03234283419609745, 0.0331249488389074, 0.03513746615505282, 0.03157764096950477, 0.052918707889506894, 0.054780915261110445, 0.03706041290985352, 0.03863047996826048, 0.03774896870244143, 0.04336707945878742, 0.04088213766085726], "cm5 charges": [-0.23616886548959817, -0.14142743466543053, -0.17744440661300204, 0.6234886295868453, -0.5800115997752465, -0.5064932828478556, 0.1224427149484171, -0.2440571094368131, 0.08096708170779665, 0.0842235009963126, 0.08510502124922253, 0.0913970705440931, 0.08745665780079695, 0.11184162037871155, 0.11322442046221104, 0.10126011126603277, 0.10321583934806178, 0.0901719762636271, 0.09693853506981766, 0.09387163149524161], "FUKUI+": [0.020019120095063396, 0.013711836531668416, 0.026136412117553336, -0.18780930822714476, -0.27980750831745, -0.12195861464951029, 0.029161992748609342, 0.018584822572804305, -0.034306759080080525, -0.02154069730909559, -0.01969974021198701, -0.03516300977515449, -0.04009504883509485, -0.0879929604123164, -0.09475660567040203, -0.04875004787750933, -0.044568401208877166, -0.03884465183575905, -0.023902887584885218, -0.028738155221240277], "FUKUI-": [0.019152103637759304, 0.007199539150263008, -0.0010324988160073407, -0.014277431643949906, -0.1238934544306948, -0.06318327383087176, 0.014847144924284869, 0.014100890131979764, -0.06957765881720983, -0.07489265374548743, -0.07531507448221658, -0.090586348471331, -0.09676735995207458, -0.059874829527951784, -0.061519282667979444, -0.07285377858299061, -0.06873032070442145, -0.05962125951251753, -0.06349531984883967, -0.05980005809621118], "FUKUIrad": [0.01967278010288306, 0.010863734351150544, 0.01245088812814811, -0.10105252879748203, -0.20166778349660103, -0.09269410126833745, 0.02220985200042855, 0.01625236828393023, -0.051676356931448286, -0.0483056744894891, -0.047611418375407895, -0.06296326895194283, -0.06847023284911334, -0.07380007742683374, -0.0782144764593999, -0.060682056131830024, -0.05681957642512191, -0.04927359661526627, -0.043730726783353394, -0.04442140008254678], "s proportion": [1.0083396394495234, 1.0253396394495233, 1.0390000000000001, 0.990373633588285, 1.7310000000000003, 1.6991241961470616, 0.9932793357504637, 1.0117206642495367, 0.9702512637690437, 0.9674688177767996, 0.9668156523893915, 0.9647746363309857, 0.9682674322965865, 0.94700831140428, 0.9453206225797031, 0.9628443594306848, 0.9613176333179247, 0.9622572545479814, 0.9565968193688754, 0.959234602726196], "p proportion": [3.078169734997143, 3.005828190598033, 3.0399433651825403, 2.4353396394495235, 4.798569731594256, 4.724245768559624, 2.802218627566069, 3.0857206642495365, 0.0, 0.0, 0.0, 0.0, 0.0, 0.0, 0.0, 0.0, 0.0, 0.0, 0.0, 0.0], "d proportion": [0.0, 0.0, 0.0, 0.0, 0.0, 0.0, 0.0, 0.0, 0.0, 0.0, 0.0, 0.0, 0.0, 0.0, 0.0, 0.0, 0.0, 0.0, 0.0, 0.0], "Coordination numbers": [3.749340430936946, 3.8007367052039287, 3.802680070386469, 2.7142543958397005, 0.8560000000000001, 1.7022793357504635, 3.6974715054706704, 3.748000000000001, 0.9240000000000002, 0.9240000000000002, 0.9240000000000002, 0.9240000000000002, 0.9240000000000002, 0.9240000000000002, 0.9240000000000002, 0.9240000000000002, 0.9240000000000002, 0.9240000000000002, 0.9240000000000002, 0.9240000000000002], "Dispersion coefficient C6": [22.53345831590226, 21.459224289165633, 22.16991608513084, 21.00362995662637, 21.824061681520377, 18.54900160502629, 19.36536582472102, 22.69460308362936, 2.496054958737905, 2.4596671022804086, 2.475341368176288, 2.3768386404879283, 2.419335865053194, 2.116113991556162, 2.1302588748400058, 2.2872651829767885, 2.2827228258192287, 2.3141288462446474, 2.2770495365511665, 2.2937819789106206], "Polarizability alpha": [6.77001969895222, 6.595557043765846, 6.703439126585609, 7.501995849968162, 6.263303420132649, 5.814892778541915, 6.2945048639227945, 6.79480203205285, 2.4707933313861496, 2.452167992487813, 2.460387522139181, 2.410896751386594, 2.4324098824819003, 2.2749054705234117, 2.282278104926847, 2.364980180021973, 2.362982735496961, 2.3789097156138874, 2.3598281439301867, 2.368217440932172], "FOD": [0.0, 0.0, 0.0, 0.0, 0.0, 0.0, 0.0, 0.0, 0.0, 0.0, 0.0, 0.0, 0.0, 0.0, 0.0, 0.0, 0.0, 0.0, 0.0, 0.0], "FOD s proportion": [0.0, 0.0, 0.0, 0.0, 0.0, 0.0, 0.0, 0.0, 0.0, 0.0, 0.0, 0.0, 0.0, 0.0, 0.0, 0.0, 0.0, 0.0, 0.0, 0.0], "FOD p proportion": [0.0, 0.0, 0.0, 0.0, 0.0, 0.0, 0.0, 0.0, 0.0, 0.0, 0.0, 0.0, 0.0, 0.0, 0.0, 0.0, 0.0, 0.0, 0.0, 0.0], "FOD d proportion": [0.0, 0.0, 0.0, 0.0, 0.0, 0.0, 0.0, 0.0, 0.0, 0.0, 0.0, 0.0, 0.0, 0.0, 0.0, 0.0, 0.0, 0.0, 0.0, 0.0], "total energy": -27.113422332003413, "HOMO-LUMO gap/eV": 4.79454211048745, "electronic energy": -27.41542056773401, "Dipole module/D": 2.19487828844182, "Total charge": 0.0, "HOMO": -11.209662308630772, "LUMO": -6.415132281146482, "Fermi-level/eV": -8.812380935155225, "Total dispersion C6": 3022.2332961420484, "Total dispersion C8": 64047.87312919125, "Total polarizability alpha": 81.3567968880102, "Total FOD": 0.0}