{"dipole": [2.74220799, -0.11313166, 0.1033446], "partial charges": [0.02836329, -0.25030675, 0.15811109, -0.0598478, -0.02086257, 0.00171166, -0.02055088, -0.04756093, 0.51945338, -0.38761815, -0.38573023, 0.07006739, 0.05081446, 0.05083571, 0.05641963, 0.0820564, 0.08459183, 0.07005247], "mulliken charges": [0.16776, -0.40595, 0.27314, -0.08345, -0.00293, 0.02203, -0.00768, -0.05658, 0.67282, -0.47355, -0.47194, 0.04834, 0.03247, 0.03248, 0.04906, 0.06969, 0.07083, 0.06347], "cm5 charges": [0.04645, -0.49407, 0.28899, -0.13488, -0.0493, 0.07438, -0.05389, -0.10579, 0.51262, -0.43561, -0.4339, 0.10737, 0.09159, 0.09162, 0.10768, 0.13168, 0.13279, 0.12226], "FUKUI+": [0.023, -0.059, -0.058, -0.021, -0.033, -0.021, -0.028, -0.022, -0.121, -0.167, -0.168, -0.04, -0.025, -0.025, -0.063, -0.054, -0.053, -0.065], "FUKUI-": [0.034, -0.136, -0.029, -0.03, -0.022, -0.056, -0.018, -0.042, -0.033, -0.109, -0.109, -0.062, -0.076, -0.076, -0.057, -0.056, -0.057, -0.065], "FUKUIrad": [0.029, -0.098, -0.043, -0.025, -0.027, -0.038, -0.023, -0.032, -0.077, -0.138, -0.139, -0.051, -0.05, -0.05, -0.06, -0.055, -0.055, -0.065], "s proportion": [0.973, 1.685, 1.026, 1.06, 1.07, 1.069, 1.07, 1.061, 1.332, 1.747, 1.747, 0.952, 0.968, 0.968, 0.951, 0.93, 0.929, 0.937], "p proportion": [2.859, 4.721, 2.701, 3.024, 2.933, 2.909, 2.937, 2.995, 2.995, 4.726, 4.725, 0.0, 0.0, 0.0, 0.0, 0.0, 0.0, 0.0], "d proportion": [0.0, 0.0, 0.0, 0.0, 0.0, 0.0, 0.0, 0.0, 0.0, 0.0, 0.0, 0.0, 0.0, 0.0, 0.0, 0.0, 0.0, 0.0], "Coordination numbers": [3.642, 1.704, 2.858, 2.911, 2.91, 2.898, 2.909, 2.915, 2.755, 0.926, 0.926, 0.924, 0.924, 0.924, 0.925, 0.925, 0.925, 0.925], "Dispersion coefficient C6": [20.443, 18.147, 24.577, 29.488, 28.527, 27.988, 28.52, 29.181, 13.812, 21.402, 21.365, 2.085, 2.31, 2.31, 2.241, 1.958, 1.932, 2.085], "Polarizability alpha": [6.5, 5.752, 8.126, 8.904, 8.758, 8.674, 8.757, 8.858, 5.52, 6.204, 6.199, 2.258, 2.377, 2.377, 2.341, 2.188, 2.174, 2.258], "FOD": [0.0, 0.0, 0.0, 0.0, 0.0, 0.0, 0.0, 0.0, 0.0, 0.0, 0.0, 0.0, 0.0, 0.0, 0.0, 0.0, 0.0, 0.0], "FOD s proportion": [0.0, 0.0, 0.0, 0.0, 0.0, 0.0, 0.0, 0.0, 0.0, 0.0, 0.0, 0.0, 0.0, 0.0, 0.0, 0.0, 0.0, 0.0], "FOD p proportion": [0.0, 0.0, 0.0, 0.0, 0.0, 0.0, 0.0, 0.0, 0.0, 0.0, 0.0, 0.0, 0.0, 0.0, 0.0, 0.0, 0.0, 0.0], "FOD d proportion": [0.0, 0.0, 0.0, 0.0, 0.0, 0.0, 0.0, 0.0, 0.0, 0.0, 0.0, 0.0, 0.0, 0.0, 0.0, 0.0, 0.0, 0.0], "total energy": -33.57124775, "HOMO-LUMO gap/eV": 2.66114383, "electronic energy": -33.93327989, "Dipole module/D": 6.981, "Total charge": 0.0, "HOMO": -11.4143, "LUMO": -8.7532, "Fermi-level/eV": -10.0838, "Total dispersion C6": 4037.363872, "Total dispersion C8": 94834.281311, "Total polarizability alpha": 98.224727, "Total FOD": 0.0}