{"dipole": [-1.9681632872134007, -2.3955960306304216, -0.5412127401165246], "partial charges": [-0.11258146112616303, 0.014870854005371019, -0.040504423632814625, 0.06650570901055533, -0.18178914294016857, 0.049646942564861206, 0.2815871028376111, -0.37077740411885757, -0.18838264645268815, 0.35210585321791144, -0.4418007791505889, -0.3251663853984148, 0.14571913176822102, -0.02048792350297169, -0.01862749050109272, 0.10190854180881548, -0.4474783292017147, 0.0874212106607942, -0.46426205456343755, 0.08343794873186547, -0.4654397994844811, 0.063297984166249, -0.46533942957634283, 0.0554919159512836, -0.058429525393915355, 0.024809223866028, -0.11274944267590865, 0.05680059327093484, 0.05215978316120166, 0.05769187053444827, 0.07474488004259548, 0.22183168016432336, 0.08617449753580997, 0.08474053789546679, 0.052647455143366086, 0.313879294944264, 0.04907122091512737, 0.3227668017078363, 0.04733254827333184, 0.31873282869177605, 0.05402528343168657, 0.02493761918368815, 0.3285570414747415, 0.06682593261887174, 0.05840561146450682, 0.06211138720104926, 0.05357697297406167], "mulliken charges": [-0.08525000000000002, 0.0015285009056272857, -0.037741878396102324, 0.1159783684342022, -0.2554906080194884, 0.10125762794328869, 0.47567313066017053, -0.5080761107363704, -0.3276086333770524, 0.5833486333770523, -0.553203949284872, -0.44543385303853833, 0.28262825407532277, -0.18561935575542018, 0.07225474411342264, 0.19743772418962235, -0.5697425293860177, 0.1779588802073569, -0.5864053397039705, 0.1735441904315714, -0.5828956170757613, 0.1744436005246287, -0.5821470742614375, 0.12059261888701582, -0.06781362432077954, 0.022435882018611467, -0.08545187839610233, 0.04397692367746661, 0.042541499094372714, 0.04514707994504254, 0.05731212522640683, 0.2718425045281364, 0.06031081294109636, 0.05673803672477422, 0.03804393117232629, 0.35674662925486045, 0.03989457541690611, 0.3648856408719121, 0.03065533970397043, 0.36052759171819726, 0.03315361863717443, 0.016180475548063285, 0.3629078385485018, 0.054670144900365716, 0.04568573143464064, 0.04866449728311814, 0.04387754980950071], "cm5 charges": [-0.22875212522640687, -0.013491499094372715, -0.08161612884891598, 0.18033411798138854, -0.427064858472302, 0.20109187839610232, 0.5841510054337637, -0.545668235962777, -0.6678407586034593, 0.7539537567922047, -0.6055037024545675, -0.6258726007744702, 0.4370252558865774, -0.41901423234026797, 0.030032239585286214, 0.1605030944350791, -0.7753901211042149, 0.1385706261320341, -0.7942374773593179, 0.1315147022047261, -0.792953040097442, 0.09150986184496979, -0.7957727094497444, 0.18337199275498173, -0.11402812160389769, 0.007198007245018286, -0.2290697531696955, 0.09611842277183932, 0.09444149909437273, 0.09726558085066983, 0.11742212522640683, 0.4754667549809501, 0.12918916326275282, 0.12959762119795318, 0.11154521966148594, 0.5316634747985391, 0.11208131228531047, 0.5404659477234588, 0.10504266647931747, 0.5345796025857248, 0.09939217388043886, 0.083260987321218, 0.5472522214727406, 0.11784989807006122, 0.09775747735931786, 0.10080237205671133, 0.0958458038848235], "FUKUI+": [0.017, -0.026000000000000002, -0.026000000000000002, -0.004, -0.107, -0.037000000000000005, -0.023, -0.09400000000000001, -0.026000000000000002, -0.016, -0.088, -0.055212522640682146, -0.02221252264068214, -0.05, 0.014000000000000002, 0.001, -0.0023624320779535714, 0.004, -0.0028500905627285716, 0.003, -0.009212522640682144, 0.004, -0.011212522640682142, -0.015, -0.018, -0.04000000000000001, 0.018, -0.03, -0.024, -0.03, -0.04078747735931786, -0.038, -0.024, -0.022787477359317857, -0.0007874773593178571, -0.013637567922046429, -0.016724864155907144, -0.012, 0.006787477359317858, -0.008, -0.015787477359317858, 0.012, 0.007000000000000001, -0.041, -0.03229981887454286, -0.034, -0.027700181125457145], "FUKUI-": [0.013000000000000001, -0.025787477359317856, -0.011574954718635715, -0.008, -0.08021252264068215, -0.010000000000000002, -0.005000000000000001, -0.05857495471863572, -0.02078747735931786, 0.0, -0.03893738679658929, -0.06314990943727143, -0.008, -0.02536243207795357, 0.008212522640682143, 0.003, -0.016, 0.005000000000000001, -0.02542504528136429, -0.002212522640682143, -0.05057495471863572, 0.007574954718635714, -0.0679127037661393, -0.012, -0.009574954718635715, -0.020000000000000004, 0.012787477359317857, -0.03278747735931786, -0.022787477359317857, -0.03278747735931786, -0.02878747735931786, -0.03, -0.024, -0.012787477359317857, -0.009637567922046428, -0.015, -0.03427513584409286, -0.016212522640682143, -0.026787477359317857, -0.022787477359317857, -0.039425045281364285, -0.024850090562728574, -0.019850090562728573, -0.025, -0.025087296233860714, -0.026787477359317857, -0.020912703766139285], "FUKUIrad": [0.015, -0.026000000000000002, -0.018787477359317857, -0.006, -0.09321252264068215, -0.024, -0.014000000000000002, -0.076, -0.023, -0.008, -0.06336243207795357, -0.05878747735931786, -0.015, -0.03778747735931785, 0.011212522640682142, 0.002, -0.009574954718635715, 0.004787477359317858, -0.014425045281364287, 0.0, -0.029787477359317856, 0.005787477359317858, -0.03985009056272857, -0.014000000000000002, -0.01378747735931786, -0.03, 0.015, -0.031, -0.023, -0.03178747735931786, -0.034787477359317864, -0.034, -0.024, -0.017787477359317856, -0.0052125226406821434, -0.014212522640682144, -0.025, -0.014212522640682144, -0.010000000000000002, -0.015, -0.028000000000000004, -0.006425045281364287, -0.006425045281364287, -0.033, -0.029087296233860714, -0.03, -0.023912703766139284], "s proportion": [1.008, 1.088, 1.071, 1.048, 1.557212522640682, 1.075, 0.9900000000000001, 1.725, 1.436212522640682, 0.944, 1.721, 1.509212522640682, 1.027, 1.4545749547186357, 1.0213624320779537, 1.0337874773593179, 1.7116375679220466, 1.0407874773593178, 1.7163624320779536, 1.0397874773593179, 1.7142125226406821, 1.0017874773593178, 1.7082125226406824, 1.051, 1.0632125226406823, 1.094, 1.009, 0.9555749547186357, 0.9570000000000001, 0.9544250452813643, 0.9430000000000001, 0.7280000000000001, 0.9393624320779536, 0.9431252264068214, 0.9616375679220465, 0.6434497283118144, 0.9604250452813643, 0.6350626132034107, 0.969487658484775, 0.6394250452813643, 0.9669373867965892, 0.9842125226406823, 0.6372125226406822, 0.945512341515225, 0.9542125226406821, 0.9510000000000001, 0.9563624320779536], "p proportion": [3.077, 2.91, 2.9662125226406824, 2.8362125226406825, 3.6977874773593182, 2.824, 2.534, 4.783, 3.891, 2.4727874773593177, 4.831574954718636, 3.935787477359318, 2.690787477359318, 3.7312125226406825, 2.9056375679220463, 2.7692125226406823, 4.8581252264068215, 2.7812125226406823, 4.870149909437272, 2.786574954718636, 4.868787477359318, 2.824149909437272, 4.8734250452813646, 2.828, 3.004787477359318, 2.883787477359318, 3.076, 0.0, 0.0, 0.0, 0.0, 0.0, 0.0, 0.0, 0.0, 0.0, 0.0, 0.0, 0.0, 0.0, 0.0, 0.0, 0.0, 0.0, 0.0, 0.0, 0.0], "d proportion": [0.0, 0.0, 0.0, 0.0, 0.0, 0.0, 0.0, 0.0, 0.0, 0.0, 0.0, 0.0, 0.0, 0.0, 0.0, 0.0, 0.0, 0.0, 0.0, 0.0, 0.0, 0.0, 0.0, 0.0, 0.0, 0.0, 0.0, 0.0, 0.0, 0.0, 0.0, 0.0, 0.0, 0.0, 0.0, 0.0, 0.0, 0.0, 0.0, 0.0, 0.0, 0.0, 0.0, 0.0, 0.0, 0.0, 0.0], "Coordination numbers": [3.7540000000000004, 2.959, 2.9190000000000005, 2.939, 1.834, 2.9190000000000005, 2.7670000000000003, 0.858, 2.6960000000000006, 2.7352125226406825, 0.861, 1.8370000000000002, 2.8602125226406825, 2.7362125226406824, 3.736212522640683, 3.7192125226406825, 1.65, 3.720787477359318, 1.649, 3.7200000000000006, 1.6492125226406822, 3.672787477359318, 1.651, 2.904, 2.9150000000000005, 2.959787477359318, 3.7540000000000004, 0.9240000000000002, 0.9240000000000002, 0.9240000000000002, 0.9250000000000002, 0.8600000000000001, 0.9240000000000002, 0.9240000000000002, 0.9240000000000002, 0.8030000000000002, 0.9240000000000002, 0.8022125226406822, 0.9240000000000002, 0.8030000000000002, 0.9240000000000002, 0.9240000000000002, 0.802, 0.9250000000000002, 0.9240000000000002, 0.9240000000000002, 0.9240000000000002],