{"dipole": [-0.00239469, -0.00236379, 0.00580356], "partial charges": [-0.10353596, -0.00299519, -0.10352314, -0.10353338, 0.03391928, 0.03093731, 0.03092611, 0.02629126, 0.03092147, 0.03390598, 0.03092282, 0.03092761, 0.03093149, 0.03390435], "mulliken charges": [-0.09154, 0.00758, -0.09153, -0.09155, 0.02714, 0.02787, 0.02787, 0.01842, 0.02786, 0.02713, 0.02786, 0.02787, 0.02787, 0.02713], "cm5 charges": [-0.23984, -0.06879, -0.23981, -0.23984, 0.07896, 0.07925, 0.07924, 0.07601, 0.07923, 0.07894, 0.07923, 0.07924, 0.07924, 0.07895], "FUKUI+": [0.018, -0.044, 0.018, 0.018, -0.084, -0.106, -0.106, -0.122, -0.106, -0.084, -0.106, -0.106, -0.106, -0.084], "FUKUI-": [0.027, -0.017, 0.027, 0.027, -0.123, -0.084, -0.084, -0.19, -0.084, -0.123, -0.084, -0.084, -0.084, -0.123], "FUKUIrad": [0.022, -0.031, 0.022, 0.022, -0.103, -0.095, -0.095, -0.156, -0.095, -0.103, -0.095, -0.095, -0.095, -0.103], "s proportion": [1.012, 1.047, 1.012, 1.012, 0.973, 0.972, 0.972, 0.982, 0.972, 0.973, 0.972, 0.972, 0.972, 0.973], "p proportion": [3.079, 2.945, 3.079, 3.079, 0.0, 0.0, 0.0, 0.0, 0.0, 0.0, 0.0, 0.0, 0.0, 0.0], "d proportion": [0.0, 0.0, 0.0, 0.0, 0.0, 0.0, 0.0, 0.0, 0.0, 0.0, 0.0, 0.0, 0.0, 0.0], "Coordination numbers": [3.753, 3.848, 3.753, 3.753, 0.924, 0.924, 0.924, 0.924, 0.924, 0.924, 0.924, 0.924, 0.924, 0.924], "Dispersion coefficient C6": [22.537, 20.6, 22.536, 22.537, 2.532, 2.573, 2.573, 2.64, 2.573, 2.532, 2.573, 2.573, 2.573, 2.532], "Polarizability alpha": [6.77, 6.456, 6.769, 6.77, 2.488, 2.509, 2.509, 2.541, 2.509, 2.488, 2.509, 2.509, 2.509, 2.488], "FOD": [0.0, 0.0, 0.0, 0.0, 0.0, 0.0, 0.0, 0.0, 0.0, 0.0, 0.0, 0.0, 0.0, 0.0], "FOD s proportion": [0.0, 0.0, 0.0, 0.0, 0.0, 0.0, 0.0, 0.0, 0.0, 0.0, 0.0, 0.0, 0.0, 0.0], "FOD p proportion": [0.0, 0.0, 0.0, 0.0, 0.0, 0.0, 0.0, 0.0, 0.0, 0.0, 0.0, 0.0, 0.0, 0.0], "FOD d proportion": [0.0, 0.0, 0.0, 0.0, 0.0, 0.0, 0.0, 0.0, 0.0, 0.0, 0.0, 0.0, 0.0, 0.0], "total energy": -13.66717871, "HOMO-LUMO gap/eV": 14.01757767, "electronic energy": -13.87051274, "Dipole module/D": 0.017, "Total charge": 0.0, "HOMO": -11.4597, "LUMO": 2.5578, "Fermi-level/eV": -4.4509, "Total dispersion C6": 1207.50781, "Total dispersion C8": 24486.966526, "Total polarizability alpha": 51.822153, "Total FOD": 0.0}