{"dipole": [-0.14474217325110644, 0.024254619922816516, 0.015175227967414915], "partial charges": [-0.09946104691512876, -0.047496090913225326, -0.056749314975888324, -0.028439443300924464, -0.09558282867397269, 0.03291865621344705, 0.03263413565301414, 0.03219561177514486, 0.030375097380068862, 0.02923538791481358, 0.037110357671549944, 0.03761206988262772, 0.02982412659341011, 0.03259551638329512, 0.033227757661963425], "mulliken charges": [-0.084339524424162, -0.03500213809221139, -0.04416137070724481, -0.02169817367965242, -0.08765796339234708, 0.02814757506230704, 0.027572188661846964, 0.02758685173129965, 0.023473221022221956, 0.023784865523119748, 0.029744170930656115, 0.029169780148171533, 0.024696977434140118, 0.029611798479926673, 0.029069122618998373], "cm5 charges": [-0.23442375662366352, -0.14642245607654483, -0.15015173247478614, -0.08606576967485455, -0.18974373094671598, 0.07948006763852415, 0.07878861762944678, 0.07873968652279324, 0.07812643744793484, 0.07826563649038942, 0.08488964514571772, 0.08445281034143907, 0.08022265946708335, 0.08208423978785268, 0.08175602744146987], "FUKUI+": [0.019619378721139936, 0.007758303657380727, 0.0267441298410719, -0.16202840913432712, -0.12610630426301025, -0.02106250611676187, -0.028387928326301475, -0.029682841589995578, -0.031688402375926426, -0.04097208098405825, -0.07847638374744036, -0.0761423989612362, -0.1458936957369897, -0.15670770975017503, -0.1574762634140945], "FUKUI-": [0.021713069535538736, 0.00391191636648755, 0.008231055382942241, -0.051439843323197655, -0.06791058222621407, -0.08112277863099752, -0.08418619104613975, -0.08304897203779886, -0.09105837863635154, -0.106355085484405, -0.09970606465649846, -0.0965897016209088, -0.08404903353950832, -0.09555881847777094, -0.09259557207885455], "FUKUIrad": [0.020733693940719958, 0.005770752380277778, 0.01722483102149372, -0.10649688781927573, -0.09677120483512554, -0.05115700000553606, -0.05634021181772574, -0.05616750285504023, -0.06092654263764412, -0.07404607347107013, -0.08877531047995092, -0.08631289815956736, -0.11497136463824903, -0.12588482020433514, -0.1249018714192739], "s proportion": [1.0075031121807243, 1.0268936957369896, 1.0281063042630103, 1.0718712847366871, 1.047284279293255, 0.9718382116086088, 0.972529960947354, 0.9725031121807242, 0.9766586762106667, 0.9762618682929527, 0.9702414701151953, 0.9708812470140926, 0.975, 0.970736345111926, 0.9711573506250637], "p proportion": [3.0766256030825883, 3.0080059981340246, 3.016, 2.950128715263313, 3.040509110314749, 0.0, 0.0, 0.0, 0.0, 0.0, 0.0, 0.0, 0.0, 0.0, 0.0], "d proportion": [0.0, 0.0, 0.0, 0.0, 0.0, 0.0, 0.0, 0.0, 0.0, 0.0, 0.0, 0.0, 0.0, 0.0, 0.0], "Coordination numbers": [3.749503112180724, 3.800055484128381, 3.8042905036547032, 2.8850554841283804, 2.833787391473979, 0.924, 0.924, 0.924, 0.924, 0.924, 0.924, 0.924, 0.9250000000000002, 0.9250000000000002, 0.9250000000000002], "Dispersion coefficient C6": [22.463780615492436, 21.42588161535686, 21.591360922951473, 28.708692794975104, 30.393247794255792, 2.5455225425583916, 2.549682840461718, 2.5556548657450042, 2.5814846482144613, 2.5976531510856864, 2.4878507293368295, 2.4811972928385875, 2.5887651095384405, 2.549742684359278, 2.5411724347985105], "Polarizability alpha": [6.759877509098136, 6.590275651156123, 6.615006224361448, 8.784345596829946, 9.03429828838385, 2.495024032869709, 2.4970255065088405, 2.5002742807409972, 2.5128066817388874, 2.52013128376471, 2.4664253646684147, 2.4634699311559807, 2.516066641047202, 2.497239514735602, 2.493019640884435], "FOD": [0.0, 0.0, 0.0, 0.0, 0.0, 0.0, 0.0, 0.0, 0.0, 0.0, 0.0, 0.0, 0.0, 0.0, 0.0], "FOD s proportion": [0.0, 0.0, 0.0, 0.0, 0.0, 0.0, 0.0, 0.0, 0.0, 0.0, 0.0, 0.0, 0.0, 0.0, 0.0], "FOD p proportion": [0.0, 0.0, 0.0, 0.0, 0.0, 0.0, 0.0, 0.0, 0.0, 0.0, 0.0, 0.0, 0.0, 0.0, 0.0], "FOD d proportion": [0.0, 0.0, 0.0, 0.0, 0.0, 0.0, 0.0, 0.0, 0.0, 0.0, 0.0, 0.0, 0.0, 0.0, 0.0], "total energy": -15.769348434054182, "HOMO-LUMO gap/eV": 5.204787381353515, "electronic energy": -16.024291329536993, "Dipole module/D": 0.43832423285468586, "Total charge": 0.0, "HOMO": -10.710292318459484, "LUMO": -5.505514807239943, "Fermi-level/eV": -8.107877286690663, "Total dispersion C6": 1663.622504585378, "Total dispersion C8": 35737.72852588282, "Total polarizability alpha": 62.74480391090954, "Total FOD": 0.0}