{"dipole": [0.01681303997224505, 0.7607579225908232, 0.05163545835345945], "partial charges": [-0.37746167569830563, 0.28126676621857977, -0.1744607165304131, 0.3389465999245772, -0.41984360024936385, -0.17448649519706938, 0.2814268701618512, -0.37747655640944733, -0.016471828966643988, -0.10166350227658416, -0.0533972577637766, -0.10504496970333013, 0.23317338490318704, 0.2331441105500651, 0.06751748421566846, 0.06726771055651194, 0.04661895273557308, 0.05942391383469822, 0.060291150048358236, 0.04168757953171564, 0.04753148935399024, 0.042010580276216014], "mulliken charges": [-0.5072751385702758, 0.4749803255626513, -0.3265050242110499, 0.5748364584289173, -0.5355559568789131, -0.32655309284518735, 0.4749727452724907, -0.5072796568293124, -0.049819194897389875, -0.07563143861987645, -0.028426814805632077, -0.0879015837931658, 0.280423867133734, 0.28039434667369284, 0.057536568386134065, 0.057440263934524304, 0.03957139029078665, 0.04387006153511701, 0.044763255626513065, 0.03877068634137519, 0.038801790594582185, 0.03857710955421989], "cm5 charges": [-0.5523702903465787, 0.5736520985491973, -0.6693397008494031, 0.7423779058528118, -0.5724914430218855, -0.6693808359166736, 0.5736409722859448, -0.5524159436728858, -0.053969678839357764, -0.21623660360220665, -0.13194664762229735, -0.23641723711947293, 0.483108222611445, 0.48306789704879366, 0.11099626043151903, 0.11085591726083144, 0.09565912455825472, 0.10195233607166708, 0.1027024417198848, 0.0935308403186827, 0.0897464672329354, 0.09326789704879372], "FUKUI+": [-0.1510483941967888, -0.058, -0.03604839419678882, -0.056854817409633523, -0.15385481740963353, -0.03604839419678882, -0.058, -0.1510483941967888, -0.006048394196788825, 0.011677518755043548, 0.016080510261012326, 0.016951605803211173, -0.05095160580321117, -0.05095160580321117, -0.0446128464256894, -0.0446128464256894, -0.0278064232128447, -0.03246766383532293, -0.0331935767871553, -0.007193576787155299, -0.03804839419678882, -0.007919489738987673], "FUKUI-": [-0.11487109554219885, -0.011951605803211175, -0.03595160580321117, -0.004048394196788825, -0.12424197098394413, -0.03599999999999999, -0.01209678839357765, -0.11506467232935415, -0.022241970983944124, 0.02209678839357765, 0.01570963481926705, 0.016854817409633523, -0.03904839419678882, -0.03904839419678882, -0.04590321160642235, -0.046, -0.03714518259036647, -0.08054817409633525, -0.08214518259036648, -0.07456445222890057, -0.0578064232128447, -0.07417729865458997], "FUKUIrad": [-0.13343554777109945, -0.034951605803211175, -0.03599999999999999, -0.030951605803211175, -0.13904839419678883, -0.03604839419678882, -0.035048394196788825, -0.13353233616467708, -0.014145182590366475, 0.016435547771099422, 0.016370875441745276, 0.016903211606422348, -0.045, -0.045, -0.04570963481926705, -0.0458064232128447, -0.032, -0.05698372186743468, -0.058145182590366475, -0.04085481740963352, -0.04795160580321118, -0.04104839419678882], "s proportion": [1.729048394196789, 1.0110967883935775, 1.4301451825903664, 0.9380967883935776, 1.7200483941967888, 1.4301935767871552, 1.0110483941967887, 1.729048394196789, 1.1, 1.0185644522289004, 1.0312903651807328, 1.009, 0.72, 0.7200483941967888, 0.9422903651807328, 0.9423871535743105, 0.9603224812449564, 0.9556775187550435, 0.9548064232128446, 0.961709634819267, 0.9609032116064223, 0.9619032116064223], "p proportion": [4.777854817409633, 2.513903211606422, 3.8960483941967885, 2.4869032116064225, 4.814903211606422, 3.8959999999999995, 2.513903211606422, 4.777854817409633, 2.9499999999999997, 3.0572903651807324, 2.997, 3.078806423212845, 0.0, 0.0, 0.0, 0.0, 0.0, 0.0, 0.0, 0.0, 0.0, 0.0], "d proportion": [0.0, 0.0, 0.0, 0.0, 0.0, 0.0, 0.0, 0.0, 0.0, 0.0, 0.0, 0.0, 0.0, 0.0, 0.0, 0.0, 0.0, 0.0, 0.0, 0.0, 0.0, 0.0], "Coordination numbers": [0.8579999999999999, 2.7691935767871554, 2.6959999999999997, 2.705290365180733, 0.86, 2.6959999999999997, 2.7690967883935778, 0.8579999999999999, 3.905, 3.762612846425689, 3.803096788393577, 3.748, 0.86, 0.86, 0.9239999999999999, 0.9239999999999999, 0.9239999999999999, 0.9239516058032111, 0.9239516058032111, 0.9239999999999999, 0.9239999999999999, 0.9239999999999999], "Dispersion coefficient C6": [21.235176858453684, 22.23929080538164, 24.775984602269247, 21.240274087048167, 22.079596568293123, 24.776887813875668, 22.236241970983944, 21.235805983011936, 20.811096788393577, 22.48611350672705, 21.530902331204604, 22.57459700849403, 0.9518548174096334, 0.9519999999999998, 2.1127417508834903, 2.1164518259036647, 2.362967003533962, 2.207260009920138, 2.1954681040362303, 2.4262736468472603, 2.3512256928513784, 2.4222569285137876], "Polarizability alpha": [6.178419269638534, 7.723580730361465, 7.392725912951832, 7.543854817409632, 6.299806423212845, 7.392725912951832, 7.723048394196788, 6.178516058032112, 6.484048394196789, 6.759725912951833, 6.606032116064223, 6.776241970983944, 1.5279032116064224, 1.528, 2.273322481244956, 2.274774307148621, 2.4034351075701923, 2.322823581747224, 2.317306643313298, 2.4361126263252357, 2.397612846425689, 2.434031675863316], "FOD": [0.0, 0.0, 0.0, 0.0, 0.0, 0.0, 0.0, 0.0, 0.0, 0.0, 0.0, 0.0, 0.0, 0.0, 0.0, 0.0, 0.0, 0.0, 0.0, 0.0, 0.0, 0.0], "FOD s proportion": [0.0, 0.0, 0.0, 0.0, 0.0, 0.0, 0.0, 0.0, 0.0, 0.0, 0.0, 0.0, 0.0, 0.0, 0.0, 0.0, 0.0, 0.0, 0.0, 0.0, 0.0, 0.0], "FOD p proportion": [0.0, 0.0, 0.0, 0.0, 0.0, 0.0, 0.0, 0.0, 0.0, 0.0, 0.0, 0.0, 0.0, 0.0, 0.0, 0.0, 0.0, 0.0, 0.0, 0.0, 0.0, 0.0], "FOD d proportion": [0.0, 0.0, 0.0, 0.0, 0.0, 0.0, 0.0, 0.0, 0.0, 0.0, 0.0, 0.0, 0.0, 0.0, 0.0, 0.0, 0.0, 0.0, 0.0, 0.0, 0.0, 0.0], "total energy": -38.19134718083759, "HOMO-LUMO gap/eV": 3.5746916964523914, "electronic energy": -38.60558083342244, "Dipole module/D": 2.143262651125581, "Total charge": 0.0, "HOMO": -11.700261548763113, "LUMO": -8.125595292640593, "Fermi-level/eV": -9.912930840411693, "Total dispersion C6": 4960.825022995299, "Total dispersion C8": 111037.40200262867, "Total polarizability alpha": 104.97496557325624, "Total FOD": 0.0}