{"dipole": [0.2622677295166569, 0.07092310829852004, -0.1688283102280924], "partial charges": [-0.09992842188536549, -0.05184836409569329, -0.05825959374466228, -0.05798577677466177, -0.057863856774701995, -0.05800979877333731, -0.05836046229842159, -0.05854860115782531, -0.05906805358450991, -0.05724534630678223, -0.08879916741261148, 0.3509998257032727, -0.40138764643748803, -0.270266452703948, 0.03434046710158066, 0.031727375691170887, 0.03131631313281503, 0.031867038682177086, 0.02836798969080325, 0.02838377706979657, 0.029897760780622815, 0.02964228487776803, 0.028125113622529826, 0.02873093192918148, 0.02960043804870544, 0.02938274443677163, 0.028901551110935512, 0.029483156319456513, 0.031114689888657968, 0.03005132909884207, 0.03250777372143933, 0.030788944228346642, 0.029063485512386425, 0.036813807645097514, 0.04738667580625555, 0.044037716617346075, 0.06898963488903537, 0.06860250351869238, 0.0622407618410647, 0.06229898950585102, 0.0629084522492029], "mulliken charges": [-0.08346322332883055, -0.038614308540743034, -0.046759944181914606, -0.045663484706966004, -0.045818260699355795, -0.04550183744075643, -0.045857884740136336, -0.04483509187712534, -0.0476309198587561, -0.040062990657813526, -0.07822517794092279, 0.5733773885582044, -0.527781935785582, -0.41865954448320863, 0.17541930467414132, 0.026840054434487958, 0.027398075562399846, 0.02665083165811252, 0.02185020552730115, 0.0219690305777192, 0.022645197227721105, 0.022755888600733267, 0.022353080245976615, 0.02273005002970145, 0.022909854695188504, 0.023269775931359305, 0.022561809409331557, 0.023586065333280615, 0.024063457856047563, 0.02383028352611894, 0.02504642254841765, 0.023381013385417766, 0.020795821583305812, 0.031346603642978865, 0.03634205806123358, 0.03289245666294902, 0.0565085693772288, 0.05519673633499117, 0.04183279852159015, 0.04176223381676494, 0.039568578660375296], "cm5 charges": [-0.23380502166448486, -0.1511482871005973, -0.15741524178308533, -0.15635873552013219, -0.15655019888341834, -0.15621523528255266, -0.156611700376395, -0.155571857491661, -0.15780560221329096, -0.14846729159384345, -0.17693094589312489, 0.6224262506468292, -0.5780532264695011, -0.5056306288214228, 0.05576960222239102, 0.0780068411844155, 0.0783635792506272, 0.0778809101170236, 0.07661135830597873, 0.07668526520371914, 0.07802932578049177, 0.07806419323270278, 0.07769138921211649, 0.07806753037602523, 0.0783725707237392, 0.07861798409562189, 0.07789529454226506, 0.07884139745818478, 0.07960769194708334, 0.0791408041561969, 0.08046193787219125, 0.0787189270366209, 0.07620254932898046, 0.0883547396913108, 0.09352548340110742, 0.08944845613814804, 0.11505186711759709, 0.1140806124227064, 0.10253496932979381, 0.10245909950212313, 0.09964548076884135], "FUKUI+": [0.002, 0.0007914720546694406, 0.0006366722457951475, 0.001557026716357877, 0.0013249683233294686, 0.0026725478727736415, 0.002355761241895703, 0.005271058278071213, 0.00687354779080727, 0.018623091001925943, 0.0283557612418957, -0.1886442387581043, -0.283, -0.1256442387581043, 0.047, -0.002813528284327632, -0.00394129560619443, -0.0019032057571623407, -0.0015234239163535866, -0.002124493943413689, -0.0011411211447044118, -0.00147082346272807, -0.0035235255519659404, -0.002462981833845652, -0.0014328847072774835, -0.0020406138754363434, -0.007428052347820598, -0.005512085687295173, -0.002508497628056667, -0.004184523223985312, -0.011214476848114777, -0.01617369729941015, -0.01776822132498578, 0.00210841658211155, -0.029915022644470674, -0.036816506952373936, -0.09746573985710198, -0.0958308529012881, -0.05466467459285637, -0.05499693500181271, -0.06298262916343521], "FUKUI-": [0.012928947758380854, 0.00256735502434544, 0.002586128841172196, 0.004133791625441788, 0.0012978498576416738, 0.0021533745715509216, 0.0019734766351488958, 0.0034797780627255992, 0.0034236055579831273, 0.005878755323091086, -0.00316663281328868, -0.009911931925722551, -0.07878029711663481, -0.0409373237805857, 0.013787964318760764, -0.04298536863819834, -0.04262425604964538, -0.040026368883626276, -0.05418139319383929, -0.051066011844025816, -0.04520089038326275, -0.0469665999178941, -0.03760067289840979, -0.03273499455788774, -0.030141048867295885, -0.03215371635725806, -0.03379538822964758, -0.033029573032323, -0.0310108341935698, -0.03406859217671799, -0.03224893018199536, -0.03459066131410521, -0.03431620506158451, -0.037199051577816854, -0.03056020350748275, -0.034977818197576956, -0.03448829517249905, -0.032750959238225845, -0.02006218890338969, -0.0198827215995109, -0.02308047809074464], "FUKUIrad": [0.0074022269074835835, 0.0016221720080982732, 0.0016606888187000143, 0.002894704526908997, 0.001153015775046602, 0.002488626976450433, 0.0023255013290852844, 0.00426076365404692, 0.005139408314852094, 0.012321398910654082, 0.012657271272101162, -0.09922930903270297, -0.18106450909133662, -0.08335225350598703, 0.030229309032702975, -0.02294100537613061, -0.023301119627798936, -0.02095694521170706, -0.027580116215864692, -0.0263733386348002, -0.023339198978589614, -0.024154946821110662, -0.02078533973496327, -0.017713662430023525, -0.015717817289996966, -0.017107850898084656, -0.020548494184137723, -0.019361457821938405, -0.01658397952610518, -0.0195185104715318, -0.021835160682830236, -0.025276161466138057, -0.025975631848799724, -0.017541369393658513, -0.030346718116199337, -0.0357349539335566, -0.06599217044753082, -0.0642185116056175, -0.03737260718845896, -0.03726988121810143, -0.04297041809118764], "s proportion": [1.0070961463437318, 1.0269999999999997, 1.032, 1.032217132551237, 1.032, 1.0323384878904318, 1.0320975526184208, 1.0321123816015985, 1.033, 1.0302293090327028, 1.039115889337507, 0.991, 1.731, 1.6980000000000002, 0.973, 0.9730515625355858, 0.9724811753574909, 0.9734159678189988, 0.9779999999999999, 0.9779999999999999, 0.9772266573293252, 0.977238504114712, 0.9777087484194259, 0.9771158893375071, 0.9770926770928356, 0.9768967749953984, 0.9774568610318359, 0.9762458492826085, 0.9760413284093807, 0.9760226076286568, 0.9750080892296297, 0.9763952395304886, 0.9793451763574029, 0.9684984439354514, 0.9638805562898181, 0.9671469015658235, 0.9436952590550182, 0.9450162634287731, 0.957975767826625, 0.9582202587859894, 0.9602137668071781], "p proportion": [3.0760000000000005, 3.0111922926874644, 3.0142912515805733, 3.0134184621653493, 3.013626557789938, 3.0130686530276485, 3.0137288211092796, 3.0126766066491735, 3.014899794879867, 3.0098404443352953, 3.038873547790808, 2.435, 4.797, 4.720355761241895, 2.852, 0.0, 0.0, 0.0, 0.0, 0.0, 0.0, 0.0, 0.0, 0.0, 0.0, 0.0, 0.0, 0.0, 0.0, 0.0, 0.0, 0.0, 0.0, 0.0, 0.0, 0.0, 0.0, 0.0, 0.0, 0.0, 0.0], "d proportion": [0.0, 0.0, 0.0, 0.0, 0.0, 0.0, 0.0, 0.0, 0.0, 0.0, 0.0, 0.0, 0.0, 0.0, 0.0, 0.0, 0.0, 0.0, 0.0, 0.0, 0.0, 0.0, 0.0, 0.0, 0.0, 0.0, 0.0, 0.0, 0.0, 0.0, 0.0, 0.0, 0.0, 0.0, 0.0, 0.0, 0.0, 0.0, 0.0, 0.0, 0.0], "Coordination numbers": [3.7499999999999996, 3.7999038536562675, 3.8018063010378467, 3.8016939194362482, 3.801266852664992, 3.8012434190759072, 3.801211011749227, 3.801298184355363, 3.8011134196951955, 3.8011134196951955, 3.8023557612418952, 2.7213557612418953, 0.856, 1.7029999999999998, 3.6549999999999994, 0.9240000000000002, 0.9240000000000002, 0.9240000000000002, 0.9240000000000002, 0.9240000000000002, 0.9240000000000002, 0.9240000000000002, 0.9240000000000002, 0.9240000000000002, 0.9240000000000002, 0.9240000000000002, 0.9240000000000002, 0.9240000000000002, 0.9240000000000002, 0.9240000000000002, 0.9240000000000002, 0.9240000000000002, 0.9240000000000002, 0.9240000000000002, 0.9240000000000002, 0.9240000000000002, 0.9240000000000002, 0.9240000000000002, 0.9240000000000002, 0.9240000000000002, 0.9240000000000002],