{"dipole": [-0.13119614026453275, 0.10485473684250222, 0.02892983745261032], "partial charges": [-0.10205627548113501, -0.008750119427777404, -0.04215043107696279, -0.04403472033090258, -0.036155636892229934, -0.06553777881635041, 0.13631431479730605, -0.39638621885345987, 0.04671343997130879, 0.04014482062302291, 0.04671445973855909, 0.03352095416833476, 0.029708792042673605, 0.031249493496764202, 0.0332050993499395, 0.2974997916701007], "mulliken charges": [-0.0781851583468356, -0.03127320093825072, -0.04037429992484619, -0.04812131762723411, -0.028108335329622026, -0.08581606406914746, 0.2466810679266774, -0.521510457784354, 0.040131290829988314, 0.031880955764576585, 0.040133801234178174, 0.0303132178891005, 0.028686171968576035, 0.029391761302519775, 0.03637479719462345, 0.3497957699100498], "cm5 charges": [-0.22070794595927334, -0.04427364461353639, -0.09357553431856139, -0.10339255202094932, -0.08334837694638147, -0.13703335969022865, 0.260121026309918, -0.7200677809131263, 0.09330405093473487, 0.08385346616876645, 0.09330281654101966, 0.08641572829329036, 0.0840499167664811, 0.08482674049414005, 0.09468820905845293, 0.5218297502994433], "FUKUI+": [0.03474895958101377, -0.08774895958101377, -0.06762552020949313, -0.034625520209493124, -0.06974895958101378, -0.06662552020949312, -0.044, -0.05700000000000001, -0.06062552020949312, -0.05137447979050688, -0.06062552020949312, -0.099, -0.093, -0.10100000000000002, -0.0973744797905069, -0.04362552020949312], "FUKUI-": [0.028872398952534413, -0.06625104041898625, -0.02112343937152065, -0.06599583832405506, -0.04837864146645182, -0.027995838324055063, -0.05849791916202754, -0.12699167664811012, -0.08575728293290365, -0.06287656062847935, -0.08575728293290365, -0.07412343937152065, -0.08649791916202754, -0.083, -0.07449791916202753, -0.06087656062847935], "FUKUIrad": [0.03212343937152065, -0.077, -0.044374479790506884, -0.05049791916202753, -0.05887656062847935, -0.04749791916202753, -0.05137447979050688, -0.09199583832405506, -0.07337864146645183, -0.05725104041898624, -0.07337864146645183, -0.08674895958101377, -0.08974895958101377, -0.092, -0.08612343937152066, -0.05225104041898623], "s proportion": [1.0044979191620276, 1.0811234393715208, 1.0636255202094933, 1.056, 1.0581234393715206, 1.0578765606284795, 1.019, 1.6916255202094932, 0.9597447979050688, 0.9681317627234105, 0.9597447979050688, 0.9697489595810138, 0.9710000000000001, 0.9706255202094931, 0.963633843561383, 0.6503744797905069], "p proportion": [3.0739958383240555, 2.950110954343686, 2.9772510404189862, 2.992, 2.9703744797905074, 3.0281400860753007, 2.734, 4.83, 0.0, 0.0, 0.0, 0.0, 0.0, 0.0, 0.0, 0.0], "d proportion": [0.0, 0.0, 0.0, 0.0, 0.0, 0.0, 0.0, 0.0, 0.0, 0.0, 0.0, 0.0, 0.0, 0.0, 0.0, 0.0], "Coordination numbers": [3.7540000000000004, 2.9592510404189865, 2.916374479790507, 2.91, 2.912625520209493, 2.9107489595810137, 2.8446255202094934, 1.6583744797905071, 0.9240000000000002, 0.9240000000000002, 0.9240000000000002, 0.925, 0.925, 0.925, 0.925, 0.804], "Dispersion coefficient C6": [22.505995838324058, 28.236223248549663, 29.046872398952537, 29.092876560628483, 28.89951456586581, 29.63236065490038, 25.018259363770877, 20.778205261983594, 2.3632787612437736, 2.4478030613682984, 2.3636532410342803, 2.5369750299443306, 2.5906255202094934, 2.568901530684149, 2.547043027666277, 0.7287572829329036], "Polarizability alpha": [6.764374479790507, 8.715707342821565, 8.838, 8.844625520209494, 8.815502080837973, 8.926160894455025, 8.19787656062848, 6.153493757486082, 2.4038266205171404, 2.4465270508936428, 2.404201100307647, 2.4909875149721654, 2.5170000000000003, 2.506638005237328, 2.4944577133094055, 1.3405062425139174], "FOD": [0.0, 0.0, 0.0, 0.0, 0.0, 0.0, 0.0, 0.0, 0.0, 0.0, 0.0, 0.0, 0.0, 0.0, 0.0, 0.0], "FOD s proportion": [0.0, 0.0, 0.0, 0.0, 0.0, 0.0, 0.0, 0.0, 0.0, 0.0, 0.0, 0.0, 0.0, 0.0, 0.0, 0.0], "FOD p proportion": [0.0, 0.0, 0.0, 0.0, 0.0, 0.0, 0.0, 0.0, 0.0, 0.0, 0.0, 0.0, 0.0, 0.0, 0.0, 0.0], "FOD d proportion": [0.0, 0.0, 0.0, 0.0, 0.0, 0.0, 0.0, 0.0, 0.0, 0.0, 0.0, 0.0, 0.0, 0.0, 0.0, 0.0], "total energy": -23.12246396824468, "HOMO-LUMO gap/eV": 4.213948293318969, "electronic energy": -23.475184053369937, "Dipole module/D": 1.4276406849619077, "Total charge": 0.0, "HOMO": -10.225786266469381, "LUMO": -6.0118069337584235, "Fermi-level/eV": -8.118827876124378, "Total dispersion C6": 2811.4116220123515, "Total dispersion C8": 66863.2870727898, "Total polarizability alpha": 83.85871323602774, "Total FOD": 0.0}