{"dipole": [-0.25782378612491563, -1.1246154143113007, 1.4324367998146372], "partial charges": [-0.11431385062074617, 0.09063164693499519, -0.2658447398048978, 0.5058859484498333, -0.3940462732924601, -0.26234060719220376, 0.09044003210181184, -0.1153436242382909, -0.21471008022461147, 0.22730107779177416, -0.22415383790370166, 0.16214831221767206, -0.06356124467803709, 0.07532077104618118, -0.09464346298963398, -0.03520437572925099, 0.06460057166975655, -0.09982818370591236, 0.059060308239523636, 0.05883109817267396, 0.059750619849658196, 0.04996217471920115, 0.0507391101746023, 0.05095182450437909, 0.0505874763086651, 0.06281499312638297, 0.05767426335693887, 0.057810591985599936, 0.10947945374271761], "mulliken charges": [-0.0958215780747209, 0.20942312896849793, -0.36106639506415145, 0.44900893549031107, -0.19615658268186964, -0.35714118426370506, 0.21065746451947343, -0.09822344126198974, -0.32424186919376574, 0.379809097319268, -0.3269297226042186, 0.22724555952558687, -0.06633341627710641, 0.06602736746029109, -0.07942235848921261, -0.04709114846356193, 0.06376032189288014, -0.06857273527551498, 0.0411254336351195, 0.0386422561472106, 0.037271879035135194, 0.03046394878432818, 0.028805237934833368, 0.0281988508153332, 0.033134900651628815, 0.04405349246920967, 0.036627927116834685, 0.03768523648464865, 0.05906672034384818], "cm5 charges": [-0.2422516463131872, 0.13171772493549858, -0.4214256663142471, 0.4148817281605097, -0.16482454854676398, -0.4168829420344494, 0.1329957497675206, -0.24449965559651893, -0.3603574854741497, 0.4828482342778583, -0.5000315058372351, 0.2991943960836008, -0.05855848222087183, 0.06754552972352552, -0.08015419622597819, -0.09317298620032752, 0.06764409250712869, -0.06795274648508282, 0.09436975841536763, 0.09107332281887094, 0.08951849755339364, 0.09668709131351888, 0.09462815916871278, 0.09423542211254583, 0.09904017432949139, 0.09787798465394286, 0.08880850041129304, 0.09015795586680019, 0.1168867203438482], "FUKUI+": [0.005700631046044905, 0.005439164898587918, -0.00540047570479837, -0.017333083692931486, -0.047, -0.00296707164831505, 0.006497080304798744, 0.005860204055367179, -0.032, -0.030000000000000006, -0.14900000000000002, -0.032, -0.1442993689539551, -0.025, -0.121, -0.083, -0.03713979594463283, -0.13113979594463285, -0.009943971451693238, -0.009456152703698055, -0.006815576436706433, -0.0003398085050941243, -0.011570485673708619, -0.01182926159605498, -0.007529396235832733, -0.001135513692692263, -0.012766508235585578, -0.006226001051131116, -0.088], "FUKUI-": [0.008560835101412085, 0.012868066804228338, -0.0055498231872590405, -0.12246067534071173, -0.3552387633226336, -0.0055779763869919265, 0.014270980219198943, 0.010129532951685324, -0.0064486789703298705, 0.0011837736765567101, -0.011483142630511804, -0.006, -0.1041258582703459, -0.014000000000000002, -0.11178251158446692, -0.008, -0.01381622632344329, -0.09664271563983409, -0.015956634688727076, -0.017908506355367365, -0.016957160204774634, -0.0076030250099005945, -0.010792774577414399, -0.01236701698701602, -0.022981137466851084, -0.007341836713602615, -0.0207999874395387, -0.02007175404602908, -0.0322993689539551], "FUKUIrad": [0.007000000000000001, 0.009351209434740142, -0.0051149453906615275, -0.06987489065085967, -0.20137781034606092, -0.003966186226554924, 0.010217488415533101, 0.0076566533141210185, -0.01881622632344329, -0.014816226323443293, -0.08000000000000002, -0.019000000000000003, -0.12434334668587899, -0.019299368953955096, -0.11629936895395511, -0.045816226323443295, -0.02581622632344329, -0.11429936895395511, -0.012858416231931803, -0.01396274708023875, -0.012166785871446574, -0.003493405623459304, -0.011089743287283153, -0.012184894633340106, -0.015255266851341905, -0.003738675203147439, -0.01704167652230623, -0.013337408261007787, -0.06000000000000001], "s proportion": [1.0120000000000002, 0.9924831426305118, 1.6476006247658144, 1.4337920256562091, 1.889183773676557, 1.6456271266426665, 0.992043977731924, 1.0126566533141212, 1.6403235696211895, 0.9871837736765569, 1.5481837736765567, 1.051, 1.9430000000000005, 1.076183773676557, 1.9440000000000002, 1.0680000000000003, 1.0750000000000002, 1.9430000000000005, 0.9588212623466392, 0.9613500714980417, 0.9625016573878135, 0.9697764366590412, 0.9710192636785071, 0.9717308076042366, 0.9670119143158283, 0.9558046888932429, 0.9634824927437752, 0.9622062239864416, 0.9410000000000001], "p proportion": [3.084087955463848, 2.7980337147389767, 4.7133005889452075, 1.9235373833553835, 4.321854337056413, 4.711215311576606, 2.7975987379079106, 3.085690368053098, 4.684043977731925, 2.6331397959446328, 3.778183773676557, 2.7220000000000004, 5.133516857369489, 2.8578162263234437, 5.144816226323444, 2.9790000000000005, 2.861, 5.134816226323443, 0.0, 0.0, 0.0, 0.0, 0.0, 0.0, 0.0, 0.0, 0.0, 0.0, 0.0], "d proportion": [0.0, 0.0, 0.0, 1.1934970803047988, -0.014816226323443293, 0.0, 0.0, 0.0, 0.0, 0.0, 0.0, 0.0, -0.010000000000000002, 0.0, -0.009000000000000001, 0.0, 0.0, -0.010000000000000002, 0.0, 0.0, 0.0, 0.0, 0.0, 0.0, 0.0, 0.0, 0.0, 0.0, 0.0], "Coordination numbers": [3.7490000000000006, 3.915907893934717, 1.6580000000000001, 4.089987478113571, 0.9240000000000002, 1.6580000000000001, 3.909528263149185, 3.7490000000000006, 1.6620000000000001, 3.0862519520757155, 1.9257006310460452, 2.8780000000000006, 0.9961837736765569, 2.895, 0.9610000000000001, 3.0040000000000004, 2.8730000000000007, 0.957, 0.9240000000000002, 0.9240000000000002, 0.9240000000000002, 0.9240000000000002, 0.9240000000000002, 0.9240000000000002, 0.9240000000000002, 0.9240000000000002, 0.9240000000000002, 0.9240000000000002, 0.925], "Dispersion coefficient C6": [22.754060506596854, 19.025980282231362, 18.422971610191652, 139.67698716142104, 156.34408802802577, 18.36440578010607, 19.030769231076732, 22.774366073770437, 17.580986406595308, 23.15614774074805, 26.73180211818877, 24.49869719189973, 101.14726866202969, 26.31606135455253, 102.10232145935814, 28.860497080304803, 26.549919907285016, 102.26315303914372, 2.210456721306986, 2.212760049144717, 2.202423770621536, 2.322375468431406, 2.31174543447894, 2.308751426383193, 2.314001757832681, 2.166728141056685, 2.2266184245617406, 2.22509863874453, 1.7008240890723048], "Polarizability alpha": [6.803211413490108, 6.199740185175425, 5.79456526097629, 21.229750361263772, 21.148792927286785, 5.784751916901003, 6.200416987589813, 6.806669842067203, 5.660520908936456, 7.888323569621191, 7.665868815725434, 8.114183773676558, 15.386183773676557, 8.410956022268076, 15.458816226323446, 8.812656653314122, 8.446956022268077, 15.470816226323445, 2.3249651749328777, 2.326252328961343, 2.320465182499038, 2.3827395064462107, 2.3776673291575547, 2.375791995312505, 2.3784051289539088, 2.3020361183318845, 2.333922713524508, 2.332584302483562, 2.0395686978502736], "FOD": [0.0, 0.0, 0.0, 0.0, 0.0, 0.0, 0.0, 0.0, 0.0, 0.0, 0.0, 0.0, 0.0, 0.0, 0.0, 0.0, 0.0, 0.0, 0.0, 0.0, 0.0, 0.0, 0.0, 0.0, 0.0, 0.0, 0.0, 0.0, 0.0], "FOD s proportion": [0.0, 0.0, 0.0, 0.0, 0.0, 0.0, 0.0, 0.0, 0.0, 0.0, 0.0, 0.0, 0.0, 0.0, 0.0, 0.0, 0.0, 0.0, 0.0, 0.0, 0.0, 0.0, 0.0, 0.0, 0.0, 0.0, 0.0, 0.0, 0.0], "FOD p proportion": [0.0, 0.0, 0.0, 0.0, 0.0, 0.0, 0.0, 0.0, 0.0, 0.0, 0.0, 0.0, 0.0, 0.0, 0.0, 0.0, 0.0, 0.0, 0.0, 0.0, 0.0, 0.0, 0.0, 0.0, 0.0, 0.0, 0.0, 0.0, 0.0], "FOD d proportion": [0.0, 0.0, 0.0, 0.0, 0.0, 0.0, 0.0, 0.0, 0.0, 0.0, 0.0, 0.0, 0.0, 0.0, 0.0, 0.0, 0.0, 0.0, 0.0, 0.0, 0.0, 0.0, 0.0, 0.0, 0.0, 0.0, 0.0, 0.0, 0.0], "total energy": -59.55961253390821, "HOMO-LUMO gap/eV": 1.5356603999474658, "electronic energy": -60.03571099150323, "Dipole module/D": 5.28331869682962, "Total charge": 0.0, "HOMO": -9.970362429873065, "LUMO": -8.434724828321396, "Fermi-level/eV": -9.201440067670731, "Total dispersion C6": 17449.91175531917, "Total dispersion C8": 550352.1709295105, "Total polarizability alpha": 206.7778709215868, "Total FOD": 0.0}