{"dipole": [1.0229746909379158, -0.07300720770226604, 0.7154828713265137], "partial charges": [-0.04719138394420607, -0.10805757316675842, -0.04710298967216141, 0.38733736153760606, -0.46434517039456835, -0.289614497969356, 0.16498042930671736, -0.07988753931380967, 0.23351601106561176, -0.37278314052150674, -0.09374453053742625, 0.026031587216823467, -0.1105324037391032, -0.11168373126877292, -0.07535756975325444, 0.0692296723145626, 0.057205353781704764, 0.0614953733306595, 0.055432156349316065, 0.05393535356571647, 0.08012862850277813, 0.07696433120240434, 0.07134803080828148, 0.07131246785815122, 0.04057868075626826, 0.04477671454400779, 0.03801947714442907, 0.041886655928335556, 0.039808457097214846, 0.04154425260437518, 0.07208480014522488, 0.07268474219549191], "mulliken charges": [0.061579047751834176, -0.27500961341714236, 0.061849440530445624, 0.6439455564796646, -0.5703244273800365, -0.41946370124422255, 0.2814314397137303, -0.11549513383454463, 0.38899905317922084, -0.5026733005364661, -0.10248850391604329, 0.0281378784503241, -0.1009916822223954, -0.09539756648967693, -0.08091979797524979, 0.047998416148581566, 0.03747600146441395, 0.04231141061860383, 0.03570343917225912, 0.03305775800079443, 0.060248794437317024, 0.0781335781098499, 0.06160433413216804, 0.0615729737574351, 0.03477222353492001, 0.04058187737986589, 0.03578257705910241, 0.03596542005622695, 0.03445265067656186, 0.034976180384124776, 0.06095979386409475, 0.06121492399600059], "cm5 charges": [-0.02466370345558798, -0.5373164278906947, -0.02433199625138872, 0.7649891446309645, -0.6139653331780959, -0.48132143931237037, 0.2930437801108186, -0.1614084210524122, 0.41234758557503354, -0.5499580374739538, -0.19850640226795183, -0.003451613309218433, -0.24612446119980552, -0.24167966813776845, -0.17673608503495716, 0.11168442337319476, 0.09984725115974984, 0.10609635919654604, 0.09755396336668021, 0.09490614646453328, 0.12619357467650266, 0.13982555395449464, 0.11988562275343351, 0.11989693031411483, 0.08688843789927139, 0.09323617883471577, 0.08924477356682867, 0.08793341881073499, 0.08641960754930772, 0.08695922351137893, 0.12110101896438957, 0.12139810096130879], "FUKUI+": [0.018169381023355063, -0.043989959740047095, 0.01841028935834602, -0.021643074772125563, -0.04872897088515033, -0.04057967038170109, -0.09926098885489677, -0.043589710641654, -0.07542032961829893, -0.17694663586952844, 0.018210164809149464, -0.00478983519085054, 0.018000000000000002, 0.019000000000000003, 0.020210164809149465, -0.022167199333914738, -0.025039536077382477, -0.018852251853369053, -0.027514606416594693, -0.028959087332175816, -0.011373922698309839, -0.07221016480914946, -0.055961973765281926, -0.05587868547131594, -0.028102399719507183, -0.02127472610721725, -0.004412709364126112, -0.02482499584245026, -0.02316957763971938, -0.02753173276905988, -0.05551915242438271, -0.05553167162136461], "FUKUI-": [0.028000000000000004, -0.09600000000000002, 0.028000000000000004, -0.0030000000000000005, -0.0739899597400471, -0.03621016480914946, -0.015894023367069424, -0.019579670381701084, -0.02437954583250453, -0.1485471383991479, -0.010273569199573942, -0.010410289358346017, 0.015000000000000003, 0.00778983519085054, 0.010693898817872865, -0.04495738087314712, -0.05520046868113203, -0.049986411077429134, -0.05902223395854071, -0.05821496858099707, -0.03465119769333698, -0.04157967038170109, -0.04426628649069735, -0.044943878318452125, -0.026998211543288304, -0.024149300503449253, -0.01999924837198743, -0.027874850793832954, -0.0289884967817295, -0.03269370220150856, -0.029472874386423414, -0.029400316832727636], "FUKUIrad": [0.023379545832504525, -0.06978983519085055, 0.02341028935834602, -0.012579670381701082, -0.06135946531259872, -0.038000000000000006, -0.057630494427448394, -0.031789835190850546, -0.05021016480914947, -0.16269389881787288, 0.004210164809149462, -0.007410289358346018, 0.016000000000000004, 0.013000000000000001, 0.015693898817872868, -0.03332042309916923, -0.039877241146539705, -0.03428165263725627, -0.04306327550839469, -0.043586133728230586, -0.02261853682875399, -0.05700000000000001, -0.04996197376528192, -0.050258231303820455, -0.027998211543288305, -0.023006868626160245, -0.012205084639700922, -0.025902017406251046, -0.025820904215086142, -0.029907572806111213, -0.04244391931729362, -0.04239852837601593], "s proportion": [0.9824102893583462, 1.4345162659912767, 0.9825162659912767, 0.9256204541674957, 1.7250000000000003, 1.6910000000000003, 1.0515796703817013, 1.0742101648091498, 1.061, 1.7380000000000004, 1.0500000000000003, 1.0897898351908508, 1.0187898351908506, 1.0190000000000001, 1.0445796703817012, 0.9520838030079068, 0.9628547494239394, 0.9576474524143548, 0.9643125645286568, 0.9667571743262676, 0.9399321784838174, 0.9218958118237813, 0.9383842207223224, 0.9384564385142757, 0.9651521869365554, 0.9596348229688845, 0.9643766593993985, 0.9638650682979397, 0.9657927216239568, 0.9647707914996441, 0.9389354507488344, 0.9384805503280288], "p proportion": [2.9557246423437147, 3.8405897106416544, 2.95575909166501, 2.4303795458325053, 4.845483734008724, 4.728524517794518, 2.6672101648091497, 3.0407797949308977, 2.5500000000000003, 4.765000000000001, 3.0522101648091495, 2.8820000000000006, 3.082369505572552, 3.07621016480915, 3.036579670381701, 0.0, 0.0, 0.0, 0.0, 0.0, 0.0, 0.0, 0.0, 0.0, 0.0, 0.0, 0.0, 0.0, 0.0, 0.0, 0.0, 0.0], "d proportion": [0.0, 0.0, 0.0, 0.0, 0.0, 0.0, 0.0, 0.0, 0.0, 0.0, 0.0, 0.0, 0.0, 0.0, 0.0, 0.0, 0.0, 0.0, 0.0, 0.0, 0.0, 0.0, 0.0, 0.0, 0.0, 0.0, 0.0, 0.0, 0.0, 0.0, 0.0, 0.0], "Coordination numbers": [3.6915181833300186, 2.7260000000000004, 3.6924818166699827, 2.6587772548461737, 0.8560000000000001, 1.7040000000000004, 2.8464711536640466, 2.891000000000001, 2.8200000000000003, 0.8580000000000001, 3.807, 3.8970000000000002, 3.7532101648091505, 3.7560000000000002, 3.8080000000000003, 0.9240000000000002, 0.9240000000000002, 0.9240000000000002, 0.9240000000000002, 0.9240000000000002, 0.9240000000000002, 0.9250000000000002, 0.9240000000000002, 0.9240000000000002, 0.9240000000000002, 0.9240000000000002, 0.9240000000000002, 0.9240000000000002, 0.9240000000000002, 0.9240000000000002, 0.9238958118237813, 0.9238940233670696], "Dispersion coefficient C6": [21.608470828165654, 23.363948945626824, 21.603652661465837, 20.450894023367074, 23.01000304680976, 18.812408233307124, 24.4384987255561, 29.995261514213475, 23.114159340763404, 21.144694175215477, 22.282328721786758, 20.082905220534666, 22.672362636946396, 22.69058399892314, 21.93351286808805, 2.0997069374873827, 2.2337350617235394, 2.1854421602506613, 2.2536778731836384, 2.2718646997600027, 1.9784296788098454, 2.010412077815058, 2.070956929523348, 2.071398838796883, 2.441734635407123, 2.386124042426687, 2.4760041721600796, 2.4242364100257285, 2.451773830971284, 2.428863176491577, 2.0676598597842943, 2.06125087076716], "Polarizability alpha": [6.651996294204547, 7.17917929240128, 6.650381463171247, 7.399000000000001, 6.431286149544253, 5.855964927932724, 8.10209593637298, 8.979318681526808, 7.8777898351908515, 6.164989959740049, 6.719789835190852, 6.370159340763403, 6.789630494427449, 6.791579670381702, 6.666583998923137, 2.2649244236249566, 2.336910824158441, 2.3109722559104866, 2.3477705120714183, 2.35703653805622, 2.1993177132466184, 2.217412077815058, 2.2507706373974337, 2.2506327833347526, 2.443662173024389, 2.416062021213344, 2.4603653014802536, 2.434723287417439, 2.4487297389929585, 2.437325611612858, 2.2476096063660087, 2.2441158937962125], "FOD": [0.0, 0.0, 0.0, 0.0, 0.0, 0.0, 0.0, 0.0, 0.0, 0.0, 0.0, 0.0, 0.0, 0.0, 0.0, 0.0, 0.0, 0.0, 0.0, 0.0, 0.0, 0.0, 0.0, 0.0, 0.0, 0.0, 0.0, 0.0, 0.0, 0.0, 0.0, 0.0], "FOD s proportion": [0.0, 0.0, 0.0, 0.0, 0.0, 0.0, 0.0, 0.0, 0.0, 0.0, 0.0, 0.0, 0.0, 0.0, 0.0, 0.0, 0.0, 0.0, 0.0, 0.0, 0.0, 0.0, 0.0, 0.0, 0.0, 0.0, 0.0, 0.0, 0.0, 0.0, 0.0, 0.0],