{"dipole": [-0.3355898876339391, 0.18162662576687244, -0.36111165087253716], "partial charges": [-0.04378948536119748, -0.15577800192148145, 0.05631516608596132, 0.03148249131264337, -0.15329993461396774, 0.01932225127339046, 0.07802902768414104, -0.033286566369192076, -0.023607938746568267, -0.024471147394351776, -0.01978696256338688, -0.032814819947198724, 0.47817585371440124, -0.20687906841968431, -0.20646850369272443, -0.20705324144785825, 0.25116473131794503, -0.4202526954469271, 0.03036707385909077, -0.14697424854724156, 0.06210696622103666, 0.06155277568182428, 0.04909883970148661, 0.17919002135366757, 0.07365181988350605, 0.09368324469316319, 0.06322858751873149, 0.06325270951423279, 0.08384104594257208], "mulliken charges": [0.06587543216590137, -0.34437250504272005, 0.11927360424453408, 0.10534302802333223, -0.19709207967748057, -0.08467757284884478, 0.14116427972349768, -0.03554945032758462, -0.01837234682032344, -0.020718757962518982, -0.02672523569120581, -0.036000183271810704, 0.6338522056270455, -0.24986976741110076, -0.24948498350315818, -0.25001580079898444, 0.44087999999999994, -0.5450035433820879, 0.015879400770212104, -0.0747703378109902, 0.040172551400662684, 0.0394896562672109, 0.03422974620305873, 0.21947952303655993, 0.04132893919350168, 0.07465012298143156, 0.04674417488470748, 0.052456762156070584, 0.061844379908564895], "cm5 charges": [-0.02344890283901401, -0.6981978819272037, 0.1822941251843182, 0.15394302802333223, -0.3241912153456778, -0.23767809378862892, 0.19870527762672188, -0.08233585180709571, -0.07344639371463792, -0.07164618593486875, -0.02941400495879839, -0.07663892584760007, 0.685397061571745, -0.2705087250995981, -0.27030688786535156, -0.2703821338914602, 0.5434451440553005, -0.5901979776447651, 0.02813811475638699, -0.0727616238248153, 0.10060581574474492, 0.09995763396060967, 0.09484974620305872, 0.41037695100890975, 0.11027331817476116, 0.14167819784313046, 0.10204755596274279, 0.10994605236344732, 0.12949373301921577], "FUKUI+": [0.022, -0.04387139861748851, -0.03887139861748851, -0.027999999999999997, -0.09761419585246553, -0.032, -0.02387139861748851, -0.019771608295068934, -0.018485594469954042, -0.039, -0.028643006912557445, -0.013614195852465531, -0.002, -0.02012860138251149, -0.0186863056221522, -0.018570897142870777, -0.014999999999999998, -0.07774279723497703, -0.032, -0.10487139861748851, -0.029745222488608815, -0.028254777511391188, -0.025871398617488505, -0.031, -0.066, -0.03338580414753447, -0.048871398617488515, -0.054128601382511486, -0.03087139861748851], "FUKUI-": [0.028999999999999998, -0.08287139861748852, -0.016, -0.009, -0.05012860138251149, -0.041, -0.012, -0.01038580414753447, -0.01687139861748851, -0.029999999999999995, -0.022, -0.015614195852465531, 0.0, -0.017566499508460755, -0.015862603348668465, -0.015313694377847797, -0.011, -0.09512860138251147, -0.032, -0.1821286013825115, -0.04474719486938704, -0.04512420374810147, -0.055999999999999994, -0.03699999999999999, -0.044128601382511484, -0.02090020967758043, -0.038128601382511486, -0.043, -0.02509979032241957], "FUKUIrad": [0.024999999999999998, -0.06343350049153924, -0.027, -0.018, -0.0738713986174885, -0.03699999999999999, -0.01787139861748851, -0.015514405530045955, -0.017742797234977018, -0.034, -0.02538580414753447, -0.014614195852465529, -0.001, -0.018566499508460756, -0.017557704239640714, -0.01687579625189853, -0.012999999999999998, -0.086, -0.032, -0.14312860138251146, -0.03681050937025367, -0.03618949062974632, -0.04087139861748851, -0.034, -0.055, -0.027514405530045957, -0.04312860138251148, -0.049, -0.02848559446995404], "s proportion": [0.978, 1.4241286013825114, 1.044, 1.0308713986174884, 1.5499999999999998, 1.437, 1.048, 1.0713569930874427, 1.0636141958524656, 1.0621286013825115, 1.0743858041475345, 1.066514405530046, 1.0308713986174884, 1.8255621018740507, 1.8255664995084606, 1.8258713986174886, 0.9909999999999999, 1.7278713986174885, 1.089, 1.946, 0.959751592503797, 0.9603770088787145, 0.966, 0.7808713986174884, 0.9582572027650229, 0.9252438456228791, 0.9533858041475343, 0.9478713986174884, 0.9378847557596323], "p proportion": [2.9559999999999995, 3.92, 2.8361286013825113, 2.8641286013825114, 3.6472572027650227, 3.6479999999999997, 2.811, 2.9641574124426033, 2.9555144055300455, 2.958433500491539, 2.952485594469954, 2.969971188939908, 2.336, 5.424257202765023, 5.424052093978414, 5.4240476963440045, 2.568, 4.817485594469954, 2.8948713986174885, 5.135742797234977, 0.0, 0.0, 0.0, 0.0, 0.0, 0.0, 0.0, 0.0, 0.0], "d proportion": [0.0, 0.0, 0.0, 0.0, 0.0, 0.0, 0.0, 0.0, 0.0, 0.0, 0.0, 0.0, 0.0, 0.0, 0.0, 0.0, 0.0, 0.0, 0.0, -0.006999999999999999, 0.0, 0.0, 0.0, 0.0, 0.0, 0.0, 0.0, 0.0, 0.0], "Coordination numbers": [3.682, 2.6809999999999996, 2.923, 2.8699999999999997, 1.905, 2.827, 2.896, 2.916257202765023, 2.907871398617488, 2.9129999999999994, 2.9591286013825115, 2.919742797234977, 3.331, 0.788, 0.788, 0.788, 2.7719999999999994, 0.857, 2.886, 0.958, 0.924, 0.924, 0.924, 0.8599999999999999, 0.923, 0.925, 0.925, 0.925, 0.925], "Dispersion coefficient C6": [21.57509979032242, 24.37087692675926, 26.737157412442603, 27.293723911951062, 25.105758251152924, 20.91056210187405, 26.257514405530046, 28.829299370967256, 28.59328601382511, 28.614209506421012, 28.49909979032242, 28.817543216590135, 17.456485594469953, 11.306264025653064, 11.302012062395871, 11.308451255268093, 22.782385804147538, 22.08984049078159, 27.321199580644837, 103.74961209907667, 2.1746445264204817, 2.1808986901696557, 2.3311574124426033, 1.2187427972349771, 2.045829230415253, 1.8449065000049933, 2.162015453917948, 2.1612760880489357, 1.9411322368312776], "Polarizability alpha": [6.651871398617487, 7.332257202765023, 8.479257202765023, 8.56412860138251, 7.428643006912557, 6.792, 8.401128601382512, 8.804614195852466, 8.76812860138251, 8.772, 8.755871398617488, 8.803257202765023, 6.627, 3.9721242037481015, 3.9710520939784146, 3.972356993087442, 7.81712860138251, 6.301585384792372, 8.569614195852466, 15.583228391704928, 2.3061958606449346, 2.3095757476501344, 2.387643006912557, 1.7293048991090278, 2.2365432165901376, 2.1236893686664016, 2.29913412952428, 2.299356993087442, 2.1785489488147083], "FOD": [0.0, 0.0, 0.0, 0.0, 0.0, 0.0, 0.0, 0.0, 0.0, 0.0, 0.0, 0.0, 0.0, 0.0, 0.0, 0.0, 0.0, 0.0, 0.0, 0.0, 0.0, 0.0, 0.0, 0.0, 0.0, 0.0, 0.0, 0.0, 0.0], "FOD s proportion": [0.0, 0.0, 0.0, 0.0, 0.0, 0.0, 0.0, 0.0, 0.0, 0.0, 0.0, 0.0, 0.0, 0.0, 0.0, 0.0, 0.0, 0.0, 0.0, 0.0, 0.0, 0.0, 0.0, 0.0, 0.0, 0.0, 0.0, 0.0, 0.0], "FOD p proportion": [0.0, 0.0, 0.0, 0.0, 0.0, 0.0, 0.0, 0.0, 0.0, 0.0, 0.0, 0.0, 0.0, 0.0, 0.0, 0.0, 0.0, 0.0, 0.0, 0.0, 0.0, 0.0, 0.0, 0.0, 0.0, 0.0, 0.0, 0.0, 0.0], "FOD d proportion": [0.0, 0.0, 0.0, 0.0, 0.0, 0.0, 0.0, 0.0, 0.0, 0.0, 0.0, 0.0, 0.0, 0.0, 0.0, 0.0, 0.0, 0.0, 0.0, 0.0, 0.0, 0.0, 0.0, 0.0, 0.0, 0.0, 0.0, 0.0, 0.0], "total energy": -61.867843602372915, "HOMO-LUMO gap/eV": 2.455172598268734, "electronic energy": -62.466593818670255, "Dipole module/D": 5.96407924071161, "Total charge": 0.0, "HOMO": -10.619050581434403, "LUMO": -8.163849665075348, "Fermi-level/eV": -9.39144369318575, "Total dispersion C6": 12743.071104325027, "Total dispersion C8": 322404.96757395595, "Total polarizability alpha": 174.23713802508428, "Total FOD": 0.0}