{"dipole": [1.0414819572691245, 0.06170821942413558, -1.0085945673368473], "partial charges": [-0.3884272475259818, 0.14966133260434233, -0.06506288273779316, -0.028730534815166707, -0.0024857029853917237, -0.033279490065987995, -0.05491412158005551, 0.13345115665685894, -0.27835274972903307, 0.35183751041611866, -0.3945063597921603, -0.02612360716798264, -0.016941303695030767, -0.027300691274321227, -0.023018391943089456, -0.032432747376098914, 0.0048726968370014796, -0.0051199989992061785, -0.03185939171011754, -0.06052804395556956, 0.1483958349620424, -0.38912334869397947, -0.06010607116397001, -0.0327913958113889, 0.302230091062785, 0.04053190524936649, 0.046636557915422594, 0.04192907539252641, 0.05384224562543821, 0.061812891274949364, 0.04587848284443814, 0.04577631086834734, 0.04071792842168166, 0.04450675446410165, 0.04672543014971194, 0.3019187917920545, 0.04713901401612024, 0.043240066041778685], "mulliken charges": [-0.5149669339751646, 0.2635401928159866, -0.08691903624806427, -0.016539213401932894, -0.021389808504497922, -0.02853192883299554, -0.06801996245550562, 0.23108155460195462, -0.4197532962879838, 0.5743846101789393, -0.5150149301224977, -0.04490324298851931, -0.000207362160245784, -0.027462032016952673, -0.013978673777290736, -0.03244570101278339, -0.006996087270722659, -0.02772868930213337, -0.024612365552182443, -0.07864498015086299, 0.2617139560994176, -0.5155053332942595, -0.07776642480035616, -0.026881828822154223, 0.3538223650288486, 0.04037322881377438, 0.04170159172552687, 0.03445264311247118, 0.050064833926674844, 0.057005718205341296, 0.03958564810014811, 0.038739225890849605, 0.03557271638380001, 0.04218580619213928, 0.04517845379908059, 0.35357577296828624, 0.04535330425712334, 0.0399529065438642], "cm5 charges": [-0.7123130167263658, 0.2750701256989932, -0.13856451446241003, -0.06783258960396123, -0.0269007513553218, -0.0802708230592326, -0.11850675466942526, 0.24735240971947345, -0.4814994490758828, 0.6346594781875894, -0.5555793573613534, -0.044189453385164355, -0.05164958608782948, -0.08234716400830255, -0.0689460296962243, -0.0851045967231182, -0.00935421637962831, -0.033600384726617645, -0.07601233514888817, -0.12970609397507565, 0.2732519702701636, -0.7128185503100855, -0.1287857311296262, -0.07838263241542055, 0.5248485148970432, 0.09842178976266278, 0.10015371288453526, 0.09275679868431656, 0.10844275316288951, 0.11458794213292499, 0.0948056481001481, 0.09387988414266205, 0.09238046657184626, 0.10140261932653379, 0.10338352957745894, 0.5245761078047162, 0.10357715007344982, 0.09880291182050871], "FUKUI+": [-0.026, -0.01617831577893148, -0.01691390767228968, -0.011957984651728074, -0.00017831577893148153, -0.0112644081066418, -0.01708609232771032, -0.001, -0.046, -0.035, -0.1042644081066418, -0.03644272388557328, -0.024777607241630122, -0.019, -0.043, -0.015, -0.024599291462698642, -0.001, -0.010999999999999998, -0.016557276114426717, -0.017, -0.026, -0.016777607241630122, -0.011378960335495234, -0.018735591893358196, -0.03405020810294924, -0.01975662747088334, -0.014866473824787894, -0.03352881621328361, -0.048999999999999995, -0.05499999999999999, -0.05877760724163012, -0.04399999999999999, -0.017770895542293132, -0.0340440769794384, -0.019, -0.03407047524941504, -0.018121263928190422], "FUKUI-": [-0.06682168422106852, -0.027999999999999997, -0.01792746311941849, -0.010643368442137036, -0.026334883356056837, -0.00991390767228968, -0.021964696351065065, -0.003, -0.022665116643943158, -0.006999999999999999, -0.08540070853730136, -0.010999999999999998, -0.01, -0.014557276114426716, -0.010999999999999998, -0.003, -0.002735591893358198, -0.029, -0.011583674384403359, -0.02057495482388847, -0.029, -0.06844272388557329, -0.02042504517611153, -0.01141632561559664, -0.033, -0.039220331127203405, -0.028478608110334366, -0.029942367573432792, -0.041114552228853435, -0.03, -0.034, -0.031, -0.017557276114426715, -0.029964696351065065, -0.0410440769794384, -0.0332644081066418, -0.040911846041123204, -0.029213619427866416], "FUKUIrad": [-0.046599291462698644, -0.021999999999999995, -0.017621039664504765, -0.011557276114426716, -0.013, -0.010442723885573282, -0.019378960335495236, -0.002, -0.034665116643943165, -0.021, -0.095, -0.024, -0.017, -0.017, -0.027, -0.009, -0.013821684221068518, -0.015, -0.01151319913498832, -0.018530877844450074, -0.023, -0.04717831577893148, -0.018469122155549925, -0.011486800865011677, -0.026, -0.036356631557862965, -0.024206775680074594, -0.022793224319925403, -0.03708609232771032, -0.04, -0.045, -0.045, -0.031, -0.024, -0.03753087784445007, -0.026, -0.03729080637661844, -0.024], "s proportion": [1.6915572761144266, 1.017, 1.0587579206709905, 1.0640922234512211, 1.0877355918933582, 1.064350500434352, 1.0557993554434362, 1.064, 1.699334883356057, 0.9689999999999999, 1.723, 1.082, 1.064, 1.064, 1.067, 1.059, 1.0922644081066417, 1.09, 1.0640881539588767, 1.0576541496338183, 1.017, 1.6915992914626985, 1.0573458503661817, 1.0639118460411234, 0.6464427238855732, 0.9594974479714484, 0.9582305297062688, 0.9652121941793044, 0.9499032605658528, 0.9429999999999998, 0.9602644081066417, 0.9611783157789314, 0.9644007085373013, 0.9576958485031737, 0.9550525569515212, 0.6464007085373014, 0.9549474430484787, 0.960304151496826], "p proportion": [4.824, 2.7197355918933583, 3.0281149987194347, 2.952422400932329, 2.934, 2.9639124824237277, 3.0120213017112243, 2.7049999999999996, 4.720334883356056, 2.457, 4.791599291462698, 2.963, 2.9365992914626986, 2.9634427238855734, 2.9474427238855734, 2.973178315778931, 2.9149999999999996, 2.9379999999999997, 2.960270803327062, 3.020741824415831, 2.7212223927583694, 4.824, 3.020258175584168, 2.9627291966729374, 0.0, 0.0, 0.0, 0.0, 0.0, 0.0, 0.0, 0.0, 0.0, 0.0, 0.0, 0.0, 0.0, 0.0], "d proportion": [0.0, 0.0, 0.0, 0.0, 0.0, 0.0, 0.0, 0.0, 0.0, 0.0, 0.0, 0.0, 0.0, 0.0, 0.0, 0.0, 0.0, 0.0, 0.0, 0.0, 0.0, 0.0, 0.0, 0.0, 0.0, 0.0, 0.0, 0.0, 0.0, 0.0, 0.0, 0.0, 0.0, 0.0, 0.0, 0.0, 0.0, 0.0], "Coordination numbers": [1.6589999999999998, 2.8435572761144265, 2.9086210396645042, 2.916028459901143, 2.9545572761144263, 2.9147932243199253, 2.9098216842210687, 3.8316651166439426, 1.7079999999999997, 2.769, 0.8560000000000001, 3.017, 2.91, 2.9169999999999994, 2.9129999999999994, 2.914, 3.0237776072416302, 2.957, 2.91477760724163, 2.9094868008650114, 2.8435992914626986, 1.6589999999999998, 2.909513199134988, 2.9148216842210686, 0.804, 0.9249999999999999, 0.9249999999999999, 0.9249999999999999, 0.9249999999999999, 0.9249999999999999, 0.9249999999999999, 0.9249999999999999, 0.9249999999999999, 0.9249999999999999, 0.9249999999999999, 0.804, 0.9249999999999999, 0.9249999999999999], "Dispersion coefficient C6": [20.62569962939013, 24.745834000238077, 29.619553391685265, 28.718184105302594, 28.086451497216075, 28.829397802845847, 29.364284151239314, 18.4, 18.61806590003494, 21.029198582925396, 21.571888823686127, 28.6319021722311, 28.432589037076852, 28.683632533480466, 28.579743916696486, 28.808436012186235, 27.888464472087378, 28.1485992914627, 28.79436453036503, 29.505697663464186, 24.771870411268676, 20.63883951606269, 29.49497939552308, 28.817270513273968, 0.7143281716567198, 2.4453074722611157, 2.3641582324504737, 2.425074251346984, 2.275865612873819, 2.177996457313493, 2.37219187122606, 2.3736598859999463, 2.439203980340921, 2.392197627407353, 2.3665914306922096, 0.7152021256119041, 2.3612405079147027, 2.408662322573331],