{"dipole": [0.79984468, 0.13874788, -0.34596697], "partial charges": [-0.05733137, -0.09401159, 0.16822476, -0.2065872, -0.14155116, 0.06084722, 0.24963731, -0.43182916, -0.00768159, -0.25268805, 0.04024872, -0.10426305, -0.10390816, -0.11316591, 0.07249163, 0.06946229, 0.07742804, 0.17400342, 0.19931065, 0.05573554, 0.03208181, 0.04387638, 0.03324095, 0.04400101, 0.05604726, 0.04908, 0.04109503, 0.04620521], "mulliken charges": [-0.00285, -0.08636, 0.31572, -0.26628, -0.17777, 0.10522, 0.43548, -0.55513, -0.09671, -0.32491, 0.04361, -0.09396, -0.09215, -0.09211, 0.04561, 0.04387, 0.04485, 0.20899, 0.23608, 0.04905, 0.02815, 0.03044, 0.02875, 0.03004, 0.04837, 0.03322, 0.02821, 0.03258], "cm5 charges": [-0.13146, -0.11387, 0.48883, -0.37211, -0.28707, 0.1966, 0.54663, -0.60533, -0.2776, -0.69291, 0.0209, -0.23796, -0.23608, -0.23442, 0.10043, 0.09625, 0.1001, 0.40735, 0.43753, 0.10585, 0.08108, 0.08257, 0.08172, 0.08217, 0.10508, 0.08814, 0.08032, 0.08724], "FUKUI+": [0.03, -0.194, -0.016, -0.056, -0.124, -0.072, -0.024, -0.107, -0.068, -0.022, -0.006, 0.014, 0.014, 0.019, -0.034, -0.043, -0.033, -0.038, -0.036, -0.013, -0.015, -0.04, -0.016, -0.04, -0.014, -0.016, -0.037, -0.016], "FUKUI-": [0.038, -0.231, 0.02, -0.07, -0.111, -0.015, -0.015, -0.103, -0.034, -0.026, -0.013, 0.013, 0.015, 0.005, -0.035, -0.042, -0.037, -0.029, -0.027, -0.035, -0.026, -0.043, -0.026, -0.044, -0.034, -0.03, -0.039, -0.027], "FUKUIrad": [0.034, -0.212, 0.002, -0.063, -0.117, -0.043, -0.019, -0.105, -0.051, -0.024, -0.009, 0.013, 0.014, 0.012, -0.034, -0.043, -0.035, -0.033, -0.032, -0.024, -0.02, -0.041, -0.021, -0.042, -0.024, -0.023, -0.038, -0.021], "s proportion": [1.011, 1.924, 1.014, 1.543, 1.561, 1.093, 1.0, 1.728, 1.436, 1.477, 1.083, 1.016, 1.016, 1.017, 0.954, 0.956, 0.955, 0.791, 0.764, 0.951, 0.972, 0.97, 0.971, 0.97, 0.952, 0.967, 0.972, 0.967], "p proportion": [2.992, 4.157, 2.67, 3.724, 3.617, 2.802, 2.564, 4.828, 3.66, 3.848, 2.873, 3.078, 3.076, 3.075, 0.0, 0.0, 0.0, 0.0, 0.0, 0.0, 0.0, 0.0, 0.0, 0.0, 0.0, 0.0, 0.0, 0.0], "d proportion": [0.0, 0.005, 0.0, 0.0, 0.0, 0.0, 0.0, 0.0, 0.0, 0.0, 0.0, 0.0, 0.0, 0.0, 0.0, 0.0, 0.0, 0.0, 0.0, 0.0, 0.0, 0.0, 0.0, 0.0, 0.0, 0.0, 0.0, 0.0], "Coordination numbers": [3.743, 2.036, 2.83, 1.962, 1.909, 2.886, 2.767, 0.857, 2.841, 2.702, 3.897, 3.755, 3.756, 3.756, 0.924, 0.924, 0.924, 0.859, 0.859, 0.924, 0.924, 0.924, 0.924, 0.924, 0.924, 0.924, 0.924, 0.924], "Dispersion coefficient C6": [21.681, 144.976, 24.371, 26.299, 24.846, 26.634, 22.81, 22.327, 21.403, 26.565, 19.845, 22.547, 22.54, 22.719, 2.058, 2.092, 2.006, 1.249, 1.11, 2.25, 2.557, 2.398, 2.541, 2.396, 2.246, 2.332, 2.434, 2.368], "Polarizability alpha": [6.643, 20.265, 8.09, 7.605, 7.39, 8.461, 7.822, 6.335, 6.871, 7.655, 6.333, 6.77, 6.769, 6.796, 2.244, 2.262, 2.215, 1.751, 1.65, 2.346, 2.501, 2.422, 2.493, 2.421, 2.344, 2.388, 2.44, 2.406], "FOD": [0.0, 0.0, 0.0, 0.0, 0.0, 0.0, 0.0, 0.0, 0.0, 0.0, 0.0, 0.0, 0.0, 0.0, 0.0, 0.0, 0.0, 0.0, 0.0, 0.0, 0.0, 0.0, 0.0, 0.0, 0.0, 0.0, 0.0, 0.0], "FOD s proportion": [0.0, 0.0, 0.0, 0.0, 0.0, 0.0, 0.0, 0.0, 0.0, 0.0, 0.0, 0.0, 0.0, 0.0, 0.0, 0.0, 0.0, 0.0, 0.0, 0.0, 0.0, 0.0, 0.0, 0.0, 0.0, 0.0, 0.0, 0.0], "FOD p proportion": [0.0, 0.0, 0.0, 0.0, 0.0, 0.0, 0.0, 0.0, 0.0, 0.0, 0.0, 0.0, 0.0, 0.0, 0.0, 0.0, 0.0, 0.0, 0.0, 0.0, 0.0, 0.0, 0.0, 0.0, 0.0, 0.0, 0.0, 0.0], "FOD d proportion": [0.0, 0.0, 0.0, 0.0, 0.0, 0.0, 0.0, 0.0, 0.0, 0.0, 0.0, 0.0, 0.0, 0.0, 0.0, 0.0, 0.0, 0.0, 0.0, 0.0, 0.0, 0.0, 0.0, 0.0, 0.0, 0.0, 0.0, 0.0], "total energy": -43.23873548, "HOMO-LUMO gap/eV": 2.41341719, "electronic energy": -43.70450253, "Dipole module/D": 2.243, "Total charge": 0.0, "HOMO": -10.2025, "LUMO": -7.7891, "Fermi-level/eV": -8.9958, "Total dispersion C6": 9036.413049, "Total dispersion C8": 224953.34671, "Total polarizability alpha": 145.685851, "Total FOD": 0.0}