{"dipole": [0.10603878, -0.19075962, -0.00423207], "partial charges": [-0.03813971, -0.03063059, -0.0332364, -0.04214711, 0.00959282, -0.00041081, 0.00855666, -0.10422722, -0.04993154, 0.0161572, -0.03889439, -0.03053401, -0.03213216, -0.03563722, 0.00486001, 0.0079401, -0.03839245, -0.03935302, 0.01814869, 0.02899439, 0.02542794, 0.0272194, 0.03938773, 0.04633664, 0.0453019, 0.03695585, 0.03007787, 0.02833061, 0.02659082, 0.02827023, 0.02790297, 0.0297388, 0.02787601], "mulliken charges": [-0.03792, -0.02629, -0.02815, -0.04158, 0.00073, -0.01022, 0.00904, -0.08722, -0.05354, 0.01441, -0.03936, -0.02627, -0.02909, -0.03723, -0.00281, 0.00457, -0.03751, -0.03551, 0.01283, 0.03117, 0.02992, 0.03029, 0.03037, 0.03892, 0.0405, 0.03425, 0.03196, 0.03034, 0.02962, 0.03038, 0.02969, 0.03196, 0.03176], "cm5 charges": [-0.09065, -0.08197, -0.08401, -0.09539, -0.00345, -0.01223, -0.00503, -0.23195, -0.10434, 0.00707, -0.09211, -0.08183, -0.08475, -0.09015, -0.0073, 0.00044, -0.09035, -0.08862, 0.00557, 0.08754, 0.0855, 0.0857, 0.08979, 0.09166, 0.09277, 0.08618, 0.0894, 0.08663, 0.08514, 0.0858, 0.08686, 0.08976, 0.08831], "FUKUI+": [-0.03, -0.018, -0.028, -0.023, -0.014, -0.029, -0.028, 0.019, -0.036, -0.012, -0.03, -0.019, -0.027, -0.024, -0.012, -0.028, -0.018, -0.038, -0.012, -0.046, -0.049, -0.05, -0.038, -0.025, -0.028, -0.029, -0.05, -0.046, -0.049, -0.05, -0.038, -0.043, -0.052], "FUKUI-": [-0.029, -0.018, -0.029, -0.02, -0.014, -0.022, -0.03, 0.019, -0.039, -0.014, -0.03, -0.018, -0.03, -0.022, -0.015, -0.025, -0.019, -0.036, -0.014, -0.045, -0.048, -0.048, -0.034, -0.031, -0.036, -0.032, -0.05, -0.045, -0.049, -0.05, -0.038, -0.041, -0.049], "FUKUIrad": [-0.03, -0.018, -0.029, -0.022, -0.014, -0.025, -0.029, 0.019, -0.038, -0.013, -0.03, -0.019, -0.029, -0.023, -0.013, -0.027, -0.018, -0.037, -0.013, -0.045, -0.048, -0.049, -0.036, -0.028, -0.032, -0.031, -0.05, -0.046, -0.049, -0.05, -0.038, -0.042, -0.051], "s proportion": [1.065, 1.057, 1.059, 1.068, 1.086, 1.093, 1.095, 1.012, 1.068, 1.068, 1.065, 1.058, 1.059, 1.067, 1.08, 1.083, 1.064, 1.062, 1.069, 0.969, 0.97, 0.97, 0.97, 0.961, 0.959, 0.966, 0.968, 0.97, 0.97, 0.97, 0.97, 0.968, 0.968], "p proportion": [2.973, 2.969, 2.969, 2.974, 2.913, 2.918, 2.896, 3.076, 2.986, 2.918, 2.975, 2.968, 2.971, 2.97, 2.923, 2.912, 2.974, 2.974, 2.918, 0.0, 0.0, 0.0, 0.0, 0.0, 0.0, 0.0, 0.0, 0.0, 0.0, 0.0, 0.0, 0.0, 0.0], "d proportion": [0.0, 0.0, 0.0, 0.0, 0.0, 0.0, 0.0, 0.0, 0.0, 0.0, 0.0, 0.0, 0.0, 0.0, 0.0, 0.0, 0.0, 0.0, 0.0, 0.0, 0.0, 0.0, 0.0, 0.0, 0.0, 0.0, 0.0, 0.0, 0.0, 0.0, 0.0, 0.0, 0.0], "Coordination numbers": [2.932, 2.911, 2.911, 2.923, 2.963, 2.959, 2.956, 3.757, 2.927, 2.984, 2.926, 2.911, 2.909, 2.92, 2.975, 2.969, 2.916, 2.924, 2.991, 0.925, 0.925, 0.925, 0.926, 0.924, 0.924, 0.924, 0.925, 0.925, 0.925, 0.925, 0.925, 0.925, 0.925], "Dispersion coefficient C6": [28.948, 28.764, 28.828, 29.047, 27.801, 28.037, 27.826, 22.543, 29.24, 27.643, 28.967, 28.762, 28.801, 28.887, 27.91, 27.839, 28.954, 28.978, 27.595, 2.601, 2.652, 2.626, 2.457, 2.366, 2.38, 2.49, 2.585, 2.61, 2.635, 2.611, 2.616, 2.59, 2.617], "Polarizability alpha": [8.824, 8.794, 8.804, 8.838, 8.649, 8.685, 8.652, 6.769, 8.868, 8.624, 8.826, 8.794, 8.8, 8.814, 8.666, 8.655, 8.824, 8.828, 8.617, 2.522, 2.547, 2.534, 2.451, 2.406, 2.412, 2.468, 2.514, 2.527, 2.539, 2.527, 2.529, 2.517, 2.53], "FOD": [0.0, 0.0, 0.0, 0.0, 0.0, 0.0, 0.0, 0.0, 0.0, 0.0, 0.0, 0.0, 0.0, 0.0, 0.0, 0.0, 0.0, 0.0, 0.0, 0.0, 0.0, 0.0, 0.0, 0.0, 0.0, 0.0, 0.0, 0.0, 0.0, 0.0, 0.0, 0.0, 0.0], "FOD s proportion": [0.0, 0.0, 0.0, 0.0, 0.0, 0.0, 0.0, 0.0, 0.0, 0.0, 0.0, 0.0, 0.0, 0.0, 0.0, 0.0, 0.0, 0.0, 0.0, 0.0, 0.0, 0.0, 0.0, 0.0, 0.0, 0.0, 0.0, 0.0, 0.0, 0.0, 0.0, 0.0, 0.0], "FOD p proportion": [0.0, 0.0, 0.0, 0.0, 0.0, 0.0, 0.0, 0.0, 0.0, 0.0, 0.0, 0.0, 0.0, 0.0, 0.0, 0.0, 0.0, 0.0, 0.0, 0.0, 0.0, 0.0, 0.0, 0.0, 0.0, 0.0, 0.0, 0.0, 0.0, 0.0, 0.0, 0.0, 0.0], "FOD d proportion": [0.0, 0.0, 0.0, 0.0, 0.0, 0.0, 0.0, 0.0, 0.0, 0.0, 0.0, 0.0, 0.0, 0.0, 0.0, 0.0, 0.0, 0.0, 0.0, 0.0, 0.0, 0.0, 0.0, 0.0, 0.0, 0.0, 0.0, 0.0, 0.0, 0.0, 0.0, 0.0, 0.0], "total energy": -47.81336234, "HOMO-LUMO gap/eV": 2.36983644, "electronic energy": -48.6937667, "Dipole module/D": 0.555, "Total charge": 0.0, "HOMO": -9.7861, "LUMO": -7.4163, "Fermi-level/eV": -8.6012, "Total dispersion C6": 15170.385475, "Total dispersion C8": 384214.422704, "Total polarizability alpha": 199.353252, "Total FOD": 0.0}