{"dipole": [-0.29048774, 0.95104231, 1.34770726], "partial charges": [-0.43851533, 0.32772607, -0.19093185, 0.08017231, -0.04464848, -0.02868372, -0.03711248, -0.02999597, -0.05555153, -0.19100807, 0.0801856, -0.04463363, -0.02867695, -0.03713022, -0.02997849, -0.05555292, 0.16856085, 0.06959458, 0.0380563, 0.0310275, 0.03222624, 0.02272569, 0.16855088, 0.06958476, 0.03803941, 0.03104577, 0.03218842, 0.02273525], "mulliken charges": [-0.55146, 0.56828, -0.3467, 0.15242, -0.05257, -0.02352, -0.04245, -0.02356, -0.07585, -0.34677, 0.15243, -0.05257, -0.02352, -0.04247, -0.02355, -0.07585, 0.22141, 0.06352, 0.03352, 0.02964, 0.02965, 0.02612, 0.22142, 0.06351, 0.03351, 0.02965, 0.02963, 0.02613], "cm5 charges": [-0.59695, 0.72569, -0.68679, 0.20464, -0.09979, -0.07869, -0.09776, -0.07875, -0.12376, -0.68685, 0.20465, -0.09978, -0.07868, -0.09779, -0.07872, -0.12376, 0.42393, 0.12862, 0.0889, 0.08503, 0.08507, 0.08501, 0.42395, 0.12861, 0.08889, 0.08505, 0.08503, 0.08501], "FUKUI+": [-0.076, -0.037, -0.019, -0.031, -0.017, -0.026, -0.037, -0.021, -0.026, -0.019, -0.031, -0.017, -0.026, -0.037, -0.021, -0.026, -0.031, -0.032, -0.05, -0.056, -0.052, -0.046, -0.031, -0.032, -0.05, -0.056, -0.051, -0.046], "FUKUI-": [-0.048, -0.002, -0.055, -0.026, -0.023, -0.019, -0.043, -0.02, -0.022, -0.055, -0.026, -0.023, -0.019, -0.043, -0.02, -0.022, -0.036, -0.035, -0.048, -0.055, -0.05, -0.042, -0.036, -0.035, -0.048, -0.055, -0.05, -0.042], "FUKUIrad": [-0.062, -0.019, -0.037, -0.029, -0.02, -0.022, -0.04, -0.021, -0.024, -0.037, -0.029, -0.02, -0.022, -0.04, -0.021, -0.024, -0.033, -0.034, -0.049, -0.056, -0.051, -0.044, -0.033, -0.034, -0.049, -0.056, -0.051, -0.044], "s proportion": [1.721, 0.941, 1.422, 1.039, 1.062, 1.062, 1.057, 1.059, 1.058, 1.422, 1.039, 1.062, 1.062, 1.057, 1.059, 1.058, 0.779, 0.936, 0.966, 0.97, 0.97, 0.974, 0.779, 0.936, 0.966, 0.97, 0.97, 0.974], "p proportion": [4.83, 2.49, 3.924, 2.809, 2.991, 2.961, 2.986, 2.965, 3.018, 3.925, 2.809, 2.991, 2.961, 2.986, 2.965, 3.018, 0.0, 0.0, 0.0, 0.0, 0.0, 0.0, 0.0, 0.0, 0.0, 0.0, 0.0, 0.0], "d proportion": [0.0, 0.0, 0.0, 0.0, 0.0, 0.0, 0.0, 0.0, 0.0, 0.0, 0.0, 0.0, 0.0, 0.0, 0.0, 0.0, 0.0, 0.0, 0.0, 0.0, 0.0, 0.0, 0.0, 0.0, 0.0, 0.0, 0.0, 0.0], "Coordination numbers": [0.857, 2.681, 2.704, 2.895, 2.915, 2.912, 2.911, 2.911, 2.92, 2.704, 2.895, 2.915, 2.912, 2.911, 2.911, 2.92, 0.86, 0.925, 0.925, 0.925, 0.925, 0.925, 0.86, 0.925, 0.925, 0.925, 0.925, 0.925], "Dispersion coefficient C6": [22.466, 21.43, 25.14, 26.211, 29.109, 28.717, 28.923, 28.749, 29.38, 25.142, 26.21, 29.108, 28.717, 28.923, 28.748, 29.38, 1.281, 2.09, 2.475, 2.572, 2.555, 2.692, 1.282, 2.09, 2.475, 2.572, 2.555, 2.692], "Polarizability alpha": [6.355, 7.576, 7.447, 8.394, 8.847, 8.787, 8.819, 8.792, 8.889, 7.447, 8.394, 8.847, 8.787, 8.819, 8.792, 8.889, 1.773, 2.261, 2.46, 2.508, 2.5, 2.566, 1.773, 2.261, 2.46, 2.508, 2.5, 2.566], "FOD": [0.0, 0.0, 0.0, 0.0, 0.0, 0.0, 0.0, 0.0, 0.0, 0.0, 0.0, 0.0, 0.0, 0.0, 0.0, 0.0, 0.0, 0.0, 0.0, 0.0, 0.0, 0.0, 0.0, 0.0, 0.0, 0.0, 0.0, 0.0], "FOD s proportion": [0.0, 0.0, 0.0, 0.0, 0.0, 0.0, 0.0, 0.0, 0.0, 0.0, 0.0, 0.0, 0.0, 0.0, 0.0, 0.0, 0.0, 0.0, 0.0, 0.0, 0.0, 0.0, 0.0, 0.0, 0.0, 0.0, 0.0, 0.0], "FOD p proportion": [0.0, 0.0, 0.0, 0.0, 0.0, 0.0, 0.0, 0.0, 0.0, 0.0, 0.0, 0.0, 0.0, 0.0, 0.0, 0.0, 0.0, 0.0, 0.0, 0.0, 0.0, 0.0, 0.0, 0.0, 0.0, 0.0, 0.0, 0.0], "FOD d proportion": [0.0, 0.0, 0.0, 0.0, 0.0, 0.0, 0.0, 0.0, 0.0, 0.0, 0.0, 0.0, 0.0, 0.0, 0.0, 0.0, 0.0, 0.0, 0.0, 0.0, 0.0, 0.0, 0.0, 0.0, 0.0, 0.0, 0.0, 0.0], "total energy": -43.87411477, "HOMO-LUMO gap/eV": 3.71204287, "electronic energy": -44.5699156, "Dipole module/D": 4.257, "Total charge": 0.0, "HOMO": -10.1923, "LUMO": -6.4802, "Fermi-level/eV": -8.3363, "Total dispersion C6": 10267.282917, "Total dispersion C8": 249825.465715, "Total polarizability alpha": 162.014908, "Total FOD": 0.0}