{"dipole": [0.47715772072483964, 0.16226078840964592, 0.21818927233047286], "partial charges": [-0.10056763281368716, -0.05216369384561583, -0.05900138412365166, -0.05916822069539193, -0.06793662811452897, 0.0805265860955086, -0.4462143193579162, 0.03287241892916579, 0.03270908176173513, 0.0326229059337472, 0.029216675387379324, 0.029237574099628343, 0.03089905770295923, 0.03211623059994029, 0.030702354073069378, 0.0317521586508691, 0.042672010205628885, 0.03615699998377351, 0.0239241143488385, 0.03442150245191104, 0.2852222035107614], "mulliken charges": [-0.08380662980779777, -0.038676581045729616, -0.047009592576250675, -0.0476905130452384, -0.06620945225567215, 0.1966712600419242, -0.5659021226017935, 0.027023879141337193, 0.02826535571752708, 0.027635105198427466, 0.022406786595339963, 0.022909733686064842, 0.023375253107250752, 0.02385806393177081, 0.022570904390642067, 0.023566778053865433, 0.03391430452698583, 0.028509118368842675, 0.013446708676399216, 0.021466149774632938, 0.3336654267255368], "cm5 charges": [-0.23417540555059885, -0.15118390861293596, -0.15764599785191152, -0.15806033233419825, -0.17420537749280324, 0.10961356168474057, -0.7800444357526378, 0.07831486289873224, 0.07930245111213396, 0.07879610704106134, 0.07708220876927036, 0.07753436695893708, 0.07866345308877402, 0.0793152684097704, 0.07823899976978163, 0.07975618626245154, 0.09106798586219035, 0.08475563876291761, 0.07591406294449972, 0.08415671609551835, 0.5027989952619091], "FUKUI+": [0.008608594278097468, -0.013075411084679984, -0.01564988638619584, -0.02665166062307654, -0.005930404218438396, -0.016570098958786618, -0.11884675124105343, -0.038463517456896315, -0.04854775816993613, -0.047790408221656484, -0.04353675194016953, -0.047179342465522724, -0.04959655461600128, -0.04731355730554834, -0.05418155936330191, -0.053474491382852124, -0.05822337462863852, -0.07004405008449219, -0.0762381428680504, -0.0813199680964318, -0.09668427519548449], "FUKUI-": [0.019847826766962614, 0.006340455052760955, 0.007663294060458089, 0.010555211334752106, 0.0020430803610267797, 0.011519982878698046, -0.12916058508756606, -0.06580162569713027, -0.06425622039516143, -0.07169473671788804, -0.08416669031933657, -0.09081003230099297, -0.06360278161559037, -0.06611234998768901, -0.04727822135025299, -0.05257551095331994, -0.05386530920458269, -0.056133924548069286, -0.08176930765471078, -0.0782746718067049, -0.05184290152818815], "FUKUIrad": [0.014059586991567063, -0.0035628672052227385, -0.003728239617616407, -0.007939307251346214, -0.0021514575660583866, -0.0025040802258958937, -0.1239485521128402, -0.051828491643135174, -0.05642738088287632, -0.05969332219289171, -0.06371088241169658, -0.06903266173217301, -0.05695225995605428, -0.056489050887573916, -0.05047741656011261, -0.05278567570027162, -0.05586608233557941, -0.06311684524132448, -0.07912850866883939, -0.0796048750962986, -0.07443553886240536], "s proportion": [1.0072458048450244, 1.027, 1.0324366711186872, 1.0317756228709023, 1.0375488370764792, 0.9913612826793788, 1.694780386388219, 0.9730403519441185, 0.9717297086120211, 0.9723800772944682, 0.9774790035366253, 0.9773277213875271, 0.9766982013118907, 0.9764125818734278, 0.9773120990300083, 0.9763798871650974, 0.9661238022956415, 0.9715867520508252, 0.9867653560125722, 0.9785245731519447, 0.6665959075961323], "p proportion": [3.076448164128941, 3.0117599084230644, 3.01455311145359, 3.015569043567266, 3.0286106093258667, 2.8119573018712574, 4.870856981524716, 0.0, 0.0, 0.0, 0.0, 0.0, 0.0, 0.0, 0.0, 0.0, 0.0, 0.0, 0.0, 0.0, 0.0], "d proportion": [0.0, 0.0, 0.0, 0.0, 0.0, 0.0, 0.0, 0.0, 0.0, 0.0, 0.0, 0.0, 0.0, 0.0, 0.0, 0.0, 0.0, 0.0, 0.0, 0.0, 0.0], "Coordination numbers": [3.749775917935529, 3.7997471705974113, 3.8015031445785357, 3.8010664734598483, 3.7998487440986732, 3.6743193028624375, 1.653, 0.924, 0.924, 0.924, 0.924, 0.924, 0.924, 0.924, 0.924, 0.924, 0.924, 0.924, 0.924, 0.924, 0.804], "Dispersion coefficient C6": [22.484316171826467, 21.511109361183244, 21.635180566621685, 21.638984354417328, 21.802442953589182, 19.460599757838423, 21.767817267059254, 2.5462748011229452, 2.548195877849195, 2.549324950809895, 2.5978339721499855, 2.5974316071527213, 2.573788736130424, 2.5567008770680526, 2.5774534771899815, 2.562008927253103, 2.4162339192231563, 2.502890438029319, 2.682190134557773, 2.5324910261817486, 0.7675967021868719], "Polarizability alpha": [6.7626418289549655, 6.603623274237966, 6.622485248917771, 6.62314145292673, 6.648346777080959, 6.32150246705952, 6.298185197771584, 2.49547741320312, 2.4966606421089668, 2.49675483956887, 2.5204207563504717, 2.520505759253815, 2.5086213944636766, 2.5005286981150574, 2.5107562363979317, 2.503031699143895, 2.4305080949309907, 2.4736931314928317, 2.559924270367909, 2.48726954431704, 1.3760061097289629], "FOD": [0.0, 0.0, 0.0, 0.0, 0.0, 0.0, 0.0, 0.0, 0.0, 0.0, 0.0, 0.0, 0.0, 0.0, 0.0, 0.0, 0.0, 0.0, 0.0, 0.0, 0.0], "FOD s proportion": [0.0, 0.0, 0.0, 0.0, 0.0, 0.0, 0.0, 0.0, 0.0, 0.0, 0.0, 0.0, 0.0, 0.0, 0.0, 0.0, 0.0, 0.0, 0.0, 0.0, 0.0], "FOD p proportion": [0.0, 0.0, 0.0, 0.0, 0.0, 0.0, 0.0, 0.0, 0.0, 0.0, 0.0, 0.0, 0.0, 0.0, 0.0, 0.0, 0.0, 0.0, 0.0, 0.0, 0.0], "FOD d proportion": [0.0, 0.0, 0.0, 0.0, 0.0, 0.0, 0.0, 0.0, 0.0, 0.0, 0.0, 0.0, 0.0, 0.0, 0.0, 0.0, 0.0, 0.0, 0.0, 0.0, 0.0], "total energy": -24.049439575688695, "HOMO-LUMO gap/eV": 12.055392106755585, "electronic energy": -24.349173027122536, "Dipole module/D": 2.015250236213017, "Total charge": 0.0, "HOMO": -11.06913711613458, "LUMO": 0.9862352658350811, "Fermi-level/eV": -5.0414172082366004, "Total dispersion C6": 2913.6603263698844, "Total dispersion C8": 60090.567054879895, "Total polarizability alpha": 79.7588910223204, "Total FOD": 0.0}