{"dipole": [1.8301386073641628, 1.3959322028939707, 0.9146177151225946], "partial charges": [-0.14398848433850908, 0.36291422965873477, -0.41278825142117487, -0.25137035495050264, 0.057542791426652765, 0.22500846127002846, -0.3434204776449955, -0.04400261977103742, -0.05439460272811636, -0.0591021153017945, -0.02525968485461866, -0.02173087315059438, -0.05603890821124973, -0.061510629585738434, 0.027135927209438148, -0.07722657161360962, 0.2288068033002157, -0.3879331179672722, -0.08043566887306293, -0.06164846130256367, 0.014548064160171306, -0.09870480804872687, -0.025832475887602183, -0.058470188814252075, -0.06141052836872635, 0.026441703630560708, -0.10934961289178056, 0.08572502767946881, 0.0778856952633585, 0.08125820783155849, 0.07821962378936134, 0.07514036796267594, 0.03648609651402953, 0.03072110265073514, 0.049139734494656855, 0.03156568066965965, 0.03817062174808474, 0.03251025079732507, 0.034217568094508745, 0.03208971537051496, 0.035768142871005784, 0.042563977545670595, 0.04859567538997486, 0.05640804729719348, 0.06034430909324539, 0.06058634431121376, 0.036342760973248116, 0.039521635015533754, 0.037213271716712445, 0.04178388044441302, 0.03586477282195144, 0.03386406951123747, 0.03453359220618063, 0.035695349396648174, 0.04676838862332481, 0.04448441340002445, 0.029085249051455847, 0.04333599607273664, 0.04633088411309982], "mulliken charges": [-0.11520406379933645, 0.5864559678205937, -0.5295614314072665, -0.4024810489702777, 0.1728017459237482, 0.38095747115236533, -0.4762268403239217, -0.05925228898600605, -0.03922636850020779, -0.05274217040692846, -0.02532396322598218, -0.021775165189011392, -0.046339322918069976, -0.04688720436574915, 0.027454481790118876, -0.1000931863023524, 0.38672799211635867, -0.5076434687729284, -0.0838415749250064, -0.05797373455917677, 0.012015095631898691, -0.09174634011892664, -0.02865612553781468, -0.049380209108085875, -0.055812728772826836, 0.03069903061888509, -0.1030334441748528, 0.0701682505460882, 0.061051651682355886, 0.06438546235072751, 0.05889474423255301, 0.05554924584771517, 0.026074484001112924, 0.028368919821027353, 0.04694058140640901, 0.028268306908911457, 0.03191902787955435, 0.027243027770061056, 0.024465900423575042, 0.030452786692130956, 0.030667398010876444, 0.03871266984673923, 0.040639529828934595, 0.06056378742882154, 0.05894341025332673, 0.05408935813274999, 0.034604316413532614, 0.03465073087898814, 0.03390399057630567, 0.03707260665472205, 0.03542193079010334, 0.02741347069792046, 0.03205311433717061, 0.02674150427402764, 0.03997381245069377, 0.04773319190024498, 0.02738557147933957, 0.03724596934002687, 0.04449156022325574], "cm5 charges": [-0.2533843219731055, 0.6346121033695563, -0.5801448420773, -0.48118233054939125, 0.10085118605824012, 0.4038228666941173, -0.5261072179164349, -0.1159541520014759, -0.14469479388632236, -0.1601727732329623, -0.087489587102464, -0.08637081811989579, -0.15335728352538314, -0.15036915210626908, 0.012614662097615787, -0.14919308342103685, 0.4098299607879223, -0.5549741837379487, -0.18433118757354763, -0.16200245864025895, -0.010224697324139428, -0.23698945961571805, -0.09070579105703995, -0.15777749710737293, -0.15999452195519592, 0.005733947292926837, -0.24918100820826566, 0.12505431660452798, 0.1158344885841454, 0.11901530216325987, 0.12383498365695864, 0.12335677409968418, 0.0875075597830432, 0.08352332509088468, 0.10536066155185168, 0.08339016639463571, 0.08862270252167333, 0.08813347056219105, 0.0862834193068627, 0.08584036060417313, 0.08733865106123193, 0.09420138260252225, 0.09676335468500173, 0.12030890396130565, 0.11671694164284772, 0.11131732611306192, 0.09135305138857998, 0.09085266554457523, 0.08698133722781633, 0.08980532032304689, 0.0882836877517671, 0.08965272212922198, 0.08824338656759674, 0.08402381442653398, 0.09940465955768593, 0.10666988161974791, 0.07987257548196237, 0.0904199143989332, 0.09915832971007726], "FUKUI+": [0.012, -0.024823384830786475, -0.043242266014585216, -0.028841415580477852, 0.012, -0.0559643469005984, -0.09596723864385771, 0.003056313486524326, 0.004913598803830107, 0.005214679809283911, 0.002, 0.0030382827368329542, 0.0058926600953580445, 0.009872408108216464, -0.06005898713302106, -0.022, -0.046148296287971645, -0.10914829628797165, 0.010128044300830061, 0.008107339904641957, -0.001, 0.009020704396188106, 0.001, 0.004107339904641956, 0.004107339904641956, -0.0038292907120233356, 0.009892660095358047, -0.022992385514946225, -0.022866461855276504, -0.029151116485368347, -0.043451065200235416, -0.03424433749985249, -0.027125656659596212, -0.01860623494920959, -0.010500668761907231, -0.015976223598407266, -0.007951827490524432, -0.013683926539014093, -0.011795608322266598, -0.02157210539851896, -0.01301634763584202, -0.02585097661899478, -0.03292660095358045, -0.04292320021405014, -0.03323991664404793, -0.036908379643923725, -0.01561178775664188, -0.02376921909030505, -0.01546543469510115, -0.020281275945736695, -0.010322564623733725, -0.007107339904641957, -0.011079110987075555, -0.01115627321839646, -0.005180286542014985, -0.0022224939732873776, -0.012456745534305575, -0.012562897763291317, -0.0030815017760091245], "FUKUI-": [0.004948755485119803, -0.0030512445148801986, -0.023862815073591073, -0.02200267364649673, -3.828273683295424e-05, -0.010979295603811895, -0.06494681256901895, -0.004148296287971644, 0.0061456226414749095, 0.006107339904641955, -0.0008614332553354743, -0.002056095389761757, 0.006089761563997108, 0.0028719556991699388, -0.021020704396188108, -0.015107339904641958, -0.020979748012858422, -0.1226885027299086, -0.006854377358525092, 0.005871955699169939, -0.0049792956038118945, 0.013000000000000001, -0.00214562264147491, 0.005069057167809002, 0.0028060245869041957, -0.006820711184289742, 0.011795155913220074, -0.015230661463677547, -0.015823328243561995, -0.0213816498159588, -0.029998895502957264, -0.022995086698240175, -0.0240921568891445, -0.020681620920795403, -0.014138363170460768, -0.018948491098952774, -0.013478401648605049, -0.030187428512556434, -0.018757325585433648, -0.033067330423143707, -0.021600467910576793, -0.02819130176659907, -0.03033570858500669, -0.04072633305769504, -0.03905654779880829, -0.03900045240904653, -0.023256671777999886, -0.03768479349802559, -0.016998877085144387, -0.017769834954434363, -0.015095501041450328, -0.015782880856503312, -0.026027514760723652, -0.02169104788528652, -0.015253428221983929, -0.020460774380184947, -0.016427413065104667, -0.013249836490573607, -0.014720879585504693], "FUKUIrad": [0.008833672962336985, -0.013874629345666675, -0.033969603229779904, -0.025803132843644896, 0.006, -0.03303584340262018, -0.08002115680523465, -0.00014829628797164422, 0.00509750418213797, 0.006086635508453849, 0.001030774430976047, 0.0008926600953580448, 0.005961717263167046, 0.006, -0.04008952725171316, -0.018166327037663015, -0.03314829628797165, -0.11590562187340532, 0.002, 0.007000000000000001, -0.003, 0.011, -0.001, 0.004128044300830061, 0.003040956383329689, -0.005726567369978985, 0.010815860309408181, -0.0190616607795178, -0.019772083728681795, -0.0253097009048905, -0.036748110185225225, -0.028174827922996963, -0.026002613421909963, -0.01922217359258201, -0.012304472111361214, -0.017068876905663676, -0.010714003950839636, -0.021954936050343713, -0.01489311250440457, -0.02727230264301072, -0.017308407773209408, -0.026623335031663628, -0.031269325063694425, -0.04187240810821647, -0.036158584419522154, -0.03796945988130791, -0.019862529065308526, -0.030247484485830166, -0.016251297258539247, -0.01862919716058188, -0.013137536330570248, -0.011833672962336984, -0.018539089366735123, -0.016468541333840042, -0.010178457489024522, -0.011346842309054958, -0.014458459977776271, -0.012940778554694986, -0.008984354199588415],