{"dipole": [-0.14301873190279218, 0.0260754938736949, 0.3883288687258685], "partial charges": [0.03363410094020541, -0.2616066159811735, 0.3524144011343556, -0.40551895288076667, -0.0579122715569482, -0.05940298438302271, 0.06256099062848879, 0.06380869572643563, 0.06256733560113215, 0.06900210904028756, 0.06523653656920946, 0.07521665051075302], "mulliken charges": [0.17458977591634633, -0.41573674991527637, 0.5726232552171586, -0.5326173152568456, -0.058006143514226324, -0.01732118713992465, 0.04412721347988904, 0.035835929695442845, 0.044129887958173165, 0.05366513513778477, 0.04405948085034659, 0.05465804309284747], "cm5 charges": [0.054982450394630455, -0.5019476821769369, 0.6272224401297603, -0.579896846559798, -0.1097967242531009, -0.11692386161820878, 0.10526791139302555, 0.09488592969544285, 0.1052732603495938, 0.1137954763957004, 0.09767741277311254, 0.10945290795506268], "FUKUI+": [0.037, -0.09179062605904514, -0.084, -0.19474426959778066, -0.0652674478284129, -0.09853489565682581, -0.041267447828412906, -0.06073255217158709, -0.041267447828412906, -0.11312786520110968, -0.12752317823063225, -0.11827916525460647], "FUKUI-": [0.03, -0.11405807388745806, -0.028267447828412905, -0.20327916525460646, -0.04473255217158709, -0.033, -0.07912786520110968, -0.09753489565682581, -0.07912786520110968, -0.11239531302952258, -0.1263138042896774, -0.11069791313651617], "FUKUIrad": [0.033, -0.10305807388745805, -0.056, -0.19901171742619356, -0.05500000000000001, -0.06553489565682581, -0.060197656514761284, -0.079, -0.060197656514761284, -0.11312786520110968, -0.12691849126015484, -0.11448853919556132], "s proportion": [0.973, 1.6974651043431743, 0.975, 1.73, 1.0742674478284129, 1.0654651043431742, 0.9557325521715871, 0.964, 0.9557325521715871, 0.9461976565147613, 0.956058073887458, 0.9452791652546064], "p proportion": [2.852465104343174, 4.718069791313651, 2.452732552171587, 4.803197656514762, 2.983930208686348, 2.9516046869704775, 0.0, 0.0, 0.0, 0.0, 0.0, 0.0], "d proportion": [0.0, 0.0, 0.0, 0.0, 0.0, 0.0, 0.0, 0.0, 0.0, 0.0, 0.0, 0.0], "Coordination numbers": [3.659, 1.7044651043431744, 2.7326627608579357, 0.8562674478284129, 2.8874651043431743, 2.8376627608579357, 0.924, 0.924, 0.924, 0.925, 0.925, 0.925], "Dispersion coefficient C6": [20.28619765651476, 18.33561589115316, 21.01694192611254, 21.792035152278583, 29.437034639035073, 29.46765155667525, 2.169325521715871, 2.1549302086863484, 2.169325521715871, 2.0962903694372903, 2.1392552171587096, 2.031070817800671], "Polarizability alpha": [6.463732552171587, 5.781325521715871, 7.505534895656826, 6.258604686970477, 8.89512786520111, 8.89567447828413, 2.3036627608579354, 2.295465104343174, 2.303395313029523, 2.2642440129760257, 2.2868252650941163, 2.228407543699226], "FOD": [0.0, 0.0, 0.0, 0.0, 0.0, 0.0, 0.0, 0.0, 0.0, 0.0, 0.0, 0.0], "FOD s proportion": [0.0, 0.0, 0.0, 0.0, 0.0, 0.0, 0.0, 0.0, 0.0, 0.0, 0.0, 0.0], "FOD p proportion": [0.0, 0.0, 0.0, 0.0, 0.0, 0.0, 0.0, 0.0, 0.0, 0.0, 0.0, 0.0], "FOD d proportion": [0.0, 0.0, 0.0, 0.0, 0.0, 0.0, 0.0, 0.0, 0.0, 0.0, 0.0, 0.0], "total energy": -19.721603788159484, "HOMO-LUMO gap/eV": 3.666167894192461, "electronic energy": -19.939517268163833, "Dipole module/D": 2.070434571256181, "Total charge": 0.0, "HOMO": -11.357273152568457, "LUMO": -7.691156192321378, "Fermi-level/eV": -9.524251300053496, "Total dispersion C6": 1408.1577550113982, "Total dispersion C8": 31453.965207704343, "Total polarizability alpha": 57.48215398169758, "Total FOD": 0.0}