{"dipole": [0.9054501, 0.59353043, -0.0918692], "partial charges": [-0.17554979, 0.10003099, -0.03841161, -0.0275612, 0.01823986, -0.02952187, -0.03877391, 0.00727549, -0.03236253, -0.03261591, -0.02881543, -0.03866835, 0.09387889, -0.17784037, 0.05684531, 0.0473266, 0.04596298, 0.05648863, 0.04528479, 0.04445572, 0.04689317, 0.05743857], "mulliken charges": [-0.11596, 0.11281, -0.04701, -0.0266, 0.0052, -0.02784, -0.04747, -0.01171, -0.03072, -0.03241, -0.02375, -0.04748, 0.10522, -0.11999, 0.0428, 0.03716, 0.03637, 0.04246, 0.03574, 0.03529, 0.03591, 0.042], "cm5 charges": [-0.11797, 0.10547, -0.09891, -0.07831, -0.00272, -0.07969, -0.09938, -0.01711, -0.08258, -0.08761, -0.07895, -0.09926, 0.10098, -0.12126, 0.09932, 0.09368, 0.09275, 0.09898, 0.09214, 0.0906, 0.09125, 0.09857], "FUKUI+": [-0.103, -0.04, -0.026, -0.024, -0.034, -0.024, -0.027, -0.036, -0.026, -0.029, -0.041, -0.027, -0.028, -0.084, -0.058, -0.049, -0.049, -0.058, -0.05, -0.061, -0.065, -0.058], "FUKUI-": [-0.213, -0.021, -0.019, -0.014, -0.03, -0.015, -0.02, -0.022, -0.014, -0.034, -0.025, -0.016, -0.018, -0.177, -0.046, -0.04, -0.042, -0.047, -0.039, -0.054, -0.051, -0.044], "FUKUIrad": [-0.158, -0.03, -0.023, -0.019, -0.032, -0.02, -0.023, -0.029, -0.02, -0.031, -0.033, -0.022, -0.023, -0.131, -0.052, -0.044, -0.045, -0.053, -0.045, -0.057, -0.058, -0.051], "s proportion": [1.944, 1.078, 1.062, 1.063, 1.079, 1.063, 1.062, 1.083, 1.064, 1.06, 1.06, 1.064, 1.084, 1.946, 0.957, 0.963, 0.964, 0.958, 0.964, 0.965, 0.964, 0.958], "p proportion": [5.183, 2.809, 2.985, 2.963, 2.916, 2.965, 2.985, 2.929, 2.967, 2.973, 2.964, 2.984, 2.811, 5.184, 0.0, 0.0, 0.0, 0.0, 0.0, 0.0, 0.0, 0.0], "d proportion": [-0.011, 0.0, 0.0, 0.0, 0.0, 0.0, 0.0, 0.0, 0.0, 0.0, 0.0, 0.0, 0.0, -0.01, 0.0, 0.0, 0.0, 0.0, 0.0, 0.0, 0.0, 0.0], "Coordination numbers": [0.966, 2.879, 2.946, 2.916, 2.967, 2.917, 2.946, 2.988, 2.918, 2.909, 2.911, 2.954, 2.88, 0.958, 0.925, 0.925, 0.925, 0.925, 0.925, 0.925, 0.925, 0.925], "Dispersion coefficient C6": [104.665, 25.782, 28.954, 28.69, 27.599, 28.737, 28.963, 27.849, 28.807, 28.813, 28.72, 28.96, 25.913, 104.737, 2.236, 2.354, 2.371, 2.241, 2.38, 2.39, 2.359, 2.229], "Polarizability alpha": [15.652, 8.324, 8.825, 8.783, 8.617, 8.791, 8.827, 8.657, 8.801, 8.802, 8.788, 8.827, 8.345, 15.657, 2.339, 2.399, 2.408, 2.341, 2.412, 2.418, 2.402, 2.335], "FOD": [0.0, 0.0, 0.0, 0.0, 0.0, 0.0, 0.0, 0.0, 0.0, 0.0, 0.0, 0.0, 0.0, 0.0, 0.0, 0.0, 0.0, 0.0, 0.0, 0.0, 0.0, 0.0], "FOD s proportion": [0.0, 0.0, 0.0, 0.0, 0.0, 0.0, 0.0, 0.0, 0.0, 0.0, 0.0, 0.0, 0.0, 0.0, 0.0, 0.0, 0.0, 0.0, 0.0, 0.0, 0.0, 0.0], "FOD p proportion": [0.0, 0.0, 0.0, 0.0, 0.0, 0.0, 0.0, 0.0, 0.0, 0.0, 0.0, 0.0, 0.0, 0.0, 0.0, 0.0, 0.0, 0.0, 0.0, 0.0, 0.0, 0.0], "FOD d proportion": [0.0, 0.0, 0.0, 0.0, 0.0, 0.0, 0.0, 0.0, 0.0, 0.0, 0.0, 0.0, 0.0, 0.0, 0.0, 0.0, 0.0, 0.0, 0.0, 0.0, 0.0, 0.0], "total energy": -38.86690984, "HOMO-LUMO gap/eV": 3.9468569, "electronic energy": -39.41596843, "Dipole module/D": 2.762, "Total charge": 0.0, "HOMO": -10.7759, "LUMO": -6.8291, "Fermi-level/eV": -8.8025, "Total dispersion C6": 9269.079337, "Total dispersion C8": 267020.078689, "Total polarizability alpha": 154.748248, "Total FOD": 0.0}