{"dipole": [-0.001055044000694733, -0.0012862302257940139, 0.0010502822399768004], "partial charges": [-0.09957554785949935, -0.051785443753264604, -0.0583005880646781, -0.0518109907199625, -0.09969237447187666, 0.0322223617297103, 0.03129404573362029, 0.03134801864677562, 0.027496391086059505, 0.02788729492169969, 0.029627590712244807, 0.030379666223500787, 0.028846961306969607, 0.02789977376383486, 0.0316953754883544, 0.030608413892428146, 0.03185903693928994], "mulliken charges": [-0.0838686272815159, -0.03874247768754834, -0.04798132727407936, -0.03894876033672441, -0.08345327437979652, 0.02650362810101732, 0.02671106116366236, 0.02730451404307212, 0.02190269835356063, 0.02170920330775181, 0.022624468598667402, 0.022502964463977634, 0.021810707442441575, 0.02165181405050866, 0.026322433882146452, 0.02757769917306204, 0.0263849115696948], "cm5 charges": [-0.2342320785219228, -0.1511890264471414, -0.15850787603367242, -0.15146499918049858, -0.2338027876033672, 0.07782707934142424, 0.07785168099530015, 0.0783449115696948, 0.07647331818519841, 0.07638853967071212, 0.0778346016538759, 0.07777672562020345, 0.07667517604110896, 0.07638526529091558, 0.07760685867541196, 0.07835048677642928, 0.0776749115696948], "FUKUI+": [0.01269024808138584, -0.032, -0.03695132235707087, -0.028654875959307075, 0.0048849586531023595, -0.064, -0.07152652909155907, -0.09737173508239365, -0.07696900841811025, -0.0727876033672441, -0.07311504134689763, -0.07478760336724409, -0.06916371898982676, -0.07223008269379527, -0.06511504134689763, -0.11939380168362204, -0.06511504134689763], "FUKUI-": [0.02316371898982677, 0.011884958653102358, 0.014327437979653537, 0.009097355285858259, 0.02372123966327559, -0.07809735528585826, -0.07976991730620471, -0.08024776875483465, -0.11024776875483464, -0.09714603292878737, -0.09770355360223619, -0.09575223124516533, -0.1032787603367244, -0.098261074275685, -0.08618140505086615, -0.07773892572431496, -0.07976991730620471], "FUKUIrad": [0.0177876033672441, -0.01027876033672441, -0.010951322357070869, -0.01027876033672441, 0.014163718989826768, -0.07104867764292912, -0.07550884303051969, -0.08830975191861415, -0.09324776875483465, -0.08460619831637793, -0.08504867764292912, -0.08504867764292912, -0.08599999999999998, -0.08488495865310235, -0.07578760336724409, -0.0980663637039685, -0.07244247932655117], "s proportion": [1.0069999999999997, 1.0269999999999997, 1.0319999999999998, 1.0267212396632754, 1.0072787603367241, 0.9737212396632755, 0.9737212396632755, 0.9722787603367242, 0.9777212396632755, 0.9779999999999999, 0.9777212396632755, 0.9777212396632755, 0.9779999999999999, 0.9779999999999999, 0.9739999999999999, 0.9719999999999999, 0.9739999999999999], "p proportion": [3.0765575206734486, 3.0119999999999996, 3.0159999999999996, 3.012278760336724, 3.0759999999999996, 0.0, 0.0, 0.0, 0.0, 0.0, 0.0, 0.0, 0.0, 0.0, 0.0, 0.0, 0.0], "d proportion": [0.0, 0.0, 0.0, 0.0, 0.0, 0.0, 0.0, 0.0, 0.0, 0.0, 0.0, 0.0, 0.0, 0.0, 0.0, 0.0, 0.0], "Coordination numbers": [3.749721239663275, 3.799721239663275, 3.802442479326551, 3.799721239663275, 3.7499999999999996, 0.9239999999999999, 0.9239999999999999, 0.9239999999999999, 0.9239999999999999, 0.9239999999999999, 0.9239999999999999, 0.9239999999999999, 0.9239999999999999, 0.9239999999999999, 0.9239999999999999, 0.9239999999999999, 0.9239999999999999], "Dispersion coefficient C6": [22.465327437979653, 21.504048677642928, 21.622146032928786, 21.50432743797965, 22.467, 2.5552123966327556, 2.568314132458803, 2.5673584295615433, 2.6227389257243146, 2.616442479326551, 2.592265454815874, 2.581393801683622, 2.603225702153606, 2.616884958653102, 2.5627389257243145, 2.5776725620203464, 2.5602300826937947], "Polarizability alpha": [6.759721239663275, 6.602721239663275, 6.620163718989826, 6.602721239663275, 6.76, 2.4996061983163775, 2.506017686061039, 2.505818594949133, 2.532508843030519, 2.5297212396632753, 2.5178539670712126, 2.5125575206734485, 2.5230309915818894, 2.529442479326551, 2.503230082693795, 2.5108362810101728, 2.5021150413468973], "FOD": [0.0, 0.0, 0.0, 0.0, 0.0, 0.0, 0.0, 0.0, 0.0, 0.0, 0.0, 0.0, 0.0, 0.0, 0.0, 0.0, 0.0], "FOD s proportion": [0.0, 0.0, 0.0, 0.0, 0.0, 0.0, 0.0, 0.0, 0.0, 0.0, 0.0, 0.0, 0.0, 0.0, 0.0, 0.0, 0.0], "FOD p proportion": [0.0, 0.0, 0.0, 0.0, 0.0, 0.0, 0.0, 0.0, 0.0, 0.0, 0.0, 0.0, 0.0, 0.0, 0.0, 0.0, 0.0], "FOD d proportion": [0.0, 0.0, 0.0, 0.0, 0.0, 0.0, 0.0, 0.0, 0.0, 0.0, 0.0, 0.0, 0.0, 0.0, 0.0, 0.0, 0.0], "total energy": -16.828830835872168, "HOMO-LUMO gap/eV": 13.499650964117963, "electronic energy": -17.078682059342334, "Dipole module/D": 0.012951322357070869, "Total charge": 0.0, "HOMO": -11.359083660881073, "LUMO": 2.140653868731042, "Fermi-level/eV": -4.6092288340918515, "Total dispersion C6": 1817.4791327408263, "Total dispersion C8": 37122.75556203237, "Total polarizability alpha": 63.518488659494764, "Total FOD": 0.0}