{"dipole": [3.0701284176183252, -0.6010620270841863, -0.07514699838740738], "partial charges": [0.03001538328354758, -0.2520232628875239, 0.14958605249056237, -0.10530775347846132, 0.2287356061252879, -0.37595049886713744, -0.09292140009498649, -0.011617800762668766, -0.10623281549993571, 0.11232383478163147, -0.2417468470602398, 0.14313194765627452, 0.0390834307230838, -0.12944818449044165, 0.14120076354442096, -0.23403777047263913, 0.027856274246615624, -0.11488981447161872, 0.15776187781912562, -0.22425717565439493, 0.02666606226381782, -0.06991263489841074, 0.22901147753833506, -0.36364155097091283, 0.05874645990487228, 0.06892925792145328, 0.0563344776018402, 0.07628419651711801, 0.07699807993551587, 0.08647336942557221, 0.054991840273150586, 0.04572826779396523, 0.05071736928860508, 0.04594161095231697, 0.06971560423830381, 0.05070969210839139, 0.055554923113316446, 0.06266732259339594, 0.07132143180479146, 0.0500616149372191, 0.05543927273139961], "mulliken charges": [0.17112596808823202, -0.4032458997058721, 0.272438018235296, -0.15589585411763213, 0.38923384955880813, -0.5073005698529995, -0.09740421426472784, -0.010876606323591546, -0.08868059132338507, 0.18528018235295987, -0.40542346205876845, 0.25087405470588797, 0.027489886029400085, -0.07379223250002383, 0.25946209573530393, -0.403361958970584, 0.17061, -0.17379198176470403, 0.2916061276470719, -0.3855178814705761, 0.16892000000000001, -0.1291538723529281, 0.3840497948529201, -0.495817995441176, 0.03824572000038121, 0.043059837793691116, 0.03617416867648788, 0.07246564897055227, 0.06561232764770726, 0.07305241088178019, 0.04607608073509744, 0.040991186617973616, 0.03956116117638463, 0.039898381617481216, 0.04381988073446208, 0.029558155000015882, 0.03334203264788199, 0.04976207294118395, 0.046405551175399816, 0.02812624161767182, 0.033028298383408296], "cm5 charges": [0.04978195897058403, -0.4872999088235201, 0.292102050147064, -0.2025558997058721, 0.4126278586764561, -0.5549126200000636, -0.19466020514707985, -0.07135863367653554, -0.2348722995586493, 0.20295225529414382, -0.4674498404411601, 0.27517218691178386, 0.030887904264696075, -0.07099223250002382, 0.27873410029412793, -0.4893419589705841, 0.049170000000000005, -0.22160398632352804, 0.3117701367647199, -0.4712358769117521, 0.04759799544117601, -0.12304580852939215, 0.42113977205880015, -0.5411178586764561, 0.09738565161802128, 0.10211790161722706, 0.09533018235295987, 0.13498564897055226, 0.12453314823602665, 0.13318154470522084, 0.10870756102916183, 0.09530553764742136, 0.09113122955874457, 0.09428024941158532, 0.10291391264623005, 0.08870015955883989, 0.09247800073611401, 0.11250407750000795, 0.1055015876459918, 0.08728624161767182, 0.09217426647164031], "FUKUI+": [0.016, -0.02679954411760034, -0.029799544117600343, -0.01879954411760034, -0.028000000000000004, -0.09179954411760036, 0.010799544117600342, -0.00040091176479931757, 0.012000000000000002, -0.002, -0.036, -0.016, -0.016, -0.07020045588239966, -0.044000000000000004, -0.04220045588239966, 0.01720045588239966, -0.012000000000000002, -0.030200455882399658, -0.02820045588239966, 0.016, -0.018, -0.044000000000000004, -0.10500000000000001, -0.01880410294159693, -0.02479726470560205, -0.019398632352801023, -0.043, -0.03319361764640478, -0.025605926471195566, -0.02479726470560205, -0.007804102941596929, -0.02679954411760034, -0.012599088235200683, -0.027794985293603754, -0.01879954411760034, -0.020405470588795906, -0.043, -0.02479726470560205, -0.019, -0.02060364705919727], "FUKUI-": [0.014000000000000002, -0.02340091176479932, -0.012000000000000002, -0.018, -0.015, -0.11300000000000002, -0.005, 0.0012004558823996588, 0.01020045588239966, -0.0030000000000000005, -0.031799544117600345, -0.01, -0.024000000000000004, -0.16839863235280106, -0.01579954411760034, -0.03979954411760034, 0.017, -0.01320045588239966, -0.018, -0.04979954411760035, 0.017799544117600343, -0.01879954411760034, -0.0037995441176003415, -0.05259908823520068, -0.018002279411998296, -0.020198176470401365, -0.017, -0.038, -0.033599088235200684, -0.03260136764719898, -0.027002279411998294, -0.01320045588239966, -0.024599088235200687, -0.013400911764799317, -0.02679726470560205, -0.022799544117600344, -0.023202735294397953, -0.035, -0.028398632352801025, -0.026599088235200685, -0.02640091176479932], "FUKUIrad": [0.015, -0.025000000000000005, -0.021, -0.018, -0.021799544117600343, -0.10279954411760034, 0.0030000000000000005, 0.0007995441176003413, 0.011000000000000001, -0.002, -0.034, -0.013000000000000001, -0.02, -0.11879954411760034, -0.03, -0.04100000000000001, 0.017, -0.01220045588239966, -0.024000000000000004, -0.03900000000000001, 0.017, -0.018, -0.023799544117600345, -0.07879954411760035, -0.018403191176797614, -0.022198176470401367, -0.018599088235200685, -0.04020045588239966, -0.03339635294080273, -0.029403191176797613, -0.026000000000000002, -0.010202735294397953, -0.025599088235200684, -0.013000000000000001, -0.027396352940802733, -0.020799544117600342, -0.02180410294159693, -0.03900000000000001, -0.026198176470401367, -0.022799544117600344, -0.023002279411998297], "s proportion": [0.974, 1.6860000000000002, 1.0465990882352005, 1.069, 1.057, 1.737, 1.0462004558823998, 1.0632004558823998, 1.013, 1.0677995441176005, 1.7057995441176004, 1.0220000000000002, 1.063, 1.944, 1.025, 1.681, 0.972, 1.0540000000000003, 1.011, 1.6760000000000002, 0.972, 1.063, 1.0462004558823998, 1.7307995441176005, 0.9613963529408027, 0.956804102941597, 0.9640000000000001, 0.9272004558823999, 0.9341936176464049, 0.9266059264711957, 0.9538018235295986, 0.9585968088232024, 0.9604009117647994, 0.9598018235295986, 0.9564077500007943, 0.9707995441176004, 0.9665922499992059, 0.9500000000000001, 0.9536104852951921, 0.9717995441176004, 0.9665899705872075], "p proportion": [2.8550000000000004, 4.717, 2.6812004558824, 3.0870000000000006, 2.5532004558823997, 4.770200455882399, 3.0510000000000006, 2.948, 3.076198176470401, 2.747, 4.6992004558824, 2.7270000000000003, 2.91, 5.139200455882401, 2.715799544117601, 4.7227995441176, 2.857, 3.12, 2.6977995441176006, 4.709, 2.859, 3.066, 2.5697995441176005, 4.765000000000001, 0.0, 0.0, 0.0, 0.0, 0.0, 0.0, 0.0, 0.0, 0.0, 0.0, 0.0, 0.0, 0.0, 0.0, 0.0, 0.0, 0.0], "d proportion": [0.0, 0.0, 0.0, 0.0, 0.0, 0.0, 0.0, 0.0, 0.0, 0.0, 0.0, 0.0, 0.0, -0.009, 0.0, 0.0, 0.0, 0.0, 0.0, 0.0, 0.0, 0.0, 0.0, 0.0, 0.0, 0.0, 0.0, 0.0, 0.0, 0.0, 0.0, 0.0, 0.0, 0.0, 0.0, 0.0, 0.0, 0.0, 0.0, 0.0, 0.0], "Coordination numbers": [3.6340000000000003, 1.7010000000000003, 2.835, 2.89, 2.8187995441176006, 0.8580000000000001, 3.805, 3.8517995441176005, 3.75, 3.8661981764704016, 1.7010000000000003, 3.0357995441176007, 2.8790000000000004, 0.9530000000000001, 2.878, 1.703, 3.638, 2.918, 2.854, 1.7040000000000002, 3.641, 3.0017995441176, 2.904601367647199, 0.8562004558823997, 0.9240000000000002, 0.9240000000000002, 0.9240000000000002, 0.925, 0.9240000000000002, 0.9240000000000002, 0.923, 0.9240000000000002, 0.9240000000000002, 0.9240000000000002, 0.9240000000000002, 0.9240000000000002, 0.9240000000000002, 0.925, 0.9240000000000002, 0.9240000000000002, 0.9240000000000002], "Dispersion coefficient C6": [20.450596808823203, 18.1766036470592, 24.74637583823282, 30.656382676468816, 23.20277447058562, 21.20561504411919, 22.267997720588003, 20.747779029409617, 22.59401595588399, 18.705398632352804, 18.006767632349625, 24.854209573530394, 27.121400911764802, 103.192, 24.9221981764704, 17.8803986323528, 20.472, 30.9122004558824, 24.583398632352804, 17.720797264705606, 20.4794009117648, 29.727207294118394, 23.206635558827173, 20.9684054705888, 2.2149156617560632, 2.0988838823615374, 2.2426082058831938, 2.0180091176479933, 2.011148029406439, 1.914460176476755, 2.259863367653553, 2.3747288823456536, 2.3108086617655936, 2.371004558823997, 2.0919249117775065, 2.311398632352801, 2.255075088222494, 2.1681981764704017, 2.074938588249496, 2.3191981764704015, 2.257460044103305],