{"dipole": [-0.18507134, -1.36885666, 0.00047911], "partial charges": [-0.11594286, 0.04569602, 0.01133774, -0.01521192, -0.02081122, -0.01520902, 0.01134155, 0.5353763, -0.36459174, -0.36025857, 0.53540318, -0.36023035, -0.36459512, 0.06746354, 0.10083208, 0.06745303, 0.08328146, 0.0753949, 0.08327098], "mulliken charges": [-0.08456, 0.04188, 0.03929, -0.00136, -0.01331, -0.00136, 0.0393, 0.68194, -0.45243, -0.45226, 0.68199, -0.45224, -0.45243, 0.06304, 0.08389, 0.06303, 0.0762, 0.06321, 0.07619], "cm5 charges": [-0.22257, 0.04117, 0.09537, -0.04701, -0.06778, -0.047, 0.0954, 0.51653, -0.41276, -0.41419, 0.51657, -0.41416, -0.41276, 0.12094, 0.13927, 0.12094, 0.13682, 0.11843, 0.1368], "FUKUI+": [0.023, -0.024, -0.01, -0.031, -0.02, -0.031, -0.01, -0.085, -0.122, -0.118, -0.085, -0.118, -0.122, -0.027, -0.033, -0.027, -0.051, -0.059, -0.051], "FUKUI-": [0.018, -0.027, -0.024, -0.02, -0.038, -0.02, -0.024, -0.033, -0.117, -0.102, -0.033, -0.102, -0.117, -0.057, -0.069, -0.057, -0.059, -0.062, -0.059], "FUKUIrad": [0.021, -0.026, -0.017, -0.026, -0.029, -0.026, -0.017, -0.059, -0.119, -0.11, -0.059, -0.11, -0.119, -0.042, -0.051, -0.042, -0.055, -0.061, -0.055], "s proportion": [1.011, 1.096, 1.072, 1.072, 1.063, 1.072, 1.072, 1.329, 1.746, 1.746, 1.329, 1.746, 1.746, 0.937, 0.916, 0.937, 0.924, 0.937, 0.924], "p proportion": [3.074, 2.862, 2.889, 2.929, 2.951, 2.929, 2.889, 2.989, 4.706, 4.706, 2.989, 4.706, 4.706, 0.0, 0.0, 0.0, 0.0, 0.0, 0.0], "d proportion": [0.0, 0.0, 0.0, 0.0, 0.0, 0.0, 0.0, 0.0, 0.0, 0.0, 0.0, 0.0, 0.0, 0.0, 0.0, 0.0, 0.0, 0.0, 0.0], "Coordination numbers": [3.752, 2.952, 2.906, 2.91, 2.91, 2.91, 2.906, 2.757, 0.926, 0.926, 2.757, 0.926, 0.926, 0.924, 0.924, 0.924, 0.925, 0.925, 0.925], "Dispersion coefficient C6": [22.781, 26.974, 27.763, 28.391, 28.526, 28.391, 27.762, 13.638, 20.954, 20.871, 13.638, 20.87, 20.954, 2.114, 1.777, 2.114, 1.946, 2.027, 1.946], "Polarizability alpha": [6.806, 8.518, 8.64, 8.737, 8.758, 8.737, 8.64, 5.485, 6.139, 6.127, 5.485, 6.127, 6.139, 2.274, 2.085, 2.274, 2.181, 2.227, 2.181], "FOD": [0.0, 0.0, 0.0, 0.0, 0.0, 0.0, 0.0, 0.0, 0.0, 0.0, 0.0, 0.0, 0.0, 0.0, 0.0, 0.0, 0.0, 0.0, 0.0], "FOD s proportion": [0.0, 0.0, 0.0, 0.0, 0.0, 0.0, 0.0, 0.0, 0.0, 0.0, 0.0, 0.0, 0.0, 0.0, 0.0, 0.0, 0.0, 0.0, 0.0], "FOD p proportion": [0.0, 0.0, 0.0, 0.0, 0.0, 0.0, 0.0, 0.0, 0.0, 0.0, 0.0, 0.0, 0.0, 0.0, 0.0, 0.0, 0.0, 0.0, 0.0], "FOD d proportion": [0.0, 0.0, 0.0, 0.0, 0.0, 0.0, 0.0, 0.0, 0.0, 0.0, 0.0, 0.0, 0.0, 0.0, 0.0, 0.0, 0.0, 0.0, 0.0], "total energy": -39.94811231, "HOMO-LUMO gap/eV": 2.96506197, "electronic energy": -40.32647216, "Dipole module/D": 3.511, "Total charge": 0.0, "HOMO": -12.398, "LUMO": -9.433, "Fermi-level/eV": -10.9155, "Total dispersion C6": 4958.358842, "Total dispersion C8": 116659.557763, "Total polarizability alpha": 107.558558, "Total FOD": 0.0}