{"dipole": [0.31684567925548296, -0.5177019857879018, 0.731185908555627], "partial charges": [0.05032554445142133, -0.2772231424090811, 0.4978942289427771, -0.2891165922210282, -0.28139338540118825, 0.05095871069711356, -0.2595819663449859, 0.14013818844179932, -0.061715918946133104, 0.08488636923397563, -0.11223217644009557, 0.04464653858543006, -0.06682324786260524, -0.04140201804329435, 0.07606030088159293, -0.1145231684362448, 0.07204569512966204, 0.04743502672383259, 0.06084362712699077, 0.06795511066900739, 0.04297927342811424, 0.06800123908030233, 0.09805871935389732, 0.10178305310403592], "mulliken charges": [0.18444038479755712, -0.37332477498069, 0.4480346854236784, -0.11251969411120111, -0.38339505270495405, 0.18412333874117925, -0.35961205803828417, 0.23630561168057587, -0.08059021650277759, 0.09140713028853195, -0.099368561910909, 0.0077080061569249824, 0.012347149689021009, -0.05595670745295289, 0.07486548503752377, -0.09037810405043292, 0.0349466441918969, 0.030961166157540833, 0.03001470876724435, 0.033396712581936334, 0.028175037961731028, 0.03242800620827949, 0.07708254283530708, 0.04890329436036345], "cm5 charges": [0.07690049170978114, -0.4366906593475592, 0.38109803029030853, -0.060316755784748946, -0.4490138375044539, 0.07639724815562628, -0.40124221492514245, 0.25779705236667233, -0.12705931586695338, 0.08559430195039289, -0.10183419743620244, -0.018031859753711653, 0.03947714554717133, -0.10687093783829607, 0.07287278206331241, -0.08993748326196624, 0.09249592969174755, 0.09279155609295515, 0.0905889793812602, 0.09261689820763369, 0.09040432918763795, 0.09128165124860929, 0.14383642569608734, 0.10684893041020868], "FUKUI+": [0.013578775571080719, -0.005384452203096471, -0.02238797473270233, -0.06602035625926024, -0.009060781800145691, 0.013065697216426404, -0.023556194617394367, -0.06330106309721244, -0.04530277229225887, -0.04392089384723723, -0.1317258108265775, -0.04540786794775938, -0.14131488621851626, -0.045893609334420535, -0.04337069779905213, -0.1322491365469134, -0.02119057554424579, 0.002217793075240171, -0.015849240675736575, -0.018530440391508203, 0.010511639416028168, -0.019851741871683634, -0.07285338252541144, -0.07334299910126796], "FUKUI-": [0.022960706471278836, -0.01189785170985124, -0.09526916805813246, -0.2728905596900593, -0.010707371722566044, 0.02242257189417469, -0.008248199670684719, -0.015086878249680864, -0.0039727154871833075, -0.014563552529344978, -0.12051467279830631, -0.01757696146568134, -0.15462930220094784, -0.008013408936336362, -0.014026817872672726, -0.11900016019063024, -0.033642504912519085, -0.017020920617875638, -0.01562568928763488, -0.02104100519578138, -0.013125842821704588, -0.024428060296587492, -0.02295930655084694, -0.033590370402017705], "FUKUIrad": [0.01853901540221559, -0.008366287252453293, -0.05833527586358557, -0.16896216244282797, -0.009890340816968324, 0.018012942296192394, -0.015684647141339738, -0.03891866555687037, -0.024919546381981815, -0.028960654016102354, -0.1258447296033819, -0.03099911917488855, -0.14797188711724832, -0.026947245079765994, -0.028974062952438717, -0.12562444127628808, -0.027698316493054924, -0.006908061147002171, -0.01600673936272154, -0.020060794590149096, -0.0013646234966427154, -0.02213387034859509, -0.04790655163061294, -0.05297318212732726], "s proportion": [0.9754364474706549, 1.6759759224970736, 1.446409991327773, 1.834973182127327, 1.6763733015571995, 0.9754488706715269, 1.6800922618656018, 1.0244238669042536, 1.0698594335497968, 1.0889995858150323, 1.9509999999999998, 1.112, 1.9889999999999999, 1.0689865910636636, 1.085, 1.9499999999999997, 0.9652812378107584, 0.969103634998347, 0.9698589767506945, 0.9663605111700921, 0.9717921790474093, 0.9672556968255779, 0.9229740187788074, 0.9510125281112248], "p proportion": [2.8405006923114726, 4.6971286212900125, 1.9052417261797863, 4.297184563538054, 4.706372045146357, 2.8404513087825998, 4.679488357281922, 2.7392154274024336, 3.0113261172832173, 2.8199861244235196, 5.157368425335053, 2.880000880825111, 4.991140099810059, 2.9874485089417355, 2.840308409131677, 5.150373487798874, 0.0, 0.0, 0.0, 0.0, 0.0, 0.0, 0.0, 0.0], "d proportion": [0.0, 0.0, 1.2008716606679526, -0.019564019169488942, 0.0, 0.0, 0.0, 0.0, 0.0, 0.0, -0.00844938976684742, 0.0, 0.008, 0.0, 0.0, -0.009999533359856035, 0.0, 0.0, 0.0, 0.0, 0.0, 0.0, 0.0, 0.0], "Coordination numbers": [3.9652691168685608, 1.658, 4.122443621001434, 0.929, 1.6574364474706549, 3.9605897181150977, 1.657563138344377, 2.9371479243621534, 2.94, 2.9629999999999996, 1.026, 2.960449389766847, 1.273, 3.072, 2.8739999999999997, 0.9399999999999998, 0.9219865910636635, 0.9214493897668473, 0.9209999999999999, 0.9214359808305109, 0.9219991191748884, 0.9215514910582641, 0.9259999999999999, 0.9249999999999998], "Dispersion coefficient C6": [19.663257570744477, 18.61566286077001, 139.97358749473472, 151.5164000160562, 18.687213111490106, 19.653907280564454, 18.317581135533803, 24.946437397893494, 29.534824640685564, 26.106822283259106, 102.66692825170308, 26.99626363067262, 376.86439847622773, 28.95037579898006, 26.29822542053864, 102.71739559927825, 2.064013459687082, 2.353900577384096, 2.190032131456555, 2.1096046148930854, 2.4103964060106713, 2.108885763383302, 1.8028492108212022, 1.7690957717290652], "Polarizability alpha": [6.300844119335697, 5.824347845863069, 21.252240213879674, 20.819608842556566, 5.8356622937012865, 6.299195806480241, 5.77767767556868, 8.191258653730962, 8.912890895804374, 8.380880562127874, 15.501886114215967, 8.521973596312293, 33.511743826693234, 8.8223083566765, 8.406503536325967, 15.50501468768433, 2.2467270237239574, 2.399318058240517, 2.314556530777879, 2.270894469867144, 2.4276009784183636, 2.270955246104276, 2.0999332362458145, 2.0795801131952945], "FOD": [0.0, 0.0, 0.0, 0.0, 0.0, 0.0, 0.0, 0.0, 0.0, 0.0, 0.0, 0.0, 0.0, 0.0, 0.0, 0.0, 0.0, 0.0, 0.0, 0.0, 0.0, 0.0, 0.0, 0.0], "FOD s proportion": [0.0, 0.0, 0.0, 0.0, 0.0, 0.0, 0.0, 0.0, 0.0, 0.0, 0.0, 0.0, 0.0, 0.0, 0.0, 0.0, 0.0, 0.0, 0.0, 0.0, 0.0, 0.0, 0.0, 0.0], "FOD p proportion": [0.0, 0.0, 0.0, 0.0, 0.0, 0.0, 0.0, 0.0, 0.0, 0.0, 0.0, 0.0, 0.0, 0.0, 0.0, 0.0, 0.0, 0.0, 0.0, 0.0, 0.0, 0.0, 0.0, 0.0], "FOD d proportion": [0.0, 0.0, 0.0, 0.0, 0.0, 0.0, 0.0, 0.0, 0.0, 0.0, 0.0, 0.0, 0.0, 0.0, 0.0, 0.0, 0.0, 0.0, 0.0, 0.0, 0.0, 0.0, 0.0, 0.0], "total energy": -52.12959207150253, "HOMO-LUMO gap/eV": 2.8290913726066433, "electronic energy": -52.57390929401591, "Dipole module/D": 3.232980263731513, "Total charge": 0.0, "HOMO": -10.811796121576295, "LUMO": -7.982725917266746, "Fermi-level/eV": -9.397233509619108, "Total dispersion C6": 16382.510097585757, "Total dispersion C8": 644248.6635819197, "Total polarizability alpha": 205.97475017927576, "Total FOD": 0.0}