{"dipole": [2.46076257, 0.20026719, 0.27283359], "partial charges": [-0.37076603, 0.16089276, -0.04560822, -0.01963853, 0.00167296, -0.01976111, -0.06371741, 0.52066209, -0.38591151, -0.38389666, 0.31112417, 0.07462659, 0.08610149, 0.08284755, 0.05137187], "mulliken charges": [-0.50203, 0.27683, -0.05656, -0.00539, 0.02176, -0.00106, -0.08682, 0.67366, -0.47192, -0.47035, 0.36234, 0.06675, 0.07228, 0.07112, 0.04937], "cm5 charges": [-0.69921, 0.28861, -0.10626, -0.05158, 0.07412, -0.04734, -0.13838, 0.5135, -0.43399, -0.43229, 0.53307, 0.12515, 0.13425, 0.13313, 0.10722], "FUKUI+": [-0.062, -0.058, -0.024, -0.031, -0.022, -0.033, -0.022, -0.122, -0.17, -0.17, -0.041, -0.068, -0.056, -0.056, -0.066], "FUKUI-": [-0.133, -0.046, -0.046, -0.021, -0.063, -0.023, -0.037, -0.04, -0.131, -0.131, -0.059, -0.075, -0.062, -0.062, -0.071], "FUKUIrad": [-0.098, -0.052, -0.035, -0.026, -0.042, -0.028, -0.03, -0.081, -0.15, -0.151, -0.05, -0.072, -0.059, -0.059, -0.069], "s proportion": [1.691, 1.025, 1.059, 1.071, 1.07, 1.07, 1.062, 1.332, 1.747, 1.747, 0.638, 0.933, 0.928, 0.929, 0.951], "p proportion": [4.811, 2.698, 2.998, 2.934, 2.908, 2.931, 3.025, 2.994, 4.725, 4.724, 0.0, 0.0, 0.0, 0.0, 0.0], "d proportion": [0.0, 0.0, 0.0, 0.0, 0.0, 0.0, 0.0, 0.0, 0.0, 0.0, 0.0, 0.0, 0.0, 0.0, 0.0], "Coordination numbers": [1.659, 2.842, 2.912, 2.911, 2.898, 2.911, 2.91, 2.755, 0.926, 0.926, 0.804, 0.925, 0.925, 0.925, 0.925], "Dispersion coefficient C6": [20.29, 24.519, 29.132, 28.498, 27.989, 28.501, 29.585, 13.799, 21.369, 21.329, 0.689, 2.035, 1.917, 1.95, 2.303], "Polarizability alpha": [6.081, 8.115, 8.851, 8.754, 8.674, 8.754, 8.919, 5.517, 6.199, 6.194, 1.303, 2.231, 2.165, 2.184, 2.373], "FOD": [0.0, 0.0, 0.0, 0.0, 0.0, 0.0, 0.0, 0.0, 0.0, 0.0, 0.0, 0.0, 0.0, 0.0, 0.0], "FOD s proportion": [0.0, 0.0, 0.0, 0.0, 0.0, 0.0, 0.0, 0.0, 0.0, 0.0, 0.0, 0.0, 0.0, 0.0, 0.0], "FOD p proportion": [0.0, 0.0, 0.0, 0.0, 0.0, 0.0, 0.0, 0.0, 0.0, 0.0, 0.0, 0.0, 0.0, 0.0, 0.0], "FOD d proportion": [0.0, 0.0, 0.0, 0.0, 0.0, 0.0, 0.0, 0.0, 0.0, 0.0, 0.0, 0.0, 0.0, 0.0, 0.0], "total energy": -30.41194062, "HOMO-LUMO gap/eV": 2.80973194, "electronic energy": -30.73605951, "Dipole module/D": 6.313, "Total charge": 0.0, "HOMO": -11.6446, "LUMO": -8.8349, "Fermi-level/eV": -10.2398, "Total dispersion C6": 3091.699142, "Total dispersion C8": 73983.64628, "Total polarizability alpha": 86.314114, "Total FOD": 0.0}