{"dipole": [-0.01076951, -0.0133264, -4.979e-05], "partial charges": [-0.10212301, -0.0167676, -0.05781801, -0.05361614, -0.05362832, -0.05783493, -0.01678788, -0.10214158, 0.03039725, 0.03026731, 0.03349719, 0.02913157, 0.02915327, 0.02563485, 0.02772526, 0.02450627, 0.02774258, 0.02451353, 0.02916773, 0.02564378, 0.02915075, 0.03350316, 0.03028707, 0.03039588], "mulliken charges": [-0.08969, -0.01199, -0.05103, -0.04473, -0.04475, -0.05104, -0.01201, -0.08971, 0.02863, 0.02693, 0.02878, 0.01981, 0.02261, 0.02439, 0.02221, 0.02408, 0.02222, 0.02408, 0.02262, 0.0244, 0.01983, 0.02879, 0.02695, 0.02863], "cm5 charges": [-0.23821, -0.08146, -0.15869, -0.15436, -0.15438, -0.15871, -0.08149, -0.23824, 0.08011, 0.07889, 0.08073, 0.07928, 0.07858, 0.07927, 0.07755, 0.07832, 0.07756, 0.07833, 0.07859, 0.07928, 0.0793, 0.08074, 0.07891, 0.08011], "FUKUI+": [0.019, -0.035, 0.01, 0.016, 0.016, 0.01, -0.035, 0.019, -0.065, -0.051, -0.05, -0.079, -0.065, -0.075, -0.058, -0.066, -0.058, -0.066, -0.065, -0.075, -0.079, -0.05, -0.051, -0.065], "FUKUI-": [0.017, -0.016, 0.002, 0.004, 0.004, 0.002, -0.016, 0.017, -0.061, -0.049, -0.067, -0.058, -0.057, -0.08, -0.051, -0.085, -0.051, -0.085, -0.057, -0.08, -0.058, -0.067, -0.049, -0.061], "FUKUIrad": [0.018, -0.026, 0.006, 0.01, 0.01, 0.006, -0.026, 0.018, -0.063, -0.05, -0.058, -0.069, -0.061, -0.078, -0.054, -0.075, -0.054, -0.075, -0.061, -0.078, -0.068, -0.058, -0.05, -0.063], "s proportion": [1.012, 1.058, 1.033, 1.028, 1.028, 1.033, 1.058, 1.012, 0.971, 0.973, 0.971, 0.98, 0.977, 0.976, 0.978, 0.976, 0.978, 0.976, 0.977, 0.976, 0.98, 0.971, 0.973, 0.971], "p proportion": [3.077, 2.954, 3.018, 3.017, 3.017, 3.018, 2.954, 3.077, 0.0, 0.0, 0.0, 0.0, 0.0, 0.0, 0.0, 0.0, 0.0, 0.0, 0.0, 0.0, 0.0, 0.0, 0.0, 0.0], "d proportion": [0.0, 0.0, 0.0, 0.0, 0.0, 0.0, 0.0, 0.0, 0.0, 0.0, 0.0, 0.0, 0.0, 0.0, 0.0, 0.0, 0.0, 0.0, 0.0, 0.0, 0.0, 0.0, 0.0, 0.0], "Coordination numbers": [3.751, 3.85, 3.805, 3.803, 3.803, 3.805, 3.85, 3.751, 0.924, 0.924, 0.924, 0.923, 0.924, 0.924, 0.924, 0.924, 0.924, 0.924, 0.924, 0.924, 0.923, 0.924, 0.924, 0.924], "Dispersion coefficient C6": [22.512, 20.839, 21.611, 21.535, 21.535, 21.611, 20.84, 22.513, 2.581, 2.583, 2.537, 2.599, 2.599, 2.65, 2.619, 2.666, 2.619, 2.666, 2.598, 2.649, 2.599, 2.537, 2.582, 2.581], "Polarizability alpha": [6.766, 6.493, 6.618, 6.607, 6.607, 6.618, 6.493, 6.766, 2.512, 2.513, 2.491, 2.521, 2.521, 2.546, 2.531, 2.553, 2.531, 2.553, 2.521, 2.545, 2.521, 2.491, 2.513, 2.512], "FOD": [0.0, 0.0, 0.0, 0.0, 0.0, 0.0, 0.0, 0.0, 0.0, 0.0, 0.0, 0.0, 0.0, 0.0, 0.0, 0.0, 0.0, 0.0, 0.0, 0.0, 0.0, 0.0, 0.0, 0.0], "FOD s proportion": [0.0, 0.0, 0.0, 0.0, 0.0, 0.0, 0.0, 0.0, 0.0, 0.0, 0.0, 0.0, 0.0, 0.0, 0.0, 0.0, 0.0, 0.0, 0.0, 0.0, 0.0, 0.0, 0.0, 0.0], "FOD p proportion": [0.0, 0.0, 0.0, 0.0, 0.0, 0.0, 0.0, 0.0, 0.0, 0.0, 0.0, 0.0, 0.0, 0.0, 0.0, 0.0, 0.0, 0.0, 0.0, 0.0, 0.0, 0.0, 0.0, 0.0], "FOD d proportion": [0.0, 0.0, 0.0, 0.0, 0.0, 0.0, 0.0, 0.0, 0.0, 0.0, 0.0, 0.0, 0.0, 0.0, 0.0, 0.0, 0.0, 0.0, 0.0, 0.0, 0.0, 0.0, 0.0, 0.0], "total energy": -25.3175184, "HOMO-LUMO gap/eV": 12.6021954, "electronic energy": -25.68028016, "Dipole module/D": 0.044, "Total charge": 0.0, "HOMO": -11.0295, "LUMO": 1.5726, "Fermi-level/eV": -4.7284, "Total dispersion C6": 3958.95378, "Total dispersion C8": 83765.130441, "Total polarizability alpha": 93.345433, "Total FOD": 0.0}