{"dipole": [1.6048942138426665, 0.26123755971901225, 0.6391235124037001], "partial charges": [-0.11222351888457138, 0.02424631059708092, -0.24600195436384167, 0.40427349908641663, -0.41531805611160133, -0.2667063375302433, 0.04226798823244256, -0.24178453514889892, 0.17690789187543632, -0.10626143458397695, 0.3601770464518534, -0.42834140337064186, -0.2733780201467821, 0.12308919389484475, -0.11233544161299057, -0.11427474921505267, -0.12567327583392318, 0.04792050976854583, 0.0496797398243621, 0.048796943996319904, 0.03848716511278964, 0.05283317514556994, 0.22494897611938508, 0.06447879047457487, 0.060710156823326956, 0.06188909121211706, 0.07901796939227627, 0.046832731909773086, 0.04816128315870674, 0.051014605685611836, 0.049481775997647894, 0.05306310271161482, 0.04969794296220215, 0.04964672502092353, 0.07209897578844685, 0.0839130237684369, 0.0786641119994506], "mulliken charges": [-0.09589493705509455, 0.1021956322248996, -0.3464805486477429, 0.4094246028940945, -0.225771364686918, -0.3728461486471075, 0.1784706006227359, -0.3404265382182455, 0.30274861585052515, -0.1404273285017557, 0.5826184679046074, -0.5399407608501973, -0.4279308633843779, 0.23234528693708256, -0.10226556622171284, -0.10004796408797706, -0.10475369269066538, 0.03008652959700483, 0.031240929864447216, 0.032995157217705844, 0.03005453810286128, 0.02873006822509624, 0.24179016706420617, 0.0308819233789458, 0.03240850025481521, 0.030893469576796825, 0.05858561777020037, 0.038955350946011866, 0.03487847306762014, 0.047114966274174705, 0.036706355410135526, 0.03906560187721921, 0.03855884094076557, 0.03700279459475992, 0.05018014287366195, 0.06164649738239149, 0.05721111101064737], "cm5 charges": [-0.24052708375929552, 0.05361629181958157, -0.671646858082847, 0.4007357154058137, -0.19451484522660945, -0.4384629002076619, 0.06357896377994336, -0.3846955413069233, 0.31722480472803427, -0.18360883934556813, 0.6386781627682451, -0.5953966707380168, -0.5063014225046164, 0.18712928674312657, -0.24679428131554654, -0.24470067237748072, -0.24455999396261496, 0.08177575001152948, 0.08402635709777197, 0.08639811317213111, 0.09744362023192103, 0.09528634682693272, 0.45206822743886355, 0.09101962314426189, 0.09457577868756661, 0.0925903174688466, 0.12109182804399404, 0.1084383176654857, 0.08749986693299762, 0.10185212344426467, 0.08992127439345118, 0.09250951756603974, 0.09169734013437292, 0.08983912971546634, 0.10438938033228388, 0.11650290801695659, 0.11131468596817147], "FUKUI+": [0.007319629855218998, 0.007605762640729691, -0.0020280204053309435, -0.0648968734973722, -0.08521414528441067, 0.009953566558123093, 0.013325744663192897, -0.014476773127534098, -0.11024021832086242, -0.042847840495829764, -0.07077515225679508, -0.14752762201833305, -0.07371031995399027, 0.009000000000000001, 0.012792937129894759, 0.012207062870105242, 0.03456144797067176, -0.014639334686395451, -0.014074692602250577, -0.005781709332591222, -0.005603639333290301, -0.010065904562501459, -0.0010241164290471635, -0.01805631546037263, -0.015882804812043527, -0.014639367609160917, -0.08301584548305577, -0.017840073923244357, -0.02628286528814387, -0.0070453724496992946, -0.02225653649822839, -0.020874502513291884, -0.01857728937847641, -0.020949996058167115, -0.05544024410995365, -0.06347268107894172, -0.06031745847925347], "FUKUI-": [0.01159969841923827, 0.014951547251387656, -0.009961807583807724, -0.14375431103562802, -0.36522882612033813, 0.001218230478226053, 0.022777565227653486, 0.005846312603923476, -0.002752953284114608, -0.022213835115048323, -0.003165729800925042, -0.029696225649612534, -0.03583308553821542, -0.00020223415754275467, 0.005124285223139983, 0.0073406780664562535, 0.015557030122160587, -0.027122502568234067, -0.024957547327359678, -0.022205839643480243, -0.03519033056896799, -0.02184098244366255, -0.027227566286979987, -0.0274063073760783, -0.02057880249881882, -0.01576776484650659, -0.03788272352951531, -0.022281120181491122, -0.022551246587695972, -0.0143432291192353, -0.021139634126475283, -0.025164811054344788, -0.02274562346809936, -0.02108332241617861, -0.023389007466371393, -0.02136265090442662, -0.01859013439979512], "FUKUIrad": [0.009734175592802935, 0.011251043594832836, -0.006087779776590896, -0.1043306621249193, -0.2249868752723198, 0.005548577699912627, 0.0180239171541851, -0.004633597212702282, -0.056271935081753065, -0.032372423813893866, -0.037075133790666355, -0.08886770995948283, -0.05483687369421689, 0.004704090331127882, 0.008708989824104141, 0.009764171680768393, 0.024806740623547003, -0.02103177756320566, -0.019627454233684987, -0.013863996514898716, -0.020299782137425008, -0.01591216531309182, -0.013932401661718179, -0.02240648530770459, -0.01832647691744188, -0.015181098212239733, -0.06044399821652133, -0.020032243864002364, -0.024066830200452836, -0.010419918377512391, -0.02196740304569919, -0.0231499870600736, -0.0207082664121548, -0.02103860738963329, -0.039420623283654616, -0.0424919408686252, -0.039404270248885], "s proportion": [1.0125005962055067, 1.0038358986615088, 1.45016790798977, 1.4664703128979446, 1.888145220868313, 1.6508028190555462, 0.9713492547699613, 1.6402554581809203, 1.0435377330285773, 1.060760472915782, 0.9700656778891342, 1.7262701794457942, 1.6998314201699103, 1.017, 1.0157929371298948, 1.0152335713478253, 1.0154094124414959, 0.9699323411295119, 0.9686096313694209, 0.9669347759072979, 0.9700438528893682, 0.9716848190447064, 0.7579641305493051, 0.9692063719008811, 0.9676952497601422, 0.968818605953344, 0.9415805076916788, 0.9611726118466601, 0.9650182065926431, 0.9525738367913421, 0.9634387162738614, 0.9607959132466771, 0.9611794118536828, 0.9628546220172787, 0.9497092475014723, 0.9382748684145409, 0.9427915451172302], "p proportion": [3.0833548719004136, 2.8937497300784045, 3.8961667482726914, 2.0067190779157813, 4.351823324979206, 4.722376446182357, 2.8501638975993067, 4.700225838104475, 2.6535292179642194, 3.0798340287871016, 2.4476228206694124, 4.813558476258913, 4.728322092444062, 2.7506604580990173, 3.086352175417191, 3.0845393894600828, 3.0889954597258154, 0.0, 0.0, 0.0, 0.0, 0.0, 0.0, 0.0, 0.0, 0.0, 0.0, 0.0, 0.0, 0.0, 0.0, 0.0, 0.0, 0.0, 0.0, 0.0, 0.0], "d proportion": [0.0, 0.0, 0.0, 1.1178853114376133, -0.014247439516623729, 0.0, 0.0, 0.0, 0.0, 0.0, 0.0, 0.0, 0.0, 0.0, 0.0, 0.0, 0.0, 0.0, 0.0, 0.0, 0.0, 0.0, 0.0, 0.0, 0.0, 0.0, 0.0, 0.0, 0.0, 0.0, 0.0, 0.0, 0.0, 0.0, 0.0, 0.0, 0.0], "Coordination numbers": [3.7501893814497267, 3.9051736935351684, 2.6304754184762786, 4.015807007246753, 0.9242366804926199, 1.6570000000000003, 3.865839793461568, 1.660873508148034, 2.961720316166521, 2.893560446933722, 2.7154574469572155, 0.8560265084777202, 1.7049469830445598, 3.7441530003296863, 3.751, 3.751, 3.753896712624341, 0.924, 0.924, 0.924, 0.924, 0.924, 0.908990035269138, 0.924, 0.924, 0.924, 0.9250000000000002, 0.924, 0.924, 0.924, 0.924, 0.924, 0.924, 0.924, 0.924, 0.924, 0.924], "Dispersion coefficient C6": [22.710039263624253, 20.110100040560575, 26.417379749260686, 143.5118061025932, 157.3459118569693, 18.437575934900373, 19.8237798836822, 18.02236843523956, 24.20405697793615, 30.68212647273578, 20.888312775280426, 22.25601729916951, 18.534302525634626, 18.64099479722283, 22.711766896683006, 22.749447807751064, 22.969020445924208, 2.346584852311983, 2.3241600472963797, 2.335255202590421, 2.473173854129751, 2.2855271764083356, 0.9853498732448708, 2.1472666408152836, 2.191091361627712, 2.177835581669114, 1.9890467739122375, 2.360301726151192, 2.3430947853415556, 2.307863591041361, 2.3267626511433797, 2.2822983135336528, 2.323897173152043, 2.3248371697074215, 2.0669199533130977, 1.9405805227174946, 1.9972655266998744],