{"dipole": [-0.00527604, -0.32846325, 0.00315952], "partial charges": [-0.04520702, -0.04521594, -0.02301791, -0.01495883, -0.02300894, 0.03470431, 0.03470991, 0.04099992, 0.04099449], "mulliken charges": [-0.06286, -0.06287, 0.00353, -0.02067, 0.00354, 0.03314, 0.03314, 0.03652, 0.03652], "cm5 charges": [-0.11573, -0.11575, -0.03443, -0.06208, -0.03442, 0.08832, 0.08833, 0.09289, 0.09288], "FUKUI+": [-0.045, -0.045, -0.037, -0.384, -0.037, -0.111, -0.111, -0.115, -0.115], "FUKUI-": [-0.061, -0.061, -0.006, -0.452, -0.006, -0.106, -0.106, -0.102, -0.102], "FUKUIrad": [-0.053, -0.053, -0.021, -0.418, -0.021, -0.108, -0.108, -0.109, -0.109], "s proportion": [1.057, 1.057, 1.053, 1.912, 1.053, 0.967, 0.967, 0.963, 0.963], "p proportion": [3.006, 3.006, 2.943, 4.084, 2.943, 0.0, 0.0, 0.0, 0.0], "d proportion": [0.0, 0.0, 0.0, 0.024, 0.0, 0.0, 0.0, 0.0, 0.0], "Coordination numbers": [3.097, 3.097, 2.93, 2.288, 2.93, 0.925, 0.925, 0.926, 0.926], "Dispersion coefficient C6": [28.998, 28.999, 28.58, 141.672, 28.579, 2.52, 2.52, 2.435, 2.435], "Polarizability alpha": [8.825, 8.825, 8.767, 20.033, 8.767, 2.483, 2.483, 2.44, 2.44], "FOD": [0.0, 0.0, 0.0, 0.0, 0.0, 0.0, 0.0, 0.0, 0.0], "FOD s proportion": [0.0, 0.0, 0.0, 0.0, 0.0, 0.0, 0.0, 0.0, 0.0], "FOD p proportion": [0.0, 0.0, 0.0, 0.0, 0.0, 0.0, 0.0, 0.0, 0.0], "FOD d proportion": [0.0, 0.0, 0.0, 0.0, 0.0, 0.0, 0.0, 0.0, 0.0], "total energy": -13.81704139, "HOMO-LUMO gap/eV": 3.96273113, "electronic energy": -14.01811822, "Dipole module/D": 0.835, "Total charge": 0.0, "HOMO": -10.6079, "LUMO": -6.6452, "Fermi-level/eV": -8.6265, "Total dispersion C6": 1571.239585, "Total dispersion C8": 48618.443864, "Total polarizability alpha": 65.064333, "Total FOD": 0.0}