{"dipole": [0.10995616, -0.590289, -0.00021599], "partial charges": [-0.06981671, -0.03090706, -0.04160452, -0.03039146, -0.05204359, 0.14690114, -0.39479478, 0.02581539, 0.03248051, 0.03139542, 0.03603487, 0.0487621, 0.29816869], "mulliken charges": [-0.09819, -0.02039, -0.05025, -0.02428, -0.0679, 0.25966, -0.51893, 0.03088, 0.0301, 0.02967, 0.03135, 0.04764, 0.35064], "cm5 charges": [-0.15024, -0.07563, -0.10553, -0.07943, -0.1181, 0.27113, -0.71627, 0.08883, 0.08549, 0.08502, 0.08678, 0.10614, 0.5218], "FUKUI+": [-0.071, -0.074, -0.035, -0.075, -0.071, -0.048, -0.061, -0.103, -0.107, -0.098, -0.107, -0.104, -0.047], "FUKUI-": [-0.043, -0.04, -0.086, -0.035, -0.052, -0.067, -0.158, -0.084, -0.089, -0.099, -0.088, -0.088, -0.07], "FUKUIrad": [-0.057, -0.057, -0.06, -0.055, -0.061, -0.058, -0.109, -0.094, -0.098, -0.099, -0.098, -0.096, -0.059], "s proportion": [1.059, 1.06, 1.056, 1.062, 1.055, 1.017, 1.692, 0.969, 0.97, 0.97, 0.969, 0.952, 0.649], "p proportion": [3.04, 2.961, 2.994, 2.963, 3.012, 2.723, 4.827, 0.0, 0.0, 0.0, 0.0, 0.0, 0.0], "d proportion": [0.0, 0.0, 0.0, 0.0, 0.0, 0.0, 0.0, 0.0, 0.0, 0.0, 0.0, 0.0, 0.0], "Coordination numbers": [2.912, 2.914, 2.912, 2.913, 2.913, 2.844, 1.659, 0.925, 0.925, 0.925, 0.925, 0.925, 0.804], "Dispersion coefficient C6": [29.74, 28.771, 29.033, 28.758, 29.292, 24.802, 20.748, 2.647, 2.551, 2.567, 2.502, 2.335, 0.727], "Polarizability alpha": [8.942, 8.796, 8.836, 8.794, 8.875, 8.162, 6.149, 2.544, 2.498, 2.505, 2.474, 2.39, 1.339], "FOD": [0.0, 0.0, 0.0, 0.0, 0.0, 0.0, 0.0, 0.0, 0.0, 0.0, 0.0, 0.0, 0.0], "FOD s proportion": [0.0, 0.0, 0.0, 0.0, 0.0, 0.0, 0.0, 0.0, 0.0, 0.0, 0.0, 0.0, 0.0], "FOD p proportion": [0.0, 0.0, 0.0, 0.0, 0.0, 0.0, 0.0, 0.0, 0.0, 0.0, 0.0, 0.0, 0.0], "FOD d proportion": [0.0, 0.0, 0.0, 0.0, 0.0, 0.0, 0.0, 0.0, 0.0, 0.0, 0.0, 0.0, 0.0], "total energy": -19.95319146, "HOMO-LUMO gap/eV": 4.24862878, "electronic energy": -20.26145838, "Dipole module/D": 1.526, "Total charge": 0.0, "HOMO": -10.422, "LUMO": -6.1734, "Fermi-level/eV": -8.2977, "Total dispersion C6": 2046.098282, "Total dispersion C8": 49546.568287, "Total polarizability alpha": 72.302715, "Total FOD": 0.0}