{"dipole": [-0.4188987160177384, 0.018836022141167925, 0.04067087320318135], "partial charges": [-0.028634050345880457, -0.03191943723557316, -0.027701167122757824, -0.0004847101939894201, 0.1281639391863973, -0.39092392715282326, -0.018391134312554444, -0.036728491411968926, -0.0317918981564765, -0.030524255971895245, -0.034718718276278815, 0.01399765976918236, -0.06170327677769923, 0.0138773897312096, -0.03737812924692806, 0.028946464959881225, 0.030334898106486072, 0.04594628853031499, 0.3011316466366346, 0.01647551729739966, 0.028178987125333035, 0.02903913212351476, 0.03247129135474699, 0.031504077754841306, 0.030831914776681738], "mulliken charges": [-0.02474410376413705, -0.03510161953149748, -0.01815411945996372, -0.022157877343643936, 0.24336712279942355, -0.5158168708077917, -0.04723025170549681, -0.03614948117931474, -0.03015754715901377, -0.02712737421878535, -0.03501198110778098, 0.014751446591269061, -0.07502091207475713, 0.01168687109392677, -0.04005146228709573, 0.029554103764137047, 0.030572955965844806, 0.04395556605123278, 0.3533901572444017, 0.02190635198710648, 0.03070033018463016, 0.030823113210246555, 0.03253163522732415, 0.03270558174705945, 0.030787216974383604], "cm5 charges": [-0.08012180816755256, -0.09043047173320524, -0.06911985845142492, -0.024190503124858584, 0.25988006306944167, -0.7156496224417547, -0.05070566051232784, -0.08910668245787168, -0.08567836477267585, -0.08256163522732414, -0.08764198110778097, 0.007671446591269062, -0.1247874686798804, 0.004609166690511252, -0.0926803144888035, 0.08499180816755256, 0.0860129559658448, 0.10388375788368022, 0.5272956919039811, 0.08037193373416593, 0.08607147798292239, 0.0862619654119543, 0.08874048742903191, 0.08988754715901376, 0.08698492137779913], "FUKUI+": [-0.028999999999999998, -0.027999999999999997, -0.034, -0.016, -0.05111477982922404, -0.048426100853879744, -0.014999999999999998, -0.03599999999999999, -0.028999999999999998, -0.028999999999999998, -0.03688522017077594, -0.016, -0.04211477982922405, -0.017, -0.032999999999999995, -0.05911477982922404, -0.059, -0.052, -0.0312295596584481, -0.05299999999999999, -0.06099999999999999, -0.06099999999999999, -0.05588522017077595, -0.05511477982922404, -0.053114779829224044], "FUKUI-": [-0.026999999999999996, -0.03188522017077595, -0.03011477982922405, -0.019, -0.04311477982922404, -0.0675408806831038, -0.019885220170775948, -0.026999999999999996, -0.029114779829224047, -0.027999999999999997, -0.029114779829224047, -0.017999999999999995, -0.051885220170775945, -0.017, -0.032999999999999995, -0.059, -0.059, -0.049999999999999996, -0.03611477982922404, -0.047999999999999994, -0.057999999999999996, -0.057999999999999996, -0.05099999999999999, -0.057999999999999996, -0.05299999999999999], "FUKUIrad": [-0.027999999999999997, -0.029999999999999995, -0.032, -0.017, -0.047114779829224046, -0.05754088068310379, -0.017, -0.032, -0.028999999999999998, -0.027999999999999997, -0.032999999999999995, -0.017, -0.04699999999999999, -0.017, -0.032999999999999995, -0.059, -0.059, -0.05099999999999999, -0.0332295596584481, -0.05088522017077594, -0.059, -0.059, -0.05299999999999999, -0.05611477982922405, -0.05299999999999999], "s proportion": [1.060114779829224, 1.0589999999999997, 1.065, 1.0681147798292239, 1.0357704403415517, 1.6941147798292238, 1.0749999999999997, 1.061114779829224, 1.0571147798292237, 1.0589999999999997, 1.065, 1.0699999999999998, 1.063114779829224, 1.071, 1.0629999999999997, 0.9699999999999999, 0.9689999999999999, 0.956, 0.647, 0.9784261008538797, 0.9689999999999999, 0.9689999999999999, 0.967114779829224, 0.9669999999999999, 0.9689999999999999], "p proportion": [2.9639999999999995, 2.9767704403415514, 2.9531147798292237, 2.9538852201707755, 2.72157389914612, 4.82157389914612, 2.9726556605123275, 2.9747704403415516, 2.9729999999999994, 2.968, 2.970114779829224, 2.915114779829224, 3.0125408806831033, 2.9179999999999997, 2.9768852201707756, 0.0, 0.0, 0.0, 0.0, 0.0, 0.0, 0.0, 0.0, 0.0, 0.0], "d proportion": [0.0, 0.0, 0.0, 0.0, 0.0, 0.0, 0.0, 0.0, 0.0, 0.0, 0.0, 0.0, 0.0, 0.0, 0.0, 0.0, 0.0, 0.0, 0.0, 0.0, 0.0, 0.0, 0.0, 0.0, 0.0], "Coordination numbers": [2.9099999999999997, 2.909, 2.917, 2.976, 2.8422295596584477, 1.6579999999999997, 2.970344339487672, 2.915, 2.9079999999999995, 2.9099999999999997, 2.920885220170775, 2.9819999999999998, 2.925885220170776, 2.9819999999999998, 2.9198852201707757, 0.925, 0.925, 0.925, 0.8048852201707759, 0.925, 0.925, 0.925, 0.925, 0.925, 0.925], "Dispersion coefficient C6": [28.715999999999998, 28.795852201707756, 28.693033018463016, 28.035606917609133, 25.186083330948872, 20.674086470114208, 28.46375314631871, 28.913180816755254, 28.792311321024652, 28.761196541195428, 28.86457389914612, 27.694262578121464, 29.534834907684914, 27.696918238633792, 28.929852201707757, 2.6016556605123276, 2.5817704403415513, 2.371229559658448, 0.7175408806831037, 2.7875707599807855, 2.6125408806831034, 2.5999999999999996, 2.5516886789753443, 2.5649669815369833, 2.574885220170776], "Polarizability alpha": [8.786999999999999, 8.798885220170774, 8.784114779829224, 8.685229559658447, 8.22491823863379, 6.137984275559824, 8.751311321024655, 8.817344339487672, 8.798885220170774, 8.793885220170775, 8.810114779829224, 8.632229559658448, 8.912196541195431, 8.633114779829222, 8.819885220170775, 2.5218852201707755, 2.5128852201707756, 2.4081147798292237, 1.3305408806831036, 2.6106871093926767, 2.527770440341552, 2.522, 2.4982295596584483, 2.5045408806831033, 2.5089999999999995], "FOD": [0.0, 0.0, 0.0, 0.0, 0.0, 0.0, 0.0, 0.0, 0.0, 0.0, 0.0, 0.0, 0.0, 0.0, 0.0, 0.0, 0.0, 0.0, 0.0, 0.0, 0.0, 0.0, 0.0, 0.0, 0.0], "FOD s proportion": [0.0, 0.0, 0.0, 0.0, 0.0, 0.0, 0.0, 0.0, 0.0, 0.0, 0.0, 0.0, 0.0, 0.0, 0.0, 0.0, 0.0, 0.0, 0.0, 0.0, 0.0, 0.0, 0.0, 0.0, 0.0], "FOD p proportion": [0.0, 0.0, 0.0, 0.0, 0.0, 0.0, 0.0, 0.0, 0.0, 0.0, 0.0, 0.0, 0.0, 0.0, 0.0, 0.0, 0.0, 0.0, 0.0, 0.0, 0.0, 0.0, 0.0, 0.0, 0.0], "FOD d proportion": [0.0, 0.0, 0.0, 0.0, 0.0, 0.0, 0.0, 0.0, 0.0, 0.0, 0.0, 0.0, 0.0, 0.0, 0.0, 0.0, 0.0, 0.0, 0.0, 0.0, 0.0, 0.0, 0.0, 0.0, 0.0], "total energy": -39.12910942266539, "HOMO-LUMO gap/eV": 1.8408281628345926, "electronic energy": -39.79945644750134, "Dipole module/D": 1.356363203093181, "Total charge": 0.0, "HOMO": -9.50034874004184, "LUMO": -7.65954197939097, "Fermi-level/eV": -8.579901098707866, "Total dispersion C6": 8896.506736734524, "Total dispersion C8": 224872.39910963443, "Total polarizability alpha": 152.33263021075743, "Total FOD": 0.0}