{"dipole": [-1.6518858686201259, 0.08366285845754513, 0.07659743886174078], "partial charges": [0.03825573558370278, -0.267249687696984, 0.5164207408617427, -0.4068754852672812, -0.26347639884642793, 0.038320076927390805, -0.23863065954348572, 0.15960723732907747, -0.04879507169132645, -0.020353056510841478, -0.0005680312260550908, 0.5312946751390347, -0.37441958471518005, -0.37438653299577496, 0.03901960907106499, -0.11553299529896574, -0.056746847913317904, 0.06715194257447157, 0.06901003738927518, 0.06487605170814577, 0.06932177700756957, 0.06545369224218306, 0.06593834578105595, 0.07351290191121701, 0.08279149878581842, 0.064463544735481, 0.07159534464287137, 0.07567834247333595, 0.07432278650851908], "mulliken charges": [0.17859345430675108, -0.3569772496433791, 0.4431945158564665, -0.19165530801302794, -0.35359541899268976, 0.17811928446704287, -0.32574860394057725, 0.27633955362204643, -0.06160904041661238, -0.009392630927258486, 0.017680841110781175, 0.6782339345932705, -0.46728663290920114, -0.4671195600107696, 0.034607139478002105, -0.08316131621413977, -0.07417966587986276, 0.03723757106121966, 0.03906823648783057, 0.035767876248418304, 0.03644253497932778, 0.03602423820310667, 0.038564222715690384, 0.06463427626247724, 0.0675087144265816, 0.05122630863062778, 0.05496970044523067, 0.05794458300799059, 0.06457184206027332], "cm5 charges": [0.06352253191209431, -0.423149619100869, 0.40375888359084094, -0.16110596140088043, -0.4193527896653084, 0.06308617722218934, -0.3711293622777341, 0.29861337415392364, -0.11030196247880844, -0.055168773821144566, 0.07324330584986691, 0.514391568996969, -0.4288651140110045, -0.42851179494904174, 0.025649326874250238, -0.22387650570296797, -0.12084457852668483, 0.09879726611503444, 0.10028028860863324, 0.09758997940553847, 0.09726555847722271, 0.09795227914048633, 0.10038232063479972, 0.12544282817015004, 0.12844999681537653, 0.10551872910539753, 0.10914058303522857, 0.11208878216582148, 0.12712446925106655], "FUKUI+": [0.00909231659102071, 0.0038328409808914845, -0.032658174489021266, -0.045080109179753795, -0.008820900385264945, 0.009053487849098941, -0.019171930712979995, -0.059053487849098925, -0.020197233804050866, -0.024832238334911053, -0.017000000000000005, -0.11905348784909896, -0.16159104444035324, -0.16171746562964953, -0.03471249711030087, 0.024999999999999998, -0.017856254045048075, -0.011299393296060736, -0.01150771505123503, -0.009907263804917653, -0.012397898792916449, -0.009662557929571814, -0.007639344781027576, -0.0592688866501792, -0.0462856260438175, -0.03210170251073264, -0.03365381044336777, -0.03485961918220025, -0.057344111396730846], "FUKUI-": [0.02246179863236995, -0.0024179441788020894, -0.13918480279763665, -0.3853210341678038, -0.007014926630314254, 0.022521553212541647, -0.003543253446785085, -0.0013950388994468097, -0.01561869673370044, -0.009838916477009185, -0.021857166456019022, -0.01741620450555445, -0.06135490157965007, -0.06165215085261234, -0.019240178188873917, 0.012970357184840237, -0.0033715175603271706, -0.02050920321733366, -0.02761924031455807, -0.018123840861963746, -0.025576732029899726, -0.01717216845019386, -0.024620827679861394, -0.026278725911448905, -0.03339175846733062, -0.031170833725936715, -0.03120529573893394, -0.03486370631405262, -0.017704187756780565], "FUKUIrad": [0.01582873755895039, 0.000659857010319195, -0.08610611931042424, -0.2154061749861431, -0.00788768456279945, 0.015805216416735296, -0.011085742430303686, -0.030228611487785627, -0.017891632645625648, -0.01705333830955897, -0.019488686749876312, -0.06805348784909897, -0.11165153932361005, -0.11171725890977822, -0.02698222413846888, 0.018970357184840237, -0.010626485853889624, -0.016075384610376227, -0.01953712937240836, -0.014096935290519409, -0.019185369502025058, -0.013408023464911364, -0.01613367430277857, -0.042660051944355064, -0.03975718426455725, -0.03141372252121457, -0.032593731392397116, -0.034759574780464514, -0.037812032031665985], "s proportion": [0.972887958990891, 1.6462049346451146, 1.4339530485755845, 1.888289998710355, 1.646210165974231, 0.9729719553588841, 1.6371298692990237, 1.0211661971301387, 1.0619271167548863, 1.0674162045055546, 1.068, 1.331, 1.747431113130677, 1.747550961468253, 1.0925837954944457, 1.009104885548908, 1.067876527178564, 0.9627880233278733, 0.9608293713411483, 0.964226053741986, 0.9634710144689053, 0.9638162942506022, 0.961408968310292, 0.9352912376946044, 0.9326018612300868, 0.9489963707092965, 0.9449033007505511, 0.9418743339345872, 0.9355331378481064], "p proportion": [2.848934973391016, 4.710830370321766, 1.9295271778435423, 4.318080744004475, 4.707313545567518, 2.849591002478577, 4.688637983469709, 2.7021906749847795, 2.9999822372971208, 2.941959657842822, 2.9149482598644854, 2.990000000000001, 4.720007279025498, 4.719765131261654, 2.8732146392930447, 3.0740000000000003, 3.006362328543743, 0.0, 0.0, 0.0, 0.0, 0.0, 0.0, 0.0, 0.0, 0.0, 0.0, 0.0, 0.0], "d proportion": [0.0, 0.0, 1.193341815879628, -0.01471000128964496, 0.0, 0.0, 0.0, 0.0, 0.0, 0.0, 0.0, 0.0, 0.0, 0.0, 0.0, 0.0, 0.0, 0.0, 0.0, 0.0, 0.0, 0.0, 0.0, 0.0, 0.0, 0.0, 0.0, 0.0, 0.0], "Coordination numbers": [3.8734194648631224, 1.6570000000000003, 4.031328327915858, 0.9240000000000003, 1.6570000000000003, 3.872572763926689, 1.6629591070248564, 3.0163979573344966, 2.913554152679285, 2.9094445832826366, 2.902053487849099, 2.7560000000000002, 0.926, 0.926, 2.9555837954944457, 3.7530000000000006, 2.918392359471616, 0.9240000000000003, 0.9240000000000003, 0.9240000000000003, 0.9240000000000003, 0.9240000000000003, 0.9240000000000003, 0.9250000000000003, 0.9250000000000003, 0.9240000000000003, 0.9240000000000003, 0.9240000000000003, 0.9250000000000003], "Dispersion coefficient C6": [19.886936842698145, 18.446831496083234, 139.28709344371288, 156.9483320000894, 18.383215627633675, 19.886457905043894, 17.968400112498294, 24.532715499205242, 29.21142044291581, 28.514830295059724, 28.04187619767357, 13.682145687849644, 21.14424024621729, 21.14350232971005, 27.12421315156146, 22.770029461921755, 29.409995522102616, 2.118243998357458, 2.098235070842487, 2.1442447040608785, 2.0944136371351774, 2.137192596923008, 2.1328302817517106, 2.04746198359876, 1.9503891018106574, 2.1494085540129557, 2.0730552594380622, 2.0292272643361318, 2.0389697670839713], "Polarizability alpha": [6.340971497813819, 5.798012251308823, 21.200204521698552, 21.189712526379463, 5.788041901297277, 6.341092897428872, 5.722292447275756, 8.12461211716314, 8.862637097842695, 8.756124425881742, 8.682945557890207, 5.493930080053244, 6.166749959928031, 6.166706920866519, 8.542262058663987, 6.804384633649104, 8.893218934487727, 2.275832115806508, 2.265006062908126, 2.289457202946846, 2.262786363011072, 2.286114492826594, 2.283414157197046, 2.237521589629998, 2.1841499056298064, 2.2924538396733922, 2.2507320384732066, 2.2265402578258793, 2.2328555879006045], "FOD": [0.0, 0.0, 0.0, 0.0, 0.0, 0.0, 0.0, 0.0, 0.0, 0.0, 0.0, 0.0, 0.0, 0.0, 0.0, 0.0, 0.0, 0.0, 0.0, 0.0, 0.0, 0.0, 0.0, 0.0, 0.0, 0.0, 0.0, 0.0, 0.0], "FOD s proportion": [0.0, 0.0, 0.0, 0.0, 0.0, 0.0, 0.0, 0.0, 0.0, 0.0, 0.0, 0.0, 0.0, 0.0, 0.0, 0.0, 0.0, 0.0, 0.0, 0.0, 0.0, 0.0, 0.0, 0.0, 0.0, 0.0, 0.0, 0.0, 0.0], "FOD p proportion": [0.0, 0.0, 0.0, 0.0, 0.0, 0.0, 0.0, 0.0, 0.0, 0.0, 0.0, 0.0, 0.0, 0.0, 0.0, 0.0, 0.0, 0.0, 0.0, 0.0, 0.0, 0.0, 0.0, 0.0, 0.0, 0.0, 0.0, 0.0, 0.0], "FOD d proportion": [0.0, 0.0, 0.0, 0.0, 0.0, 0.0, 0.0, 0.0, 0.0, 0.0, 0.0, 0.0, 0.0, 0.0, 0.0, 0.0, 0.0, 0.0, 0.0, 0.0, 0.0, 0.0, 0.0, 0.0, 0.0, 0.0, 0.0, 0.0, 0.0], "total energy": -54.42789429204793, "HOMO-LUMO gap/eV": 1.3371182609178214, "electronic energy": -54.93940238267884, "Dipole module/D": 6.709025104720422, "Total charge": 0.0, "HOMO": -10.263356732398355, "LUMO": -8.926244629104353, "Fermi-level/eV": -9.591045457721934, "Total dispersion C6": 12581.170728573421, "Total dispersion C8": 351518.96184090833, "Total polarizability alpha": 175.96025711577445, "Total FOD": 0.0}