{"dipole": [-1.65621601, -0.07776285, 0.06787699], "partial charges": [-0.20872575, 0.47751519, -0.20872527, -0.20895028, -0.02080429, -0.01986712, -0.02214161, -0.01930585, -0.02213936, -0.01987147, 0.05832219, 0.05295562, 0.0504612, 0.05295137, 0.05832544], "mulliken charges": [-0.2502, 0.63285, -0.2502, -0.25, -0.02824, -0.01282, -0.02028, -0.01538, -0.02028, -0.01283, 0.05156, 0.04204, 0.04017, 0.04204, 0.05156], "cm5 charges": [-0.27109, 0.68445, -0.27109, -0.2699, -0.0311, -0.06378, -0.07545, -0.07067, -0.07544, -0.06378, 0.10881, 0.09736, 0.09552, 0.09735, 0.10881], "FUKUI+": [-0.045, -0.008, -0.045, -0.052, -0.106, -0.047, -0.041, -0.085, -0.041, -0.047, -0.094, -0.095, -0.105, -0.095, -0.094], "FUKUI-": [-0.059, -0.004, -0.059, -0.067, -0.056, -0.051, -0.055, -0.043, -0.055, -0.051, -0.095, -0.102, -0.106, -0.102, -0.095], "FUKUIrad": [-0.052, -0.006, -0.052, -0.059, -0.081, -0.049, -0.048, -0.064, -0.048, -0.049, -0.095, -0.099, -0.106, -0.099, -0.095], "s proportion": [1.826, 1.031, 1.826, 1.826, 1.076, 1.064, 1.062, 1.065, 1.062, 1.064, 0.948, 0.958, 0.96, 0.958, 0.948], "p proportion": [5.425, 2.336, 5.425, 5.424, 2.952, 2.948, 2.958, 2.95, 2.958, 2.948, 0.0, 0.0, 0.0, 0.0, 0.0], "d proportion": [0.0, 0.0, 0.0, 0.0, 0.0, 0.0, 0.0, 0.0, 0.0, 0.0, 0.0, 0.0, 0.0, 0.0, 0.0], "Coordination numbers": [0.788, 3.331, 0.788, 0.788, 2.961, 2.914, 2.91, 2.912, 2.91, 2.914, 0.925, 0.925, 0.925, 0.925, 0.925], "Dispersion coefficient C6": [11.326, 17.468, 11.326, 11.328, 28.524, 28.503, 28.558, 28.49, 28.558, 28.503, 2.219, 2.283, 2.314, 2.283, 2.219], "Polarizability alpha": [3.975, 6.63, 3.975, 3.976, 8.76, 8.755, 8.763, 8.752, 8.763, 8.755, 2.329, 2.363, 2.379, 2.363, 2.329], "FOD": [0.0, 0.0, 0.0, 0.0, 0.0, 0.0, 0.0, 0.0, 0.0, 0.0, 0.0, 0.0, 0.0, 0.0, 0.0], "FOD s proportion": [0.0, 0.0, 0.0, 0.0, 0.0, 0.0, 0.0, 0.0, 0.0, 0.0, 0.0, 0.0, 0.0, 0.0, 0.0], "FOD p proportion": [0.0, 0.0, 0.0, 0.0, 0.0, 0.0, 0.0, 0.0, 0.0, 0.0, 0.0, 0.0, 0.0, 0.0, 0.0], "FOD d proportion": [0.0, 0.0, 0.0, 0.0, 0.0, 0.0, 0.0, 0.0, 0.0, 0.0, 0.0, 0.0, 0.0, 0.0, 0.0], "total energy": -31.72949242, "HOMO-LUMO gap/eV": 4.53760385, "electronic energy": -32.04821804, "Dipole module/D": 4.218, "Total charge": 0.0, "HOMO": -11.853, "LUMO": -7.3154, "Fermi-level/eV": -9.5842, "Total dispersion C6": 2864.440838, "Total dispersion C8": 68309.593579, "Total polarizability alpha": 82.867385, "Total FOD": 0.0}