{"dipole": [0.04807643, 0.3533455, -0.17166119], "partial charges": [-0.10320473, 0.00503014, -0.0463939, -0.03865466, -0.04638815, 0.00501624, -0.10321182, -0.00219914, -0.1049372, 0.04216269, 0.0411198, 0.03677678, 0.02457823, 0.02395789, 0.0245738, 0.04110935, 0.0421816, 0.03677495, 0.04052637, 0.04052828, 0.04065349], "mulliken charges": [-0.08608, 0.0021, -0.04807, -0.03037, -0.04806, 0.00209, -0.08609, -0.01338, -0.08722, 0.03475, 0.03748, 0.03299, 0.02656, 0.02639, 0.02656, 0.03747, 0.03476, 0.03299, 0.03338, 0.03338, 0.03837], "cm5 charges": [-0.22991, -0.01322, -0.10146, -0.08583, -0.10145, -0.01324, -0.22992, -0.02651, -0.23117, 0.08702, 0.08943, 0.08488, 0.08274, 0.08186, 0.08273, 0.08942, 0.08704, 0.08488, 0.08618, 0.08618, 0.09034], "FUKUI+": [0.031, -0.07, -0.049, -0.056, -0.049, -0.07, 0.031, -0.071, 0.031, -0.052, -0.055, -0.047, -0.088, -0.091, -0.088, -0.055, -0.052, -0.047, -0.049, -0.049, -0.056], "FUKUI-": [0.027, -0.051, -0.043, -0.045, -0.043, -0.051, 0.027, -0.055, 0.028, -0.064, -0.074, -0.052, -0.073, -0.076, -0.073, -0.074, -0.064, -0.052, -0.056, -0.056, -0.08], "FUKUIrad": [0.029, -0.06, -0.046, -0.05, -0.046, -0.06, 0.029, -0.063, 0.029, -0.058, -0.064, -0.05, -0.081, -0.083, -0.081, -0.064, -0.058, -0.05, -0.052, -0.052, -0.068], "s proportion": [1.008, 1.088, 1.061, 1.057, 1.061, 1.088, 1.008, 1.09, 1.007, 0.965, 0.963, 0.967, 0.973, 0.974, 0.973, 0.963, 0.965, 0.967, 0.967, 0.967, 0.962], "p proportion": [3.078, 2.91, 2.987, 2.973, 2.987, 2.91, 3.078, 2.924, 3.081, 0.0, 0.0, 0.0, 0.0, 0.0, 0.0, 0.0, 0.0, 0.0, 0.0, 0.0, 0.0], "d proportion": [0.0, 0.0, 0.0, 0.0, 0.0, 0.0, 0.0, 0.0, 0.0, 0.0, 0.0, 0.0, 0.0, 0.0, 0.0, 0.0, 0.0, 0.0, 0.0, 0.0, 0.0], "Coordination numbers": [3.754, 2.959, 2.914, 2.908, 2.914, 2.959, 3.754, 2.96, 3.753, 0.924, 0.924, 0.924, 0.925, 0.925, 0.925, 0.924, 0.924, 0.924, 0.924, 0.924, 0.924], "Dispersion coefficient C6": [22.529, 27.909, 29.152, 28.96, 29.152, 27.909, 22.529, 28.079, 22.565, 2.42, 2.434, 2.492, 2.665, 2.674, 2.665, 2.434, 2.42, 2.492, 2.442, 2.442, 2.44], "Polarizability alpha": [6.768, 8.665, 8.854, 8.824, 8.854, 8.665, 6.768, 8.692, 6.774, 2.433, 2.44, 2.469, 2.553, 2.557, 2.553, 2.44, 2.433, 2.469, 2.444, 2.444, 2.443], "FOD": [0.0, 0.0, 0.0, 0.0, 0.0, 0.0, 0.0, 0.0, 0.0, 0.0, 0.0, 0.0, 0.0, 0.0, 0.0, 0.0, 0.0, 0.0, 0.0, 0.0, 0.0], "FOD s proportion": [0.0, 0.0, 0.0, 0.0, 0.0, 0.0, 0.0, 0.0, 0.0, 0.0, 0.0, 0.0, 0.0, 0.0, 0.0, 0.0, 0.0, 0.0, 0.0, 0.0, 0.0], "FOD p proportion": [0.0, 0.0, 0.0, 0.0, 0.0, 0.0, 0.0, 0.0, 0.0, 0.0, 0.0, 0.0, 0.0, 0.0, 0.0, 0.0, 0.0, 0.0, 0.0, 0.0, 0.0], "FOD d proportion": [0.0, 0.0, 0.0, 0.0, 0.0, 0.0, 0.0, 0.0, 0.0, 0.0, 0.0, 0.0, 0.0, 0.0, 0.0, 0.0, 0.0, 0.0, 0.0, 0.0, 0.0], "total energy": -25.38633651, "HOMO-LUMO gap/eV": 4.53049478, "electronic energy": -25.81724385, "Dipole module/D": 1.006, "Total charge": 0.0, "HOMO": -10.2744, "LUMO": -5.7439, "Fermi-level/eV": -8.0091, "Total dispersion C6": 4249.673271, "Total dispersion C8": 98936.089943, "Total polarizability alpha": 102.540161, "Total FOD": 0.0}