{"dipole": [-0.1680376323134526, 0.1602583127168708, -0.35183632700241646], "partial charges": [-0.10066080796118568, -0.05201792527841796, -0.058312347605524964, -0.057651916858691726, -0.05794456600811904, -0.0535861090697952, 0.027716005176263634, -0.19501677749616853, 0.03289582811877595, 0.03307452884412197, 0.03341903757807493, 0.029302823499105814, 0.029834081583547698, 0.031600305676135976, 0.031400854028625975, 0.03173193153900763, 0.031951857756786856, 0.03541990404415226, 0.030944093151460916, 0.043422445981471734, 0.04673018251039016, 0.05270451034999514, 0.05304206421313233], "mulliken charges": [-0.08360613785686717, -0.038640339164885885, -0.0468041374811502, -0.04544315640570484, -0.046040933252897424, -0.04869987223520852, 0.02483870671885035, -0.09352220085976043, 0.027430076067065566, 0.027248386983198668, 0.027641718968512405, 0.022369978221612196, 0.02239949710482384, 0.02335801539237213, 0.023343352867636606, 0.023767671846165597, 0.02363794153274092, 0.02464839523979212, 0.023334399682013212, 0.027835543833650733, 0.02779964684873079, 0.026561821436455912, 0.02654560456431915], "cm5 charges": [-0.2339608116976417, -0.15116931779154524, -0.1574477442205633, -0.15614357881342222, -0.15655601696265067, -0.15872546168169602, -0.09085273322470269, -0.08775738625350564, 0.07853419142361429, 0.07843273059493444, 0.07877873353142403, 0.07703459435853055, 0.0771586229144808, 0.07870334252057952, 0.07862847761539202, 0.0791470917750617, 0.07900202830942028, 0.08010762537240335, 0.07874520907673857, 0.08311659850345211, 0.08327604961863128, 0.08095678164232727, 0.08098692556305272], "FUKUI+": [0.0063532702560108335, 0.0038158399921518595, 0.0062149036959136626, 0.008517443639704496, 0.015359103460639185, 0.035094442124679305, -0.05075205775059166, -0.4553667584431026, -0.009017078529779367, -0.008296508040074448, -0.00783336079191135, -0.008596359671546537, -0.006100420947809053, -0.011324781817632353, -0.009884607457784798, -0.01545641854839119, -0.020868326951397422, -0.029249947036225868, -0.03199897414625928, -0.06777183027889731, -0.05974202132211433, -0.1406329816994408, -0.14162371126724752], "FUKUI-": [0.018247698743675995, 0.006683826003811739, 0.009405173117571131, 0.009756303386975494, 0.009290105717575204, 0.014011860981950747, 0.019477949582143637, -0.2644388157451316, -0.05948141906439226, -0.058062425157168154, -0.05843874182645516, -0.08055902652747539, -0.0772986149396271, -0.0655737980169888, -0.06203222804137605, -0.0458960765398634, -0.046919679093135984, -0.03694724454684893, -0.03559372251562423, -0.03850437813427838, -0.03430348450882924, -0.06273644615426777, -0.060138234618662], "FUKUIrad": [0.012359639527276822, 0.005133673549145105, 0.007607338270952817, 0.009060669930564575, 0.012268113094574266, 0.024615483040519266, -0.01565676617246651, -0.35970911158663177, -0.03431659849852873, -0.03323544516628387, -0.03313922776895409, -0.04470102136861645, -0.04164354755191766, -0.03857261818641605, -0.03595893885231294, -0.030555590983784454, -0.03388898480802804, -0.033106920394275235, -0.03405184239876092, -0.053345822556616095, -0.04721961305859005, -0.10186771015026352, -0.10087595472871609], "s proportion": [1.0071129829890657, 1.027, 1.0320000000000003, 1.0325284196891225, 1.0326393346189826, 1.0357523176080483, 1.0586239711247043, 1.954, 0.9725284360408467, 0.9726503969012006, 0.9721818324389704, 0.9776631354437325, 0.9778880592163992, 0.9766557239670015, 0.9766403768244476, 0.9761437099776226, 0.9762651139454358, 0.9753839273634917, 0.9766403604727232, 0.9721296321945416, 0.9722579786778858, 0.9736239711247043, 0.9736239711247043], "p proportion": [3.076223881567202, 3.0114508897507988, 3.014579853937267, 3.0132162429364624, 3.012967987300246, 3.0126126489850296, 2.9165043753586404, 5.151247682391952, 0.0, 0.0, 0.0, 0.0, 0.0, 0.0, 0.0, 0.0, 0.0, 0.0, 0.0, 0.0, 0.0, 0.0, 0.0], "d proportion": [0.0, 0.0, 0.0, 0.0, 0.0, 0.0, 0.0, -0.012, 0.0, 0.0, 0.0, 0.0, 0.0, 0.0, 0.0, 0.0, 0.0, 0.0, 0.0, 0.0, 0.0, 0.0, 0.0], "Coordination numbers": [3.7498880592163997, 3.7997750762273332, 3.8016567661724663, 3.801415436700057, 3.801392678080772, 3.874038107582514, 3.7406239711247045, 0.9915324465126766, 0.924, 0.924, 0.924, 0.924, 0.924, 0.924, 0.924, 0.924, 0.924, 0.924, 0.924, 0.924, 0.924, 0.925376028875296, 0.9250000000000002], "Dispersion coefficient C6": [22.486207619338657, 21.508685058185655, 21.622378558125426, 21.610824086650673, 21.61590447737092, 21.487780972063227, 20.181621847715476, 190.43594024890655, 2.5458178030075636, 2.5432293461571303, 2.538557271840412, 2.5964478335172174, 2.589037536110917, 2.5642141177378694, 2.566983404812464, 2.5622366352581905, 2.559265986927315, 2.5127993302663825, 2.5731538854854787, 2.4049333429969146, 2.3614422692611874, 2.2864180096822646, 2.2822780596126226], "Polarizability alpha": [6.762752317608049, 6.60338368385776, 6.620142127231341, 6.618519738852918, 6.61913364544201, 6.591006369271266, 6.40936701830056, 22.250137357058083, 2.4950213633901153, 2.4938618425436463, 2.4917226655284055, 2.519892870139475, 2.5161312299417915, 2.5041272838840483, 2.505759096886426, 2.50317030383626, 2.5017417577874874, 2.4785367273932772, 2.508571102750068, 2.4250960520114044, 2.403333596516927, 2.3646535473762027, 2.3626950001981117], "FOD": [0.0, 0.0, 0.0, 0.0, 0.0, 0.0, 0.0, 0.0, 0.0, 0.0, 0.0, 0.0, 0.0, 0.0, 0.0, 0.0, 0.0, 0.0, 0.0, 0.0, 0.0, 0.0, 0.0], "FOD s proportion": [0.0, 0.0, 0.0, 0.0, 0.0, 0.0, 0.0, 0.0, 0.0, 0.0, 0.0, 0.0, 0.0, 0.0, 0.0, 0.0, 0.0, 0.0, 0.0, 0.0, 0.0, 0.0, 0.0], "FOD p proportion": [0.0, 0.0, 0.0, 0.0, 0.0, 0.0, 0.0, 0.0, 0.0, 0.0, 0.0, 0.0, 0.0, 0.0, 0.0, 0.0, 0.0, 0.0, 0.0, 0.0, 0.0, 0.0, 0.0], "FOD d proportion": [0.0, 0.0, 0.0, 0.0, 0.0, 0.0, 0.0, 0.0, 0.0, 0.0, 0.0, 0.0, 0.0, 0.0, 0.0, 0.0, 0.0, 0.0, 0.0, 0.0, 0.0, 0.0, 0.0], "total energy": -26.733415044794317, "HOMO-LUMO gap/eV": 5.193663163716118, "electronic energy": -27.06217512474523, "Dipole module/D": 4.189016035590389, "Total charge": 0.0, "HOMO": -10.975582708700342, "LUMO": -5.781908434408959, "Fermi-level/eV": -8.37874042422662, "Total dispersion C6": 4878.094461424092, "Total dispersion C8": 133995.40558170178, "Total polarizability alpha": 105.54888283525352, "Total FOD": 0.0}