{"dipole": [0.38365295982732195, 0.25255023337532784, 0.1342549145505876], "partial charges": [-0.1021970160260767, -0.05269239340272251, -0.05297723804232872, -0.05779698298823442, -0.043467541007366724, 0.11353706762392642, -0.11752064956496969, -0.29720926015330384, 0.2365875610925166, -0.1954677708867105, 0.01298488392570509, -0.113701081711183, -0.3237424682846381, 0.23981367570703913, -0.426709778202254, 1.4415463153671466, -0.5999469436505127, -0.5984797880346592, -0.2983627795720115, -0.0474003865837707, -0.047341333202435304, 0.036830096105779524, 0.03514992506205949, 0.03467000811242363, 0.03287705715548792, 0.033688908517833606, 0.03441836711398536, 0.034709754576967566, 0.04536123104734087, 0.04433022673383192, 0.0663872228414869, 0.06586729425949968, 0.062031233262013034, 0.18512867986482048, 0.051917139083962276, 0.04579122850212863, 0.04809951365042581, 0.0467010650965141, 0.04670793248892219, 0.05998000726303282, 0.07046329123030697, 0.05937065738381534, 0.061893719081000824, 0.06480240604481072, 0.06336694126289265], "mulliken charges": [-0.08299307633308886, -0.03815903684805256, -0.04315047874237959, -0.03834941971391921, -0.06798521929062643, 0.18967899647686304, -0.09533191983162766, -0.396415127355047, 0.4234320704979381, -0.3596547674286039, 0.10387235031404872, -0.09526808662681722, -0.39753280672250285, 0.4013709413625044, -0.33548350007322747, 0.6078776487186287, -0.36660844101503876, -0.3659321616585703, -0.19644526818677638, 0.05492190190911628, 0.05483375757487248, 0.030365711577261242, 0.028023994012933706, 0.02717013013941335, 0.02321241412705978, 0.02491040417763755, 0.03235256928866224, 0.028214323926571295, 0.033543658089475285, 0.042379234969244374, 0.04536155752546203, 0.04617000172046077, 0.04434510898562, 0.21667867082560888, 0.028757488260294794, 0.02848879670201796, 0.03409433659294633, 0.03287419035498282, 0.03311219670509907, 0.04502677493394826, 0.04983019422747921, 0.03752078218788156, 0.04097678984762026, 0.04613013774041388, 0.04379154837448721], "cm5 charges": [-0.2333483028639592, -0.15066292057002448, -0.1521907673289742, -0.14031570153457668, -0.06495408057398243, 0.25322883537135105, -0.2330245096797967, -0.5741380797976872, 0.6333326835500014, -0.7010510435630841, 0.055190200906478526, -0.23974474198266565, -0.573421837987133, 0.5041997450901465, -0.393946492987642, 0.7647126948536306, -0.4129094439966542, -0.411697925304875, -0.4354949939110514, -0.032894919447056845, -0.032948467013216624, 0.08153444342626026, 0.0792331859044806, 0.07823751300754575, 0.07803867350658766, 0.07973714281399813, 0.0902187269678553, 0.08518035480353063, 0.09166267631324902, 0.10206693857783611, 0.09984924570346573, 0.10042938272830378, 0.09752627729894305, 0.4185964983428995, 0.0955006037473389, 0.09483738388847388, 0.08742030700413382, 0.08527227675817547, 0.08537708096013917, 0.10827333607194092, 0.11300800000943867, 0.09986281377314137, 0.10431046209838785, 0.10926821550048604, 0.10662908969123547], "FUKUI+": [0.0071124832474372375, 0.004001734716681956, 0.0031233424995277042, 0.010550645822820016, -0.025267291526344163, -0.06767342747993799, 0.02510387970579425, -0.10450081444502939, -0.011021625487189716, -0.039702092024762596, 0.011614341154557508, 0.01002938766782331, -0.0935185875932301, -0.07140894939472663, -0.02299442913275937, -0.08998584111030311, -0.03029032179074759, -0.03145986779781723, -0.026611454197425673, 0.016522539278773285, 0.016296967117711524, -0.010025049861667742, -0.010189973759066098, -0.013019580541850715, -0.010508860353340076, -0.01062120830535642, -0.005646473118388584, -0.007101822725015348, -0.02982304579022275, -0.027735517239428697, -0.047050141980323666, -0.04762484248818497, -0.05158407638436613, -0.02956250303168149, -0.01446948642457463, -0.014979599074314858, -0.015395847266550588, -0.018281562686175486, -0.01968918466080064, -0.014728266206341893, -0.02064946417376553, -0.01959397317547284, -0.01589386630190551, -0.016935842176145473, -0.01910036070784263], "FUKUI-": [0.009160108156444666, 0.003948403815270347, 0.002332201524334957, 0.007745768494654789, -0.02935324269879624, -0.013155773530129639, 0.011821817484403939, -0.08267919942366696, 3.591607715170737e-05, -0.06546122092340528, 0.014035871875108564, 0.012883254643746232, -0.05916934500459093, -0.007087010189382978, -0.01369651805884516, -0.042155905625988, -0.016100314411689, -0.017066408194363798, -0.059812661871681314, 0.01920854062994572, 0.01896177090160483, -0.02631942793811765, -0.02713728916444812, -0.028740452359291926, -0.030423283970748664, -0.030907093891669474, -0.020076064207877824, -0.021246847151705158, -0.03244274560569652, -0.031101092756160163, -0.02849325021206366, -0.029724338180876754, -0.03297498111031412, -0.03451586795854346, -0.035140541217723364, -0.03884282715354365, -0.022334605100325422, -0.023463858080592686, -0.024518545836941675, -0.028928945972098098, -0.028478467314443923, -0.03217421056686391, -0.029057460601479297, -0.02720005069492884, -0.030183609155958187], "FUKUIrad": [0.008203653947805244, 0.0039760910010730385, 0.0027540792006094015, 0.009050383266771184, -0.027199816595553948, -0.04039763497282028, 0.018064068030054857, -0.09338495202474616, -0.005081677374781719, -0.05249868794303762, 0.012875763511556663, 0.011308398574317462, -0.07628140840125783, -0.03909944319537619, -0.018650889268845432, -0.06613187594344143, -0.023079247527058852, -0.024432489176973785, -0.0434249729720047, 0.01794734889116398, 0.0176563146291873, -0.018281549876886877, -0.018731989533153828, -0.020658411392410033, -0.020456507786897875, -0.020638339542626012, -0.012992077974074968, -0.01417734631747934, -0.03114599497252676, -0.029120267870806564, -0.03757413958439139, -0.03869064664107652, -0.042094188378263286, -0.03194735631117237, -0.025022874615134458, -0.026870170746012834, -0.01897507631174932, -0.020795541893247817, -0.022021236142069467, -0.021802588637486207, -0.02453720103944846, -0.025995745702851687, -0.02265767137133411, -0.022051514275115286, -0.024470610237939183], "s proportion": [1.0070657058781067, 1.0273523687049537, 1.033420950870083, 1.0271861387105434, 1.0831844897115448, 1.0610820649940218, 1.0110255746558852, 1.5444978368122435, 0.9800686954440266, 1.4576865430871464, 1.0015587245957223, 1.0119999999999996, 1.5418720244842152, 0.9900331347001418, 1.6823421306828164, 1.6851909843831707, 1.7243611586824166, 1.7240830933406983, 1.498652720020531, 0.9910217308535074, 0.9909961937968426, 0.9698329187573611, 0.9718339453008684, 0.9726495337212397, 0.9769497299278675, 0.9751497999616056, 0.9673929991117288, 0.9717776850905835, 0.9662025938801527, 0.9575017080348901, 0.9545363159542788, 0.9538645193420224, 0.9554973133394783, 0.7834762886653176, 0.9710478936182395, 0.9713936241992399, 0.96617893472221, 0.9673707462856777, 0.9670660532263494, 0.9549636526366355, 0.9501544185076327, 0.962655650913977, 0.9590414961964568, 0.9537465025730729, 0.9561391827575868], "p proportion": [3.075523316996909, 3.0107557682402337, 3.0097006814573737, 3.011207083455168, 2.9846139697550633, 2.7493304810664663, 3.0839999999999987, 3.851777035305289, 2.596320772648318, 3.9020837788581693, 2.8947444695145483, 3.0835874802143017, 3.855531726723436, 2.608849886516978, 4.652999177044659, 2.6418807611326236, 4.6421583145801755, 4.641572280282365, 3.6976319427912885, 2.9540358718751074, 2.954035695066935, 0.0, 0.0, 0.0, 0.0, 0.0, 0.0, 0.0, 0.0, 0.0, 0.0, 0.0, 0.0, 0.0, 0.0, 0.0, 0.0, 0.0, 0.0, 0.0, 0.0, 0.0, 0.0, 0.0, 0.0], "d proportion": [0.0, 0.0, 0.0, 0.0, 0.0, 0.0, 0.0, 0.0, 0.0, 0.0, 0.0, 0.0, 0.0, 0.0, 0.0, 1.06471844281523, 0.0, 0.0, 0.0, 0.0, 0.0, 0.0, 0.0, 0.0, 0.0, 0.0, 0.0, 0.0, 0.0, 0.0, 0.0, 0.0, 0.0, 0.0, 0.0, 0.0, 0.0, 0.0, 0.0, 0.0, 0.0, 0.0, 0.0, 0.0, 0.0],