{"dipole": [0.52891679, 0.27203971, 0.04344843], "partial charges": [-0.10463956, 0.00174189, -0.05817323, -0.02775011, -0.10056696, 0.12142556, -0.40084528, -0.00510037, -0.10020044, -0.05725935, 0.04412929, 0.03824434, 0.03896069, 0.02898251, 0.04353825, 0.03566808, 0.03590387, 0.29716622, 0.05046686, 0.05028777, 0.03540579, 0.03261419], "mulliken charges": [-0.08454, 0.00027, -0.05976, -0.04747, -0.08492, 0.22962, -0.52505, -0.01706, -0.07262, -0.06242, 0.037, 0.03186, 0.03266, 0.02822, 0.03907, 0.03286, 0.03306, 0.34804, 0.04275, 0.04259, 0.02603, 0.0298], "cm5 charges": [-0.22791, -0.01723, -0.11098, -0.06128, -0.22871, 0.24507, -0.72513, -0.02922, -0.21442, -0.1136, 0.08869, 0.08367, 0.08447, 0.08512, 0.09103, 0.08575, 0.08596, 0.52163, 0.09628, 0.09605, 0.07802, 0.08671], "FUKUI+": [0.028, -0.051, -0.058, -0.082, 0.033, -0.038, -0.051, -0.079, 0.031, -0.06, -0.051, -0.045, -0.045, -0.089, -0.047, -0.055, -0.055, -0.039, -0.056, -0.056, -0.047, -0.089], "FUKUI-": [0.025, -0.069, -0.029, -0.041, 0.028, -0.059, -0.113, -0.047, 0.025, -0.019, -0.087, -0.06, -0.06, -0.065, -0.045, -0.049, -0.049, -0.054, -0.061, -0.061, -0.049, -0.062], "FUKUIrad": [0.026, -0.06, -0.044, -0.061, 0.03, -0.048, -0.082, -0.063, 0.028, -0.039, -0.069, -0.053, -0.053, -0.077, -0.046, -0.052, -0.052, -0.046, -0.058, -0.058, -0.048, -0.076], "s proportion": [1.006, 1.08, 1.062, 1.083, 1.007, 1.019, 1.691, 1.08, 1.003, 1.064, 0.963, 0.968, 0.967, 0.972, 0.961, 0.967, 0.967, 0.652, 0.957, 0.957, 0.974, 0.97], "p proportion": [3.078, 2.919, 2.997, 2.965, 3.078, 2.751, 4.834, 2.937, 3.07, 2.998, 0.0, 0.0, 0.0, 0.0, 0.0, 0.0, 0.0, 0.0, 0.0, 0.0, 0.0, 0.0], "d proportion": [0.0, 0.0, 0.0, 0.0, 0.0, 0.0, 0.0, 0.0, 0.0, 0.0, 0.0, 0.0, 0.0, 0.0, 0.0, 0.0, 0.0, 0.0, 0.0, 0.0, 0.0, 0.0], "Coordination numbers": [3.755, 2.957, 2.919, 2.956, 3.754, 2.845, 1.659, 2.957, 3.754, 2.918, 0.924, 0.924, 0.924, 0.925, 0.924, 0.924, 0.924, 0.805, 0.924, 0.924, 0.924, 0.925], "Dispersion coefficient C6": [22.556, 27.986, 29.446, 28.693, 22.478, 25.326, 20.865, 28.148, 22.471, 29.423, 2.395, 2.472, 2.463, 2.601, 2.402, 2.507, 2.504, 0.73, 2.314, 2.316, 2.511, 2.55], "Polarizability alpha": [6.772, 8.677, 8.899, 8.786, 6.76, 8.248, 6.166, 8.702, 6.759, 8.895, 2.42, 2.459, 2.454, 2.522, 2.424, 2.476, 2.475, 1.342, 2.379, 2.38, 2.478, 2.497], "FOD": [0.0, 0.0, 0.0, 0.0, 0.0, 0.0, 0.0, 0.0, 0.0, 0.0, 0.0, 0.0, 0.0, 0.0, 0.0, 0.0, 0.0, 0.0, 0.0, 0.0, 0.0, 0.0], "FOD s proportion": [0.0, 0.0, 0.0, 0.0, 0.0, 0.0, 0.0, 0.0, 0.0, 0.0, 0.0, 0.0, 0.0, 0.0, 0.0, 0.0, 0.0, 0.0, 0.0, 0.0, 0.0, 0.0], "FOD p proportion": [0.0, 0.0, 0.0, 0.0, 0.0, 0.0, 0.0, 0.0, 0.0, 0.0, 0.0, 0.0, 0.0, 0.0, 0.0, 0.0, 0.0, 0.0, 0.0, 0.0, 0.0, 0.0], "FOD d proportion": [0.0, 0.0, 0.0, 0.0, 0.0, 0.0, 0.0, 0.0, 0.0, 0.0, 0.0, 0.0, 0.0, 0.0, 0.0, 0.0, 0.0, 0.0, 0.0, 0.0, 0.0, 0.0], "total energy": -29.46125898, "HOMO-LUMO gap/eV": 4.07293876, "electronic energy": -29.90352331, "Dipole module/D": 1.516, "Total charge": 0.0, "HOMO": -9.8582, "LUMO": -5.7853, "Fermi-level/eV": -7.8217, "Total dispersion C6": 4706.784493, "Total dispersion C8": 109293.890479, "Total polarizability alpha": 106.970543, "Total FOD": 0.0}