{"dipole": [0.06115252, -0.35701786, -0.01792765], "partial charges": [-0.36284789, 0.14445075, -0.06581517, 0.09684497, -0.13129716, -0.06359655, 0.08836338, -0.12488851, 0.04487802, -0.13830897, 0.3255158, 0.09709022, 0.08961111], "mulliken charges": [-0.50831, 0.25282, -0.09204, 0.11522, -0.09446, -0.08977, 0.09966, -0.08656, 0.02041, -0.08892, 0.34888, 0.06785, 0.05524], "cm5 charges": [-0.70198, 0.26762, -0.13849, 0.10827, -0.09647, -0.13803, 0.09603, -0.08757, 0.01994, -0.0912, 0.52153, 0.12744, 0.11291], "FUKUI+": [-0.058, -0.036, -0.06, -0.063, -0.148, -0.023, -0.063, -0.148, -0.06, -0.141, -0.034, -0.087, -0.078], "FUKUI-": [-0.069, -0.027, -0.027, -0.025, -0.232, -0.026, -0.018, -0.176, -0.037, -0.219, -0.029, -0.058, -0.056], "FUKUIrad": [-0.064, -0.031, -0.044, -0.044, -0.19, -0.025, -0.041, -0.162, -0.049, -0.18, -0.032, -0.072, -0.067], "s proportion": [1.695, 1.018, 1.056, 1.079, 1.943, 1.061, 1.08, 1.945, 1.077, 1.944, 0.651, 0.932, 0.945], "p proportion": [4.813, 2.73, 3.036, 2.806, 5.163, 3.029, 2.821, 5.152, 2.902, 5.152, 0.0, 0.0, 0.0], "d proportion": [0.0, 0.0, 0.0, 0.0, -0.011, 0.0, 0.0, -0.01, 0.0, -0.007, 0.0, 0.0, 0.0], "Coordination numbers": [1.658, 2.881, 2.948, 2.881, 0.967, 2.992, 2.901, 0.966, 2.897, 0.959, 0.804, 0.925, 0.925], "Dispersion coefficient C6": [20.143, 24.856, 29.638, 25.85, 103.255, 29.572, 26.034, 103.052, 26.992, 103.474, 0.649, 1.812, 1.883], "Polarizability alpha": [6.059, 8.173, 8.929, 8.335, 15.546, 8.92, 8.366, 15.531, 8.518, 15.562, 1.266, 2.105, 2.146], "FOD": [0.0, 0.0, 0.0, 0.0, 0.0, 0.0, 0.0, 0.0, 0.0, 0.0, 0.0, 0.0, 0.0], "FOD s proportion": [0.0, 0.0, 0.0, 0.0, 0.0, 0.0, 0.0, 0.0, 0.0, 0.0, 0.0, 0.0, 0.0], "FOD p proportion": [0.0, 0.0, 0.0, 0.0, 0.0, 0.0, 0.0, 0.0, 0.0, 0.0, 0.0, 0.0, 0.0], "FOD d proportion": [0.0, 0.0, 0.0, 0.0, 0.0, 0.0, 0.0, 0.0, 0.0, 0.0, 0.0, 0.0, 0.0], "total energy": -32.10130579, "HOMO-LUMO gap/eV": 3.77478091, "electronic energy": -32.37119824, "Dipole module/D": 0.922, "Total charge": 0.0, "HOMO": -11.1229, "LUMO": -7.3481, "Fermi-level/eV": -9.2355, "Total dispersion C6": 4854.429938, "Total dispersion C8": 157640.535191, "Total polarizability alpha": 109.455915, "Total FOD": 0.0}