{"dipole": [-0.07318510172017303, -0.07567973630341426, 0.06123161928333551], "partial charges": [-0.13585955600216115, 0.23987817538443743, -0.37671142194952356, -0.08341516312131238, -0.04138602332283458, -0.06060270696969282, 0.26400163057622145, -0.39836321850682416, -0.03568852577287682, -0.04142203888778549, 0.2639048878449888, -0.39967520093943654, 0.0699309934135064, -0.03709220100887762, -0.026444068477754858, -0.03191551423620843, -0.02735928122232803, -0.04051704694972358, 0.06761491106845215, -0.04172369831195016, -0.027119833799651688, -0.03236918477710727, -0.027342038280563453, -0.042110716212460736, 0.0761375170926511, 0.06900752473075435, 0.07040839517631961, 0.0676626815527655, 0.05893189038246742, 0.06306984079851219, 0.058962798507556466, 0.08706196786588927, 0.0523272329526806, 0.041416480436314324, 0.03615368335708957, 0.04094280747698787, 0.055089225282048335, 0.05496503057884565, 0.041533402826938425, 0.03660034846727289, 0.041091278684659616, 0.050424738272482506], "mulliken charges": [-0.12372184571417533, 0.4010527778313165, -0.5018763419176083, -0.08958690465070004, -0.01436718689663945, -0.08915053123211587, 0.4642653700698358, -0.520752135985546, -0.13829458860359672, -0.14377760541916684, 0.46307005573734616, -0.5223810604464314, 0.14045623131489554, -0.045844198461101666, -0.02111227730912464, -0.03469988458938067, -0.022380044591159068, -0.04915682219956245, 0.13810560225190216, -0.051467069164163735, -0.021672054357871978, -0.03538099585024644, -0.021679964865026834, -0.05347499542505703, 0.0658580184086723, 0.06011582272019403, 0.055939733582035786, 0.06525966141173009, 0.04531389420753919, 0.05073637000068319, 0.04569125412348828, 0.08791199469318284, 0.05167817836553563, 0.036655575445225935, 0.032988058590222594, 0.03577224828677723, 0.05152896869142949, 0.05253968400348043, 0.036683935813731916, 0.033783013365565565, 0.0364967023941552, 0.04886742050667578], "cm5 charges": [-0.2654209730534784, 0.41714666757631, -0.5517872413079995, -0.1899050574865755, -0.11669878175700293, -0.12704404185862112, 0.5644330717930013, -0.5677328948295143, -0.30516086711898105, -0.3101694723201345, 0.5629776924328621, -0.5689657371187207, 0.19715347340414088, -0.09208471347616884, -0.07626196804311311, -0.09001924781931984, -0.07753701980888833, -0.09570022897747527, 0.19492229280761397, -0.09798739381200858, -0.07684256077640571, -0.0907083880092901, -0.07685358168168907, -0.09987647889008261, 0.12005339514192191, 0.11398755663840751, 0.10919914751597924, 0.12555246798501568, 0.10193925966941804, 0.10931497522035949, 0.10308189676735713, 0.1534758521995535, 0.11517444297585645, 0.09204917185314583, 0.08839024117621995, 0.09116889599457659, 0.11491340203456855, 0.11634648025746683, 0.09206372427865296, 0.08918684780619603, 0.0918798757518943, 0.11234831702472381], "FUKUI+": [0.016701993342151077, -0.04183746371179261, -0.06721499367727465, 0.011101508457226584, 0.006832992142565969, 0.005469486084509598, -0.025097645776928447, -0.06765969886710367, -0.014211964636384985, -0.015000000000000001, -0.02513812213051294, -0.06592350146059528, -0.00835273852776932, -0.0056480934247468435, -0.012763021173131883, -0.023697521772924435, -0.012652564993973485, -0.009284587366690472, -0.014078918691365901, -0.010340311675928476, -0.014969900767883196, -0.026767492742358526, -0.015006295961060413, -0.01067310761522998, -0.028572426527041027, -0.03260429333380272, -0.035977468738220525, -0.02356956291095939, -0.036530130010573245, -0.026159869400825327, -0.02812001447691103, -0.04446440531553722, -0.013649917816580613, -0.03222803568841484, -0.03928458736669048, -0.03481957285140752, -0.020941623929890598, -0.02084133524823057, -0.03689727803757771, -0.042180427148592485, -0.036426353697392416, -0.02099795285539581], "FUKUI-": [0.005122051078483081, -0.010363506058056372, -0.04561899411201239, 0.0016364939419436291, 0.00960048488492449, 0.0019345005997925538, -0.0061387310194414325, -0.066251838648654, -0.043840724361592504, -0.04346175386548306, -0.005832992142565969, -0.06383624593393562, -0.008795769580351121, -0.010648093424746843, -0.014143204586377639, -0.029563262322709644, -0.014615342431758637, -0.013865740549785208, -0.008869001199585107, -0.01384155173063014, -0.014347435006026518, -0.030260782097924516, -0.014774616072456566, -0.013186723109652897, -0.021851714955467224, -0.027128513285942277, -0.028230521202887462, -0.018125703901280554, -0.03151974661873472, -0.02499286154339129, -0.02771602779260888, -0.03430004921897459, -0.019286411758524243, -0.03737571184401911, -0.04353498548471704, -0.03923697882686812, -0.026665981699362972, -0.023697133639056796, -0.0383905673931437, -0.04402827484028304, -0.037882420490743564, -0.022395427096237982], "FUKUIrad": [0.011122051078483082, -0.026433477027490458, -0.05621052669152654, 0.006869001199585108, 0.008180427148592486, 0.0037019933421510755, -0.015733530829943575, -0.06704374554870697, -0.02874695012110203, -0.029253049878897975, -0.015485557136539454, -0.06498778735560701, -0.008378363604890518, -0.008190813126199991, -0.013298006657848926, -0.026680841831966083, -0.013652564993973486, -0.011420057736332005, -0.011180427148592485, -0.012493289355565994, -0.014767492742358522, -0.028701993342151077, -0.014767492742358522, -0.012013419291158454, -0.025161316512640832, -0.029982656938693234, -0.031814935035782095, -0.020618993256846543, -0.03383708239264442, -0.025645426537364777, -0.028418021134759955, -0.03941497696735963, -0.01635191115873169, -0.035044956778950954, -0.04165256499397348, -0.037122051078483084, -0.023844587041890655, -0.02199431292786809, -0.037456066793351145, -0.04304942834817759, -0.03733257745919237, -0.021505272388758316], "s proportion": [1.021412934406234, 1.0748047153045734, 1.7399345005997926, 1.0427674927423585, 1.0285215661935585, 1.0702980066578491, 1.0021554129581094, 1.73, 1.4421393419060795, 1.447527251267981, 1.0031676124737015, 1.7301015084572269, 1.043885072251615, 1.0611175795092564, 1.060885072251615, 1.059, 1.0607674927423585, 1.0615349854847174, 1.0442325072576417, 1.0614137617752717, 1.0611741311875322, 1.059, 1.060825868812468, 1.0608187454823699, 0.9339723340486457, 0.9401142646280366, 0.9439449388111105, 0.9344497754157693, 0.9549273726862161, 0.949182251229609, 0.9547148020574887, 0.9121570736557383, 0.9483954225127594, 0.9630494283481776, 0.9667674927423585, 0.9642042304196489, 0.9485042888055806, 0.9476490390354234, 0.9631733038184945, 0.9659345005997926, 0.9635941889238642, 0.9510098219196106], "p proportion": [3.102217649710808, 2.5238315538868905, 4.761678798960023, 3.0467564978758226, 2.9857963784692796, 3.0188401154726643, 2.533428394571626, 4.791130992530044, 3.6960482194264603, 3.6966615084432437, 2.5339106973287366, 4.792113718515851, 2.8154227094972035, 2.984735346365638, 2.9604694860845098, 2.9756525649939736, 2.9613995151150756, 2.987973166001162, 2.817412934406234, 2.9898311209220916, 2.960368588513921, 2.9767302701801435, 2.9610142466601963, 2.992377583064494, 0.0, 0.0, 0.0, 0.0, 0.0, 0.0, 0.0, 0.0, 0.0, 0.0, 0.0, 0.0, 0.0, 0.0, 0.0, 0.0, 0.0, 0.0], "d proportion": [0.0, 0.0, 0.0, 0.0, 0.0, 0.0, 0.0, 0.0, 0.0, 0.0, 0.0, 0.0, 0.0, 0.0, 0.0, 0.0, 0.0, 0.0, 0.0, 0.0, 0.0, 0.0, 0.0, 0.0, 0.0, 0.0, 0.0, 0.0, 0.0, 0.0, 0.0, 0.0, 0.0, 0.0, 0.0, 0.0, 0.0, 0.0, 0.0, 0.0, 0.0, 0.0], "Coordination numbers": [3.7510000000000003, 2.809767492742359, 0.856832992142566, 3.800832992142566, 3.802247364804476, 3.8844900287057667, 2.7867650683177363, 0.856, 2.8353545583361246, 2.8336808418319666, 2.789080356947042, 0.856, 2.8970937742404903, 2.915579942263668, 2.9100654994002078, 2.912, 2.9100000000000006, 2.9160000000000004, 2.894399515115076, 2.9160000000000004, 2.9104200577363324, 2.912, 2.910347435006027, 2.9160000000000004, 0.924, 0.924, 0.924, 0.924, 0.924, 0.9239345005997927, 0.9237674927423586, 0.9232325072576415, 0.925, 0.925, 0.925, 0.925, 0.925, 0.925, 0.925, 0.925, 0.925, 0.925],