{"dipole": [-0.7171840146734602, 0.3544841176352699, -0.3664956965603174], "partial charges": [-0.0959002458713346, -0.0546025568463827, -0.001767158138657638, -0.04058568624419177, -0.03383567135480819, -0.03972332695653009, 0.008100431563293155, -0.05390566148871982, -0.09621751426582367, 0.04115050085616186, -0.10871579062293968, 0.14632839173783377, -0.3115715013587989, 0.03889234952152501, 0.2638392325887779, -0.42015231870024217, 0.007326656532366256, -0.16594150707584188, 0.03837759947602436, 0.034670948156891396, 0.04025972974650491, 0.04293980580536165, 0.032904456360105146, 0.040374597622647265, 0.038674243734617045, 0.04223808959995184, 0.046135741283931914, 0.0425018632188947, 0.037470494090058516, 0.03166468453231528, 0.04385913718112353, 0.056008475402642574, 0.05528748440833256, 0.047951090419613665, 0.04187148602141818, 0.05247807165777909, 0.06843833249845115, 0.08317505331417642], "mulliken charges": [-0.07771944889251937, -0.04195101753543918, -0.01523937490009464, -0.04222518186225055, -0.02556206784165961, -0.04193121815921181, -0.0034669393299102784, -0.0376914891401584, -0.07733862307118564, 0.10269542274393084, -0.28092332868419234, 0.3162469687402303, -0.46439634339832925, 0.1706999392572978, 0.45850267690623814, -0.5481794489365862, 0.03074531492344837, -0.11668750505067219, 0.030920559960483148, 0.02922633153537656, 0.033658111716152114, 0.03442553770735484, 0.03225185807203682, 0.03494662891110236, 0.03471017499696778, 0.03602751788699161, 0.03823610994609605, 0.03225490156765469, 0.030804676161019444, 0.023977863045701053, 0.03708990281543289, 0.04212231580930424, 0.04516422808582904, 0.030297777981222653, 0.025673155884368918, 0.02804105556198284, 0.03746303322736008, 0.057125990238283623], "cm5 charges": [-0.22681972713525797, -0.14610037334840215, -0.02339204372775909, -0.0953692285178714, -0.08090492108816295, -0.09504821548052408, -0.011206908884536052, -0.14157619206718852, -0.2262554309329593, 0.15878728071476164, -0.5288858052591919, 0.2969691514106709, -0.5643064889078768, 0.04942850255559623, 0.5488304302673267, -0.5947409009142249, -0.05895913617015725, -0.12345376553247561, 0.08284223805119684, 0.08089799486375993, 0.08496702367435348, 0.09058276967059342, 0.09309797195964185, 0.09140858279075358, 0.09009186178659329, 0.09251325602840053, 0.10096680918744175, 0.08831569241323814, 0.08223798806087322, 0.07578324978169627, 0.08993750150691776, 0.11749533666095466, 0.12102023011861698, 0.09257904561222559, 0.08683204677396872, 0.08744076973395332, 0.09816508993117798, 0.11581167495604483], "FUKUI+": [0.011165675125837115, 0.010096497911457693, -0.038555819993712874, -0.02753871633256561, -0.03239141499704811, -0.03025723685648291, -0.03574472658039931, 0.009968856137894664, 0.01139153500296823, -0.022730606862391648, -0.048040316233431045, 0.017378091603718896, -0.01676160454586774, 0.012946092136752482, -0.05167145909443633, -0.12140770530947949, 0.016562656609514663, -0.10989393279329816, -0.016383604073542148, -0.017241609325995284, -0.024632867506570576, -0.028345095337585665, -0.014054054527302691, -0.057034787577268715, -0.06001533452480827, -0.05732813902086835, -0.014736404926936588, -0.028095747169111358, -0.021921842197349887, -0.014178086513536726, -0.01945972963544783, -0.02649750684259958, -0.026727098686805617, -0.0047562535580972475, -0.010079573090361539, -0.0226405072417388, -0.04012778181011204, -0.05210944965561299], "FUKUI-": [0.009101523007172058, 0.007922176611116754, -0.024766896376094184, -0.024550186476967963, -0.023015636116586413, -0.022119307771100147, -0.024045499662159308, 0.007157239489050468, 0.009786162269166895, -0.011873973640602362, -0.027167068095704554, 0.016735910053986933, -0.06558668705062543, 0.020671037772784714, -0.006078190154337759, -0.08908658279492754, 0.01569684554954466, -0.13589907949620272, -0.019195196738107143, -0.019531929900093913, -0.026820032260116543, -0.033099196920920074, -0.017070533899820724, -0.045291121626669255, -0.047830157646562725, -0.04382437500479717, -0.016478429491579207, -0.04050729665062882, -0.026040366557316286, -0.023294189806819875, -0.023521756576686752, -0.030931194358800793, -0.0321053900524801, -0.03400845015685066, -0.038998005007763195, -0.03885186969682545, -0.034641699342884746, -0.040574641810995744], "FUKUIrad": [0.010111941276316053, 0.009000546148810705, -0.03196497771050469, -0.02586157319183846, -0.027747216795643403, -0.026525504707584212, -0.030089721501037992, 0.008550546586658866, 0.01025961099910941, -0.01703114465512115, -0.037887885136568066, 0.016852086482472117, -0.04126118455104979, 0.016946092136752484, -0.02883934996987725, -0.10538521738299812, 0.015873311079610018, -0.12295787198502257, -0.017588196173781025, -0.018068874081174715, -0.026142726273104915, -0.030687101064930555, -0.015423380313864884, -0.0510065552520591, -0.053792623298465195, -0.05066811952328073, -0.015493283935706656, -0.03417217286744799, -0.02398199042465317, -0.01825305216592201, -0.021621700693684145, -0.0287061724611384, -0.029325077490124418, -0.01925254635791924, -0.02456905456900016, -0.0308297901821535, -0.03738474057649839, -0.046337488016401654], "s proportion": [1.0087940517571428, 1.0261361226320371, 1.097868622144952, 1.0621577856378615, 1.0606444372382438, 1.0634248177251682, 1.097053733849521, 1.0254797766609958, 1.007824375004797, 1.0509491359123702, 1.44176540790947, 0.974026407782813, 1.6942033848924114, 0.9719730460683762, 1.0108246397093175, 1.733579738970768, 1.0501331499496884, 1.9488840655098103, 0.9693395447972237, 0.9706152587803434, 0.9665324059746796, 0.9653491370531124, 0.9679201746839659, 0.9654489072645304, 0.965026407782813, 0.9638371115173922, 0.9621098543820945, 0.9678816334021813, 0.9691172806542747, 0.9762005420404458, 0.9628875717022705, 0.9576478780314738, 0.955124552659599, 0.9694722040461117, 0.974429727385582, 0.9718768149030642, 0.9627416497641264, 0.9431141371353632], "p proportion": [3.0691535930521403, 3.015867505348733, 2.9174963877698303, 2.9801898424142315, 2.96500177209464, 2.9788371115173926, 2.9062598659809145, 3.0121921326404437, 3.069300281422639, 2.8467325452480634, 3.8389507318848435, 2.7097406496771876, 4.77035067537162, 2.8570539078632478, 2.530951976839453, 4.814342228295047, 2.9190377443358524, 5.182475488201547, 0.0, 0.0, 0.0, 0.0, 0.0, 0.0, 0.0, 0.0, 0.0, 0.0, 0.0, 0.0, 0.0, 0.0, 0.0, 0.0, 0.0, 0.0, 0.0, 0.0], "d proportion": [0.0, 0.0, 0.0, 0.0, 0.0, 0.0, 0.0, 0.0, 0.0, 0.0, 0.0, 0.0, 0.0, 0.0, 0.0, 0.0, 0.0, -0.015107288315685934, 0.0, 0.0, 0.0, 0.0, 0.0, 0.0, 0.0, 0.0, 0.0, 0.0, 0.0, 0.0, 0.0, 0.0, 0.0, 0.0, 0.0, 0.0, 0.0, 0.0], "Coordination numbers": [3.749724399487222, 3.803984010486331, 2.9590446184157155, 2.9150000000000005, 2.9059999999999997, 2.915582057214219, 2.9595930216321733, 3.8040000000000003, 3.749724399487222, 2.9085107411397444, 2.733026953931624, 3.643301274548841, 1.6977403890008906, 3.64483999753717, 2.793895185912449, 0.857, 3.7138663039015007, 0.9275323582902326, 0.9240000000000002, 0.9240000000000002, 0.9240000000000002, 0.9240000000000002, 0.9240000000000002, 0.9249999999999999, 0.9249999999999999, 0.9249999999999999, 0.9240000000000002, 0.9240000000000002, 0.9240000000000002, 0.9240000000000002, 0.9240000000000002, 0.9240000000000002, 0.9240000000000002, 0.9240000000000002, 0.9240000000000002, 0.9240000000000002, 0.9248520864824722, 0.9240941796680069],