{"dipole": [-0.95527339, 0.07248217, 0.57348834], "partial charges": [-0.0807102, 0.18542054, -0.1071725, -0.10714542, 0.10960759], "mulliken charges": [-0.06353, 0.2283, -0.1041, -0.10407, 0.04341], "cm5 charges": [-0.05086, 0.16782, -0.10925, -0.10922, 0.10151], "FUKUI+": [-0.356, -0.043, -0.233, -0.233, -0.135], "FUKUI-": [-0.313, 0.054, -0.308, -0.308, -0.125], "FUKUIrad": [-0.335, 0.006, -0.27, -0.27, -0.13], "s proportion": [1.952, 1.103, 1.949, 1.949, 0.957], "p proportion": [5.109, 2.669, 5.166, 5.166, 0.0], "d proportion": [0.003, 0.0, -0.011, -0.011, 0.0], "Coordination numbers": [1.364, 3.617, 1.243, 1.243, 0.926], "Dispersion coefficient C6": [187.262, 18.069, 102.521, 102.521, 1.7], "Polarizability alpha": [22.064, 6.132, 15.491, 15.491, 2.039], "FOD": [0.0, 0.0, 0.0, 0.0, 0.0], "FOD s proportion": [0.0, 0.0, 0.0, 0.0, 0.0], "FOD p proportion": [0.0, 0.0, 0.0, 0.0, 0.0], "FOD d proportion": [0.0, 0.0, 0.0, 0.0, 0.0], "total energy": -15.81245792, "HOMO-LUMO gap/eV": 4.53883027, "electronic energy": -15.84237184, "Dipole module/D": 2.838, "Total charge": 0.0, "HOMO": -12.1369, "LUMO": -7.5981, "Fermi-level/eV": -9.8675, "Total dispersion C6": 1557.532793, "Total dispersion C8": 71215.553769, "Total polarizability alpha": 61.217037, "Total FOD": 0.0}