{"dipole": [-0.06617904937857962, 0.38440671101949886, 0.24092299874518777], "partial charges": [-0.11297243299166276, 0.08012949721999915, -0.26313128510032546, 0.3629641926415184, -0.39305219179511164, -0.1154782536232004, 0.3631478165794258, -0.39280793033768313, -0.2638650568144471, 0.0801056325300003, -0.1131834418740463, 0.053780922941551276, 0.05628249675713032, 0.05498661412165866, 0.05793214764481764, 0.05731145350882005, 0.10363822847108065, 0.10399025339197925, 0.058059510026696286, 0.05756166801636013, 0.05612964648175719, 0.05286637115462571, 0.05560414194225502], "mulliken charges": [-0.09753096730959791, 0.20538550567982886, -0.41769586298771083, 0.5863505754170606, -0.517437362537395, -0.10584105206433986, 0.5864116294672723, -0.5170364846320739, -0.4184002803967366, 0.20532410879290855, -0.09785303687386981, 0.04088235326426004, 0.04502249580172404, 0.04295820978260355, 0.039991305951310785, 0.03971685244714053, 0.08517075031692331, 0.08581771639439115, 0.04235312361510023, 0.03837639411405561, 0.045110195028351834, 0.03919873479221506, 0.04373296604758252], "cm5 charges": [-0.24406065300208232, 0.12282769387785963, -0.4995156371442721, 0.6376849228478503, -0.565282504361066, -0.1921647892378262, 0.6377482265034023, -0.5647833474039758, -0.5003252568090156, 0.12275147408594628, -0.24439667575863344, 0.09344540188418203, 0.09838145081949222, 0.09626324562952572, 0.10421915594456721, 0.10421906879634701, 0.14787533071374379, 0.1484097369720694, 0.10730987892403603, 0.10217053452594434, 0.09851888849772392, 0.09162133471132361, 0.09707743698392994], "FUKUI+": [0.014092805980607484, 0.0202738907296183, -0.07782371554444038, -0.08724203018689553, -0.16137191422626979, 0.023714163526359536, -0.08823478896035301, -0.16076106434294124, -0.07849668478207901, 0.0198856856951181, 0.013848192695207703, -0.025492467502902568, -0.017848160731521193, -0.020243467900489434, -0.035040960844115565, -0.03464046349672844, -0.08507238557539785, -0.08526339419873982, -0.03023364025422529, -0.03799988811613288, -0.017674389286044607, -0.028426494858612348, -0.019313840429943063], "FUKUI-": [0.012068917236907116, 0.0122610792788915, -0.05012249896754374, -0.006601570227968352, -0.09570245100080972, -0.007942452268095476, -0.00654310419175296, -0.09222810828420304, -0.04976922837430784, 0.011828846707288003, 0.011999999999999999, -0.05828721638666917, -0.0626692825165147, -0.062320931563202786, -0.07260146614373887, -0.07079152216629586, -0.044383427262408265, -0.044924671626038026, -0.06436804647017301, -0.0750023045682099, -0.06254582866547209, -0.05958399928817534, -0.06219659526361016], "FUKUIrad": [0.012999999999999998, 0.016035019022819227, -0.06426447671161473, -0.04654248398396274, -0.12838804271144144, 0.007948912177919282, -0.047333511694403675, -0.1264145697893915, -0.06419832394757817, 0.015830459251662852, 0.012999999999999998, -0.04194699411812248, -0.04023585851165126, -0.04136863322794672, -0.05380758035091077, -0.052789043010555356, -0.06465488904445348, -0.06490332118603856, -0.04761104018456587, -0.05658351414989677, -0.03997988744906184, -0.04389013292064223, -0.04052334592723236], "s proportion": [1.0122887363365087, 0.9937521691059892, 1.6982271981554173, 0.9801367704753856, 1.7290079568895513, 1.042, 0.9803135097473612, 1.7288448207929874, 1.698342788643438, 0.9940138146769582, 1.0123759106981032, 0.9593205105313785, 0.9550287947721711, 0.9571485961658853, 0.9600462539848951, 0.9602665054782845, 0.9150751674110467, 0.9141429089367676, 0.9575602144116004, 0.9616238124913766, 0.9547379476751267, 0.9608332214857449, 0.9560236282933967], "p proportion": [3.08534459894395, 2.8005976514613815, 4.719829983261428, 2.4333260366752296, 4.788630405417385, 3.06376805830092, 2.433303940313435, 4.788175566450406, 4.720244133590047, 2.800604188422615, 3.085607852397182, 0.0, 0.0, 0.0, 0.0, 0.0, 0.0, 0.0, 0.0, 0.0, 0.0, 0.0, 0.0], "d proportion": [0.0, 0.0, 0.0, 0.0, 0.0, 0.0, 0.0, 0.0, 0.0, 0.0, 0.0, 0.0, 0.0, 0.0, 0.0, 0.0, 0.0, 0.0, 0.0, 0.0, 0.0, 0.0, 0.0], "Coordination numbers": [3.748, 3.696206473414308, 1.7022128118711912, 2.7157840630178143, 0.8559999999999999, 3.806, 2.7156907233967438, 0.8559999999999999, 1.7022168103022408, 3.695975884643814, 3.748, 0.9239999999999999, 0.9239999999999999, 0.9239999999999999, 0.9239999999999999, 0.9239999999999999, 0.9239999999999999, 0.9239999999999999, 0.9239999999999999, 0.9239999999999999, 0.9239999999999999, 0.9239999999999999, 0.9239999999999999], "Dispersion coefficient C6": [22.728485734821156, 19.407571970473512, 18.36207919335341, 20.842271797779627, 21.54312510150103, 22.702794680332037, 20.839075773203586, 21.538217943637072, 18.374363822881488, 19.408252000745623, 22.73258674565988, 2.2741365205419224, 2.243421654697263, 2.2595793446033863, 2.2235595963029864, 2.2309164087250997, 1.7523937965607916, 1.749143629164132, 2.222057757432644, 2.228074056574651, 2.24559985863089, 2.2851685665809356, 2.251612112370266], "Polarizability alpha": [6.799826294742637, 6.3018038938837275, 5.785571689370331, 7.473177133917994, 6.2228802383860184, 6.78297952133904, 7.472931149242241, 6.222288169547363, 5.787282896298924, 6.30184101942977, 6.800370367288214, 2.357998173748843, 2.3421307042871233, 2.350483092211017, 2.3320608571580426, 2.335750451707773, 2.070094562288309, 2.068324495942582, 2.331198329507777, 2.334264430765484, 2.3431883208344195, 2.363688123368511, 2.3467391077197646], "FOD": [0.0, 0.0, 0.0, 0.0, 0.0, 0.0, 0.0, 0.0, 0.0, 0.0, 0.0, 0.0, 0.0, 0.0, 0.0, 0.0, 0.0, 0.0, 0.0, 0.0, 0.0, 0.0, 0.0], "FOD s proportion": [0.0, 0.0, 0.0, 0.0, 0.0, 0.0, 0.0, 0.0, 0.0, 0.0, 0.0, 0.0, 0.0, 0.0, 0.0, 0.0, 0.0, 0.0, 0.0, 0.0, 0.0, 0.0, 0.0], "FOD p proportion": [0.0, 0.0, 0.0, 0.0, 0.0, 0.0, 0.0, 0.0, 0.0, 0.0, 0.0, 0.0, 0.0, 0.0, 0.0, 0.0, 0.0, 0.0, 0.0, 0.0, 0.0, 0.0, 0.0], "FOD d proportion": [0.0, 0.0, 0.0, 0.0, 0.0, 0.0, 0.0, 0.0, 0.0, 0.0, 0.0, 0.0, 0.0, 0.0, 0.0, 0.0, 0.0, 0.0, 0.0, 0.0, 0.0, 0.0, 0.0], "total energy": -37.39308484084999, "HOMO-LUMO gap/eV": 4.73743366801144, "electronic energy": -37.7497591931879, "Dipole module/D": 3.1739625703719256, "Total charge": 0.0, "HOMO": -11.578271274394549, "LUMO": -6.840824535003144, "Fermi-level/eV": -9.209553750045194, "Total dispersion C6": 4560.380705923322, "Total dispersion C8": 98635.2149084745, "Total polarizability alpha": 99.52694905043165, "Total FOD": 0.0}