{"dipole": [0.47857634391443427, -0.5543417732826099, -0.11155484639853064], "partial charges": [-0.1023432157410668, -0.05294716928080304, -0.061994531353618, 0.08504069736535236, -0.3335063232395935, 0.0715453140621451, 0.07167554500089394, -0.4434173989638574, 0.03596910344319782, 0.035230560799807756, 0.034009524134077825, 0.038310471313967656, 0.03290697994745062, 0.04452347988754151, 0.04424750755299878, 0.021397322986075714, 0.020718134005836466, 0.03112901653003618, 0.02958264598982658, 0.04564729660861787, 0.04672867258053679, 0.3055463628197966], "mulliken charges": [-0.08489679154159199, -0.03854480588727161, -0.05350939536323189, 0.19729521580044213, -0.4799547831919257, 0.17515617552942153, 0.19036542737697093, -0.5682146944781525, 0.029696315651283917, 0.027669427547797422, 0.02692214967148978, 0.02901507924914768, 0.022535831351663562, 0.03328182474640316, 0.03153755614692394, 0.012588708290554172, 0.012580334199578694, 0.019351170860446663, 0.017930839022419303, 0.02599968083877648, 0.026117406823651004, 0.34708112239941064], "cm5 charges": [-0.23520887205709767, -0.15025696208040637, -0.1606493212500797, 0.11368920935559518, -0.5846864153701307, 0.09313445361598667, 0.10619205704312643, -0.777055657159705, 0.0807881815841458, 0.07897996501839503, 0.07817968209587346, 0.08499488150386957, 0.07753926357744129, 0.08997341457490986, 0.08806334022377989, 0.07568255893322955, 0.07555953053471652, 0.08328671611009525, 0.08156296147054552, 0.08956949507368898, 0.08944582265842181, 0.5212148673589867], "FUKUI+": [0.015268912942446458, -0.0010619403996342276, 0.002532959951678646, -0.021844094249174058, -0.14852613596462544, -0.016834127861089267, 0.0014278230751375853, -0.07671021734752302, -0.02815345271082957, -0.023743629921589366, -0.02638895988796665, -0.024023479422963002, -0.030949412549511852, -0.05444611887184904, -0.05837447382625195, -0.0707978852076781, -0.070907043033216, -0.08046483476588655, -0.08181309595662732, -0.07590952657380852, -0.0787394449513558, -0.04956586349779819], "FUKUI-": [0.017331653346071934, 0.00538302371209536, 0.012583728825963526, 0.021740622437294552, -0.08479867114304654, 0.01882562064101086, 0.015709442423357704, -0.11451779833774649, -0.05828381963544147, -0.06506107275693086, -0.062417022847791284, -0.07186578524491999, -0.07071579256327869, -0.05402364424847269, -0.05236951524580552, -0.0711772073753881, -0.06973621632820341, -0.06785899881756703, -0.06372980183826593, -0.07705973442157917, -0.07331978173306446, -0.0342657228578549], "FUKUIrad": [0.01615432023780962, 0.002210787513528408, 0.007383367627916914, -0.00021110251029673343, -0.11682855508796933, 0.0011940477709824016, 0.008427823075137585, -0.09573358551390157, -0.043305825852630084, -0.044476821438975696, -0.04453007248298424, -0.0477786164421716, -0.050774513447568684, -0.054372506315687213, -0.055390740685009605, -0.07102953034441802, -0.07022460579521851, -0.07396737412134989, -0.07282071277950238, -0.0763864889945971, -0.07590896697948782, -0.04214310841330275], "s proportion": [1.0076500464781915, 1.026408533100612, 1.033117597086502, 0.9953116448574844, 1.6996629666155496, 1.0038838217823467, 0.994, 1.703, 0.9703316533460719, 0.9723237572284592, 0.9729422776771319, 0.9710255985681324, 0.9776319664743878, 0.9664479153165944, 0.9684785935257095, 0.9872348722556852, 0.9872119695092509, 0.9805552668685578, 0.9822238779646449, 0.9741030374281604, 0.9738969625718396, 0.653], "p proportion": [3.0772122973141265, 3.0122299050663752, 3.020165872138911, 2.8069985811311513, 4.78, 2.821, 2.815, 4.865, 0.0, 0.0, 0.0, 0.0, 0.0, 0.0, 0.0, 0.0, 0.0, 0.0, 0.0, 0.0, 0.0, 0.0], "d proportion": [0.0, 0.0, 0.0, 0.0, 0.0, 0.0, 0.0, 0.0, 0.0, 0.0, 0.0, 0.0, 0.0, 0.0, 0.0, 0.0, 0.0, 0.0, 0.0, 0.0, 0.0, 0.0], "Coordination numbers": [3.749689774011364, 3.799923549315519, 3.8001175970865018, 3.6986897740113642, 1.697, 3.6968059522290173, 3.672, 1.652, 0.924, 0.924, 0.924, 0.924, 0.924, 0.924, 0.924, 0.924, 0.924, 0.924, 0.924, 0.924, 0.924, 0.803], "Dispersion coefficient C6": [22.5188435282831, 21.525858145604744, 21.692086343287997, 19.322106403025533, 19.59000275810855, 19.544680968916207, 19.60992719649903, 21.711625744701607, 2.503308363251011, 2.5136824286154553, 2.5305779343907284, 2.4729085862555964, 2.5460769874622713, 2.3904428256773436, 2.3940694642313716, 2.7125140538240746, 2.722595268295747, 2.572231628664128, 2.594106749841871, 2.3762691781786915, 2.362742442476768, 0.7048695334087318], "Polarizability alpha": [6.76775042218121, 6.605929768265659, 6.63099438115021, 6.286554577103912, 5.9757072554186035, 6.323689774011364, 6.3468824535460895, 6.289941798858663, 2.474172927774487, 2.4794982307005857, 2.487594424524987, 2.458994893997833, 2.495441794706742, 2.417730922183571, 2.419529714525709, 2.575697433508214, 2.580177448704988, 2.5076770533183255, 2.5185121353436233, 2.410312694019137, 2.403464981312625, 1.3187054605144217], "FOD": [0.0, 0.0, 0.0, 0.0, 0.0, 0.0, 0.0, 0.0, 0.0, 0.0, 0.0, 0.0, 0.0, 0.0, 0.0, 0.0, 0.0, 0.0, 0.0, 0.0, 0.0, 0.0], "FOD s proportion": [0.0, 0.0, 0.0, 0.0, 0.0, 0.0, 0.0, 0.0, 0.0, 0.0, 0.0, 0.0, 0.0, 0.0, 0.0, 0.0, 0.0, 0.0, 0.0, 0.0, 0.0, 0.0], "FOD p proportion": [0.0, 0.0, 0.0, 0.0, 0.0, 0.0, 0.0, 0.0, 0.0, 0.0, 0.0, 0.0, 0.0, 0.0, 0.0, 0.0, 0.0, 0.0, 0.0, 0.0, 0.0, 0.0], "FOD d proportion": [0.0, 0.0, 0.0, 0.0, 0.0, 0.0, 0.0, 0.0, 0.0, 0.0, 0.0, 0.0, 0.0, 0.0, 0.0, 0.0, 0.0, 0.0, 0.0, 0.0, 0.0, 0.0], "total energy": -28.10619877095664, "HOMO-LUMO gap/eV": 10.765335552130216, "electronic energy": -28.404564198920284, "Dipole module/D": 2.8311315341412833, "Total charge": 0.0, "HOMO": -11.083306167870905, "LUMO": -0.3179630286001891, "Fermi-level/eV": -5.700638541203153, "Total dispersion C6": 3327.4457995124408, "Total dispersion C8": 68431.48287099382, "Total polarizability alpha": 84.77574350778386, "Total FOD": 0.0}