{"dipole": [-0.09362428676961732, -0.7189242161531143, 0.2855838408693421], "partial charges": [0.035411662051025646, -0.2592178577789722, 0.3287031037109868, -0.3570470503685368, 0.2600158547776989, -0.1975808210364104, 0.052464695201081574, -0.1124760599328113, -0.11390236236567232, -0.36028197339604895, 0.25984777376924545, -0.1969416176167265, 0.0523262486661452, -0.11269431379439313, -0.11357524600945586, -0.34491560605308313, 0.05828040023701318, 0.05751138180512172, 0.05815924025940416, 0.1833181782966417, 0.06511642864089541, 0.04216645666185519, 0.04090564791373913, 0.04145297879172912, 0.04342891125092248, 0.042867117078201816, 0.0429531171945869, 0.18393345585109755, 0.06606940889451549, 0.04184285912424687, 0.04167686750878747, 0.041813077807757705, 0.0407087705428904, 0.04209864660476845, 0.04556062776322695], "mulliken charges": [0.17474256667999674, -0.40917264860837893, 0.5318039600144474, -0.4408809259546449, 0.4414148965891086, -0.35885118487791057, 0.135442051992025, -0.10301197228691933, -0.10167596480561183, -0.4492778623961723, 0.4404708122697774, -0.35845730383690055, 0.13534426257328644, -0.10276142917860805, -0.10185568403870793, -0.4283504285889195, 0.030096509243105345, 0.029858456284685968, 0.02938808672895288, 0.21821352588941023, 0.03403511410930022, 0.03507250510419669, 0.032839641147239945, 0.032668383721821646, 0.03224467784408032, 0.03359756259013514, 0.033679175731692754, 0.2184203358141639, 0.03500131430540862, 0.030702372867118067, 0.03503639977211119, 0.03478671430173866, 0.03257006885952695, 0.03234834024976841, 0.03452289387862179], "cm5 charges": [0.05852287404798686, -0.4807009036118925, 0.7120877971625222, -0.6187827569303853, 0.6593145050339102, -0.6982216662200007, 0.12356379866694263, -0.24514205480104237, -0.2438447273902489, -0.6253752962308878, 0.6584610633082278, -0.6977175372112651, 0.12347075601303596, -0.24491114188601526, -0.24400520187175576, -0.603938388703012, 0.09126668825859445, 0.09136501308287044, 0.09073915316554257, 0.42011201295690664, 0.10558950446083908, 0.0885497989901914, 0.08631219301536726, 0.08626224526692294, 0.08488908552931851, 0.08728524636996451, 0.08742378865252952, 0.42031055564358366, 0.10654267499988555, 0.08369545091071097, 0.08877232017805968, 0.08848670945088014, 0.08652846236871808, 0.0855385398158887, 0.087548371125282], "FUKUI+": [0.028000000000000004, -0.07428341156116298, -0.06316576847383364, -0.09759269582511022, -0.05108480974905538, -0.05502264078769544, 0.008000000000000002, 0.012998318192085464, 0.013001681807914538, -0.10028614107087297, -0.05088913054659084, -0.05541352853129794, 0.008000000000000002, 0.013013674829013461, 0.012986325170986543, -0.09914388361000918, -0.03655061128380608, -0.03415513737510835, -0.03562686811109701, -0.04299321962851972, -0.015289267663214631, -0.016924765066159482, -0.018900046431864125, -0.0189130379655282, -0.023763702594331595, -0.017740012770811643, -0.0166070909700431, -0.0429932063540484, -0.01571608372203781, -0.025267874593401414, -0.015010120934039611, -0.015152375162056354, -0.014937001077225951, -0.01989141101822839, -0.022412539525515862], "FUKUI-": [0.020988174234308297, -0.058526693384737136, -0.003, -0.09777070793152702, 0.000839353172673576, -0.06952038437475967, 0.002224756303694108, 0.00822792180838629, 0.010213130418958905, -0.09069303703781223, 0.0015044705151112787, -0.06999109614556588, 0.0021657439502387435, 0.008720129638768451, 0.009881877913676961, -0.10675275998157682, -0.029002788963011155, -0.027781746105670316, -0.028881611019426757, -0.040294965363772604, -0.027281910641954683, -0.027384005521159566, -0.028286540433038937, -0.0278773802424918, -0.03191759532325262, -0.028108153242627637, -0.027670752809039512, -0.04003714518588098, -0.029057092409202588, -0.03327242399950743, -0.026723278392832183, -0.026195401010585536, -0.026850346288193657, -0.02935239607585772, -0.03273940037341587], "FUKUIrad": [0.0245045369589369, -0.06639922498954132, -0.03312881402917915, -0.09758795933002265, -0.025320816622653713, -0.06250614316717035, 0.005023492094789532, 0.010665107931582408, 0.011433399255436816, -0.0955128417660474, -0.024686849423676632, -0.06267730739948477, 0.005038244398327594, 0.010762723585417118, 0.011532615490531205, -0.10286741536057074, -0.032889415677371116, -0.030915597688262794, -0.032289022878601976, -0.04172493581638549, -0.02133641801490313, -0.022231256757286863, -0.023467193804281427, -0.023387710440190675, -0.02785048524963594, -0.022972959764216244, -0.022152720673336675, -0.041572809021891345, -0.022488772345983454, -0.028906249875889484, -0.021155347619202937, -0.020520519397968878, -0.020613378798098943, -0.024638864914084888, -0.027419973737207757], "s proportion": [0.9700000000000002, 1.6910000000000005, 0.9587193685275497, 1.5310963579449806, 0.9765487836089374, 1.450687939429533, 1.0281341423314905, 1.0172528479934895, 1.0167236599117209, 1.529226564714114, 0.9769012326789517, 1.4511798367615556, 1.0281165031262571, 1.0171931366764737, 1.0167795136654996, 1.5278927602166126, 0.9697471224863571, 0.9700538265354982, 0.9704837147409954, 0.7818171710810171, 0.9658912434958142, 0.9650467472465183, 0.9671964906407515, 0.9673022569093643, 0.967683428234972, 0.9665768365491187, 0.9663589114424952, 0.7815752253114936, 0.9650071407420006, 0.9694407164676043, 0.9650457530791507, 0.9653173214464094, 0.9675666310179992, 0.9677273258089096, 0.965470336419435], "p proportion": [2.8557472796637065, 4.717890535045155, 2.5097211158417774, 3.909702559568816, 2.5821221201441515, 3.9081180339513666, 2.836080025455657, 3.085869207750754, 3.085065348084618, 3.9199120890250003, 2.582410402538503, 3.907255763975336, 2.8361304760441137, 3.0857546095920565, 3.085158375757949, 3.900554363330977, 0.0, 0.0, 0.0, 0.0, 0.0, 0.0, 0.0, 0.0, 0.0, 0.0, 0.0, 0.0, 0.0, 0.0, 0.0, 0.0, 0.0, 0.0, 0.0], "d proportion": [0.0, 0.0, 0.0, 0.0, 0.0, 0.0, 0.0, 0.0, 0.0, 0.0, 0.0, 0.0, 0.0, 0.0, 0.0, 0.0, 0.0, 0.0, 0.0, 0.0, 0.0, 0.0, 0.0, 0.0, 0.0, 0.0, 0.0, 0.0, 0.0, 0.0, 0.0, 0.0, 0.0, 0.0, 0.0], "Coordination numbers": [3.655995034324086, 1.703, 2.9300106313510144, 1.8422025404388593, 2.9387499464084264, 2.701376435265902, 3.790727082284544, 3.753097222610973, 3.7539027773890274, 1.849752887380661, 2.939011881921304, 2.7011441508731266, 3.791013674829014, 3.753237644643317, 3.7537623553566837, 1.8394083339170637, 0.924, 0.924, 0.924, 0.86, 0.924, 0.924, 0.924, 0.924, 0.924, 0.924, 0.924, 0.86, 0.924, 0.924, 0.924, 0.924, 0.924, 0.924, 0.924], "Dispersion coefficient C6": [20.26772403756045, 18.295640074558268, 21.431010716168167, 30.145959893867413, 22.635603558831033, 25.28913024590218, 19.706412724518245, 22.710492057311114, 22.737642824105425, 30.234571976548388, 22.638664583087838, 25.275040226899602, 19.708495676748818, 22.714513555277907, 22.731486679544034, 29.81340002477032, 2.219834201812367, 2.229054334897509, 2.2210789634591324, 1.1952362374542258, 2.140636537972496, 2.421284529903007, 2.4375420823781835, 2.430500398379404, 2.4040258427426835, 2.4118417789008824, 2.4112292242201945, 1.191928641681946, 2.1300594579802077, 2.424728596349004, 2.4277249244248824, 2.4259197768449443, 2.4398514537364973, 2.42204868462274, 2.3768959407195194], "Polarizability alpha": [6.462473510641157, 5.775155881879671, 7.591988174234309, 8.136938733359031, 7.802933017808822, 7.468984568159234, 6.322099903410556, 6.795634543388468, 6.799618375229906, 8.149314204622451, 7.803373819469424, 7.466715548042804, 6.322426393521816, 6.796350043991584, 6.798387868736944, 8.091518363583514, 2.329764451300642, 2.3345877495816345, 2.3307153091904236, 1.712641058323828, 2.2878957635999795, 2.433148156933032, 2.4415072684960215, 2.4379477054993357, 2.424726359363412, 2.428402780436687, 2.42793583980487, 1.7102309241184666, 2.282357773715434, 2.435226552663719, 2.436383043298727, 2.435695710156783, 2.442656149608404, 2.433556616898042, 2.4108265541070817],