{"dipole": [-0.1984105, 1.22984004, -0.19303259], "partial charges": [-0.14209358, 0.08568011, -0.03611225, -0.0257633, -0.03611004, 0.08569115, -0.1421004, -0.04069528, 0.06157048, 0.05753941, 0.06157185, 0.07082184], "mulliken charges": [-0.06786, 0.0799, -0.05048, -0.01868, -0.05047, 0.0799, -0.06787, -0.06183, 0.0387, 0.03684, 0.0387, 0.04316], "cm5 charges": [-0.05271, 0.05858, -0.10367, -0.07384, -0.10366, 0.05858, -0.05271, -0.11306, 0.09495, 0.09213, 0.09495, 0.10046], "FUKUI+": [-0.158, -0.056, -0.056, -0.049, -0.056, -0.056, -0.158, -0.043, -0.093, -0.094, -0.093, -0.086], "FUKUI-": [-0.27, -0.028, -0.047, -0.025, -0.047, -0.028, -0.27, -0.014, -0.071, -0.073, -0.071, -0.056], "FUKUIrad": [-0.214, -0.042, -0.052, -0.037, -0.052, -0.042, -0.214, -0.029, -0.082, -0.083, -0.082, -0.071], "s proportion": [1.948, 1.103, 1.064, 1.062, 1.064, 1.103, 1.948, 1.069, 0.961, 0.963, 0.961, 0.957], "p proportion": [5.116, 2.818, 2.986, 2.957, 2.986, 2.818, 5.116, 2.993, 0.0, 0.0, 0.0, 0.0], "d proportion": [0.004, 0.0, 0.0, 0.0, 0.0, 0.0, 0.004, 0.0, 0.0, 0.0, 0.0, 0.0], "Coordination numbers": [1.068, 2.908, 2.986, 2.913, 2.986, 2.908, 1.069, 3.06, 0.925, 0.925, 0.925, 0.925], "Dispersion coefficient C6": [188.964, 26.092, 28.89, 28.646, 28.89, 26.092, 188.964, 28.949, 2.181, 2.228, 2.181, 2.076], "Polarizability alpha": [22.164, 8.376, 8.817, 8.776, 8.817, 8.376, 22.164, 8.823, 2.309, 2.334, 2.309, 2.253], "FOD": [0.0, 0.0, 0.0, 0.0, 0.0, 0.0, 0.0, 0.0, 0.0, 0.0, 0.0, 0.0], "FOD s proportion": [0.0, 0.0, 0.0, 0.0, 0.0, 0.0, 0.0, 0.0, 0.0, 0.0, 0.0, 0.0], "FOD p proportion": [0.0, 0.0, 0.0, 0.0, 0.0, 0.0, 0.0, 0.0, 0.0, 0.0, 0.0, 0.0], "FOD d proportion": [0.0, 0.0, 0.0, 0.0, 0.0, 0.0, 0.0, 0.0, 0.0, 0.0, 0.0, 0.0], "total energy": -23.03877147, "HOMO-LUMO gap/eV": 3.82707618, "electronic energy": -23.31721777, "Dipole module/D": 3.204, "Total charge": 0.0, "HOMO": -11.2522, "LUMO": -7.4251, "Fermi-level/eV": -9.3387, "Total dispersion C6": 4233.355957, "Total dispersion C8": 167668.750178, "Total polarizability alpha": 105.519772, "Total FOD": 0.0}