{"dipole": [-0.8937347974514678, -0.7160004630018638, 1.0152429931391462], "partial charges": [-0.1412835304931979, 0.36006527476825884, -0.40858404364440304, -0.27166460134452175, 0.1586646412893129, -0.05759687869805205, -0.06131918058593262, -0.026304902190181785, -0.022796138426934842, -0.05685203384134288, -0.062735677675045, 0.027512933378239835, -0.07834406685342327, 0.2293303027133453, -0.38511877703422903, -0.08107551770950482, -0.05827455899446619, -0.025421118613953252, -0.021330873169003957, -0.05756338045128025, -0.05830003783789589, 0.01525791320677986, -0.10355918050706472, -0.024608036974918715, -0.09148489309527297, 0.07346110174494468, 0.07599976988913586, 0.07623048319158726, 0.03966829054285031, 0.05533861989285807, 0.03452504006811577, 0.03294127705354999, 0.035515799715752694, 0.03464346615239078, 0.03717777604299505, 0.03397420743505808, 0.048478798495001946, 0.04406169240548766, 0.057906275369397485, 0.05968765074348549, 0.05868679328014499, 0.03816394232558432, 0.03825223572727341, 0.04711940781288425, 0.03500014877981649, 0.032998221065473475, 0.03160853699182977, 0.03763641722832605, 0.040442618594118795, 0.03854052124574896, 0.03953131416245149, 0.0400668028579057, 0.08572915397051936], "mulliken charges": [-0.11750607643285378, 0.5843987324850117, -0.5244949859880094, -0.4249589745293745, 0.25788643057314153, -0.06013298216846441, -0.058366188528778735, -0.02932007514568727, -0.021524547775777943, -0.046862329935851446, -0.04762713885371696, 0.03161410063729007, -0.10310696178357309, 0.38725303821642687, -0.50654, -0.08384303821642689, -0.05062731592386083, -0.02591982292985614, -0.02115427770743393, -0.04978639362290384, -0.05151780893884282, 0.010103746497002346, -0.09289650571882878, -0.03463764204016731, -0.06625565731834715, 0.05956268407613917, 0.062473094264389364, 0.062227315923860826, 0.04308029933753717, 0.055563354161265024, 0.031019412741605936, 0.03038824839628617, 0.031321108297357285, 0.02506876050899296, 0.030795014011990616, 0.032492152865707585, 0.041499645859712275, 0.039715545222422204, 0.06169660764328537, 0.056773141386095405, 0.054937743964623906, 0.03378917069724316, 0.03340047516246911, 0.03843678471342924, 0.026676430573141514, 0.029153588524583277, 0.027492226766182938, 0.03091754904196716, 0.036287717185854586, 0.03471704461030489, 0.030789757955637223, 0.03892299233993278, 0.06661480891786552], "cm5 charges": [-0.255622861146283, 0.6332176700641485, -0.5728185554148679, -0.4964108662529945, 0.268723243310552, -0.16037779108632993, -0.16507583438849102, -0.0904375961636732, -0.0858047248459218, -0.15383572229256606, -0.1510339235671462, 0.01473410063729007, -0.15226696178357307, 0.4105196458597123, -0.55375, -0.18410964585971226, -0.15658731592386083, -0.08633643057314151, -0.08536106242086317, -0.15803960890947458, -0.1553047426984347, -0.009726253502997655, -0.23727384966667087, -0.03835534012829711, -0.11754120254076934, 0.11443607643285378, 0.11725934776738703, 0.1169978471342924, 0.10181742926499768, 0.11554961659051911, 0.08715752101798593, 0.08587851846463018, 0.0933167184939984, 0.08648893757913682, 0.08753501401199061, 0.08766215286570758, 0.0973230382164269, 0.09506893757913681, 0.12127999999999999, 0.11420676686091637, 0.11203072613308832, 0.09003958088549335, 0.08931667261750428, 0.09867339235671461, 0.08826982292985613, 0.08528695285731666, 0.0838186853633057, 0.08994618852877874, 0.09379744711751058, 0.0890960191396794, 0.08403315031235184, 0.09245390571463333, 0.12014159363129476], "FUKUI+": [0.017, -0.05466076432853792, -0.093, -0.04066076432853792, 0.004660764328537924, 0.005, 0.0036784713429241526, 0.002, 0.004, 0.006660764328537924, 0.012, -0.08099999999999999, -0.028, -0.06, -0.13733923567146208, 0.012999999999999998, 0.011, 0.007, 0.0, 0.005, 0.005, -0.001, 0.008, 0.005339235671462076, -0.014, -0.03, -0.036321528657075844, -0.03533923567146208, -0.007070828057544918, -0.0076253502997654645, -0.004696178357310382, -0.009625350299765464, -0.010964585971227538, -0.011660764328537923, -0.014, -0.027321528657075846, -0.04266076432853792, -0.029, -0.054, -0.0423569426858483, -0.04398229298561377, -0.026088535071931145, -0.03025070059953093, -0.03799999999999999, -0.010339235671462076, -0.009678471342924152, -0.011321528657075846, -0.005356942685848305, -0.012696178357310382, -0.008303821642689618, -0.005339235671462076, -0.009017707014386228, -0.023], "FUKUI-": [0.003, -0.007660764328537923, -0.06833923567146208, -0.02166076432853792, -0.006, 0.005, 0.006339235671462076, 0.0003392356714620765, -0.001, 0.006, 0.002, -0.022, -0.01666076432853792, -0.022, -0.12566076432853793, -0.006, 0.006, 0.001, -0.002, 0.005, 0.004660764328537924, -0.011, 0.011, -0.01701770701438623, -0.03501770701438622, -0.025, -0.02532152865707584, -0.02467847134292415, -0.017678471342924152, -0.022, -0.01703541402877246, -0.019625350299765462, -0.024, -0.01666076432853792, -0.018660764328537922, -0.03366076432853792, -0.031, -0.026660764328537923, -0.041, -0.039339235671462074, -0.03966076432853792, -0.029106242086317374, -0.03489375791368262, -0.025999999999999995, -0.015, -0.02096458597122754, -0.019035414028772457, -0.012999999999999998, -0.020321528657075847, -0.013339235671462075, -0.016339235671462074, -0.019321528657075846, -0.039678471342924154], "FUKUIrad": [0.01, -0.031, -0.08099999999999999, -0.031, -0.0003392356714620765, 0.005, 0.005339235671462076, 0.0013392356714620763, 0.0016607643285379233, 0.006, 0.007, -0.05199999999999999, -0.022, -0.041, -0.13133923567146208, 0.003, 0.008339235671462076, 0.004, -0.001, 0.005, 0.005, -0.006, 0.009339235671462075, -0.0056784713429241535, -0.024339235671462074, -0.028, -0.03098229298561377, -0.030339235671462073, -0.012374649700234535, -0.014982292985613769, -0.011035414028772457, -0.014625350299765463, -0.01764305731415169, -0.014, -0.016, -0.03066076432853792, -0.03666076432853792, -0.028, -0.048, -0.04101770701438623, -0.04232152865707584, -0.027427770743393223, -0.03257222925660677, -0.032, -0.012339235671462076, -0.015321528657075846, -0.01501770701438623, -0.009678471342924152, -0.016339235671462074, -0.010982292985613769, -0.011339235671462077, -0.014, -0.03133923567146207], "s proportion": [1.018, 0.9829999999999999, 1.7296607643285378, 1.6969999999999998, 1.0476784713429241, 1.042660764328538, 1.036, 1.068, 1.062339235671462, 1.034, 1.031, 1.117, 1.076, 1.06, 1.738, 1.0379999999999998, 1.036, 1.065, 1.067, 1.034660764328538, 1.036339235671462, 1.103339235671462, 1.0153215286570758, 1.1126430573141517, 1.093, 0.9403392356714619, 0.937339235671462, 0.938, 0.9570531210431585, 0.9442861146283033, 0.9686607643285379, 0.9693569426858482, 0.9686253502997655, 0.9749999999999999, 0.9689999999999999, 0.9673392356714621, 0.958339235671462, 0.96, 0.938, 0.9430354140287724, 0.9449645859712275, 0.966339235671462, 0.9666607643285379, 0.962, 0.9729999999999999, 0.9710177070143862, 0.9723038216426896, 0.969339235671462, 0.9636961783573104, 0.9649468789568412, 0.9690177070143862, 0.9610354140287725, 0.933], "p proportion": [3.099, 2.433, 4.795, 4.727678471342924, 2.694321528657076, 3.017678471342924, 3.0223215286570757, 2.9613038216426895, 2.958678471342924, 3.013, 3.0163392356714622, 2.852, 3.027, 2.553, 4.769, 3.0459999999999994, 3.0149999999999997, 2.9609999999999994, 2.954, 3.0153215286570756, 3.0150354140287723, 2.886660764328538, 3.077982292985614, 2.9223569426858482, 2.9733215286570758, 0.0, 0.0, 0.0, 0.0, 0.0, 0.0, 0.0, 0.0, 0.0, 0.0, 0.0, 0.0, 0.0, 0.0, 0.0, 0.0, 0.0, 0.0, 0.0, 0.0, 0.0, 0.0, 0.0, 0.0, 0.0, 0.0, 0.0, 0.0], "d proportion": [0.0, 0.0, 0.0, 0.0, 0.0, 0.0, 0.0, 0.0, 0.0, 0.0, 0.0, 0.0, 0.0, 0.0, 0.0, 0.0, 0.0, 0.0, 0.0, 0.0, 0.0, 0.0, 0.0, 0.0, 0.0, 0.0, 0.0, 0.0, 0.0, 0.0, 0.0, 0.0, 0.0, 0.0, 0.0, 0.0, 0.0, 0.0, 0.0, 0.0, 0.0, 0.0, 0.0, 0.0, 0.0, 0.0, 0.0, 0.0, 0.0, 0.0, 0.0, 0.0, 0.0],