{"dipole": [0.27900443339715497, -0.8687004006176026, 0.219946523760358], "partial charges": [-0.051808916378633996, -0.11910113626956202, 0.23288644475946638, -0.3365501974712416, 0.26278497515716476, -0.19893418582686398, 0.05319512899396218, -0.11237203264690773, -0.11301786141091191, -0.3614121651726952, 0.262719121031805, -0.20021997475488834, 0.05400797326470469, -0.11274362686035636, -0.11270486540912639, -0.33981533186344554, 0.064132060569654, 0.06297978834194856, 0.06481023187983308, 0.18272481136384086, 0.06543361307780383, 0.04140127243022846, 0.043929535471075226, 0.04032701774403171, 0.0415452458644571, 0.0436738335291227, 0.04250986238446943, 0.18317746796433756, 0.06265622013582618, 0.0433860198473991, 0.04121315347956305, 0.04240898024703172, 0.04350377745328878, 0.04206863365977783, 0.04120512637698458], "mulliken charges": [-0.009229029000158194, -0.09302774153174352, 0.3772258192691204, -0.4283348394542302, 0.44350546315906925, -0.3603841487368718, 0.13549840964599139, -0.10251202733801087, -0.10194626567313872, -0.44685558081484245, 0.443688179880254, -0.36093345022779166, 0.13561733665491754, -0.1022674140052404, -0.10215273206101108, -0.43103841936626563, 0.03460682678911855, 0.034917177543167664, 0.034297220675873596, 0.2173526192447223, 0.03423716741025664, 0.03252858550106841, 0.03248386103999089, 0.03444597350245845, 0.030196697488634957, 0.03469760844392885, 0.0341810289132226, 0.2174808607425835, 0.03281626239315827, 0.033965164128602544, 0.033173459420818716, 0.03257695251616015, 0.03127874976770117, 0.03440060870479543, 0.03349830002448936], "cm5 charges": [-0.13800098365297733, -0.11975538534896708, 0.546398805662907, -0.6040640444299963, 0.6617489914737694, -0.6996266267678223, 0.12355292681840963, -0.2446606141185984, -0.24410082838953887, -0.6231428202694758, 0.6618461134586969, -0.7000255032393023, 0.12366419965020746, -0.24442652117123617, -0.2443002938748482, -0.6083307020019652, 0.08861356063635167, 0.08852735953486829, 0.08893823769145628, 0.4191641602975711, 0.10576734751725633, 0.08602944647643937, 0.08520211339129237, 0.08861940985000583, 0.08362265461823523, 0.08780548016510843, 0.08784936141919712, 0.4192569555875696, 0.10432476500805644, 0.08741699341624062, 0.08665427902011746, 0.0859433636747327, 0.08373453182741053, 0.08830228960020524, 0.0874516240428375], "FUKUI+": [0.037432799462805276, -0.23614043106584287, -0.05070686766061581, -0.07594745689178689, -0.027363206061764747, -0.04603977789613709, 0.007412226339716078, 0.011577496446473034, 0.011184676818467625, -0.10472785258866336, -0.028037066457757474, -0.045924926226545607, 0.007905711713724796, 0.011448426145287818, 0.011451118380130961, -0.07529754554747613, -0.041961994021100464, -0.043343914415342, -0.039171095151609894, -0.03523969161550115, -0.011211703798275501, -0.015474625800699658, -0.02210683297604971, -0.00983875050378255, -0.01955938561248717, -0.015508434595411787, -0.013232276771135728, -0.03475037713717377, -0.011317230725999413, -0.016690184526642282, -0.013769513416672726, -0.017853426418269376, -0.022876184962901766, -0.012734641948422052, -0.01287077207859021], "FUKUI-": [0.04528494974662623, -0.2808528822207547, 0.0256667345629003, -0.07326835386076704, 0.00014121799140686403, -0.05759686115960981, 0.003559866463620296, 0.008691807669136135, 0.008981398574073754, -0.08122181313529515, 0.00015313068875257227, -0.05745352207656958, 0.0038494154136936775, 0.00901887441835985, 0.009237797989199735, -0.0694452035145479, -0.04272690598983894, -0.0429673123747333, -0.042060296930577466, -0.034137925256866035, -0.01892817817896475, -0.021277361825894146, -0.026820332553431758, -0.017567317901762743, -0.02423877783448633, -0.022178439824634466, -0.01995573372784002, -0.033619661184221335, -0.01874457637104266, -0.021985799435930764, -0.019866987470767507, -0.02309083709707129, -0.026934228162022976, -0.01889826904383342, -0.01915952622554269], "FUKUIrad": [0.041341425266635645, -0.25839919511768067, -0.012461867445338384, -0.07446527173845255, -0.01336291408295697, -0.051898862949416924, 0.005582657715953017, 0.010069206784029968, 0.010131897234886656, -0.09292339875111419, -0.013717398243292843, -0.051681707430124416, 0.005943458878167529, 0.010277919251534082, 0.0102130462835414, -0.0723363929839836, -0.04232243890797944, -0.043095640554124626, -0.040447046055246884, -0.03476149646205829, -0.014935892734775521, -0.018579279748213214, -0.024425164940983873, -0.013640004870052826, -0.021896876416642307, -0.01882302534268149, -0.016498433744902796, -0.03436512824451173, -0.01479948482459383, -0.019166846353227452, -0.016828966337418858, -0.02038977915536952, -0.024837695808530392, -0.015582391967067689, -0.01572228236066511], "s proportion": [1.0092545329397098, 1.9259999999999995, 1.0187898598385698, 1.5333126771264083, 0.9756694755992578, 1.4513034597933225, 1.0280000000000005, 1.0170842365981576, 1.016632121358434, 1.5294970346415921, 0.9759476937162789, 1.4517570041341372, 1.0280000000000005, 1.016915788344299, 1.0169353098756004, 1.5346335117239776, 0.9655277701017162, 0.9653096174205069, 0.9657297816004771, 0.7827470303670033, 0.9659333693617546, 0.9672345939339213, 0.9675374917511446, 0.965571160493676, 0.9698420648212691, 0.9654692076286974, 0.9658356659476645, 0.7824118664272316, 0.967357742413587, 0.965893332801055, 0.9669587698791708, 0.9671922387011124, 0.9687351146618128, 0.9657683951418233, 0.9663355089206852], "p proportion": [2.999986674793082, 4.165700604256943, 2.603763331543896, 3.8947725007536778, 2.58096932735732, 3.9090024243410237, 2.8360249932796533, 3.0856099276967877, 3.0853101210617067, 3.9173402137893585, 2.580395108418045, 3.9093704912958653, 2.8359754706362077, 3.0854574540511606, 3.0853664649532178, 3.8965045334351043, 0.0, 0.0, 0.0, 0.0, 0.0, 0.0, 0.0, 0.0, 0.0, 0.0, 0.0, 0.0, 0.0, 0.0, 0.0, 0.0, 0.0, 0.0, 0.0], "d proportion": [0.0, 0.001, 0.0, 0.0, 0.0, 0.0, 0.0, 0.0, 0.0, 0.0, 0.0, 0.0, 0.0, 0.0, 0.0, 0.0, 0.0, 0.0, 0.0, 0.0, 0.0, 0.0, 0.0, 0.0, 0.0, 0.0, 0.0, 0.0, 0.0, 0.0, 0.0, 0.0, 0.0, 0.0, 0.0], "Coordination numbers": [3.7420000000000004, 2.035241207732792, 3.0030840568832597, 1.8879515241008313, 2.934908752927634, 2.701463985349527, 3.790961681513429, 3.7533453492025566, 3.753514075319108, 1.851409235746886, 2.935584694255033, 2.701403438272491, 3.790906859067322, 3.753479966888446, 3.7535200331115535, 1.883876218002134, 0.9240000000000002, 0.9240000000000002, 0.9240000000000002, 0.8599999999999999, 0.9239921505265655, 0.9240000000000002, 0.9240000000000002, 0.9240000000000002, 0.9240000000000002, 0.9240000000000002, 0.9240000000000002, 0.8599999999999999, 0.9240000000000002, 0.9240000000000002, 0.9240000000000002, 0.9240000000000002, 0.9240000000000002, 0.9240000000000002, 0.9240000000000002], "Dispersion coefficient C6": [21.57970836780367, 146.04543572721445, 23.122670652879492, 29.58943585812825, 22.585442750733673, 25.319722430926834, 19.694358877167627, 22.70808297312301, 22.72036392427056, 30.266198358884736, 22.586770870335037, 25.348824658546427, 19.681052580708762, 22.715283290411698, 22.714665930851908, 29.677131562664517, 2.151425692450331, 2.1646931184490845, 2.1437344313830002, 1.1986643057300037, 2.1373982459467875, 2.4308769352050588, 2.397687331588347, 2.4453829266342026, 2.4288072280540014, 2.4011037106417743, 2.417011993378399, 1.1960804284000268, 2.16925406116807, 2.405086127423347, 2.4338952457097096, 2.4173140160264297, 2.4031729254821865, 2.422476304269231, 2.433751449833965],