{"dipole": [0.5871059, 2.33174511, 1.13724075], "partial charges": [-0.25948209, 0.18170271, -0.09052301, 0.04868837, -0.13778868, 0.33658928, -0.45261039, -0.30147495, 0.17886104, 0.19753176, 0.05049029, 0.05106731, 0.19694836], "mulliken charges": [-0.41534, 0.32441, -0.13345, 0.13919, -0.28991, 0.56899, -0.57104, -0.4124, 0.219, 0.23234, 0.04783, 0.04038, 0.24999], "cm5 charges": [-0.85644, 0.46726, -0.17163, 0.15634, -0.63882, 0.73688, -0.60391, -0.58388, 0.4083, 0.42535, 0.10712, 0.10571, 0.44772], "FUKUI+": [-0.059, -0.083, -0.032, -0.081, -0.075, -0.014, -0.124, -0.122, -0.07, -0.063, -0.093, -0.108, -0.076], "FUKUI-": [-0.073, -0.016, -0.048, -0.015, -0.08, -0.009, -0.21, -0.173, -0.062, -0.051, -0.089, -0.105, -0.069], "FUKUIrad": [-0.066, -0.049, -0.04, -0.048, -0.077, -0.012, -0.167, -0.147, -0.066, -0.057, -0.091, -0.107, -0.072], "s proportion": [1.434, 1.022, 1.054, 1.019, 1.425, 0.944, 1.724, 1.525, 0.781, 0.768, 0.952, 0.96, 0.75], "p proportion": [3.982, 2.654, 3.079, 2.842, 3.865, 2.487, 4.847, 3.888, 0.0, 0.0, 0.0, 0.0, 0.0], "d proportion": [0.0, 0.0, 0.0, 0.0, 0.0, 0.0, 0.0, 0.0, 0.0, 0.0, 0.0, 0.0, 0.0], "Coordination numbers": [2.649, 2.872, 2.906, 2.851, 2.704, 2.742, 0.86, 1.845, 0.86, 0.86, 0.926, 0.925, 0.86], "Dispersion coefficient C6": [26.735, 24.111, 30.271, 26.901, 23.985, 21.281, 22.759, 28.663, 1.22, 1.119, 2.314, 2.307, 1.122], "Polarizability alpha": [7.679, 8.049, 9.022, 8.501, 7.274, 7.553, 6.396, 7.934, 1.731, 1.657, 2.379, 2.375, 1.659], "FOD": [0.0, 0.0, 0.0, 0.0, 0.0, 0.0, 0.0, 0.0, 0.0, 0.0, 0.0, 0.0, 0.0], "FOD s proportion": [0.0, 0.0, 0.0, 0.0, 0.0, 0.0, 0.0, 0.0, 0.0, 0.0, 0.0, 0.0, 0.0], "FOD p proportion": [0.0, 0.0, 0.0, 0.0, 0.0, 0.0, 0.0, 0.0, 0.0, 0.0, 0.0, 0.0, 0.0], "FOD d proportion": [0.0, 0.0, 0.0, 0.0, 0.0, 0.0, 0.0, 0.0, 0.0, 0.0, 0.0, 0.0, 0.0], "total energy": -23.9577629, "HOMO-LUMO gap/eV": 3.14714404, "electronic energy": -24.26427763, "Dipole module/D": 6.761, "Total charge": 0.0, "HOMO": -10.3621, "LUMO": -7.2149, "Fermi-level/eV": -8.7885, "Total dispersion C6": 2168.882454, "Total dispersion C8": 50132.654207, "Total polarizability alpha": 72.208458, "Total FOD": 0.0}