{"dipole": [0.2673466053256338, 0.3092734616142421, -0.10942089933488586], "partial charges": [-0.392783288786972, 0.13815469644390832, -0.07137262244313261, -0.03371778069106636, -0.05123344629540162, 0.016082919641415463, -0.03661729146172613, -0.029503605786201956, -0.03215728776997203, -0.02931859051412298, -0.0008428771947802817, 0.2991460615054927, 0.027791371550722865, 0.0314377103774248, 0.030978067708618693, 0.03184481927759975, 0.029492064671092368, 0.030446519496828073, 0.04217258480518496], "mulliken charges": [-0.517698401793467, 0.2526778799407311, -0.09918075039100921, -0.020932614139021644, -0.06182284851124171, 0.011514648441669901, -0.03895884032725323, -0.025784010621659182, -0.03362232909617637, -0.021932662371976126, -0.02447411196290958, 0.35252991424337937, 0.03377016176255845, 0.03075406860529652, 0.03104595916768679, 0.031038225404884403, 0.0296331384294284, 0.030468749695291158, 0.04096245725180461], "cm5 charges": [-0.7159222384642142, 0.2666411065644509, -0.15080656581843802, -0.07614578277910405, -0.11434284851124171, 0.004391915897702872, -0.09156020659923675, -0.08112357452554379, -0.08894692199187966, -0.07324542268892646, -0.026990361048783065, 0.5241645928957033, 0.09201536470528912, 0.08617363250918113, 0.08722279052760437, 0.08725959167686792, 0.0850545047014119, 0.08589781951942303, 0.10027396970171683], "FUKUI+": [-0.05095639038846076, -0.05959011840494539, -0.029273254396703075, -0.035, -0.04972674560329693, -0.019, -0.057273254396703076, -0.03586337280164846, -0.033273254396703075, -0.05813662719835154, -0.019, -0.04077035521483617, -0.07013662719835154, -0.073, -0.06986337280164846, -0.07427325439670307, -0.076, -0.07513662719835154, -0.073], "FUKUI-": [-0.08963952638021844, -0.048273254396703075, -0.04040988159505461, -0.03372674560329693, -0.05927325439670307, -0.02, -0.04645349120659385, -0.031136627198351537, -0.03759011840494539, -0.04245349120659385, -0.019, -0.04918023680989078, -0.07040988159505461, -0.073, -0.07213662719835152, -0.06586337280164846, -0.069, -0.06986337280164846, -0.06159011840494539], "FUKUIrad": [-0.07036627198351537, -0.054, -0.03440988159505461, -0.033863372801648466, -0.054, -0.019, -0.05186337280164846, -0.034, -0.03586337280164846, -0.05072674560329692, -0.019, -0.044906982413187704, -0.07027325439670308, -0.073, -0.071, -0.07, -0.073, -0.073, -0.06686337280164846], "s proportion": [1.693, 1.0251366271983513, 1.0557267456032968, 1.0584098815950547, 1.0598633728016484, 1.0718633728016485, 1.063273254396703, 1.060726745603297, 1.0588633728016483, 1.0644534912065937, 1.0690930175868123, 0.6472732543967031, 0.9665407104296723, 0.9688633728016485, 0.969, 0.9687267456032969, 0.9707267456032969, 0.9698633728016484, 0.9590057983637338], "p proportion": [4.824, 2.7214098815950547, 3.0427645568511026, 2.9621366271983516, 3.002136627198351, 2.916590118404945, 2.9751802368098907, 2.9654098815950545, 2.9745901184049455, 2.9577325439670306, 2.955049407975273, 0.0, 0.0, 0.0, 0.0, 0.0, 0.0, 0.0, 0.0], "d proportion": [0.0, 0.0, 0.0, 0.0, 0.0, 0.0, 0.0, 0.0, 0.0, 0.0, 0.0, 0.0, 0.0, 0.0, 0.0, 0.0, 0.0, 0.0, 0.0], "Coordination numbers": [1.658273254396703, 2.8445901184049456, 2.908273254396703, 2.91, 2.918273254396703, 2.9831366271983515, 2.918273254396703, 2.91, 2.908863372801648, 2.9157267456032967, 2.9781802368098904, 0.8041366271983516, 0.9249999999999999, 0.9249999999999999, 0.9249999999999999, 0.9249999999999999, 0.9249999999999999, 0.9249999999999999, 0.9249999999999999], "Dispersion coefficient C6": [20.709502899181867, 24.98073254396703, 29.779779418411042, 28.839808166462642, 29.272726745603297, 27.64544769284286, 28.91121224969396, 28.736962188752194, 28.801633728016483, 28.73273532126536, 28.044054962571938, 0.7238633728016485, 2.6208200069571803, 2.5660756224956103, 2.572633728016484, 2.5603110656445085, 2.593770355214836, 2.580142425562085, 2.4243340153323727], "Polarizability alpha": [6.143273254396703, 8.191409881595055, 8.947889587321987, 8.80618023680989, 8.872, 8.624453491206593, 8.816906982413187, 8.790546508793405, 8.79986337280165, 8.790235443148898, 8.686924377504388, 1.3358633728016485, 2.531183257875293, 2.505174438446157, 2.508316864008242, 2.5022238464214297, 2.5184534912065937, 2.5116395263802183, 2.4340521852736043], "FOD": [0.0, 0.0, 0.0, 0.0, 0.0, 0.0, 0.0, 0.0, 0.0, 0.0, 0.0, 0.0, 0.0, 0.0, 0.0, 0.0, 0.0, 0.0, 0.0], "FOD s proportion": [0.0, 0.0, 0.0, 0.0, 0.0, 0.0, 0.0, 0.0, 0.0, 0.0, 0.0, 0.0, 0.0, 0.0, 0.0, 0.0, 0.0, 0.0, 0.0], "FOD p proportion": [0.0, 0.0, 0.0, 0.0, 0.0, 0.0, 0.0, 0.0, 0.0, 0.0, 0.0, 0.0, 0.0, 0.0, 0.0, 0.0, 0.0, 0.0, 0.0], "FOD d proportion": [0.0, 0.0, 0.0, 0.0, 0.0, 0.0, 0.0, 0.0, 0.0, 0.0, 0.0, 0.0, 0.0, 0.0, 0.0, 0.0, 0.0, 0.0, 0.0], "total energy": -29.5445348344021, "HOMO-LUMO gap/eV": 2.829503094583311, "electronic energy": -30.034582595118692, "Dipole module/D": 1.386183014108222, "Total charge": 0.0, "HOMO": -9.884017697197741, "LUMO": -7.054465896746853, "Fermi-level/eV": -8.469241796972298, "Total dispersion C6": 4868.766878943956, "Total dispersion C8": 121378.7582735949, "Total polarizability alpha": 112.31667822472562, "Total FOD": 0.0}