{"dipole": [-0.70138249, -2.03507121, 0.15706183], "partial charges": [-0.37720018, 0.52751454, -0.37714845, 0.00667, -0.01886533, -0.02662191, -0.02806975, 0.02441419, -0.03167069, -0.02390162, -0.02089014, -0.0299058, 0.02550485, 0.06320782, 0.05207564, 0.05016643, 0.04350556, 0.04251912, 0.04669463, 0.05200108], "mulliken charges": [-0.46553, 0.67842, -0.46511, 0.03689, -0.01154, -0.02235, -0.02083, 0.01378, -0.03045, -0.01859, -0.0139, -0.02658, 0.01269, 0.06354, 0.04671, 0.04339, 0.03926, 0.03983, 0.04368, 0.05668], "cm5 charges": [-0.4267, 0.51338, -0.42505, 0.0943, -0.05738, -0.07724, -0.07314, 0.00685, -0.08299, -0.07394, -0.06922, -0.07645, 0.01381, 0.12412, 0.10204, 0.09946, 0.09543, 0.09522, 0.09902, 0.11848], "FUKUI+": [-0.125, -0.087, -0.129, -0.023, -0.031, -0.023, -0.048, -0.017, -0.033, -0.025, -0.029, -0.023, -0.014, -0.054, -0.064, -0.065, -0.056, -0.059, -0.058, -0.036], "FUKUI-": [-0.067, -0.017, -0.086, -0.049, -0.026, -0.036, -0.045, -0.018, -0.054, -0.035, -0.033, -0.053, -0.017, -0.062, -0.068, -0.065, -0.069, -0.07, -0.069, -0.063], "FUKUIrad": [-0.096, -0.052, -0.107, -0.036, -0.029, -0.029, -0.046, -0.018, -0.043, -0.03, -0.031, -0.038, -0.015, -0.058, -0.066, -0.065, -0.062, -0.065, -0.063, -0.049], "s proportion": [1.748, 1.331, 1.748, 1.072, 1.065, 1.06, 1.072, 1.072, 1.066, 1.063, 1.064, 1.067, 1.073, 0.936, 0.953, 0.957, 0.961, 0.96, 0.956, 0.943], "p proportion": [4.718, 2.991, 4.717, 2.891, 2.946, 2.962, 2.948, 2.914, 2.965, 2.956, 2.95, 2.959, 2.914, 0.0, 0.0, 0.0, 0.0, 0.0, 0.0, 0.0], "d proportion": [0.0, 0.0, 0.0, 0.0, 0.0, 0.0, 0.0, 0.0, 0.0, 0.0, 0.0, 0.0, 0.0, 0.0, 0.0, 0.0, 0.0, 0.0, 0.0, 0.0], "Coordination numbers": [0.926, 2.758, 0.927, 2.906, 2.91, 2.91, 2.919, 2.984, 2.92, 2.91, 2.908, 2.913, 2.972, 0.925, 0.925, 0.925, 0.925, 0.925, 0.925, 0.925], "Dispersion coefficient C6": [21.198, 13.724, 21.197, 27.872, 28.479, 28.667, 28.702, 27.452, 28.79, 28.601, 28.528, 28.747, 27.43, 2.162, 2.294, 2.318, 2.403, 2.416, 2.362, 2.295], "Polarizability alpha": [6.175, 5.502, 6.174, 8.657, 8.751, 8.779, 8.785, 8.595, 8.799, 8.769, 8.758, 8.792, 8.591, 2.299, 2.369, 2.381, 2.424, 2.43, 2.403, 2.369], "FOD": [0.0, 0.0, 0.0, 0.0, 0.0, 0.0, 0.0, 0.0, 0.0, 0.0, 0.0, 0.0, 0.0, 0.0, 0.0, 0.0, 0.0, 0.0, 0.0, 0.0], "FOD s proportion": [0.0, 0.0, 0.0, 0.0, 0.0, 0.0, 0.0, 0.0, 0.0, 0.0, 0.0, 0.0, 0.0, 0.0, 0.0, 0.0, 0.0, 0.0, 0.0, 0.0], "FOD p proportion": [0.0, 0.0, 0.0, 0.0, 0.0, 0.0, 0.0, 0.0, 0.0, 0.0, 0.0, 0.0, 0.0, 0.0, 0.0, 0.0, 0.0, 0.0, 0.0, 0.0], "FOD d proportion": [0.0, 0.0, 0.0, 0.0, 0.0, 0.0, 0.0, 0.0, 0.0, 0.0, 0.0, 0.0, 0.0, 0.0, 0.0, 0.0, 0.0, 0.0, 0.0, 0.0], "total energy": -35.9231094, "HOMO-LUMO gap/eV": 2.21068464, "electronic energy": -36.42186219, "Dipole module/D": 5.486, "Total charge": 0.0, "HOMO": -10.9946, "LUMO": -8.7839, "Fermi-level/eV": -9.8892, "Total dispersion C6": 5875.02726, "Total dispersion C8": 145460.547958, "Total polarizability alpha": 121.802248, "Total FOD": 0.0}