{"dipole": [0.00211017, -0.28607689, 0.03529092], "partial charges": [-0.09579495, 0.08580143, -0.05516544, 0.08580096, -0.09577835, 0.07212322, -0.08692822, 0.07588634, -0.08070724, 0.07211465, -0.08692511, 0.10957271], "mulliken charges": [-0.07766, 0.09091, -0.07085, 0.09091, -0.07764, 0.06282, -0.07279, 0.07237, -0.06778, 0.06281, -0.07279, 0.05969], "cm5 charges": [-0.07873, 0.08726, -0.1188, 0.08726, -0.07872, 0.06243, -0.07256, 0.07208, -0.06754, 0.06242, -0.07255, 0.11746], "FUKUI+": [-0.131, -0.046, -0.045, -0.046, -0.131, -0.044, -0.13, -0.046, -0.131, -0.044, -0.13, -0.077], "FUKUI-": [-0.177, -0.022, -0.015, -0.022, -0.177, -0.021, -0.18, -0.012, -0.126, -0.021, -0.18, -0.047], "FUKUIrad": [-0.154, -0.034, -0.03, -0.034, -0.154, -0.032, -0.155, -0.029, -0.129, -0.032, -0.155, -0.062], "s proportion": [1.945, 1.08, 1.065, 1.08, 1.945, 1.082, 1.947, 1.086, 1.947, 1.082, 1.947, 0.94], "p proportion": [5.143, 2.829, 3.006, 2.829, 5.143, 2.855, 5.134, 2.842, 5.129, 2.855, 5.134, 0.0], "d proportion": [-0.01, 0.0, 0.0, 0.0, -0.01, 0.0, -0.008, 0.0, -0.008, 0.0, -0.008, 0.0], "Coordination numbers": [0.973, 2.904, 3.006, 2.904, 0.973, 2.918, 0.972, 2.921, 0.976, 2.918, 0.972, 0.925], "Dispersion coefficient C6": [102.141, 26.089, 29.354, 26.089, 102.141, 26.388, 101.865, 26.305, 101.673, 26.388, 101.865, 1.7], "Polarizability alpha": [15.462, 8.375, 8.887, 8.375, 15.462, 8.424, 15.441, 8.411, 15.426, 8.424, 15.441, 2.039], "FOD": [0.0, 0.0, 0.0, 0.0, 0.0, 0.0, 0.0, 0.0, 0.0, 0.0, 0.0, 0.0], "FOD s proportion": [0.0, 0.0, 0.0, 0.0, 0.0, 0.0, 0.0, 0.0, 0.0, 0.0, 0.0, 0.0], "FOD p proportion": [0.0, 0.0, 0.0, 0.0, 0.0, 0.0, 0.0, 0.0, 0.0, 0.0, 0.0, 0.0], "FOD d proportion": [0.0, 0.0, 0.0, 0.0, 0.0, 0.0, 0.0, 0.0, 0.0, 0.0, 0.0, 0.0], "total energy": -36.11261899, "HOMO-LUMO gap/eV": 3.44511176, "electronic energy": -36.34281922, "Dipole module/D": 0.733, "Total charge": 0.0, "HOMO": -11.349, "LUMO": -7.9039, "Fermi-level/eV": -9.6265, "Total dispersion C6": 6856.066796, "Total dispersion C8": 247414.846345, "Total polarizability alpha": 130.166655, "Total FOD": 0.0}