{"dipole": [-0.13415400526937116, 0.012778916228176368, -0.4002430884489193], "partial charges": [-0.10304888953721289, -0.0567394911981281, 0.0844512715529015, -0.321746014060985, 0.040371104399334556, 0.04483638711438795, 0.03514276515633557, 0.03495621176891035, 0.0470867677977574, 0.041598126935156216, 0.020834586889999777, 0.01926339700028533, 0.05482359683856823, 0.028981970789591693, 0.02918819676837403], "mulliken charges": [-0.084944514454092, -0.044983628613523, 0.19562606251038128, -0.46845229516945597, 0.1711664305532486, 0.03607146481984791, 0.0251628647823079, 0.025740257060945494, 0.035649659702613135, 0.028947778700558372, 0.010237506936370114, 0.010313767340925286, 0.032559461808439244, 0.013448215276624301, 0.013472861106497206], "cm5 charges": [-0.23462179575080774, -0.15397988901807816, 0.11217070834025418, -0.5734550138727401, 0.0485564305532486, 0.08802749590893805, 0.07666073976154533, 0.07689076750702578, 0.09231662844742249, 0.0847110670166945, 0.0732246458298729, 0.07315946180843924, 0.09149356944675138, 0.0723982152766243, 0.07242696874480936], "FUKUI+": [0.01103680428673224, -0.0023739595444828617, -0.027178472337569794, -0.19533992980579634, 0.0031784723375697967, -0.06435417012709388, -0.05007083402541877, -0.0554107638312151, -0.06282152766243021, -0.08705659370412121, -0.08905381915607549, -0.09151840214336611, -0.1128753468185057, -0.0878753468185057, -0.0878753468185057], "FUKUI-": [0.02289236168784898, 0.011, 0.035178472337569794, -0.17146458298729061, 0.044, -0.07085833194916244, -0.0796430553248604, -0.07389236168784898, -0.09883854253177346, -0.09883854253177346, -0.12107083402541877, -0.12230312551906408, -0.07541076383121509, -0.10169687448093592, -0.0996430553248604], "FUKUIrad": [0.01646458298729061, 0.00451840214336612, 0.004, -0.183107638312151, 0.023589236168784895, -0.06760625103812816, -0.06476770850635469, -0.06435694467513958, -0.08112465318149428, -0.09344756811794734, -0.10476770850635468, -0.10641076383121509, -0.0940538191560755, -0.09428611064972081, -0.0934645829872906], "s proportion": [1.0071784723375696, 1.0275892361687848, 0.9951784723375697, 1.6935892361687848, 0.9709999999999999, 0.963713889350279, 0.9746430553248604, 0.9738215276624301, 0.964, 0.9705722212994415, 0.99, 0.9895892361687848, 0.9669999999999999, 0.9869999999999999, 0.9865892361687849], "p proportion": [3.078124653181494, 3.0171784723375694, 2.809410763831215, 4.775, 2.8579999999999997, 0.0, 0.0, 0.0, 0.0, 0.0, 0.0, 0.0, 0.0, 0.0, 0.0], "d proportion": [0.0, 0.0, 0.0, 0.0, 0.0, 0.0, 0.0, 0.0, 0.0, 0.0, 0.0, 0.0, 0.0, 0.0, 0.0], "Coordination numbers": [3.75, 3.7985892361687847, 3.7025892361687847, 1.698, 3.6499999999999995, 0.924, 0.924, 0.924, 0.924, 0.924, 0.924, 0.924, 0.924, 0.924, 0.924], "Dispersion coefficient C6": [22.532354170127093, 21.59669409993289, 19.32253541701271, 19.37820972752821, 20.20746458298729, 2.386351395579048, 2.514447568117947, 2.517322914936453, 2.3570708340254187, 2.429186795981707, 2.720535417012709, 2.74494895539197, 2.26064305532486, 2.600929165974581, 2.5980538191560756], "Polarizability alpha": [6.769713889350278, 6.617124653181494, 6.285, 5.943249306362988, 6.457410763831215, 2.4157649339583087, 2.479929165974581, 2.4811614574682266, 2.4005354170127093, 2.4370933979908536, 2.5797677085063544, 2.5908583319491623, 2.351232291493645, 2.5224645829872907, 2.52082152766243], "FOD": [0.0, 0.0, 0.0, 0.0, 0.0, 0.0, 0.0, 0.0, 0.0, 0.0, 0.0, 0.0, 0.0, 0.0, 0.0], "FOD s proportion": [0.0, 0.0, 0.0, 0.0, 0.0, 0.0, 0.0, 0.0, 0.0, 0.0, 0.0, 0.0, 0.0, 0.0, 0.0], "FOD p proportion": [0.0, 0.0, 0.0, 0.0, 0.0, 0.0, 0.0, 0.0, 0.0, 0.0, 0.0, 0.0, 0.0, 0.0, 0.0], "FOD d proportion": [0.0, 0.0, 0.0, 0.0, 0.0, 0.0, 0.0, 0.0, 0.0, 0.0, 0.0, 0.0, 0.0, 0.0, 0.0], "total energy": -17.71780166508562, "HOMO-LUMO gap/eV": 11.284638831474737, "electronic energy": -17.92143454270343, "Dipole module/D": 1.4736743105155012, "Total charge": 0.0, "HOMO": -10.79500284806426, "LUMO": 0.48966926296086133, "Fermi-level/eV": -5.152646254360138, "Total dispersion C6": 1478.150723353088, "Total dispersion C8": 29880.343588339, "Total polarizability alpha": 56.85144556013731, "Total FOD": 0.0}