{"dipole": [-0.91264523, -0.09737016, 0.0352932], "partial charges": [-0.08662307, 0.07301778, 0.07025864, -0.08986193, 0.07531789, -0.10375869, 0.00235011, 0.02636968, -0.02435435, -0.02460569, -0.02538767, -0.02460318, -0.02436052, 0.07531547, -0.1037632, 0.07024891, -0.08985466, 0.03933269, 0.04267159, 0.04027577, 0.04267642, 0.039338], "mulliken charges": [-0.0712, 0.06983, 0.06464, -0.07366, 0.08006, -0.08515, -0.02704, 0.0141, -0.03071, -0.02166, -0.02539, -0.02166, -0.03072, 0.08005, -0.08516, 0.06463, -0.07365, 0.0337, 0.03552, 0.03424, 0.03552, 0.03371], "cm5 charges": [-0.07096, 0.06958, 0.06438, -0.07342, 0.07955, -0.08513, -0.02875, 0.00712, -0.08252, -0.07694, -0.08072, -0.07695, -0.08252, 0.07955, -0.08513, 0.06437, -0.07341, 0.09026, 0.09087, 0.0896, 0.09088, 0.09026], "FUKUI+": [-0.11, -0.036, -0.037, -0.111, -0.037, -0.109, -0.048, 0.002, -0.009, -0.015, -0.016, -0.015, -0.009, -0.037, -0.109, -0.037, -0.111, -0.022, -0.037, -0.039, -0.037, -0.022], "FUKUI-": [-0.111, -0.011, -0.015, -0.135, -0.015, -0.121, -0.015, -0.01, -0.013, -0.02, -0.022, -0.02, -0.013, -0.015, -0.121, -0.015, -0.135, -0.032, -0.043, -0.043, -0.043, -0.032], "FUKUIrad": [-0.11, -0.024, -0.026, -0.123, -0.026, -0.115, -0.031, -0.004, -0.011, -0.017, -0.019, -0.017, -0.011, -0.026, -0.115, -0.026, -0.123, -0.027, -0.04, -0.041, -0.04, -0.027], "s proportion": [1.948, 1.084, 1.084, 1.948, 1.087, 1.948, 1.087, 1.076, 1.062, 1.061, 1.061, 1.061, 1.062, 1.087, 1.948, 1.084, 1.948, 0.966, 0.964, 0.966, 0.964, 0.966], "p proportion": [5.132, 2.846, 2.851, 5.134, 2.833, 5.146, 2.941, 2.91, 2.969, 2.961, 2.964, 2.961, 2.969, 2.833, 5.146, 2.851, 5.134, 0.0, 0.0, 0.0, 0.0, 0.0], "d proportion": [-0.008, 0.0, 0.0, -0.008, 0.0, -0.009, 0.0, 0.0, 0.0, 0.0, 0.0, 0.0, 0.0, 0.0, -0.009, 0.0, -0.008, 0.0, 0.0, 0.0, 0.0, 0.0], "Coordination numbers": [0.982, 2.923, 2.92, 0.982, 2.9, 0.963, 3.014, 2.967, 2.916, 2.91, 2.912, 2.91, 2.916, 2.9, 0.963, 2.92, 0.982, 0.925, 0.925, 0.925, 0.925, 0.925], "Dispersion coefficient C6": [101.858, 26.368, 26.428, 101.959, 26.317, 102.387, 27.954, 27.412, 28.612, 28.618, 28.637, 28.618, 28.612, 26.317, 102.388, 26.429, 101.959, 2.458, 2.414, 2.445, 2.413, 2.458], "Polarizability alpha": [15.44, 8.421, 8.43, 15.448, 8.411, 15.48, 8.673, 8.588, 8.771, 8.772, 8.775, 8.772, 8.771, 8.411, 15.48, 8.43, 15.448, 2.452, 2.429, 2.445, 2.429, 2.452], "FOD": [0.0, 0.0, 0.0, 0.0, 0.0, 0.0, 0.0, 0.0, 0.0, 0.0, 0.0, 0.0, 0.0, 0.0, 0.0, 0.0, 0.0, 0.0, 0.0, 0.0, 0.0, 0.0], "FOD s proportion": [0.0, 0.0, 0.0, 0.0, 0.0, 0.0, 0.0, 0.0, 0.0, 0.0, 0.0, 0.0, 0.0, 0.0, 0.0, 0.0, 0.0, 0.0, 0.0, 0.0, 0.0, 0.0], "FOD p proportion": [0.0, 0.0, 0.0, 0.0, 0.0, 0.0, 0.0, 0.0, 0.0, 0.0, 0.0, 0.0, 0.0, 0.0, 0.0, 0.0, 0.0, 0.0, 0.0, 0.0, 0.0, 0.0], "FOD d proportion": [0.0, 0.0, 0.0, 0.0, 0.0, 0.0, 0.0, 0.0, 0.0, 0.0, 0.0, 0.0, 0.0, 0.0, 0.0, 0.0, 0.0, 0.0, 0.0, 0.0, 0.0, 0.0], "total energy": -50.99722269, "HOMO-LUMO gap/eV": 3.47296131, "electronic energy": -51.4963363, "Dipole module/D": 2.335, "Total charge": 0.0, "HOMO": -11.2127, "LUMO": -7.7397, "Fermi-level/eV": -9.4762, "Total dispersion C6": 14700.196959, "Total dispersion C8": 478638.043886, "Total polarizability alpha": 192.731258, "Total FOD": 0.0}