{"dipole": [-0.5452368523821766, -0.05059296284487424, 0.3204890620702956], "partial charges": [0.036505006571054884, -0.2939123488013511, 0.3984996952742185, -0.4437129943222919, -0.16539750198458888, 0.08260695562434146, -0.05232227209232684, -0.02795515531627246, -0.04947561107985212, 0.15040339283543844, -0.30162129117459335, 0.39712058341774564, -0.4360924722266783, -0.16612228695121675, 0.07683019141660546, -0.055634586304064246, -0.03092651239747951, -0.04613347475467039, 0.021328784652019254, -0.10928962249541484, -0.05848072044872297, -0.062249939829075826, 0.06407904708972563, 0.06406879717026857, 0.06424923389675376, 0.19871091108978134, 0.06765956905566242, 0.05235702317954856, 0.05505264284636925, 0.19492148256952538, 0.03886386928680761, 0.03624345416739809, 0.03368337977243595, 0.046370970143064974, 0.05038864883998694, 0.046411216409976426, 0.058402261440016555, 0.06456967948519747], "mulliken charges": [0.177599475151296, -0.43382189081273487, 0.6565158510547565, -0.5576328640213272, -0.317904507641575, 0.15385256147216186, -0.0684780077022531, -0.018832219092386703, -0.06648294702577909, 0.25843073578774856, -0.43095897329428834, 0.6534835729926366, -0.5472783439600882, -0.3157618376505942, 0.14978038390034745, -0.07245173284824857, -0.020541738585724136, -0.05533056438903511, 0.02221085269721681, -0.08626339825543428, -0.07497006517841456, -0.09028531813489826, 0.04066318393717994, 0.041074466840206575, 0.039423209844491144, 0.24373823396744088, 0.05635787377702552, 0.038801786236984714, 0.049546310883618785, 0.24166945041197163, 0.038695085600715606, 0.03198245675224683, 0.03058956480203398, 0.03768209843031917, 0.04107495831424336, 0.03755775494377607, 0.05364354243766335, 0.06262398189923332], "cm5 charges": [0.05834018153321456, -0.5158144502031471, 0.7793372363896119, -0.6042401823341146, -0.6597232318763762, 0.2072507727998142, -0.11570435762515467, -0.07372845511474505, -0.11635022985630887, 0.2751300604686554, -0.48923669871009284, 0.7750367629473391, -0.5911418134886826, -0.6561737909763921, 0.2028797271713716, -0.12001410548159044, -0.07565520726128916, -0.1086089738311161, 0.004815914250530286, -0.22960386866239002, -0.12033679332209901, -0.13234803153884372, 0.101398881413875, 0.10191302247533432, 0.09981270798316619, 0.44625698751059995, 0.11928665632236252, 0.09420070394655564, 0.1085068323540245, 0.4436869123191157, 0.09919933180693127, 0.08737789362447085, 0.08667253737189096, 0.08948600746449352, 0.09279332568206046, 0.08936259815054341, 0.11782594105193148, 0.12812384070888846], "FUKUI+": [0.014297256985696987, -0.034703184957527014, -0.030405927971830025, -0.06362360223583399, -0.014594513971393976, -0.030594513971393976, -0.024189027942787947, -0.01932533903222941, -0.029216900029042075, -0.019108670986133034, -0.033137759250573065, -0.026810972057212053, -0.056999558056776, -0.018514157014739064, -0.02548462680707504, -0.015381851594995102, -0.018070907112131863, -0.031405486028606024, -0.025196819665901104, 0.014, -0.014874087446230755, -0.015, -0.01849702103373063, -0.01785869434729721, -0.019941541604669148, -0.02629769892892099, -0.041189469886011944, -0.04621811620722797, -0.04262238605764809, -0.025405486028606025, -0.03208331947111551, -0.04124643023670611, -0.04540548602860602, -0.021824044999257948, -0.02501952292372641, -0.022504073868479524, -0.026322166557490513, -0.03], "FUKUI-": [0.012000000000000002, -0.030297256985696987, -0.0022972569856969877, -0.04391920110012108, -0.043891329013866956, -0.023702743014303015, -0.025187369821378053, -0.014, -0.030890112835681063, -0.013405486028606027, -0.030593065810262374, -0.003218116207227972, -0.04110867098613304, -0.03878309997095792, -0.025376397764166003, -0.029029530207664023, -0.014029530207664023, -0.040326787193361004, -0.0287535697632939, 0.015485842985260935, -0.009485842985260935, -0.01218902794278795, -0.019966666003523918, -0.019470328155034883, -0.02067123488435024, -0.029891770957090964, -0.03859451397139397, -0.040405486028606025, -0.03791920110012109, -0.029564983763729957, -0.039234583539902286, -0.043761803429631055, -0.049297256985696994, -0.0310974504830602, -0.03852989817232082, -0.03127621003851705, -0.02965718741718868, -0.026297256985696984], "FUKUIrad": [0.012999999999999998, -0.03259451397139397, -0.016297256985696985, -0.053810972057212046, -0.029079140778469015, -0.027297256985696988, -0.025, -0.016702743014303013, -0.030108229042909034, -0.016, -0.031623602235834, -0.015405486028606025, -0.04870274301430302, -0.02848584298526094, -0.025267726778032962, -0.022116672669524492, -0.016267726778032964, -0.036000000000000004, -0.02681141400043605, 0.014485842985260938, -0.01207090711213186, -0.013594513971393975, -0.019049035395994025, -0.01853540226440944, -0.020306891353463495, -0.02818902794278795, -0.03948628492848494, -0.043702743014303005, -0.04021645808581808, -0.027702743014303012, -0.03591603001287842, -0.04254368722240309, -0.047, -0.0267025580357428, -0.03164560156126701, -0.026848928989166305, -0.027895383987557622, -0.02829725698569699], "s proportion": [0.9729999999999999, 1.693, 0.918, 1.7212559390412259, 1.416, 1.0382582179735131, 1.061108229042909, 1.061405486028606, 1.058594513971394, 1.01878209375305, 1.6939999999999997, 0.9249999999999999, 1.7230000000000003, 1.4179999999999997, 1.0375236658192586, 1.0578031803340988, 1.0598031803340988, 1.059702743014303, 1.08671097668064, 1.007732273221967, 1.062464546443934, 1.061594513971394, 0.9595358845991625, 0.959047280346861, 0.9608223210825824, 0.756594513971394, 0.9435122235423037, 0.9612972569856969, 0.950405044085382, 0.758188585999564, 0.961432743102945, 0.9681968196659012, 0.969297256985697, 0.9622252659696997, 0.9589073404600427, 0.962345234872127, 0.9464881161185859, 0.9371630893289691], "p proportion": [2.85, 4.741, 2.426, 4.835999999999999, 3.902297256985697, 2.8075945139713934, 3.0079451397139394, 2.9570000000000003, 3.0081371073470713, 2.7224054860286055, 4.737405486028606, 2.4217027430143028, 4.824732273221967, 3.8980000000000006, 2.8127027430143032, 3.0146454644393406, 2.9610082336663375, 2.9958114140004355, 2.8911004373197957, 3.0783774039820737, 3.0122753947821903, 3.0288384022002424, 0.0, 0.0, 0.0, 0.0, 0.0, 0.0, 0.0, 0.0, 0.0, 0.0, 0.0, 0.0, 0.0, 0.0, 0.0, 0.0], "d proportion": [0.0, 0.0, 0.0, 0.0, 0.0, 0.0, 0.0, 0.0, 0.0, 0.0, 0.0, 0.0, 0.0, 0.0, 0.0, 0.0, 0.0, 0.0, 0.0, 0.0, 0.0, 0.0, 0.0, 0.0, 0.0, 0.0, 0.0, 0.0, 0.0, 0.0, 0.0, 0.0, 0.0, 0.0, 0.0, 0.0, 0.0, 0.0], "Coordination numbers": [3.655, 1.7070000000000003, 2.657, 0.856, 2.694, 2.8972972569856967, 2.9154862849284844, 2.912702743014303, 2.9099999999999997, 2.858783541914182, 1.706297256985697, 2.638486284928485, 0.856, 2.6919999999999997, 2.8950000000000005, 2.9183936393318017, 2.9092677267780327, 2.9142677267780326, 2.9597322732219666, 3.7549999999999994, 2.9186063606681976, 2.916513715071515, 0.9239999999999999, 0.9239999999999999, 0.9239999999999999, 0.8599999999999999, 0.9249999999999999, 0.9249999999999999, 0.9249999999999999, 0.8599999999999999, 0.9249999999999999, 0.9249999999999999, 0.9249999999999999, 0.9239999999999999, 0.9239999999999999, 0.9239999999999999, 0.9249999999999999, 0.9249999999999999], "Dispersion coefficient C6": [20.254552964043977, 18.88582323282987, 20.27340592797183, 22.574699216811204, 24.57790820076639, 26.1576497728326, 29.299398028382548, 28.6990839485505, 29.228222988477345, 24.733160989264327, 19.020483749351378, 20.298837960257018, 22.415931650396434, 24.59407825689202, 26.28321246207212, 29.382094148299732, 28.771170287476792, 29.145604405759137, 27.528877012483058, 22.6460093636032, 29.453533632628748, 29.548329560291506, 2.1519887378272347, 2.151914540408363, 2.1502450525735957, 1.1126753128712727, 2.1227673016850543, 2.2906216687633987, 2.2578148959427953, 1.1320786988352447, 2.476198068251126, 2.4995999184524877, 2.534496176716232, 2.3662917307396296, 2.3159038891234376, 2.365485058402344, 2.229691543681334, 2.1547164421282314],