{"dipole": [1.395291269561068, -0.0009124927920329817, -0.729835900957751], "partial charges": [0.033038240449210804, -0.2792539692596302, 0.4018578223768078, -0.4492437064984648, -0.1665908090197729, 0.21317431536104697, -0.3095681376813315, 0.07299566565186852, -0.04290594517983517, -0.034389176287005385, -0.011606518359441386, -0.04448829145378895, 0.04608211597108919, -0.13181322520913166, 0.22283689134451545, -0.3785886257880389, -0.005095257509453153, -0.02268467105098434, -0.027765726433949037, -0.023869921813103094, -0.027780810504304365, -0.020568491176279013, 0.0706379298185657, 0.06754105517511094, 0.06980944897289428, 0.2254779382099769, 0.052223682352271796, 0.04794210853099355, 0.050081356203920124, 0.2001862700145901, 0.04371803608872886, 0.03715849104836602, 0.03662234886012258, 0.03744950200074387, 0.04738006093175618], "mulliken charges": [0.1767, -0.42424007489658866, 0.6570436567899787, -0.5663467339528244, -0.31067138065831557, 0.3965293845674308, -0.42538160534808156, 0.13470475740751595, -0.04894688374600174, -0.03547872692671525, -0.03843664279637594, -0.0491555811012687, 0.10187734938539353, -0.2855000358054361, 0.3786811006175372, -0.5086650016428582, -0.028725092799306712, -0.017654790095958148, -0.026793637244402438, -0.01949386193416844, -0.02723270596561883, -0.012746440769180127, 0.04269800062339878, 0.04561345164578901, 0.04418834258662249, 0.26366378703757976, 0.04359486810954071, 0.03981108747467132, 0.04963331499547759, 0.2636894041130072, 0.04027157265963941, 0.03418169650453008, 0.033297929012526595, 0.0344946467054912, 0.0447725693153074], "cm5 charges": [0.05740613806583156, -0.5046262129624202, 0.7826336567899788, -0.6147869390970141, -0.647048209053305, 0.6080973135799574, -0.5932847769530922, 0.20935703353917906, -0.09645054053598046, -0.08663846643151316, -0.04330050473054437, -0.09372515126731298, 0.17199011070202475, -0.6258586551471205, 0.41017496255170566, -0.5556620351820373, -0.034183506996801394, -0.06953066766658761, -0.0820211559685496, -0.07474386193416843, -0.08243746337313479, -0.0643551154618769, 0.10266079774546608, 0.10695958971162058, 0.10466168353038674, 0.4675397199592216, 0.10117100617537228, 0.09783899694162163, 0.1097163010018748, 0.4689814002038919, 0.0983294821265897, 0.08949555843869851, 0.0886002051441897, 0.08982306090298586, 0.10320852178252554], "FUKUI+": [0.015, -0.03838619341684394, -0.031, -0.059613806583156057, -0.018, -0.02561380658315606, -0.04538619341684394, -0.019, -0.02238619341684394, -0.009, -0.01838619341684394, -0.028, -0.011613806583156059, -0.02261380658315606, -0.043613806583156056, -0.11054477366737576, -0.015613806583156059, -0.01538619341684394, -0.01438619341684394, -0.03, -0.014841419749468177, -0.014613806583156058, -0.02213806583156059, -0.015, -0.019861934168439406, -0.03, -0.04377238683368788, -0.03277238683368788, -0.035227613166312115, -0.02361380658315606, -0.0279309670842197, -0.04115858025053182, -0.04661380658315606, -0.04145522633262423, -0.02829664608209241], "FUKUI-": [0.012, -0.03261380658315606, -0.002, -0.03361380658315606, -0.03461380658315606, -0.021, -0.07515858025053182, -0.022, -0.02561380658315606, -0.01238619341684394, -0.035613806583156056, -0.013, -0.024386193416843942, -0.02, -0.018, -0.11493096708421971, -0.01638619341684394, -0.012158580250531823, -0.018227613166312117, -0.01861380658315606, -0.017, -0.013069032915780295, -0.020069032915780296, -0.017613806583156057, -0.01954477366737576, -0.03, -0.05015858025053182, -0.03861380658315606, -0.03815858025053182, -0.03, -0.0269309670842197, -0.04254477366737576, -0.04861380658315606, -0.04306903291578029, -0.02768283949893635], "FUKUIrad": [0.013, -0.035, -0.017, -0.04661380658315606, -0.02661380658315606, -0.023, -0.06077238683368788, -0.02, -0.024, -0.011, -0.027, -0.02038619341684394, -0.018, -0.021, -0.031, -0.11254477366737577, -0.016, -0.01377238683368788, -0.016, -0.024, -0.015613806583156059, -0.013841419749468176, -0.02091045266524847, -0.016, -0.019703353917907587, -0.03, -0.04715858025053182, -0.03538619341684394, -0.037, -0.027, -0.0269309670842197, -0.04215858025053182, -0.04761380658315606, -0.04245522633262423, -0.02768283949893635], "s proportion": [0.974, 1.6909999999999998, 0.9159999999999999, 1.722, 1.4099999999999997, 0.959, 1.551, 1.04, 1.0627723868336878, 1.062386193416844, 1.0853861934168438, 1.060227613166312, 1.035613806583156, 1.424, 1.061613806583156, 1.738, 1.09, 1.066386193416844, 1.0617723868336877, 1.064, 1.062227613166312, 1.066613806583156, 0.9570690329157803, 0.9543861934168438, 0.9559309670842197, 0.736613806583156, 0.9562276131663121, 0.9605037448294331, 0.9501100617537226, 0.7363861934168439, 0.9598899382462771, 0.9662276131663121, 0.967, 0.9657723868336878, 0.9554962551705666], "p proportion": [2.8499999999999996, 4.733, 2.427, 4.843772386833687, 3.901, 2.6443861934168438, 3.874613806583156, 2.825, 2.9856138065831557, 2.9727313579957455, 2.953227613166312, 2.989427222254786, 2.862, 3.8611585802505317, 2.56, 4.770227613166312, 2.939, 2.951345164578901, 2.965613806583156, 2.956, 2.965386193416844, 2.9460410288379424, 0.0, 0.0, 0.0, 0.0, 0.0, 0.0, 0.0, 0.0, 0.0, 0.0, 0.0, 0.0, 0.0], "d proportion": [0.0, 0.0, 0.0, 0.0, 0.0, 0.0, 0.0, 0.0, 0.0, 0.0, 0.0, 0.0, 0.0, 0.0, 0.0, 0.0, 0.0, 0.0, 0.0, 0.0, 0.0, 0.0, 0.0, 0.0, 0.0, 0.0, 0.0, 0.0, 0.0, 0.0, 0.0, 0.0, 0.0, 0.0, 0.0], "Coordination numbers": [3.6549999999999994, 1.706, 2.67, 0.856, 2.691, 3.092227613166312, 1.891, 3.216613806583156, 2.9106138065831564, 2.912158580250532, 2.9699999999999998, 2.907455226332624, 3.054613806583156, 2.812, 2.828, 0.859, 2.965, 2.9141585802505316, 2.911, 2.912, 2.911, 2.914841419749468, 0.9239999999999999, 0.9239999999999999, 0.9239999999999999, 0.8599999999999999, 0.9249999999999999, 0.9249999999999999, 0.9249999999999999, 0.8599999999999999, 0.9249999999999999, 0.9249999999999999, 0.9249999999999999, 0.9249999999999999, 0.9249999999999999], "Dispersion coefficient C6": [20.311, 18.633682839498935, 20.218613806583157, 22.690220123507444, 24.604386193416843, 23.412703353917905, 28.873414197494682, 25.713613806583155, 29.0653451645789, 28.856541193123764, 28.30143471191365, 29.10504460938155, 26.91424812758528, 23.8528339300906, 23.314613806583154, 21.25728362132199, 28.146634321002125, 28.571313579957454, 28.694365678997876, 28.600158580250532, 28.6951790946695, 28.520479321295205, 2.0788544445095725, 2.112772386833688, 2.087759362073583, 0.985227613166312, 2.29225561724415, 2.349085966791142, 2.3224588068762335, 1.1052481275852832, 2.403472160207986, 2.48725561724415, 2.494, 2.4829029630063815, 2.3566173871267653], "Polarizability alpha": [6.469999999999999, 5.828613806583156, 7.358, 6.386317160501063, 7.366999999999999, 7.930772386833688, 7.9664552263326245, 8.248386193416843, 8.840455226332624, 8.808710843576774, 8.726227613166312, 8.8458339300906, 8.507772386833686, 7.253317160501064, 7.911999999999999, 6.181524259248404, 8.702386193416842, 8.765097036993618, 8.784227613166312, 8.769386193416842, 8.783772386833688, 8.757061543256913, 2.2545858025053183, 2.273386193416844, 2.2594141974946815, 1.554613806583156, 2.3674347119136527, 2.3958844031450393, 2.382501790271805, 1.6470895473347513, 2.423656789978727, 2.4658209053304967, 2.4699999999999998, 2.463951481503191, 2.3998879836886484], "FOD": [0.0, 0.0, 0.0, 0.0, 0.0, 0.0, 0.0, 0.0, 0.0, 0.0, 0.0, 0.0, 0.0, 0.0, 0.0, 0.0, 0.0, 0.0, 0.0, 0.0, 0.0, 0.0, 0.0, 0.0, 0.0, 0.0, 0.0, 0.0, 0.0, 0.0, 0.0, 0.0, 0.0, 0.0, 0.0], "FOD s proportion": [0.0, 0.0, 0.0, 0.0, 0.0, 0.0, 0.0, 0.0, 0.0, 0.0, 0.0, 0.0, 0.0, 0.0, 0.0, 0.0, 0.0, 0.0, 0.0, 0.0, 0.0, 0.0, 0.0, 0.0, 0.0, 0.0, 0.0, 0.0, 0.0, 0.0, 0.0, 0.0, 0.0, 0.0, 0.0], "FOD p proportion": [0.0, 0.0, 0.0, 0.0, 0.0, 0.0, 0.0, 0.0, 0.0, 0.0, 0.0, 0.0, 0.0, 0.0, 0.0, 0.0, 0.0, 0.0, 0.0, 0.0, 0.0, 0.0, 0.0, 0.0, 0.0, 0.0, 0.0, 0.0, 0.0, 0.0, 0.0, 0.0, 0.0, 0.0, 0.0],