{"dipole": [0.20904211, 0.01291672, 0.00940644], "partial charges": [-0.10632323, 0.01788206, -0.0394935, -0.03127436, -0.03416262, -0.03125745, -0.03949544, 0.04037775, 0.04674532, 0.04035586, 0.02791817, 0.02721878, 0.026381, 0.02720404, 0.02792361], "mulliken charges": [-0.08732, 0.01575, -0.0441, -0.02681, -0.03479, -0.02679, -0.0441, 0.03432, 0.04017, 0.03431, 0.028, 0.02784, 0.02766, 0.02783, 0.028], "cm5 charges": [-0.2306, -0.00184, -0.09746, -0.08217, -0.09018, -0.08214, -0.09747, 0.08614, 0.09186, 0.08612, 0.08409, 0.08325, 0.08308, 0.08323, 0.0841], "FUKUI+": [0.035, -0.08, -0.056, -0.059, -0.058, -0.059, -0.056, -0.054, -0.062, -0.054, -0.098, -0.1, -0.1, -0.1, -0.098], "FUKUI-": [0.026, -0.078, -0.041, -0.038, -0.077, -0.038, -0.041, -0.084, -0.126, -0.084, -0.08, -0.083, -0.093, -0.083, -0.08], "FUKUIrad": [0.03, -0.079, -0.048, -0.049, -0.068, -0.049, -0.048, -0.069, -0.094, -0.069, -0.089, -0.092, -0.096, -0.092, -0.089], "s proportion": [1.007, 1.086, 1.062, 1.06, 1.058, 1.06, 1.062, 0.966, 0.96, 0.966, 0.972, 0.972, 0.972, 0.972, 0.972], "p proportion": [3.08, 2.899, 2.982, 2.967, 2.976, 2.967, 2.982, 0.0, 0.0, 0.0, 0.0, 0.0, 0.0, 0.0, 0.0], "d proportion": [0.0, 0.0, 0.0, 0.0, 0.0, 0.0, 0.0, 0.0, 0.0, 0.0, 0.0, 0.0, 0.0, 0.0, 0.0], "Coordination numbers": [3.755, 2.96, 2.915, 2.911, 2.912, 2.911, 2.915, 0.924, 0.924, 0.924, 0.925, 0.925, 0.925, 0.925, 0.925], "Dispersion coefficient C6": [22.588, 27.609, 28.981, 28.78, 28.851, 28.779, 28.982, 2.444, 2.361, 2.444, 2.616, 2.626, 2.638, 2.626, 2.616], "Polarizability alpha": [6.777, 8.618, 8.828, 8.797, 8.808, 8.797, 8.828, 2.445, 2.403, 2.445, 2.529, 2.534, 2.54, 2.534, 2.529], "FOD": [0.0, 0.0, 0.0, 0.0, 0.0, 0.0, 0.0, 0.0, 0.0, 0.0, 0.0, 0.0, 0.0, 0.0, 0.0], "FOD s proportion": [0.0, 0.0, 0.0, 0.0, 0.0, 0.0, 0.0, 0.0, 0.0, 0.0, 0.0, 0.0, 0.0, 0.0, 0.0], "FOD p proportion": [0.0, 0.0, 0.0, 0.0, 0.0, 0.0, 0.0, 0.0, 0.0, 0.0, 0.0, 0.0, 0.0, 0.0, 0.0], "FOD d proportion": [0.0, 0.0, 0.0, 0.0, 0.0, 0.0, 0.0, 0.0, 0.0, 0.0, 0.0, 0.0, 0.0, 0.0, 0.0], "total energy": -19.04927911, "HOMO-LUMO gap/eV": 4.59242912, "electronic energy": -19.39351091, "Dipole module/D": 0.533, "Total charge": 0.0, "HOMO": -10.5739, "LUMO": -5.9815, "Fermi-level/eV": -8.2777, "Total dispersion C6": 2460.504682, "Total dispersion C8": 58814.881736, "Total polarizability alpha": 79.412424, "Total FOD": 0.0}