{"dipole": [-0.401481721151782, -1.5414719494328133, -0.37806290997520375], "partial charges": [-0.10842326956248431, 0.014866172047924918, -0.11131905937362108, -0.1065922243826564, 0.2137665672924873, -0.31377655967836304, 0.1508849763609818, -0.2680020229965858, 0.14254462386030364, -0.047641851925716114, -0.038557446835226564, 0.09305505859724349, -0.16849744875785364, -0.03976772135903774, -0.06241261332363931, 0.048776914641406745, 0.10133283836357683, -0.2569003874874904, 0.11795905439027832, -0.24338752044233405, 0.05064340981732944, 0.04625145656146711, 0.05535292397409137, 0.044891455447842905, 0.044063334842951274, 0.05803361231581719, 0.03604487664819872, 0.047850450760503635, 0.06026282841645877, 0.06867491100689607, 0.06805253103309604, 0.06591325792510971, 0.06382433613757997, 0.05466169980942861, 0.06992949667052098, 0.04764134920351358], "mulliken charges": [-0.0832997826322744, -8.702197758748714e-06, -0.0976993382113686, -0.09210180017730236, 0.37528219064001583, -0.4597233604403425, 0.2954675299892828, -0.41734907093427115, 0.2486145769215562, -0.055735381213855364, -0.046307828678035935, 0.10011523871018758, -0.11664868528785625, -0.042932355690220254, -0.08395047096340542, -0.053957005067685, 0.2420786184685819, -0.37195393527131215, 0.24570778117681336, -0.2870464777379379, 0.045373767812958474, 0.031275113116422316, 0.047954886883577685, 0.03349513566295896, 0.04597958135411572, 0.04451632959763599, 0.030063388623513335, 0.04742756862538632, 0.045764761289812404, 0.04835706384217592, 0.05618191449779933, 0.04558008372917686, 0.044800466147106865, 0.04751422591528189, 0.05890673456210265, 0.028297069478810076], "cm5 charges": [-0.22708187586169576, -0.027088409145639755, -0.2420967426068861, -0.23712180017730236, 0.40844026486894813, -0.5063001425036677, 0.32959690202045633, -0.48421547057966635, 0.2661995531709449, -0.10506149344376577, -0.09807799613638964, 0.092775280574776, -0.11865872715244467, -0.09483189517974756, -0.13444745671303865, -0.23243792045199624, 0.3526284091456397, -0.5447435584900163, 0.3545678649059902, -0.3988096538100242, 0.09943552612567241, 0.08336951453484136, 0.10250467192400137, 0.08857312616271444, 0.1001987859269356, 0.09661624586845914, 0.08295987199808542, 0.10021953626104241, 0.09781961758206999, 0.13173179454066822, 0.11500011432049695, 0.1020998744062347, 0.10126054987628373, 0.1102120851846379, 0.13384631591621837, 0.10090715320798693], "FUKUI+": [0.01797488124694352, -0.006, 0.012025118753056476, 0.009999999999999998, -0.07896650832925801, -0.14895394895272976, 0.001995813541157254, -0.01604186458842746, -0.00802093229421373, -0.02596650832925803, -0.023995813541157252, -0.021029305211899222, -0.07403767812958471, -0.02597488124694352, -0.018, -0.013004186458842744, -0.010004186458842745, -0.054004186458842744, -0.013004186458842744, -0.041012559376528236, -0.014995813541157251, -0.03292045728198783, -0.015083729176854918, -0.012999999999999998, -0.013012559376528237, -0.035987440623471756, -0.014100475012225906, -0.014983254164629013, -0.03788277915240311, -0.038, -0.037, -0.046004186458842744, -0.04400418645884274, -0.025012559376528236, -0.031995813541157256, -0.04900418645884275], "FUKUI-": [0.011, -0.012004186458842745, 0.010004186458842745, 0.008004186458842747, -0.009999999999999998, -0.06700418645884275, 0.000995813541157254, -0.050987440623471755, -0.02597488124694352, -0.01997488124694352, -0.016995813541157253, -0.021979067705786268, -0.19394138957620155, -0.018991627082314506, -0.015987440623471762, -0.012025118753056476, 0.002991627082314508, -0.09704605104727021, -0.0020125593765282384, -0.043046051047270203, -0.014995813541157251, -0.02792464374083057, -0.014083729176854921, -0.007029305211899222, -0.013016745835370982, -0.03198744062347176, -0.007104661471068652, -0.013970694788100776, -0.030907897905459582, -0.026020932294213726, -0.04096650832925803, -0.04398325416462901, -0.041991627082314506, -0.031995813541157256, -0.03202093229421373, -0.047025118753056476], "FUKUIrad": [0.013991627082314507, -0.009, 0.011012559376528237, 0.009004186458842744, -0.04398325416462901, -0.10797906770578626, 0.000995813541157254, -0.03401255937652824, -0.016995813541157253, -0.022970694788100775, -0.019999999999999997, -0.02100837291768549, -0.13398744062347176, -0.021983254164629016, -0.016991627082314505, -0.012016745835370985, -0.0030083729176854923, -0.07502511875305647, -0.0070083729176854915, -0.04202930521189922, -0.014995813541157251, -0.029924643740830564, -0.015083729176854918, -0.010016745835370983, -0.013012559376528237, -0.03398744062347176, -0.01010466147106865, -0.014974881246943522, -0.03389952498777409, -0.032012559376528235, -0.038983254164629014, -0.0449916270823145, -0.04299581354115725, -0.028004186458842745, -0.03200837291768549, -0.04801674583537098], "s proportion": [1.015016745835371, 1.0939999999999999, 1.0189832541646289, 1.018, 1.0950251187530564, 1.7410041864588428, 1.0060334916707419, 1.6810125593765282, 1.0159999999999998, 1.0600293052118992, 1.0629999999999997, 1.0740209322942136, 1.9429999999999998, 1.0620083729176857, 1.0600376781295848, 1.4289916270823144, 0.996, 1.5649999999999997, 1.0029958135411572, 1.5879958135411574, 0.9549958135411571, 0.9689832541646289, 0.9520167458353709, 0.9669413895762015, 0.954, 0.9550544239649555, 0.9699246437408305, 0.9520837291768549, 0.9540167458353709, 0.9520125593765282, 0.9440167458353709, 0.954, 0.9549916270823143, 0.9529246437408304, 0.9410041864588427, 0.972], "p proportion": [3.06804605104727, 2.906, 3.0789539489527296, 3.074, 2.529025118753056, 4.7180209322942135, 2.6989665083292578, 4.736050237506112, 2.7350460510472696, 2.996016745835371, 2.983008372917685, 2.825966508329258, 5.183966508329258, 2.981012559376528, 3.0238325416462897, 3.6249665083292575, 2.762, 3.807, 2.7520041864588425, 3.6989874406234713, 0.0, 0.0, 0.0, 0.0, 0.0, 0.0, 0.0, 0.0, 0.0, 0.0, 0.0, 0.0, 0.0, 0.0, 0.0, 0.0], "d proportion": [0.0, 0.0, 0.0, 0.0, 0.0, 0.0, 0.0, 0.0, 0.0, 0.0, 0.0, 0.0, -0.010004186458842745, 0.0, 0.0, 0.0, 0.0, 0.0, 0.0, 0.0, 0.0, 0.0, 0.0, 0.0, 0.0, 0.0, 0.0, 0.0, 0.0, 0.0, 0.0, 0.0, 0.0, 0.0, 0.0, 0.0], "Coordination numbers": [3.7569916270823147, 3.8959999999999995, 3.7550083729176853, 3.756, 2.815995813541157, 0.856, 3.675125593765282, 1.7039916270823143, 2.852154898977181, 2.915979067705786, 2.9480041864588427, 2.8789999999999996, 0.9659958135411572, 2.949, 2.9119999999999995, 3.066995813541157, 3.095004186458843, 1.885995813541157, 3.2550041864588426, 1.96, 0.9239999999999999, 0.9239999999999999, 0.9239999999999999, 0.9239999999999999, 0.9239999999999999, 0.9239999999999999, 0.9239999999999999, 0.9239999999999999, 0.9239999999999999, 0.9239999999999999, 0.9249999999999999, 0.9249999999999999, 0.9249999999999999, 0.9249999999999999, 0.9249999999999999, 0.9249999999999999], "Dispersion coefficient C6": [22.62624700107172, 20.272037678129582, 22.684677642669104, 22.59095394895273, 23.484602850073355, 20.03265308757947, 18.36357716765688, 18.44377087209048, 24.891360035460472, 29.183376781295845, 28.958200950024448, 25.93072369371638, 104.43901618217195, 28.987012559376527, 29.552275178956783, 20.38530086137326, 25.649096288553384, 27.536845101022816, 24.40209210209454, 27.178313420749788, 2.312389340672375, 2.367, 2.2538869656112457, 2.384526930150769, 2.3956567103748947, 2.222636341744097, 2.502631027958422, 2.3467744948859077, 2.195870783439291, 2.1002093229421375, 2.1073391031662623, 2.1310209322942133, 2.154866033317032, 2.2620747925957527, 2.085962321870415, 2.3499288301996732],