{"dipole": [-2.764879608555642, -0.2229653179911722, -0.33762372900550947], "partial charges": [-0.10824384796082093, -0.07319255027825278, 0.10913986721829305, -0.18860874788432636, 0.27576939201645445, -0.4274794515754734, -0.030829537598833924, -0.021461875178613397, -0.10601574607473851, 0.10155665785853586, -0.11455757483046153, -0.06754267468544951, 0.08187829237386024, -0.1897102479108827, 1.1451687640123545, -0.45618201353172727, -0.5783055146661619, -0.5768459625539026, 0.04552362617754033, 0.04844502427801446, 0.04131342747770023, 0.04569910119651102, 0.04401708792595737, 0.0470768988946799, 0.19332528823862577, 0.10309197964889633, 0.0731862172958444, 0.1746840260527413, 0.20427960097192974, 0.2048204923953427], "mulliken charges": [-0.0840585495325281, -0.06936492916789842, 0.24064329538541976, -0.3615939797480523, 0.47592208979931444, -0.5522168081769961, -0.07513790890415661, 0.008365264379901044, 0.03213087324320026, 0.12400714780774086, -0.04305683291649343, -0.09615426132186572, 0.15933284322444655, -0.3626266596987973, 0.5246924817021881, -0.3935159678490107, -0.4061183666781214, -0.403579392319425, 0.037662343482327346, 0.04028882060557691, 0.031025513010723177, 0.039661676274293414, 0.03381710480142553, 0.03400255956715943, 0.24419012722896205, 0.07818489264612417, 0.04783597640861825, 0.2206260384999753, 0.23708601118295758, 0.2379463774525047], "cm5 charges": [-0.23276571369769872, -0.16890240086017377, 0.293291227537192, -0.7121667595815847, 0.5762519614505268, -0.5949052562366522, -0.06726212872175213, -0.0362864209338308, 0.04591263387146364, 0.12213037238161868, -0.04240066704996452, -0.1403444774100379, 0.21686661953190403, -0.7040533351580405, 0.6385823099218013, -0.822924319362828, -0.4543405884432823, -0.4513194607019082, 0.09103183342193506, 0.09170360360072419, 0.0828464234605507, 0.09910102495418388, 0.09154078568216739, 0.11330491518330944, 0.4428742031659884, 0.14427448602085052, 0.10762702765555665, 0.41363820516123256, 0.4279656119149051, 0.4287293298086855], "FUKUI+": [0.011657148844271445, 0.007222459602618279, 0.013497640002252597, -0.04394758191044594, -0.04158517211026311, -0.11708753210801054, -0.052792586055131555, -0.030731308921238334, -0.0191157427880136, -0.06141482788973691, -0.13300000000000003, -0.02435355075584368, -0.03282965577947381, -0.0323186437461776, -0.029903795228158316, 0.0020000000000000005, -0.02795453427057569, -0.027630637839687416, -0.007033220692950453, -0.020211472165839184, -0.017698657999949956, -0.005913846707596246, -0.02334938726928626, -0.039816978402312596, -0.04484756115766925, -0.053585172110263105, -0.06179258605513156, -0.03800000000000001, -0.022599914217519352, -0.022985257892743756], "FUKUI-": [0.012777540397381722, -0.0025169204075184072, 0.010255899994368508, -0.04675981714768662, -0.004231621354419417, -0.08575961563800015, -0.03058723655426706, -0.01, -0.025580166554578974, -0.009000000000000001, -0.11739433735014392, -0.015124887392542077, -0.010748820001126298, -0.06993046938087309, -0.055700760022188454, -0.03000318409760419, -0.04811346216594409, -0.04440268610713733, -0.017869854429547423, -0.03446464531169177, -0.026201602876804866, -0.02415202640693846, -0.030278927117241998, -0.06416885313433685, -0.039309290976993455, -0.0314148278897369, -0.03800000000000001, -0.041987691399682114, -0.03422946606900959, -0.035230533088522135], "FUKUIrad": [0.01263759019981716, 0.002297599176550726, 0.012251179998873703, -0.04568312041818347, -0.02290832884314515, -0.1013891619267545, -0.041792586055131566, -0.020377758165394656, -0.022, -0.03520741394486846, -0.12514805174101712, -0.01979258605513155, -0.0221636478908632, -0.051102869980918834, -0.04276964586271953, -0.014396674459072167, -0.03840840821882304, -0.03634401212419785, -0.012430391806665714, -0.02699715695401189, -0.02150894400034602, -0.015021373680515149, -0.026433655701319926, -0.0515684466339289, -0.04203186724477219, -0.04290588030044465, -0.05000000000000001, -0.04, -0.02881825971521532, -0.02913937944456899], "s proportion": [1.0079174905949464, 1.0398840502031963, 1.0097775403973819, 1.4254539611700532, 0.9873525778627731, 1.727792586055132, 1.0784585939437425, 1.0726222418346056, 1.071414827889737, 1.0860000000000003, 1.9442074139448688, 1.0600242074095512, 1.0506181027857613, 1.4481897852379801, 1.7047925860551318, 1.4655428112700475, 1.7218751126074583, 1.7220000000000004, 0.9626845987706343, 0.9597796161939154, 0.9686663143275727, 0.9606238644961762, 0.966604309900067, 0.9659487015129717, 0.7554348962504437, 0.9219993413598853, 0.9520899884473604, 0.7796227515508579, 0.7626441957816664, 0.7622679865501341], "p proportion": [3.0759174905949465, 3.029739380010137, 2.749525174304769, 3.9358981229678753, 2.536517198646707, 4.824460570277911, 2.996541406056258, 2.9185110326615793, 2.8963906204801866, 2.7898296557794744, 5.1105260370627645, 3.035724612591576, 2.7895781021105757, 3.9137230554360056, 2.8075851721102634, 3.928474995247377, 4.6837760707037175, 4.681644048301894, 0.0, 0.0, 0.0, 0.0, 0.0, 0.0, 0.0, 0.0, 0.0, 0.0, 0.0, 0.0], "d proportion": [0.0, 0.0, 0.0, 0.0, 0.0, 0.0, 0.0, 0.0, 0.0, 0.0, -0.0125851721102631, 0.0, 0.0, 0.0, 0.9627471292271477, 0.0, 0.0, 0.0, 0.0, 0.0, 0.0, 0.0, 0.0, 0.0, 0.0, 0.0, 0.0, 0.0, 0.0, 0.0], "Coordination numbers": [3.748888770198692, 3.800642310195313, 3.7352558999943692, 2.692210369776003, 2.7625023599977476, 0.8589881011907671, 2.977792586055132, 2.953074139448685, 2.9795537146565763, 2.9137184466064476, 0.9717555163307894, 2.9664148278897375, 2.9077535399966217, 2.6911390612382537, 3.707379448939374, 2.632000000000001, 0.8600000000000001, 0.8600000000000001, 0.9240000000000003, 0.9240000000000003, 0.9240000000000003, 0.9240000000000003, 0.9240000000000003, 0.9237488200011265, 0.8600000000000001, 0.9250000000000002, 0.9250000000000002, 0.8600000000000001, 0.8630000000000002, 0.8630000000000002], "Dispersion coefficient C6": [22.63507321249583, 21.899850057979606, 18.870418641472014, 25.089121268339067, 22.336796857683506, 22.2371008946501, 28.763440689761573, 28.540790790247165, 30.670278535534745, 25.75148939559474, 102.72824733094222, 29.67837457676542, 26.173987916093918, 25.114188538164164, 102.58581511941225, 31.986781129623076, 25.590055104472675, 25.555596571995444, 2.3768210234092395, 2.340110328480709, 2.431844383151107, 2.3757227178271076, 2.397281919072208, 2.3711402447852237, 1.140634871926242, 1.7575330658509185, 2.051192241798098, 1.2448627595102062, 1.0839838953197272, 1.0812280956313698], "Polarizability alpha": [6.785334087430101, 6.663053732826741, 6.199532366488557, 7.439424108958607, 7.73997511063993, 6.322449678530349, 8.797294946052881, 8.76205942060769, 9.084132744151653, 8.321647412749718, 15.50616156039076, 8.935567168193561, 8.388812746942843, 7.442576282857819, 17.046939825344257, 8.39937556303729, 6.782180372008122, 6.777805624603975, 2.410717106003672, 2.3921388109817037, 2.4387804926114787, 2.4103840295098338, 2.420836660186248, 2.4051216052324076, 1.6727924986744669, 2.07285835660571, 2.2394049886937273, 1.7478600223988818, 1.6309664691282713, 1.6291110518683716], "FOD": [0.0, 0.0, 0.0, 0.0, 0.0, 0.0, 0.0, 0.0, 0.0, 0.0, 0.0, 0.0, 0.0, 0.0, 0.0, 0.0, 0.0, 0.0, 0.0, 0.0, 0.0, 0.0, 0.0, 0.0, 0.0, 0.0, 0.0, 0.0, 0.0, 0.0], "FOD s proportion": [0.0, 0.0, 0.0, 0.0, 0.0, 0.0, 0.0, 0.0, 0.0, 0.0, 0.0, 0.0, 0.0, 0.0, 0.0, 0.0, 0.0, 0.0, 0.0, 0.0, 0.0, 0.0, 0.0, 0.0, 0.0, 0.0, 0.0, 0.0, 0.0, 0.0], "FOD p proportion": [0.0, 0.0, 0.0, 0.0, 0.0, 0.0, 0.0, 0.0, 0.0, 0.0, 0.0, 0.0, 0.0, 0.0, 0.0, 0.0, 0.0, 0.0, 0.0, 0.0, 0.0, 0.0, 0.0, 0.0, 0.0, 0.0, 0.0, 0.0, 0.0, 0.0], "FOD d proportion": [0.0, 0.0, 0.0, 0.0, 0.0, 0.0, 0.0, 0.0, 0.0, 0.0, 0.0, 0.0, 0.0, 0.0, 0.0, 0.0, 0.0, 0.0, 0.0, 0.0, 0.0, 0.0, 0.0, 0.0, 0.0, 0.0, 0.0, 0.0, 0.0, 0.0], "total energy": -56.31204609736046, "HOMO-LUMO gap/eV": 3.029510406551615, "electronic energy": -56.90968211189232, "Dipole module/D": 7.861783240925112, "Total charge": 0.0, "HOMO": -10.84357820390637,