{"dipole": [1.5011385878074555, -0.2040084943520596, -0.0718759391516053], "partial charges": [-0.10671702609235523, -0.007169762497843504, 0.14176574435860248, -0.1777718147390998, 0.14666766487111238, -0.17679797704635855, -0.02732425433509411, 0.09159576611490974, -0.25550485277571156, 0.3573197720071581, -0.3986220789238895, -0.05777752113766024, -0.024803398673771123, -0.02235397117320346, 0.03859710350160941, -0.10271562297887833, 0.48238638711792564, -0.1945635368750853, -0.19588051891929395, -0.19448637024876364, 0.036576463018594255, -0.11194408283560497, -0.11181422954150386, 0.14631292232521967, -0.17735247230250742, 0.14179290278517442, -0.1777802949712317, 0.07743526240081945, 0.08007781751447902, 0.07622802253056118, 0.07720398339277273, 0.07717581059610847, 0.07289983651274583, 0.08074342978419612, 0.08818241636506076, 0.05057324483481809, 0.05306396468383461, 0.05102864299893535, 0.05098665273210995, 0.04950656579535226, 0.053259413711296805], "mulliken charges": [-0.0665740906799256, -0.04021232272711824, 0.20935547207694363, -0.22543055424569775, 0.21759368324526063, -0.22369006228666755, -0.06828157672951822, 0.21677381901754444, -0.4152337218551483, 0.5798973287519148, -0.5255014252505432, -0.06865545339790141, -0.02192819273763519, -0.027465496456163665, 0.05155801677987251, -0.05406843441944391, 0.6335155693158531, -0.24342775537885952, -0.24459517902953784, -0.2427547103779412, 0.0361230309355766, -0.09233225523849369, -0.0924220304626493, 0.21713808605131613, -0.2239180116790955, 0.2093456390382691, -0.2254737679951485, 0.05670282939190229, 0.05817393301113004, 0.055976333973308756, 0.06068446834778901, 0.06099224028643216, 0.06487589249103144, 0.06295034436991213, 0.059340502927252556, 0.04245565275413611, 0.04129007634598698, 0.04175927622215813, 0.041043897617688396, 0.041948478471409215, 0.04247640149113594], "cm5 charges": [-0.20727803280379625, -0.04771445253546376, 0.2281276046062218, -0.24935908213029978, 0.2369797957951673, -0.2474962411956266, -0.0701751038150467, 0.14598572832934614, -0.4927712749605982, 0.6332973754079677, -0.5738062780380454, -0.11858345664674046, -0.07779058350809222, -0.07971822220607604, 0.050821586928009935, -0.0537756639825953, 0.6862736779352773, -0.2638177676971073, -0.2654138216668236, -0.2633047605096519, 0.010230683518105816, -0.23647251994356225, -0.2365174414757381, 0.2364938553766364, -0.24769620738826262, 0.22812011233560325, -0.24940125230815932, 0.1096608527966299, 0.11059569879806123, 0.10917276362554308, 0.1281404283889294, 0.12827615738949621, 0.127423232515689, 0.1249006724204914, 0.1185499321885659, 0.09564010931803392, 0.09378550909325188, 0.09470274777576226, 0.09376461187476061, 0.09511333380059488, 0.09503740035131542], "FUKUI+": [0.020000000000000004, -0.060044862072702467, -0.025580855990974868, -0.04405076332797039, -0.026085447340453077, -0.04069071012562983, -0.05450690895353887, 0.010106898365314167, -0.014481345611584552, -0.010310861334046472, -0.03976413824463261, 0.0006165533002922625, 0.007002842063919993, -0.05116126468744413, -0.0468304637363414, -0.08541711946909171, -0.0031068983653141655, -0.024236991510690767, -0.023660621056293074, -0.02445535045618743, -0.008853555514078387, 0.009941879047258975, 0.01005380264742791, -0.026337531077723665, -0.04114680027452388, -0.025873207709471102, -0.04451019873778974, -0.036849655550639765, -0.040857491130554535, -0.03512986546047898, -0.028513899787317314, -0.02921120703330347, -0.01852935378477206, -0.028008670666967918, -0.05009358160988867, -0.01046166000378961, -0.014574536183968437, -0.010197887888356143, -0.012164476076073384, -0.007844249793608146, -0.01583725676133346], "FUKUI-": [0.011000000000000001, -0.020556643760447017, -0.016220802788634303, -0.03887027013828107, -0.013220802788634306, -0.027429187708827116, -0.01272629372952642, 0.009106898365314166, -0.021512496998898095, -0.005052845253092903, -0.06668250727725733, -0.01651724540160205, -0.009341142282984195, -0.011618999323163095, -0.021421200041730697, -0.13512757259319616, -0.00040614243639556917, -0.01908855240607128, -0.018419403680885984, -0.0190760757654819, -0.027255215133678064, 0.016083774634964524, 0.0159472485804375, -0.013801892948053531, -0.029213131309947758, -0.0168732077094711, -0.03973839606410152, -0.02936556850110705, -0.03550521282286112, -0.027154529562089854, -0.019265501150373874, -0.020544881502358083, -0.032212547754855485, -0.04123029873822754, -0.038907143033635586, -0.03442124968746819, -0.03800140439046864, -0.031800397733467475, -0.033039188134426904, -0.030089504472485373, -0.04193087187446113], "FUKUIrad": [0.015494005862102572, -0.04042796447408646, -0.02085740432536844, -0.04149862172727158, -0.019684464572038155, -0.0341452035701072, -0.033494005862102584, 0.00971979086852576, -0.01805803725740297, -0.00803102321540202, -0.053159063473665245, -0.008192889508578886, -0.001315520714572473, -0.03134770913794345, -0.03386148695174342, -0.10994051811555294, -0.0018493849705277555, -0.021537725473055866, -0.02096599748867247, -0.021708854730744055, -0.018408014718837854, 0.01283498068194481, 0.013053802647427911, -0.020165291411319397, -0.03511935648849153, -0.021165291411319394, -0.042058936848816876, -0.033044487606479545, -0.03801330875777147, -0.031213810358160014, -0.023943149651502675, -0.02497424507196425, -0.025470061149641902, -0.03441668538580577, -0.044328938806852784, -0.022622494530721248, -0.02637242430372386, -0.020894060013487353, -0.022637625532591032, -0.019093432831258864, -0.02899102174976522], "s proportion": [1.002, 1.083, 1.0370000000000001, 1.823, 1.0380000000000003, 1.82252970317142, 1.0780000000000003, 0.9880000000000001, 1.699106354562503, 0.9792132529278169, 1.7290000000000005, 1.0358141571552333, 1.0273363441688181, 1.0712946134925232, 1.0802455251189917, 1.9465059941378975, 1.0240878634257073, 1.8240218220376914, 1.8239002065249559, 1.8238737511612126, 1.0663990957725835, 1.0121933590026022, 1.0123633984632663, 1.0380000000000003, 1.8225138997873176, 1.0370000000000001, 1.823, 0.9431668688901419, 0.9417944743383004, 0.944106898365314, 0.9393331306662429, 0.939011119151995, 0.9351274572110433, 0.9373012332002779, 0.9407601735946273, 0.9576238688116796, 0.9588208601882784, 0.9581543403655618, 0.9590373596108739, 0.9579524245683532, 0.9574882050438768], "p proportion": [3.0650000000000004, 2.9570000000000003, 2.7534861002126827, 5.402486100212682, 2.744193748494187, 5.400971542917134, 2.9903201512931314, 2.795292741210081, 4.716430710455526, 2.4410507633279708, 4.796138626753678, 3.0330337802716967, 2.994428150872456, 2.956329412450248, 2.8678633592341862, 5.117537857603758, 2.342525029077505, 5.419570032228937, 5.4206986637558945, 5.418831747184213, 2.8974329156043894, 3.079924257916561, 3.0801701083701474, 2.7448062515058136, 5.40147029682858, 2.7535138997873174, 5.402558160254289, 0.0, 0.0, 0.0, 0.0, 0.0, 0.0, 0.0, 0.0, 0.0, 0.0, 0.0, 0.0, 0.0, 0.0], "d proportion": [0.0, 0.0, 0.0, 0.0, 0.0, 0.0, 0.0, 0.0, 0.0, 0.0, 0.0, 0.0, 0.0, 0.0, 0.0, -0.010000000000000002, 0.0, 0.0, 0.0, 0.0, 0.0, 0.0, 0.0, 0.0, 0.0, 0.0, 0.0, 0.0, 0.0, 0.0, 0.0, 0.0, 0.0, 0.0, 0.0, 0.0, 0.0, 0.0, 0.0, 0.0, 0.0], "Coordination numbers": [3.7550000000000003, 2.9620000000000006, 2.779, 0.7870000000000001, 2.7786993531404995, 0.7870000000000001, 2.963250952307329, 3.7187862032693717, 1.7040000000000002, 2.7282802091314746, 0.856320151293131, 3.8590000000000004, 3.8590000000000004, 2.9305603552463815, 2.853418130712191, 0.9600353261688769, 3.3562992440710815, 0.7880000000000003, 0.7880000000000003, 0.7880000000000003, 3.90416964996908, 3.7520000000000002, 3.7520000000000002, 2.778470296828581, 0.7870000000000001, 2.779, 0.7870000000000001, 0.924, 0.924, 0.924, 0.924, 0.924, 0.9250000000000002, 0.9250000000000002, 0.9240878634257073, 0.924, 0.924, 0.924, 0.924, 0.924, 0.924],