{"dipole": [0.0, 0.0, 0.0], "partial charges": [-0.04981046, -0.04103584, -0.04103632, -0.04981046, -0.04103584, -0.04103632, 0.04322093, 0.04323852, 0.02271509, 0.02270808, 0.04323852, 0.04322093, 0.02271509, 0.02270808], "mulliken charges": [-0.03518, -0.04479, -0.0448, -0.03518, -0.04479, -0.0448, 0.03557, 0.03558, 0.02682, 0.02681, 0.03558, 0.03557, 0.02682, 0.02681], "cm5 charges": [-0.13561, -0.10489, -0.10489, -0.13561, -0.10489, -0.10489, 0.09056, 0.09058, 0.08213, 0.08212, 0.09058, 0.09056, 0.08213, 0.08212], "FUKUI+": [0.022, -0.08, -0.08, 0.022, -0.08, -0.08, -0.078, -0.078, -0.103, -0.103, -0.078, -0.078, -0.103, -0.103], "FUKUI-": [0.017, -0.051, -0.051, 0.017, -0.051, -0.051, -0.123, -0.123, -0.084, -0.084, -0.123, -0.123, -0.084, -0.084], "FUKUIrad": [0.019, -0.066, -0.066, 0.019, -0.066, -0.066, -0.1, -0.1, -0.093, -0.093, -0.1, -0.1, -0.093, -0.093], "s proportion": [1.019, 1.065, 1.065, 1.019, 1.065, 1.065, 0.964, 0.964, 0.973, 0.973, 0.964, 0.964, 0.973, 0.973], "p proportion": [3.016, 2.98, 2.98, 3.016, 2.98, 2.98, 0.0, 0.0, 0.0, 0.0, 0.0, 0.0, 0.0, 0.0], "d proportion": [0.0, 0.0, 0.0, 0.0, 0.0, 0.0, 0.0, 0.0, 0.0, 0.0, 0.0, 0.0, 0.0, 0.0], "Coordination numbers": [3.808, 2.889, 2.889, 3.808, 2.889, 2.889, 0.924, 0.924, 0.925, 0.925, 0.924, 0.924, 0.925, 0.925], "Dispersion coefficient C6": [21.461, 29.018, 29.018, 21.461, 29.018, 29.018, 2.407, 2.406, 2.692, 2.693, 2.406, 2.407, 2.692, 2.693], "Polarizability alpha": [6.594, 8.832, 8.832, 6.594, 8.832, 8.832, 2.426, 2.426, 2.566, 2.566, 2.426, 2.426, 2.566, 2.566], "FOD": [0.0, 0.0, 0.0, 0.0, 0.0, 0.0, 0.0, 0.0, 0.0, 0.0, 0.0, 0.0, 0.0, 0.0], "FOD s proportion": [0.0, 0.0, 0.0, 0.0, 0.0, 0.0, 0.0, 0.0, 0.0, 0.0, 0.0, 0.0, 0.0, 0.0], "FOD p proportion": [0.0, 0.0, 0.0, 0.0, 0.0, 0.0, 0.0, 0.0, 0.0, 0.0, 0.0, 0.0, 0.0, 0.0], "FOD d proportion": [0.0, 0.0, 0.0, 0.0, 0.0, 0.0, 0.0, 0.0, 0.0, 0.0, 0.0, 0.0, 0.0, 0.0], "total energy": -16.87623655, "HOMO-LUMO gap/eV": 4.47381932, "electronic energy": -17.1642385, "Dipole module/D": 0.0, "Total charge": 0.0, "HOMO": -10.016, "LUMO": -5.5421, "Fermi-level/eV": -7.779, "Total dispersion C6": 1894.914213, "Total dispersion C8": 44038.036202, "Total polarizability alpha": 68.483239, "Total FOD": 0.0}