{"dipole": [-0.67274297, 0.02877298, -0.47576196], "partial charges": [-0.03261976, -0.02821352, -0.04276965, 0.28453785, -0.38886945, -0.15239647, 0.28451737, -0.38893091, -0.04274977, -0.02822346, -0.0326398, 0.04475592, 0.05478067, 0.07584094, 0.21758246, 0.07582867, 0.05481012, 0.04475879], "mulliken charges": [-0.03363, -0.02459, -0.05683, 0.47987, -0.51417, -0.3101, 0.47984, -0.51422, -0.05681, -0.02459, -0.03365, 0.04116, 0.05365, 0.06898, 0.28131, 0.06897, 0.05367, 0.04116], "cm5 charges": [-0.0893, -0.07952, -0.10237, 0.57879, -0.5547, -0.66205, 0.57877, -0.55474, -0.10234, -0.07954, -0.08933, 0.09674, 0.11076, 0.1304, 0.4805, 0.13038, 0.1108, 0.09675], "FUKUI+": [-0.034, -0.044, 0.006, -0.048, -0.129, -0.037, -0.048, -0.129, 0.006, -0.044, -0.034, -0.072, -0.066, -0.067, -0.053, -0.067, -0.066, -0.072], "FUKUI-": [-0.042, -0.05, -0.004, -0.014, -0.121, -0.041, -0.014, -0.121, -0.004, -0.05, -0.042, -0.076, -0.071, -0.077, -0.047, -0.077, -0.071, -0.076], "FUKUIrad": [-0.038, -0.047, 0.001, -0.031, -0.125, -0.039, -0.031, -0.125, 0.001, -0.047, -0.038, -0.074, -0.068, -0.072, -0.05, -0.072, -0.068, -0.074], "s proportion": [1.058, 1.068, 1.065, 1.005, 1.727, 1.422, 1.005, 1.727, 1.065, 1.068, 1.058, 0.959, 0.946, 0.931, 0.719, 0.931, 0.946, 0.959], "p proportion": [2.976, 2.957, 2.992, 2.515, 4.787, 3.888, 2.515, 4.787, 2.992, 2.957, 2.976, 0.0, 0.0, 0.0, 0.0, 0.0, 0.0, 0.0], "d proportion": [0.0, 0.0, 0.0, 0.0, 0.0, 0.0, 0.0, 0.0, 0.0, 0.0, 0.0, 0.0, 0.0, 0.0, 0.0, 0.0, 0.0, 0.0], "Coordination numbers": [2.9, 2.9, 3.883, 2.838, 0.857, 2.711, 2.838, 0.857, 3.883, 2.9, 2.9, 0.925, 0.925, 0.924, 0.86, 0.924, 0.925, 0.925], "Dispersion coefficient C6": [28.812, 28.705, 21.287, 22.19, 21.46, 24.295, 22.19, 21.461, 21.287, 28.705, 28.813, 2.386, 2.261, 2.023, 1.021, 2.023, 2.261, 2.386], "Polarizability alpha": [8.801, 8.785, 6.56, 7.72, 6.211, 7.321, 7.72, 6.211, 6.56, 8.785, 8.801, 2.416, 2.352, 2.224, 1.583, 2.224, 2.351, 2.416], "FOD": [0.0, 0.0, 0.0, 0.0, 0.0, 0.0, 0.0, 0.0, 0.0, 0.0, 0.0, 0.0, 0.0, 0.0, 0.0, 0.0, 0.0, 0.0], "FOD s proportion": [0.0, 0.0, 0.0, 0.0, 0.0, 0.0, 0.0, 0.0, 0.0, 0.0, 0.0, 0.0, 0.0, 0.0, 0.0, 0.0, 0.0, 0.0], "FOD p proportion": [0.0, 0.0, 0.0, 0.0, 0.0, 0.0, 0.0, 0.0, 0.0, 0.0, 0.0, 0.0, 0.0, 0.0, 0.0, 0.0, 0.0, 0.0], "FOD d proportion": [0.0, 0.0, 0.0, 0.0, 0.0, 0.0, 0.0, 0.0, 0.0, 0.0, 0.0, 0.0, 0.0, 0.0, 0.0, 0.0, 0.0, 0.0], "total energy": -31.74686769, "HOMO-LUMO gap/eV": 3.01896905, "electronic energy": -32.16787029, "Dipole module/D": 2.096, "Total charge": 0.0, "HOMO": -10.6312, "LUMO": -7.6122, "Fermi-level/eV": -9.1217, "Total dispersion C6": 4107.227578, "Total dispersion C8": 98781.755611, "Total polarizability alpha": 99.037698, "Total FOD": 0.0}