{"dipole": [-0.83520811, 0.43380931, -0.0162805], "partial charges": [0.07324592, -0.11590234, 0.07551222, -0.11171837, -0.04062708, 0.08315156, -0.12697055, -0.0362532, -0.03302113, 0.08258464, 0.07286366, 0.07713467], "mulliken charges": [0.05416, -0.06106, 0.06337, -0.05933, -0.05745, 0.07516, -0.06488, -0.04582, -0.03565, 0.04614, 0.04228, 0.04309], "cm5 charges": [0.03536, -0.04547, 0.04462, -0.04378, -0.10853, 0.0538, -0.04972, -0.09896, -0.08869, 0.10347, 0.09851, 0.09938], "FUKUI+": [-0.058, -0.154, -0.051, -0.148, -0.036, -0.058, -0.154, -0.051, -0.04, -0.08, -0.088, -0.084], "FUKUI-": [-0.033, -0.232, -0.023, -0.204, -0.013, -0.029, -0.235, -0.033, -0.02, -0.053, -0.063, -0.06], "FUKUIrad": [-0.045, -0.193, -0.037, -0.176, -0.024, -0.043, -0.195, -0.042, -0.03, -0.067, -0.075, -0.072], "s proportion": [1.106, 1.949, 1.107, 1.949, 1.071, 1.101, 1.948, 1.065, 1.068, 0.954, 0.958, 0.957], "p proportion": [2.84, 5.102, 2.829, 5.101, 2.986, 2.824, 5.112, 2.981, 2.968, 0.0, 0.0, 0.0], "d proportion": [0.0, 0.01, 0.0, 0.009, 0.0, 0.0, 0.005, 0.0, 0.0, 0.0, 0.0, 0.0], "Coordination numbers": [2.948, 1.118, 2.949, 1.119, 3.076, 2.906, 1.069, 2.986, 3.003, 0.925, 0.925, 0.925], "Dispersion coefficient C6": [26.362, 188.236, 26.312, 188.118, 28.925, 26.147, 188.537, 28.894, 28.808, 1.953, 2.054, 2.009], "Polarizability alpha": [8.421, 22.122, 8.413, 22.115, 8.818, 8.384, 22.139, 8.817, 8.804, 2.185, 2.241, 2.216], "FOD": [0.0, 0.0, 0.0, 0.0, 0.0, 0.0, 0.0, 0.0, 0.0, 0.0, 0.0, 0.0], "FOD s proportion": [0.0, 0.0, 0.0, 0.0, 0.0, 0.0, 0.0, 0.0, 0.0, 0.0, 0.0, 0.0], "FOD p proportion": [0.0, 0.0, 0.0, 0.0, 0.0, 0.0, 0.0, 0.0, 0.0, 0.0, 0.0, 0.0], "FOD d proportion": [0.0, 0.0, 0.0, 0.0, 0.0, 0.0, 0.0, 0.0, 0.0, 0.0, 0.0, 0.0], "total energy": -26.61197637, "HOMO-LUMO gap/eV": 3.43673209, "electronic energy": -26.87672611, "Dipole module/D": 2.392, "Total charge": 0.0, "HOMO": -11.3522, "LUMO": -7.9155, "Fermi-level/eV": -9.6339, "Total dispersion C6": 5913.203959, "Total dispersion C8": 261547.739232, "Total polarizability alpha": 124.676824, "Total FOD": 0.0}