{"dipole": [0.62608993, 1.57405519, 0.89785134], "partial charges": [-0.24137847, 0.16802994, -0.29257919, 0.33173557, -0.43624994, -0.14188788, 0.02373963, 0.11884092, -0.2155494, 0.19437756, 0.20477901, 0.20972735, 0.0764149], "mulliken charges": [-0.39991, 0.29986, -0.40613, 0.56527, -0.56399, -0.29332, 0.09116, 0.16983, -0.24967, 0.23157, 0.23781, 0.25649, 0.06103], "cm5 charges": [-0.83858, 0.44551, -0.57503, 0.73205, -0.59688, -0.63979, 0.11253, 0.1992, -0.2719, 0.4214, 0.43063, 0.45377, 0.1271], "FUKUI+": [-0.064, -0.082, -0.123, -0.013, -0.126, -0.074, -0.08, -0.047, -0.073, -0.069, -0.067, -0.076, -0.106], "FUKUI-": [-0.07, -0.014, -0.155, -0.009, -0.205, -0.086, -0.021, -0.057, -0.105, -0.057, -0.053, -0.07, -0.096], "FUKUIrad": [-0.067, -0.048, -0.139, -0.011, -0.165, -0.08, -0.051, -0.052, -0.089, -0.063, -0.06, -0.073, -0.101], "s proportion": [1.43, 1.024, 1.526, 0.945, 1.723, 1.426, 1.014, 1.03, 1.827, 0.768, 0.762, 0.744, 0.939], "p proportion": [3.97, 2.676, 3.88, 2.49, 4.841, 3.868, 2.894, 2.8, 5.423, 0.0, 0.0, 0.0, 0.0], "d proportion": [0.0, 0.0, 0.0, 0.0, 0.0, 0.0, 0.0, 0.0, 0.0, 0.0, 0.0, 0.0, 0.0], "Coordination numbers": [2.646, 2.862, 1.843, 2.736, 0.86, 2.705, 2.846, 2.765, 0.786, 0.86, 0.86, 0.86, 0.925], "Dispersion coefficient C6": [26.305, 24.38, 28.433, 21.363, 22.417, 24.072, 27.468, 25.369, 11.397, 1.135, 1.082, 1.058, 2.016], "Polarizability alpha": [7.617, 8.093, 7.902, 7.567, 6.348, 7.287, 8.59, 8.249, 3.988, 1.669, 1.629, 1.611, 2.221], "FOD": [0.0, 0.0, 0.0, 0.0, 0.0, 0.0, 0.0, 0.0, 0.0, 0.0, 0.0, 0.0, 0.0], "FOD s proportion": [0.0, 0.0, 0.0, 0.0, 0.0, 0.0, 0.0, 0.0, 0.0, 0.0, 0.0, 0.0, 0.0], "FOD p proportion": [0.0, 0.0, 0.0, 0.0, 0.0, 0.0, 0.0, 0.0, 0.0, 0.0, 0.0, 0.0, 0.0], "FOD d proportion": [0.0, 0.0, 0.0, 0.0, 0.0, 0.0, 0.0, 0.0, 0.0, 0.0, 0.0, 0.0, 0.0], "total energy": -28.17978495, "HOMO-LUMO gap/eV": 3.11498412, "electronic energy": -28.47597535, "Dipole module/D": 4.873, "Total charge": 0.0, "HOMO": -10.8027, "LUMO": -7.6877, "Fermi-level/eV": -9.2452, "Total dispersion C6": 2275.255145, "Total dispersion C8": 52522.301158, "Total polarizability alpha": 72.771204, "Total FOD": 0.0}