{"dipole": [2.032451280411914, 1.5147588351024264, 0.8719748932045257], "partial charges": [-0.10376512808901019, -0.023722251518002065, -0.06669637410623502, -0.02830668387459695, -0.029026158787046907, -0.05512873521714222, -0.06360715268987872, 0.0247628712918842, -0.06866589402458569, 0.2283443356594242, -0.3871416431354104, -0.05866965776877055, -0.02120746999398143, 0.018448618973381795, -0.10105920695739004, 0.15242067738591952, -0.2594662182944254, 0.10430169349327204, -0.44479533946470257, -0.07169680702810853, 0.010680594538626298, -0.1138782269615103, 0.11569117493324874, -0.45579965330911054, 0.21057128352453847, -0.34022506162902777, 0.06045004275801548, -0.2468556629150123, 0.3632055934578544, -0.14506998215969105, -0.41724991330568917, 0.04031111152279543, 0.04004114997310925, 0.05035574310622943, 0.04869826418234349, 0.030428427040087757, 0.04440792813973948, 0.06995292816217294, 0.03751744546052378, 0.051026503260183355, 0.04227252717588773, 0.04826218894940159, 0.04652275236932788, 0.06099877767320642, 0.0639314013867928, 0.06491067403008731, 0.0432417081480565, 0.04823320636568902, 0.04889698067933584, 0.04682153095547167, 0.3067096873917148, 0.06605136235748514, 0.038824860216903366, 0.05240219817003191, 0.03471060758677406, 0.039860671357087665, 0.32652927896778305, 0.07692811229181946, 0.08457552955984383, 0.09108889872990925, 0.08074670678354516, 0.08789718307740728], "mulliken charges": [-0.08322847622234131, -0.018861158267924463, -0.057655615968649244, -0.022821609377685022, -0.039650216085526, -0.039622440013292355, -0.05010017328551285, 0.023383610211869108, -0.08508845236103671, 0.3823472632237514, -0.5113586873852712, -0.06716385716675598, -0.008619480143461467, 0.007948514099758408, -0.08868729901570828, 0.21412658409781254, -0.2928316970631716, 0.20163675037526912, -0.558209567828948, -0.07066742666407215, 0.003081338561493567, -0.10996278449885784, 0.199287002252752, -0.5736508096114386, 0.3674364515268526, -0.47634704013016915, 0.17299547355249728, -0.3989297649757655, 0.5886201732855129, -0.11362552336056668, -0.5348746499249463, 0.04118064825657801, 0.031885727515440374, 0.03708297388594341, 0.0406127704827453, 0.02465982879994738, 0.03556413006840765, 0.05757620248650552, 0.0260491475885483, 0.045658927332101855, 0.033848836809479504, 0.042814915818541605, 0.03620519572824954, 0.061091455030880745, 0.06316276764560949, 0.05178739162379084, 0.0337302869177642, 0.04276225971972325, 0.04716242599717983, 0.03133430335392049, 0.3511575171866945, 0.0593074582851086, 0.03233828116098407, 0.048342160103584414, 0.038523783497381954, 0.03205247789070947, 0.36591920023375357, 0.05639515292823638, 0.06522042024039972, 0.07490997405323518, 0.06312653220428288, 0.06959112739856362], "cm5 charges": [-0.23034164024704593, -0.08196326364084343, -0.1628233681795783, -0.08245217904229298, -0.09968842641427188, -0.14537372175866023, -0.15343060053396881, 0.010551616385741282, -0.1333385947771887, 0.4108475480560554, -0.5572082601368153, -0.11810314508599604, -0.0619473130318208, -0.004648210328745873, -0.23259134840668566, 0.22044310437144313, -0.32278693559143423, 0.16152027990970794, -0.768304813365267, -0.16929679526074248, -0.016706382780074632, -0.25514196087130675, 0.207505324128289, -0.7785356945606194, 0.3947019250793499, -0.5258719012180453, 0.1017229718004832, -0.4776531829634132, 0.6363858699315924, -0.25186481127980676, -0.5982933232941049, 0.09559184932451563, 0.08340515785083241, 0.0920743980474633, 0.10478503020246856, 0.08083568680088743, 0.09160840255296727, 0.12508467870884682, 0.08881096812916328, 0.10292845027557648, 0.08968959869830886, 0.0982678756883725, 0.0924626631068746, 0.12077060053396882, 0.12187291006176147, 0.11422102569696457, 0.0871679963286801, 0.09572575838480124, 0.09950470465561165, 0.1005507429501208, 0.5223046190555853, 0.12339875196112879, 0.09166909285788286, 0.10323929984989237, 0.09286739370925108, 0.08592526447502752, 0.5502996204741533, 0.12739796337385903, 0.13042724428504282, 0.12963826505941134, 0.11790695945273885, 0.12426426055390735], "FUKUI+": [0.008014241615198776, 0.0009857583848012247, 0.006, 0.0010142416151987755, 0.003, 0.006, 0.009, -0.04100000000000001, -0.012, -0.03701424161519878, -0.10501424161519879, -0.016014241615198776, -0.033014241615198774, -0.0020142416151987756, 0.008000000000000002, -0.004014241615198776, -0.005985758384801225, 0.0020000000000000005, -0.0059572751544036745, 0.0049857583848012255, -0.0030142416151987756, 0.009014241615198775, -0.0010142416151987755, -0.013042724845596326, -0.050128174536788986, -0.09808544969119266, 0.01, -0.0298860670784098, -0.024871825463211025, 0.01197151676960245, -0.03981485900241592, -0.0020427248455963266, -0.017985758384801223, -0.010028483230397551, -0.007985758384801226, -0.012914550308807348, -0.015028483230397552, -0.009099691306391428, -0.01102848323039755, -0.01215665776718653, -0.02184334223281347, -0.024056966460795103, -0.026957275154403677, -0.03901424161519878, -0.04101424161519878, -0.04201424161519878, -0.021, -0.021028483230397552, -0.016014241615198776, -0.010943033539204899, -0.004099691306391429, -0.008943033539204899, -0.008914550308807348, -0.009071208075993877, -0.00315665776718653, -0.011886067078409798, -0.0070142416151987765, -0.02722786584318041, -0.03691455030880735, -0.025, -0.022957275154403673, -0.028871825463211025], "FUKUI-": [0.01197151676960245, -0.004914550308807348, 0.006014241615198776, -0.0009715167696024493, 0.0019715167696024495, 0.006014241615198776, 0.002985758384801225, -0.022985758384801224, -0.01602848323039755, -0.022985758384801224, -0.12702848323039756, -0.018985758384801224, -0.013985758384801227, -0.005014241615198776, 0.011, -0.003, -0.008028483230397551, 0.002985758384801225, -0.021971516769602448, 0.0049857583848012255, -0.0020854496911926527, 0.011014241615198775, -0.009985758384801225, -0.04897151676960246, -0.009957275154403675, -0.06872940931122327, -0.0019715167696024495, -0.016014241615198776, -0.0020000000000000005, 0.005985758384801225, -0.0030996913063914278, -0.016928791924006127, -0.02785758384801225, -0.012971516769602448, -0.024871825463211025, -0.02581485900241592, -0.02, -0.01409969130639143, -0.016000000000000004, -0.015242107458379183, -0.026857583848012248, -0.025085449691192654, -0.02895727515440368, -0.042, -0.04501424161519878, -0.04795727515440368, -0.018014241615198774, -0.019, -0.017028483230397552, -0.016113932921590204, -0.01012817453678898, -0.009085449691192652, -0.017014241615198777, -0.01012817453678898, -0.01302848323039755, -0.012085449691192653, -0.023957275154403674, -0.015113932921590205, -0.023843342232813473, -0.014042724845596329, -0.013985758384801227, -0.015971516769602453],