{"dipole": [1.070717812774045, -0.2541110464991996, 0.06660233794656933], "partial charges": [-0.09880723681636988, -0.0830349317079643, 0.27277486000380285, -0.3976698231494718, -0.16172342203688067, 0.08006897327615534, -0.051596767351944836, -0.039222488539629, 0.08239042015954583, -0.14746754259999698, 0.08847709895057104, -0.14163153913437926, -0.06229676058210118, 0.05302788741026837, 0.039021531568191034, 0.05304338827725094, 0.05147344310394654, 0.05146704586421974, 0.18014011523456513, 0.07910638452870174, 0.0742459234124276, 0.0782134392752267], "mulliken charges": [-0.0693663820449826, -0.08152894364013907, 0.47452296658477394, -0.527409709733557, -0.32669979750519124, 0.15230633815916556, -0.059761745415419024, -0.04053125885466969, 0.08074845087888738, -0.10268846781316399, 0.09430409378199248, -0.09620862952240686, -0.08331447802057189, 0.043745123190312915, 0.02773040498961754, 0.04375512319031292, 0.04084060748442631, 0.04083698952940893, 0.22443548429411336, 0.059965837764390795, 0.048378751162594186, 0.05594562358508766], "cm5 charges": [-0.2170863820449826, -0.18017256159515643, 0.5624410563598609, -0.5764314174636613, -0.6699613027404867, 0.20451995611418294, -0.10697435089639255, -0.09205040498961754, 0.07687483292387, -0.10368570372319874, 0.09054600400690554, -0.09728586543244162, -0.12737910844963313, 0.0970087411453303, 0.07868040498961754, 0.09702788728027814, 0.0990942254394437, 0.09908698952940892, 0.41944613566435673, 0.1229096951830213, 0.10489598707262895, 0.11850518162666576], "FUKUI+": [0.016, 0.012, -0.055999999999999994, -0.10963820449826153, -0.025638204498261544, -0.04836179550173845, -0.03189436401390762, -0.03482922698956928, -0.04836179550173845, -0.12036179550173844, -0.03380897750869226, -0.1107235910034769, -0.03174384048435393, -0.016638204498261547, -0.03236179550173845, -0.016638204498261547, -0.041, -0.041, -0.043, -0.05742693252607678, -0.068, -0.059573067473923214], "FUKUI-": [0.012999999999999998, 0.002, -0.011, -0.08963820449826154, -0.04863820449826155, -0.02863820449826155, -0.031361795501738454, -0.017, -0.029, -0.20963820449826154, -0.018, -0.16008538650521534, -0.012638204498261547, -0.02863820449826155, -0.044, -0.02863820449826155, -0.039999999999999994, -0.039999999999999994, -0.039, -0.04661795501738452, -0.0497235910034769, -0.04074384048435392], "FUKUIrad": [0.014999999999999998, 0.006999999999999999, -0.034, -0.09963820449826155, -0.037, -0.038, -0.03180897750869226, -0.02591461349478464, -0.038361795501738453, -0.165, -0.025723591003476903, -0.13508538650521534, -0.022191022491307735, -0.022638204498261545, -0.038, -0.022638204498261545, -0.041, -0.041, -0.041, -0.052341546020861426, -0.059361795501738444, -0.05002024948087702], "s proportion": [1.003, 1.039, 1.004, 1.729, 1.4266382044982615, 1.038, 1.061552817993046, 1.0645528179930461, 1.077, 1.9449999999999998, 1.0800853865052154, 1.9449999999999998, 1.0634471820069538, 0.9559999999999998, 0.972, 0.9559999999999998, 0.959, 0.959, 0.7753617955017384, 0.9397482290660611, 0.9514471820069537, 0.9442517709339387], "p proportion": [3.066, 3.043, 2.5219999999999994, 4.798638204498261, 3.8999999999999995, 2.8099999999999996, 2.998768478546938, 2.9760853865052153, 2.842361795501738, 5.167361795501739, 2.8256382044982615, 5.1613820449826155, 3.0195933169547997, 0.0, 0.0, 0.0, 0.0, 0.0, 0.0, 0.0, 0.0, 0.0], "d proportion": [0.0, 0.0, 0.0, 0.0, 0.0, 0.0, 0.0, 0.0, 0.0, -0.009, 0.0, -0.009999999999999998, 0.0, 0.0, 0.0, 0.0, 0.0, 0.0, 0.0, 0.0, 0.0, 0.0], "Coordination numbers": [3.75, 3.805, 2.746, 0.856, 2.6929999999999996, 2.894, 2.915808977508692, 2.955, 2.899361795501738, 0.9653617955017384, 2.899, 0.9646382044982614, 2.959467431487831, 0.924, 0.924, 0.924, 0.924, 0.924, 0.86, 0.9249999999999999, 0.9249999999999999, 0.9249999999999999], "Dispersion coefficient C6": [22.45063820449826, 22.08027640899652, 22.38853256851217, 21.634784339446107, 24.498447182006952, 26.212617955017386, 29.28168478546938, 28.973512319031286, 26.16297975051912, 103.76736179550173, 26.030743840484355, 103.5816321224889, 29.547656760551476, 2.2829146134947846, 2.461808977508692, 2.2822764089965233, 2.3015325685121693, 2.3018943640139073, 1.2133617955017384, 2.0051539103848723, 2.039898752595615, 2.012106637712481], "Polarizability alpha": [6.757638204498261, 6.6896382044982605, 7.747361795501737, 6.236191022491307, 7.351361795501738, 8.394361795501737, 8.873833615571277, 8.828723591003477, 8.386723591003475, 15.584, 8.365276408996522, 15.570040498961752, 8.915889975432199, 2.3626382044982615, 2.4537235910034765, 2.3626382044982615, 2.3724471820069537, 2.3724471820069537, 1.7253617955017386, 2.210217353981551, 2.233215660553892, 2.215103942558433], "FOD": [0.0, 0.0, 0.0, 0.0, 0.0, 0.0, 0.0, 0.0, 0.0, 0.0, 0.0, 0.0, 0.0, 0.0, 0.0, 0.0, 0.0, 0.0, 0.0, 0.0, 0.0, 0.0], "FOD s proportion": [0.0, 0.0, 0.0, 0.0, 0.0, 0.0, 0.0, 0.0, 0.0, 0.0, 0.0, 0.0, 0.0, 0.0, 0.0, 0.0, 0.0, 0.0, 0.0, 0.0, 0.0, 0.0], "FOD p proportion": [0.0, 0.0, 0.0, 0.0, 0.0, 0.0, 0.0, 0.0, 0.0, 0.0, 0.0, 0.0, 0.0, 0.0, 0.0, 0.0, 0.0, 0.0, 0.0, 0.0, 0.0, 0.0], "FOD d proportion": [0.0, 0.0, 0.0, 0.0, 0.0, 0.0, 0.0, 0.0, 0.0, 0.0, 0.0, 0.0, 0.0, 0.0, 0.0, 0.0, 0.0, 0.0, 0.0, 0.0, 0.0, 0.0], "total energy": -39.969772163790616, "HOMO-LUMO gap/eV": 3.5834048477729143, "electronic energy": -40.41743270211008, "Dipole module/D": 4.825849858146599, "Total charge": 0.0, "HOMO": -10.686295341902888, "LUMO": -7.10283398525932, "Fermi-level/eV": -8.894546573806016, "Total dispersion C6": 7842.221069369821, "Total dispersion C8": 217320.33450968447, "Total polarizability alpha": 138.0095725930083, "Total FOD": 0.0}