{"dipole": [0.96918144, -1.03659969, 0.10220382], "partial charges": [-0.45573287, 0.13764409, -0.00837694, -0.02856486, -0.0385451, 0.10150388, -0.16853824, -0.03847592, -0.03341904, 0.00058701, 0.06919017, -0.23169498, 0.1451663, -0.22751336, 0.08181692, -0.00473254, -0.03241429, -0.03006719, -0.02632996, -0.03661791, 0.09440407, -0.16805399, 0.30552146, 0.05941392, 0.0604547, 0.05863296, 0.04166323, 0.04360953, 0.05560108, 0.06931366, 0.04377407, 0.04996258, 0.05178473, 0.05903285], "mulliken charges": [-0.57217, 0.23899, -0.03187, -0.01935, -0.04737, 0.11428, -0.10872, -0.04613, -0.03401, -0.03581, 0.14551, -0.33763, 0.28763, -0.33704, 0.16948, -0.03061, -0.03137, -0.02783, -0.01917, -0.04506, 0.10679, -0.09693, 0.32665, 0.0487, 0.04537, 0.04365, 0.03168, 0.02434, 0.03074, 0.04751, 0.03777, 0.03916, 0.0392, 0.04362], "cm5 charges": [-0.77134, 0.2508, -0.0394, -0.07106, -0.09928, 0.10688, -0.11074, -0.09811, -0.08613, -0.0319, 0.17177, -0.52145, 0.38852, -0.5205, 0.19684, -0.03428, -0.08321, -0.0832, -0.07449, -0.0968, 0.10224, -0.10216, 0.50383, 0.10814, 0.10184, 0.10011, 0.08944, 0.0932, 0.10627, 0.11838, 0.09656, 0.0944, 0.09458, 0.10024], "FUKUI+": [-0.012, 0.001, -0.011, -0.012, -0.017, -0.023, -0.07, -0.016, -0.011, -0.014, -0.025, -0.074, -0.004, -0.075, -0.029, -0.017, -0.013, -0.022, -0.024, -0.019, -0.019, -0.058, -0.014, -0.027, -0.039, -0.037, -0.022, -0.044, -0.055, -0.051, -0.02, -0.041, -0.045, -0.041], "FUKUI-": [-0.023, 0.001, -0.014, -0.006, -0.012, -0.011, -0.151, -0.012, -0.005, -0.024, 0.001, -0.106, 0.002, -0.109, -0.001, -0.004, -0.003, -0.017, -0.013, -0.011, -0.006, -0.085, -0.016, -0.024, -0.033, -0.032, -0.024, -0.048, -0.058, -0.056, -0.01, -0.03, -0.033, -0.028], "FUKUIrad": [-0.017, 0.001, -0.012, -0.009, -0.015, -0.017, -0.11, -0.014, -0.008, -0.019, -0.012, -0.09, -0.001, -0.092, -0.015, -0.01, -0.008, -0.019, -0.018, -0.015, -0.013, -0.072, -0.015, -0.026, -0.036, -0.035, -0.023, -0.046, -0.056, -0.053, -0.015, -0.036, -0.039, -0.034], "s proportion": [1.709, 1.057, 1.103, 1.066, 1.063, 1.079, 1.943, 1.062, 1.064, 1.092, 1.038, 1.56, 1.002, 1.562, 1.039, 1.102, 1.067, 1.06, 1.06, 1.064, 1.086, 1.945, 0.673, 0.951, 0.955, 0.956, 0.968, 0.976, 0.969, 0.952, 0.962, 0.961, 0.961, 0.956], "p proportion": [4.863, 2.704, 2.928, 2.953, 2.984, 2.807, 5.176, 2.984, 2.97, 2.944, 2.817, 3.777, 2.71, 3.775, 2.792, 2.928, 2.965, 2.967, 2.959, 2.981, 2.807, 5.162, 0.0, 0.0, 0.0, 0.0, 0.0, 0.0, 0.0, 0.0, 0.0, 0.0, 0.0, 0.0], "d proportion": [0.0, 0.0, 0.0, 0.0, 0.0, 0.0, -0.011, 0.0, 0.0, 0.0, 0.0, 0.0, 0.0, 0.0, 0.0, 0.0, 0.0, 0.0, 0.0, 0.0, 0.0, -0.009, 0.0, 0.0, 0.0, 0.0, 0.0, 0.0, 0.0, 0.0, 0.0, 0.0, 0.0, 0.0], "Coordination numbers": [1.653, 3.774, 2.954, 2.914, 2.946, 2.879, 0.967, 2.946, 2.913, 2.949, 2.928, 1.827, 2.883, 1.827, 2.929, 2.968, 2.914, 2.909, 2.911, 2.962, 2.878, 0.962, 0.805, 0.925, 0.925, 0.925, 0.925, 0.925, 0.925, 0.925, 0.925, 0.925, 0.925, 0.925], "Dispersion coefficient C6": [21.963, 18.384, 28.227, 28.714, 28.958, 25.75, 104.44, 28.956, 28.832, 28.014, 26.452, 26.916, 24.842, 26.816, 26.176, 28.138, 28.808, 28.75, 28.66, 28.908, 25.902, 104.424, 0.705, 2.206, 2.194, 2.215, 2.427, 2.401, 2.251, 2.093, 2.399, 2.32, 2.298, 2.21], "Polarizability alpha": [6.326, 6.109, 8.714, 8.787, 8.826, 8.319, 15.635, 8.826, 8.805, 8.681, 8.435, 7.688, 8.171, 7.673, 8.39, 8.701, 8.801, 8.792, 8.778, 8.819, 8.343, 15.634, 1.318, 2.323, 2.316, 2.327, 2.436, 2.423, 2.346, 2.262, 2.422, 2.382, 2.37, 2.325], "FOD": [0.0, 0.0, 0.0, 0.0, 0.0, 0.0, 0.0, 0.0, 0.0, 0.0, 0.0, 0.0, 0.0, 0.0, 0.0, 0.0, 0.0, 0.0, 0.0, 0.0, 0.0, 0.0, 0.0, 0.0, 0.0, 0.0, 0.0, 0.0, 0.0, 0.0, 0.0, 0.0, 0.0, 0.0], "FOD s proportion": [0.0, 0.0, 0.0, 0.0, 0.0, 0.0, 0.0, 0.0, 0.0, 0.0, 0.0, 0.0, 0.0, 0.0, 0.0, 0.0, 0.0, 0.0, 0.0, 0.0, 0.0, 0.0, 0.0, 0.0, 0.0, 0.0, 0.0, 0.0, 0.0, 0.0, 0.0, 0.0, 0.0, 0.0], "FOD p proportion": [0.0, 0.0, 0.0, 0.0, 0.0, 0.0, 0.0, 0.0, 0.0, 0.0, 0.0, 0.0, 0.0, 0.0, 0.0, 0.0, 0.0, 0.0, 0.0, 0.0, 0.0, 0.0, 0.0, 0.0, 0.0, 0.0, 0.0, 0.0, 0.0, 0.0, 0.0, 0.0, 0.0, 0.0], "FOD d proportion": [0.0, 0.0, 0.0, 0.0, 0.0, 0.0, 0.0, 0.0, 0.0, 0.0, 0.0, 0.0, 0.0, 0.0, 0.0, 0.0, 0.0, 0.0, 0.0, 0.0, 0.0, 0.0, 0.0, 0.0, 0.0, 0.0, 0.0, 0.0, 0.0, 0.0, 0.0, 0.0, 0.0, 0.0], "total energy": -61.50731094, "HOMO-LUMO gap/eV": 2.59194569, "electronic energy": -62.3093432, "Dipole module/D": 3.616, "Total charge": 0.0, "HOMO": -10.2275, "LUMO": -7.6355, "Fermi-level/eV": -8.9315, "Total dispersion C6": 19973.45085, "Total dispersion C8": 544513.224386, "Total polarizability alpha": 224.506499, "Total FOD": 0.0}