{"dipole": [-0.37603963, 0.05773118, -0.21401089], "partial charges": [-0.42418325, 0.13077665, -0.00318838, -0.03524002, -0.03842751, 0.10281836, -0.16196659, -0.03803315, -0.02613854, 0.00682022, -0.02013916, -0.03785452, 0.10315601, -0.16213547, -0.03730604, -0.03096415, 0.19630678, -0.10665085, -0.12155046, -0.11405309, 0.30395568, 0.06173898, 0.06489852, 0.06530274, 0.06298379, 0.07728552, 0.06580899, 0.06411966, 0.05185925], "mulliken charges": [-0.55828, 0.22153, -0.02562, -0.03351, -0.04566, 0.11503, -0.10418, -0.04782, -0.01666, -0.01414, -0.00748, -0.04893, 0.11544, -0.10795, -0.046, -0.03297, 0.24823, -0.09117, -0.11085, -0.09953, 0.33921, 0.03273, 0.04607, 0.04659, 0.04797, 0.05611, 0.04578, 0.04447, 0.03158], "cm5 charges": [-0.7559, 0.23301, -0.03275, -0.08582, -0.09773, 0.1076, -0.1062, -0.09977, -0.06797, -0.01984, -0.05834, -0.10085, 0.10806, -0.10997, -0.09794, -0.08458, 0.24762, -0.09066, -0.11222, -0.10157, 0.51096, 0.0923, 0.10249, 0.10309, 0.10729, 0.11705, 0.10229, 0.10094, 0.08941], "FUKUI+": [-0.02, 0.008, -0.023, -0.01, -0.017, -0.029, -0.079, -0.016, -0.015, -0.026, -0.015, -0.013, -0.033, -0.082, -0.014, -0.01, -0.025, -0.088, -0.106, -0.086, -0.016, -0.027, -0.041, -0.041, -0.032, -0.035, -0.042, -0.04, -0.027], "FUKUI-": [-0.024, 0.004, -0.027, -0.009, -0.017, -0.014, -0.179, -0.013, -0.01, -0.031, -0.012, -0.017, -0.016, -0.188, -0.015, -0.01, 0.011, -0.051, -0.056, -0.038, -0.017, -0.033, -0.037, -0.035, -0.027, -0.036, -0.038, -0.036, -0.029], "FUKUIrad": [-0.022, 0.006, -0.025, -0.01, -0.017, -0.021, -0.129, -0.015, -0.013, -0.029, -0.013, -0.015, -0.024, -0.135, -0.015, -0.01, -0.007, -0.069, -0.081, -0.062, -0.017, -0.03, -0.039, -0.038, -0.03, -0.035, -0.04, -0.038, -0.028], "s proportion": [1.712, 1.08, 1.1, 1.065, 1.063, 1.079, 1.943, 1.062, 1.067, 1.092, 1.066, 1.063, 1.079, 1.943, 1.061, 1.065, 1.173, 1.959, 1.959, 1.956, 0.661, 0.967, 0.954, 0.953, 0.952, 0.944, 0.954, 0.956, 0.968], "p proportion": [4.847, 2.698, 2.926, 2.968, 2.983, 2.806, 5.172, 2.985, 2.95, 2.922, 2.942, 2.986, 2.805, 5.176, 2.985, 2.968, 2.579, 5.14, 5.16, 5.151, 0.0, 0.0, 0.0, 0.0, 0.0, 0.0, 0.0, 0.0, 0.0], "d proportion": [0.0, 0.0, 0.0, 0.0, 0.0, 0.0, -0.011, 0.0, 0.0, 0.0, 0.0, 0.0, 0.0, -0.011, 0.0, 0.0, 0.0, -0.009, -0.008, -0.008, 0.0, 0.0, 0.0, 0.0, 0.0, 0.0, 0.0, 0.0, 0.0], "Coordination numbers": [1.648, 3.777, 2.951, 2.913, 2.947, 2.879, 0.967, 2.946, 2.917, 2.953, 2.914, 2.946, 2.879, 0.967, 2.946, 2.914, 3.617, 1.198, 1.175, 1.158, 0.804, 0.925, 0.925, 0.925, 0.924, 0.925, 0.925, 0.925, 0.925], "Dispersion coefficient C6": [21.327, 18.484, 28.104, 28.877, 28.955, 25.722, 104.23, 28.945, 28.655, 27.867, 28.51, 28.941, 25.715, 104.235, 28.927, 28.772, 17.908, 102.504, 102.972, 102.735, 0.709, 2.179, 2.142, 2.138, 2.164, 2.007, 2.132, 2.151, 2.297], "Polarizability alpha": [6.234, 6.125, 8.695, 8.812, 8.825, 8.314, 15.619, 8.824, 8.778, 8.658, 8.756, 8.823, 8.313, 15.619, 8.821, 8.796, 6.104, 15.49, 15.525, 15.507, 1.323, 2.308, 2.289, 2.287, 2.301, 2.216, 2.283, 2.294, 2.37], "FOD": [0.0, 0.0, 0.0, 0.0, 0.0, 0.0, 0.0, 0.0, 0.0, 0.0, 0.0, 0.0, 0.0, 0.0, 0.0, 0.0, 0.0, 0.0, 0.0, 0.0, 0.0, 0.0, 0.0, 0.0, 0.0, 0.0, 0.0, 0.0, 0.0], "FOD s proportion": [0.0, 0.0, 0.0, 0.0, 0.0, 0.0, 0.0, 0.0, 0.0, 0.0, 0.0, 0.0, 0.0, 0.0, 0.0, 0.0, 0.0, 0.0, 0.0, 0.0, 0.0, 0.0, 0.0, 0.0, 0.0, 0.0, 0.0, 0.0, 0.0], "FOD p proportion": [0.0, 0.0, 0.0, 0.0, 0.0, 0.0, 0.0, 0.0, 0.0, 0.0, 0.0, 0.0, 0.0, 0.0, 0.0, 0.0, 0.0, 0.0, 0.0, 0.0, 0.0, 0.0, 0.0, 0.0, 0.0, 0.0, 0.0, 0.0, 0.0], "FOD d proportion": [0.0, 0.0, 0.0, 0.0, 0.0, 0.0, 0.0, 0.0, 0.0, 0.0, 0.0, 0.0, 0.0, 0.0, 0.0, 0.0, 0.0, 0.0, 0.0, 0.0, 0.0, 0.0, 0.0, 0.0, 0.0, 0.0, 0.0, 0.0, 0.0], "total energy": -61.36773451, "HOMO-LUMO gap/eV": 3.88774791, "electronic energy": -61.95494861, "Dipole module/D": 1.109, "Total charge": 0.0, "HOMO": -11.0841, "LUMO": -7.1963, "Fermi-level/eV": -9.1402, "Total dispersion C6": 19627.59562, "Total dispersion C8": 609130.943601, "Total polarizability alpha": 220.310395, "Total FOD": 0.0}