{"dipole": [-0.81348957, 0.19201045, 0.02504842], "partial charges": [-0.12131612, 0.0541814, 0.01718666, -0.01064684, 0.02182307, -0.01064363, 0.01718209, 0.54155382, -0.3488484, -0.34841823, 0.53455798, -0.35361012, -0.35359494, 0.54156866, -0.34835245, -0.34890688, 0.07791065, 0.07791396, 0.11374961, 0.12335414, 0.12335556], "mulliken charges": [-0.08488, 0.05383, 0.0464, 0.01116, 0.05206, 0.01116, 0.0464, 0.68528, -0.43826, -0.44172, 0.68357, -0.44305, -0.44304, 0.6853, -0.44167, -0.4383, 0.07088, 0.07088, 0.09357, 0.11021, 0.11021], "cm5 charges": [-0.22289, 0.05327, 0.10289, -0.02555, 0.10499, -0.02555, 0.10289, 0.51933, -0.39842, -0.40336, 0.523, -0.40501, -0.40499, 0.51935, -0.4033, -0.39847, 0.12875, 0.12876, 0.14886, 0.17772, 0.17773], "FUKUI+": [0.023, -0.044, -0.012, -0.02, -0.018, -0.02, -0.012, -0.053, -0.087, -0.086, -0.061, -0.098, -0.098, -0.053, -0.086, -0.087, -0.033, -0.033, -0.042, -0.04, -0.04], "FUKUI-": [0.017, -0.017, -0.018, -0.011, -0.022, -0.011, -0.018, -0.031, -0.106, -0.101, -0.033, -0.105, -0.105, -0.031, -0.101, -0.106, -0.042, -0.042, -0.039, -0.038, -0.038], "FUKUIrad": [0.02, -0.031, -0.015, -0.016, -0.02, -0.016, -0.015, -0.042, -0.097, -0.093, -0.047, -0.102, -0.102, -0.042, -0.093, -0.097, -0.037, -0.037, -0.041, -0.039, -0.039], "s proportion": [1.013, 1.102, 1.073, 1.079, 1.072, 1.079, 1.073, 1.326, 1.745, 1.745, 1.327, 1.744, 1.744, 1.326, 1.745, 1.745, 0.929, 0.929, 0.906, 0.89, 0.89], "p proportion": [3.072, 2.844, 2.881, 2.91, 2.876, 2.91, 2.881, 2.989, 4.694, 4.697, 2.989, 4.699, 4.699, 2.989, 4.697, 4.694, 0.0, 0.0, 0.0, 0.0, 0.0], "d proportion": [0.0, 0.0, 0.0, 0.0, 0.0, 0.0, 0.0, 0.0, 0.0, 0.0, 0.0, 0.0, 0.0, 0.0, 0.0, 0.0, 0.0, 0.0, 0.0, 0.0, 0.0], "Coordination numbers": [3.752, 2.951, 2.907, 2.907, 2.898, 2.907, 2.907, 2.757, 0.927, 0.926, 2.755, 0.926, 0.926, 2.757, 0.926, 0.927, 0.924, 0.924, 0.924, 0.924, 0.924], "Dispersion coefficient C6": [22.886, 26.784, 27.626, 28.282, 27.519, 28.282, 27.627, 13.571, 20.654, 20.646, 13.647, 20.744, 20.744, 13.571, 20.644, 20.655, 2.001, 2.001, 1.665, 1.587, 1.587], "Polarizability alpha": [6.822, 8.488, 8.618, 8.72, 8.601, 8.72, 8.619, 5.471, 6.095, 6.094, 5.487, 6.108, 6.108, 5.471, 6.093, 6.095, 2.212, 2.212, 2.018, 1.97, 1.97], "FOD": [0.0, 0.0, 0.0, 0.0, 0.0, 0.0, 0.0, 0.0, 0.0, 0.0, 0.0, 0.0, 0.0, 0.0, 0.0, 0.0, 0.0, 0.0, 0.0, 0.0, 0.0], "FOD s proportion": [0.0, 0.0, 0.0, 0.0, 0.0, 0.0, 0.0, 0.0, 0.0, 0.0, 0.0, 0.0, 0.0, 0.0, 0.0, 0.0, 0.0, 0.0, 0.0, 0.0, 0.0], "FOD p proportion": [0.0, 0.0, 0.0, 0.0, 0.0, 0.0, 0.0, 0.0, 0.0, 0.0, 0.0, 0.0, 0.0, 0.0, 0.0, 0.0, 0.0, 0.0, 0.0, 0.0, 0.0], "FOD d proportion": [0.0, 0.0, 0.0, 0.0, 0.0, 0.0, 0.0, 0.0, 0.0, 0.0, 0.0, 0.0, 0.0, 0.0, 0.0, 0.0, 0.0, 0.0, 0.0, 0.0, 0.0], "total energy": -50.39092597, "HOMO-LUMO gap/eV": 2.8009216, "electronic energy": -50.78840392, "Dipole module/D": 2.125, "Total charge": 0.0, "HOMO": -13.0054, "LUMO": -10.2045, "Fermi-level/eV": -11.6049, "Total dispersion C6": 6573.338575, "Total dispersion C8": 153574.317278, "Total polarizability alpha": 121.992512, "Total FOD": 0.0}