{"dipole": [0.0016619569503837292, 1.0482207863773976, 0.7145803373509652], "partial charges": [0.03465846189863561, -0.26879237459463906, 0.14617414765214976, -0.055746197500356115, -0.034510559790735744, 0.0036933813520292087, -0.03497987002709714, -0.06132167208213178, -0.031098846722370125, 0.0034924141707762843, -0.034180526681131196, -0.05936336590353032, 0.1463512248453933, -0.2684263864279699, 0.03464538908772374, -0.057431736091232526, -0.03457350142620013, 0.21841521530932498, -0.13041752250633104, -0.12332467886876697, -0.13150246819956163, 0.046808593921809596, 0.057072491437719516, 0.04416142996577899, 0.05008816690808428, 0.044344903487030726, 0.043311439773497024, 0.04387263185407507, 0.07906627112762962, 0.046267162256332824, 0.046363635585895, 0.05172840068103089, 0.052710566584113785, 0.04342714784892432, 0.04773303067169057, 0.041283592070597876], "mulliken charges": [0.1693504265459607, -0.4184587307812475, 0.2579415651038456, -0.06878788934649537, -0.031692572271486766, -0.015079118769621409, -0.03011587776129769, -0.08102244965480632, -0.029561270052972873, -0.015397941367296199, -0.030456243780962247, -0.07638908489835493, 0.25808538764515354, -0.4181622784103213, 0.16931792028010126, -0.0731293888079372, -0.030497967808340062, 0.2730568818542179, -0.11621321543673915, -0.1092098435701034, -0.11936455310815723, 0.029426797558752972, 0.03710208467987158, 0.02758413902127401, 0.04608742651978096, 0.03271016562642017, 0.03180273024049943, 0.03984927885712315, 0.04677874472969659, 0.0317188541605001, 0.04231008921425715, 0.0331577420822596, 0.03390850107777524, 0.02687611530204774, 0.04369927596299754, 0.03277800095245474], "cm5 charges": [0.04806481844971192, -0.5066375796944185, 0.27362595700759684, -0.11906493098889405, -0.08432068748297447, -0.026332824499553778, -0.08277736224943692, -0.13230715717171548, -0.0787460096167232, -0.026583540317365588, -0.08300426152656955, -0.12731660689300056, 0.27376336302072884, -0.5063344073714791, 0.04803300249875348, -0.12375606840513437, -0.08316872972915307, 0.26802688185421786, -0.11778922251810085, -0.11119039740668218, -0.12071140621963918, 0.08854365815758308, 0.09616030629969369, 0.08672177174194746, 0.10492468658066705, 0.09012097976708597, 0.08929135218412304, 0.09862183557354239, 0.10998908361449995, 0.08967073765628808, 0.10110649364812208, 0.09225323960167928, 0.09299150481152746, 0.08601253183022363, 0.10252663822365142, 0.08960252778679485], "FUKUI+": [0.013439190375122341, -0.030317571125367027, -0.02707433262585639, -0.017596953654091325, -0.012363856729815737, -0.01407433262585639, -0.014757762519939576, -0.016057219787485595, 0.017, -0.01568893944148897, -0.012582886402599802, -0.016092154385600667, -0.02848647699902127, -0.030971744566943946, 0.013560809624877658, -0.01649040010547705, -0.014242906587988552, -0.035, -0.11234315541159452, -0.10732625232932647, -0.11704728662389892, -0.015307930059857082, -0.022448831440632283, -0.012439190375122342, -0.0392723714521432, -0.02812149574988161, -0.028196075375485408, -0.03845613461529011, -0.0357975375575323, -0.0265828864025998, -0.038710684307689036, -0.019045823682822628, -0.019162648816775957, -0.013034765999912047, -0.039289315692310964, -0.030099542472033176], "FUKUI-": [0.022, -0.07883230355744436, -0.02556080962487766, -0.021201961932742593, -0.011120241220453698, -0.036, -0.012387980644767631, -0.019358847692135066, 0.01, -0.03628931569231096, -0.011953922807199665, -0.02061732049098977, -0.025439190375122343, -0.078930968509901, 0.022, -0.020111185576443546, -0.011774583260233645, 0.01, -0.034118239181553274, -0.029747620944704532, -0.03821498306645458, -0.03496573450981306, -0.036358347182409954, -0.036, -0.040728005557708204, -0.03549453162358122, -0.03554624443346172, -0.03927199444229179, -0.035, -0.0364487465288576, -0.04001043367331177, -0.03562383105784576, -0.03632358118249791, -0.035457512644591724, -0.03998956632668822, -0.03407128703897712], "FUKUIrad": [0.018, -0.05443919037512234, -0.026317571125367024, -0.019220284202211977, -0.011750959855006857, -0.025028255433056052, -0.0136073873274031, -0.017664607114888695, 0.014, -0.026243238499510633, -0.012496910672333043, -0.01863514225073405, -0.026682428874632978, -0.05485012531718862, 0.018, -0.01812161924975532, -0.01310997614534495, -0.013, -0.07347658636396323, -0.06851089301204989, -0.07748647699902127, -0.0254172370972739, -0.029785225345193803, -0.024, -0.03998305575983223, -0.03162884009552643, -0.0318103502795959, -0.03878021630751313, -0.035289315692310974, -0.03148952258590054, -0.03929974936562274, -0.027554422557895367, -0.027751336864858263, -0.02423722844237975, -0.03985012531718862, -0.0319496677892218], "s proportion": [0.9712367279326545, 1.684, 1.0174391903751223, 1.0574391903751224, 1.063930468000176, 1.0848501253171887, 1.0631846406827234, 1.0567975375575323, 1.074, 1.0846759183077768, 1.0634213686153782, 1.0574391903751224, 1.0175608096248776, 1.684, 0.9712893156923109, 1.0571216192497552, 1.0641394410094995, 1.157, 1.9577166943648199, 1.9554049248849357, 1.9584391903751224, 0.9703679882479199, 0.9628344741945477, 0.9722714939325666, 0.9538187368156779, 0.9673227036629213, 0.9680704095194006, 0.9602338509439783, 0.9529131467501567, 0.9682367279326545, 0.9575798408157203, 0.966838567124553, 0.9658899389428803, 0.9732367279326545, 0.9561486652517126, 0.9669131467501566], "p proportion": [2.859, 4.7345608096248775, 2.724324081692223, 3.0113303361793005, 2.967682428874633, 2.9301959518756115, 2.9665673201917335, 3.023872126263167, 2.955, 2.930804048124388, 2.9673110605585107, 3.0187026694965744, 2.7241151086828994, 4.734236727932655, 2.859, 3.0162973305034253, 2.966439190375122, 2.57, 5.167876710622866, 5.162400793366831, 5.170554799567746, 0.0, 0.0, 0.0, 0.0, 0.0, 0.0, 0.0, 0.0, 0.0, 0.0, 0.0, 0.0, 0.0, 0.0, 0.0], "d proportion": [0.0, 0.0, 0.0, 0.0, 0.0, 0.0, 0.0, 0.0, 0.0, 0.0, 0.0, 0.0, 0.0, 0.0, 0.0, 0.0, 0.0, 0.0, -0.009, -0.009, -0.009, 0.0, 0.0, 0.0, 0.0, 0.0, 0.0, 0.0, 0.0, 0.0, 0.0, 0.0, 0.0, 0.0, 0.0, 0.0], "Coordination numbers": [3.643, 1.704, 2.859, 2.9131676964425557, 2.9138501253171887, 2.9558783807502444, 2.914034765999912, 2.912103797490011, 3.8800000000000003, 2.9561216192497555, 2.913271493932567, 2.9127567615004897, 2.8592367279326547, 1.704, 3.643, 2.912682428874633, 2.914317571125367, 3.625, 1.1934502492833792, 1.1732051335892961, 1.1956339328196355, 0.924, 0.924, 0.924, 0.925, 0.925, 0.925, 0.925, 0.923, 0.925, 0.925, 0.924, 0.924, 0.924, 0.925, 0.925], "Dispersion coefficient C6": [20.33233401485581, 18.456846911132104, 24.81861018319945, 29.385079142834506, 28.8589871420605, 27.94069845849686, 28.870677126222965, 29.525208336702022, 21.078762771557617, 27.945336307503048, 28.850845396873037, 29.47600874970613, 24.815250752800896, 18.450684642040265, 20.33253255419182, 29.427501184815004, 28.86092289115189, 17.55543919037512, 103.25199492830757, 103.02750409814945, 103.28630263990354, 2.362222412244028, 2.2353115199770954, 2.3941563852496675, 2.3200457474301452, 2.3923323679089865, 2.4056821945673463, 2.3992630999627336, 1.9892133966255046, 2.36780903751227, 2.36747006616212, 2.301574713771942, 2.289208427192377, 2.4037113508458163, 2.3504235488874685, 2.432800855078842], "Polarizability alpha": [6.482236727932655, 5.800479966432165, 8.165971744566944, 8.88874239307089, 8.80913777088212, 8.669952713376102, 8.810806927682865, 8.909668541871175, 6.527526043624966, 8.670775792691332, 8.808175874566988, 8.902790732177516, 8.164993489433144, 5.799317571125368, 6.482560809624877, 8.895271788745726, 8.809352882733334, 6.037, 15.5458190301391, 15.529107346156417, 15.548756052579115, 2.4031395657608945, 2.337763147315951, 2.4195955756247893, 2.3815747724600786, 2.4186833166995862, 2.42557807547119, 2.421842673048844, 2.2055895655676587, 2.4062457331934515, 2.4057209053645323, 2.3718826205059615, 2.3655171718414194, 2.4245003332690636, 2.3968616491265453, 2.4389842757606988],