{"dipole": [-0.44282219, -1.68590218, 0.05674879], "partial charges": [-0.18199785, 0.12567101, 0.01376813, -0.12836276, 0.32471266, -0.42871256, -0.1657267, 0.26940991, -0.37982391, 0.09280364, 0.22179112, 0.23646731], "mulliken charges": [-0.22014, 0.1795, 0.08374, -0.2972, 0.56326, -0.55258, -0.31932, 0.45945, -0.51628, 0.07198, 0.2655, 0.28207], "cm5 charges": [-0.24182, 0.20742, 0.10477, -0.6425, 0.72788, -0.58882, -0.65802, 0.5623, -0.55431, 0.13809, 0.46087, 0.48416], "FUKUI+": [-0.088, -0.069, -0.105, -0.048, -0.015, -0.119, -0.062, -0.066, -0.18, -0.113, -0.069, -0.067], "FUKUI-": [-0.138, -0.069, -0.039, -0.091, -0.009, -0.177, -0.054, -0.018, -0.196, -0.087, -0.068, -0.054], "FUKUIrad": [-0.113, -0.069, -0.072, -0.069, -0.012, -0.148, -0.058, -0.042, -0.188, -0.1, -0.068, -0.061], "s proportion": [1.824, 1.035, 1.018, 1.42, 0.935, 1.719, 1.427, 0.986, 1.723, 0.928, 0.734, 0.718], "p proportion": [5.396, 2.785, 2.898, 3.877, 2.502, 4.834, 3.892, 2.554, 4.793, 0.0, 0.0, 0.0], "d proportion": [0.0, 0.0, 0.0, 0.0, 0.0, 0.0, 0.0, 0.0, 0.0, 0.0, 0.0, 0.0], "Coordination numbers": [0.786, 2.762, 2.842, 2.702, 2.698, 0.859, 2.697, 2.764, 0.858, 0.925, 0.86, 0.86], "Dispersion coefficient C6": [11.051, 25.227, 27.698, 23.787, 21.481, 22.262, 24.585, 22.45, 21.282, 1.852, 1.001, 0.938], "Polarizability alpha": [3.927, 8.225, 8.625, 7.244, 7.586, 6.326, 7.364, 7.76, 6.185, 2.128, 1.568, 1.517], "FOD": [0.0, 0.0, 0.0, 0.0, 0.0, 0.0, 0.0, 0.0, 0.0, 0.0, 0.0, 0.0], "FOD s proportion": [0.0, 0.0, 0.0, 0.0, 0.0, 0.0, 0.0, 0.0, 0.0, 0.0, 0.0, 0.0], "FOD p proportion": [0.0, 0.0, 0.0, 0.0, 0.0, 0.0, 0.0, 0.0, 0.0, 0.0, 0.0, 0.0], "FOD d proportion": [0.0, 0.0, 0.0, 0.0, 0.0, 0.0, 0.0, 0.0, 0.0, 0.0, 0.0, 0.0], "total energy": -28.82755787, "HOMO-LUMO gap/eV": 3.69295898, "electronic energy": -29.10499709, "Dipole module/D": 4.433, "Total charge": 0.0, "HOMO": -11.7673, "LUMO": -8.0743, "Fermi-level/eV": -9.9208, "Total dispersion C6": 2051.454792, "Total dispersion C8": 47664.621987, "Total polarizability alpha": 68.45356, "Total FOD": 0.0}