{"dipole": [1.15659973, 0.66909392, -0.14378938], "partial charges": [-0.16724787, 0.20529072, -0.26640022, 0.06193486, -0.08194007, 0.27803561, -0.43567426, -0.13629016, 0.20346405, 0.05608936, 0.07458072, 0.20815724], "mulliken charges": [-0.13491, 0.35769, -0.39955, 0.15339, -0.11951, 0.47003, -0.56196, -0.29091, 0.16673, 0.0334, 0.06702, 0.25859], "cm5 charges": [-0.2047, 0.52075, -0.58482, 0.17374, -0.15945, 0.57064, -0.60235, -0.63768, 0.23928, 0.09888, 0.12638, 0.45934], "FUKUI+": [-0.252, -0.044, -0.085, -0.049, -0.069, -0.017, -0.116, -0.067, -0.046, -0.097, -0.095, -0.064], "FUKUI-": [-0.335, 0.023, -0.117, -0.02, -0.06, -0.018, -0.18, -0.041, -0.036, -0.094, -0.077, -0.047], "FUKUIrad": [-0.293, -0.011, -0.101, -0.034, -0.065, -0.018, -0.148, -0.054, -0.041, -0.095, -0.086, -0.056], "s proportion": [1.912, 1.003, 1.534, 1.029, 1.073, 0.979, 1.725, 1.424, 0.833, 0.967, 0.933, 0.741], "p proportion": [4.226, 2.64, 3.866, 2.817, 3.047, 2.551, 4.837, 3.867, 0.0, 0.0, 0.0, 0.0], "d proportion": [-0.004, 0.0, 0.0, 0.0, 0.0, 0.0, 0.0, 0.0, 0.0, 0.0, 0.0, 0.0], "Coordination numbers": [2.04, 2.905, 1.889, 2.917, 2.899, 2.783, 0.858, 2.78, 0.922, 0.925, 0.926, 0.86], "Dispersion coefficient C6": [148.126, 23.656, 27.772, 26.612, 30.049, 22.298, 22.406, 23.948, 1.081, 2.245, 2.036, 1.065], "Polarizability alpha": [20.484, 7.975, 7.813, 8.459, 8.988, 7.735, 6.346, 7.268, 1.626, 2.343, 2.231, 1.617], "FOD": [0.0, 0.0, 0.0, 0.0, 0.0, 0.0, 0.0, 0.0, 0.0, 0.0, 0.0, 0.0], "FOD s proportion": [0.0, 0.0, 0.0, 0.0, 0.0, 0.0, 0.0, 0.0, 0.0, 0.0, 0.0, 0.0], "FOD p proportion": [0.0, 0.0, 0.0, 0.0, 0.0, 0.0, 0.0, 0.0, 0.0, 0.0, 0.0, 0.0], "FOD d proportion": [0.0, 0.0, 0.0, 0.0, 0.0, 0.0, 0.0, 0.0, 0.0, 0.0, 0.0, 0.0], "total energy": -23.76435301, "HOMO-LUMO gap/eV": 3.36579341, "electronic energy": -24.04167826, "Dipole module/D": 3.416, "Total charge": 0.0, "HOMO": -11.0802, "LUMO": -7.7144, "Fermi-level/eV": -9.3973, "Total dispersion C6": 2720.163406, "Total dispersion C8": 78195.337927, "Total polarizability alpha": 82.885794, "Total FOD": 0.0}