{"dipole": [-1.47133105, -0.03506969, 0.03799924], "partial charges": [-0.0217668, -0.17974397, 0.06717725, 0.06716657, 0.06716695], "mulliken charges": [-0.00821, -0.08807, 0.0321, 0.03209, 0.03209], "cm5 charges": [-0.16401, -0.08438, 0.08281, 0.08279, 0.0828], "FUKUI+": [-0.005, -0.488, -0.169, -0.169, -0.169], "FUKUI-": [0.042, -0.56, -0.161, -0.161, -0.161], "FUKUIrad": [0.019, -0.524, -0.165, -0.165, -0.165], "s proportion": [1.03, 1.951, 0.968, 0.968, 0.968], "p proportion": [2.978, 5.145, 0.0, 0.0, 0.0], "d proportion": [0.0, -0.008, 0.0, 0.0, 0.0], "Coordination numbers": [3.689, 0.919, 0.926, 0.926, 0.926], "Dispersion coefficient C6": [21.156, 189.939, 2.117, 2.117, 2.117], "Polarizability alpha": [6.583, 22.221, 2.275, 2.275, 2.275], "FOD": [0.0, 0.0, 0.0, 0.0, 0.0], "FOD s proportion": [0.0, 0.0, 0.0, 0.0, 0.0], "FOD p proportion": [0.0, 0.0, 0.0, 0.0, 0.0], "FOD d proportion": [0.0, 0.0, 0.0, 0.0, 0.0], "total energy": -7.74544578, "HOMO-LUMO gap/eV": 5.29388985, "electronic energy": -7.80096379, "Dipole module/D": 3.742, "Total charge": 0.0, "HOMO": -11.1515, "LUMO": -5.8576, "Fermi-level/eV": -8.5046, "Total dispersion C6": 516.208894, "Total dispersion C8": 22306.339591, "Total polarizability alpha": 35.629745, "Total FOD": 0.0}