{"dipole": [0.1216408, -0.101038, 0.39856592], "partial charges": [-0.16392676, 0.10227291, -0.03736684, -0.0308742, 0.01264048, -0.02824925, -0.03737962, -0.03423332, 0.01468548, -0.03271481, -0.03741694, 0.1012879, -0.16614449, -0.03816892, -0.03172801, 0.21714184, -0.12158315, -0.12834926, -0.11658762, 0.06303976, 0.05292264, 0.05787174, 0.06293312, 0.08633103, 0.048086, 0.06220856, 0.06262618, 0.06067555], "mulliken charges": [-0.10652, 0.11463, -0.04482, -0.02768, -0.00494, -0.02593, -0.04476, -0.03209, -0.00131, -0.02965, -0.0449, 0.11368, -0.10823, -0.04445, -0.03068, 0.26973, -0.11074, -0.11433, -0.10178, 0.04519, 0.03723, 0.03623, 0.0453, 0.04914, 0.03696, 0.04469, 0.04519, 0.03484], "cm5 charges": [-0.10854, 0.10725, -0.09678, -0.08059, -0.01584, -0.07783, -0.09671, -0.08127, -0.01276, -0.0825, -0.09688, 0.10626, -0.11025, -0.09649, -0.08326, 0.26471, -0.11196, -0.11585, -0.10397, 0.10169, 0.09365, 0.09397, 0.10179, 0.11236, 0.09328, 0.10119, 0.10163, 0.09371], "FUKUI+": [-0.085, -0.035, -0.013, -0.016, -0.03, -0.011, -0.017, 0.016, -0.024, -0.014, -0.015, -0.03, -0.078, -0.015, -0.01, -0.024, -0.098, -0.09, -0.081, -0.043, -0.037, -0.03, -0.042, -0.036, -0.032, -0.041, -0.04, -0.028], "FUKUI-": [-0.182, -0.016, -0.017, -0.012, -0.031, -0.011, -0.015, 0.01, -0.031, -0.012, -0.015, -0.017, -0.184, -0.017, -0.011, 0.011, -0.057, -0.045, -0.035, -0.038, -0.036, -0.029, -0.036, -0.034, -0.032, -0.037, -0.038, -0.035], "FUKUIrad": [-0.133, -0.026, -0.015, -0.014, -0.031, -0.011, -0.016, 0.013, -0.027, -0.013, -0.015, -0.023, -0.131, -0.016, -0.011, -0.007, -0.077, -0.067, -0.058, -0.04, -0.036, -0.03, -0.039, -0.035, -0.032, -0.039, -0.039, -0.032], "s proportion": [1.943, 1.079, 1.062, 1.066, 1.089, 1.064, 1.062, 1.075, 1.09, 1.065, 1.062, 1.078, 1.943, 1.063, 1.064, 1.156, 1.957, 1.959, 1.955, 0.955, 0.963, 0.964, 0.955, 0.951, 0.963, 0.955, 0.955, 0.965], "p proportion": [5.174, 2.806, 2.983, 2.962, 2.916, 2.962, 2.982, 2.957, 2.911, 2.965, 2.983, 2.808, 5.176, 2.982, 2.967, 2.575, 5.163, 5.165, 5.156, 0.0, 0.0, 0.0, 0.0, 0.0, 0.0, 0.0, 0.0, 0.0], "d proportion": [-0.011, 0.0, 0.0, 0.0, 0.0, 0.0, 0.0, 0.0, 0.0, 0.0, 0.0, 0.0, -0.011, 0.0, 0.0, 0.0, -0.009, -0.009, -0.009, 0.0, 0.0, 0.0, 0.0, 0.0, 0.0, 0.0, 0.0, 0.0], "Coordination numbers": [0.966, 2.879, 2.947, 2.914, 2.957, 2.913, 2.947, 3.881, 2.955, 2.916, 2.946, 2.879, 0.967, 2.947, 2.913, 3.625, 1.187, 1.205, 1.171, 0.925, 0.925, 0.925, 0.925, 0.923, 0.925, 0.925, 0.925, 0.925], "Dispersion coefficient C6": [104.293, 25.734, 28.929, 28.77, 27.731, 28.706, 28.929, 21.135, 27.684, 28.815, 28.93, 25.755, 104.364, 28.948, 28.791, 17.572, 102.973, 103.187, 102.815, 2.164, 2.284, 2.224, 2.165, 1.915, 2.344, 2.173, 2.168, 2.191], "Polarizability alpha": [15.624, 8.316, 8.821, 8.796, 8.637, 8.786, 8.822, 6.536, 8.63, 8.803, 8.822, 8.32, 15.629, 8.825, 8.799, 6.04, 15.525, 15.541, 15.513, 2.3, 2.363, 2.332, 2.301, 2.164, 2.394, 2.305, 2.303, 2.315], "FOD": [0.0, 0.0, 0.0, 0.0, 0.0, 0.0, 0.0, 0.0, 0.0, 0.0, 0.0, 0.0, 0.0, 0.0, 0.0, 0.0, 0.0, 0.0, 0.0, 0.0, 0.0, 0.0, 0.0, 0.0, 0.0, 0.0, 0.0, 0.0], "FOD s proportion": [0.0, 0.0, 0.0, 0.0, 0.0, 0.0, 0.0, 0.0, 0.0, 0.0, 0.0, 0.0, 0.0, 0.0, 0.0, 0.0, 0.0, 0.0, 0.0, 0.0, 0.0, 0.0, 0.0, 0.0, 0.0, 0.0, 0.0, 0.0], "FOD p proportion": [0.0, 0.0, 0.0, 0.0, 0.0, 0.0, 0.0, 0.0, 0.0, 0.0, 0.0, 0.0, 0.0, 0.0, 0.0, 0.0, 0.0, 0.0, 0.0, 0.0, 0.0, 0.0, 0.0, 0.0, 0.0, 0.0, 0.0, 0.0], "FOD d proportion": [0.0, 0.0, 0.0, 0.0, 0.0, 0.0, 0.0, 0.0, 0.0, 0.0, 0.0, 0.0, 0.0, 0.0, 0.0, 0.0, 0.0, 0.0, 0.0, 0.0, 0.0, 0.0, 0.0, 0.0, 0.0, 0.0, 0.0, 0.0], "total energy": -57.3146238, "HOMO-LUMO gap/eV": 3.83469339, "electronic energy": -57.90523764, "Dipole module/D": 1.09, "Total charge": 0.0, "HOMO": -11.0114, "LUMO": -7.1767, "Fermi-level/eV": -9.0941, "Total dispersion C6": 18639.256577, "Total dispersion C8": 583680.255214, "Total polarizability alpha": 215.560849, "Total FOD": 0.0}