{"dipole": [0.04352195903532673, -0.050238546610757835, 0.002092193233244907], "partial charges": [-0.09972211717513217, -0.05143620111149116, -0.05704920900964291, -0.051627271794904186, -0.0607922867202394, 0.013445870278618708, -0.03794804270768583, -0.03146811154704037, -0.033727262743759874, -0.03144402171272347, -0.0374894102821252, 0.031736018090115385, 0.031888474635551466, 0.03227563468247902, 0.02851168083688873, 0.028445820609003285, 0.029897569477001885, 0.03066192730919314, 0.03036445216534328, 0.031094725872605894, 0.03404387987458078, 0.03422380425941714, 0.02787713618379733, 0.026992933993111298, 0.02623283735088449, 0.027000487266880226, 0.028010687562308543], "mulliken charges": [-0.08381256489872543, -0.03872377079440112, -0.04771294823143891, -0.040577002401745076, -0.0485882605582326, 0.008519968196519649, -0.04186031506507828, -0.026976940468473615, -0.033707622293255655, -0.026947423968978437, -0.04181903811928586, 0.02749271114693386, 0.027314590391730856, 0.027326940655791575, 0.0225938647433544, 0.02235302036941793, 0.02352598204930128, 0.023889121228088218, 0.02460967701198335, 0.024604682067039467, 0.02903422805563612, 0.02953066171745367, 0.02803847527563049, 0.027965632573872665, 0.027799579292656872, 0.027986529269845337, 0.02813179635908782], "cm5 charges": [-0.23420348559284515, -0.15126112160691743, -0.1580022945141647, -0.14977423893802264, -0.1523459258747699, -0.007313699237714319, -0.09534498985926942, -0.0823522359885366, -0.0891049560318818, -0.08232058655660673, -0.09525672555514872, 0.07861762269048152, 0.07847494246224564, 0.07856230937733254, 0.07729814919753937, 0.07707147798615958, 0.07886292594603574, 0.07955624607037003, 0.08002699712884463, 0.08018174780762381, 0.08475654089842036, 0.08517116466187068, 0.08429413306693742, 0.08336573289558914, 0.08321902344574841, 0.08339195113407122, 0.08442947603041653], "FUKUI+": [0.006817560465459662, 0.003864578610165778, 0.004981895619075187, 0.005523134581470058, 0.017797217005695153, -0.08351513486343096, -0.05306896211133956, -0.05575587624517257, -0.0612666261373843, -0.05487057711866678, -0.05383868570771915, -0.011348669398157986, -0.00931405616669604, -0.007915876120678364, -0.008172415302585955, -0.009974541120091971, -0.01188244949440105, -0.003985090925990958, -0.021857352223660562, -0.018280831495554536, -0.04497561799410419, -0.04545670740678018, -0.09520278299430485, -0.09690853550610357, -0.09890853550610357, -0.09657632963046549, -0.0956220553622073], "FUKUI-": [0.01495437528919919, 0.0025601350572589583, 0.0035519377332146693, -0.001612535865215902, 0.004990165134722447, -0.04811326914329243, -0.023911521300073846, -0.025817071012207118, -0.05299262923481049, -0.025152659260930983, -0.02446706562061678, -0.05421208048830113, -0.04596898324693205, -0.049005729067503, -0.06318118324435584, -0.060547105639246625, -0.045261424380706905, -0.04095653884455033, -0.03671951973108605, -0.035025237095076975, -0.050130546874197074, -0.05494250571278723, -0.05129108565495235, -0.059639285086500085, -0.06694987626662614, -0.059591785635345396, -0.051260422175709634], "FUKUIrad": [0.010960360767287352, 0.0033529540613220455, 0.004209327200639576, 0.0021630053167771526, 0.011403816363022538, -0.06588131073440208, -0.03841839771127044, -0.040621658783091784, -0.05718381667483773, -0.04024412375482742, -0.03925619738662153, -0.03278037494322956, -0.027742911203966474, -0.028488681545785214, -0.03578118350966739, -0.03519670738767298, -0.028220990906955765, -0.02233750181657849, -0.02934409522757751, -0.026437600334225726, -0.04757442282244133, -0.05028172745218158, -0.07355647562395352, -0.078, -0.08248486513656905, -0.07792438809009897, -0.07354307410963332], "s proportion": [1.0072027829943049, 1.0269085355061036, 1.0319926292348105, 1.0322666261373843, 1.0309085355061034, 1.0891113185004084, 1.0624236703695344, 1.0599999999999998, 1.0589085355061034, 1.0599999999999998, 1.0620914644938964, 0.9725225056286205, 0.9727260030974261, 0.9726591390930119, 0.9772425954395615, 0.9775853359698884, 0.976487513512614, 0.9763023327278917, 0.9753735466361606, 0.9756190825986499, 0.9708573056020984, 0.9703262656685924, 0.9720000000000001, 0.9720000000000001, 0.9720000000000001, 0.9720000000000001, 0.9720000000000001], "p proportion": [3.076578905814907, 3.011806337396472, 3.015789131766005, 3.0082968236726435, 3.0177381684433633, 2.902, 2.9795763296304654, 2.9669999999999996, 2.9749999999999996, 2.9669999999999996, 2.979817071012207, 0.0, 0.0, 0.0, 0.0, 0.0, 0.0, 0.0, 0.0, 0.0, 0.0, 0.0, 0.0, 0.0, 0.0, 0.0, 0.0], "d proportion": [0.0, 0.0, 0.0, 0.0, 0.0, 0.0, 0.0, 0.0, 0.0, 0.0, 0.0, 0.0, 0.0, 0.0, 0.0, 0.0, 0.0, 0.0, 0.0, 0.0, 0.0, 0.0, 0.0, 0.0, 0.0, 0.0, 0.0], "Coordination numbers": [3.7497105470925467, 3.799507764098241, 3.8009926292348104, 3.8004774943713793, 3.8048584117727304, 2.9619697302731383, 2.9150000000000005, 2.911, 2.912, 2.911, 2.9150000000000005, 0.9239999999999999, 0.9239999999999999, 0.9239999999999999, 0.9239999999999999, 0.9239999999999999, 0.9239999999999999, 0.9239999999999999, 0.9239999999999999, 0.9239999999999999, 0.9239085355061034, 0.9239999999999999, 0.925, 0.925, 0.925, 0.925, 0.925], "Dispersion coefficient C6": [22.468314029361334, 21.498076914847882, 21.599967049460588, 21.500688136177228, 21.665398637649012, 27.71141554198469, 28.943554407369536, 28.784685138759745, 28.840007370765186, 28.784048393630332, 28.932183978921366, 2.562048683285384, 2.5597602030894766, 2.5543109430287103, 2.6081151490170575, 2.6087724785703306, 2.588223183504227, 2.5772801497004982, 2.5815847232972806, 2.5712590678115697, 2.529884868943669, 2.5272877379955623, 2.6169901483933824, 2.629499347932753, 2.64069053537278, 2.629175400509349, 2.614866185309526], "Polarizability alpha": [6.760195412229114, 6.601618686019534, 6.6172307944321105, 6.601869352013697, 6.62620238641519, 8.634425108937657, 8.822075042118241, 8.797423670369534, 8.806, 8.797273996902574, 8.82015769954546, 2.5030819311181975, 2.502168266359971, 2.4993759215612688, 2.525452053785259, 2.5260275491318125, 2.515603863749673, 2.5103489172959725, 2.5127337096593916, 2.5074133712053426, 2.4873717269644713, 2.486178945502121, 2.529628387265383, 2.536129104985948, 2.541129104985948, 2.536046295523401, 2.5287818396845454], "FOD": [0.0, 0.0, 0.0, 0.0, 0.0, 0.0, 0.0, 0.0, 0.0, 0.0, 0.0, 0.0, 0.0, 0.0, 0.0, 0.0, 0.0, 0.0, 0.0, 0.0, 0.0, 0.0, 0.0, 0.0, 0.0, 0.0, 0.0], "FOD s proportion": [0.0, 0.0, 0.0, 0.0, 0.0, 0.0, 0.0, 0.0, 0.0, 0.0, 0.0, 0.0, 0.0, 0.0, 0.0, 0.0, 0.0, 0.0, 0.0, 0.0, 0.0, 0.0, 0.0, 0.0, 0.0, 0.0, 0.0], "FOD p proportion": [0.0, 0.0, 0.0, 0.0, 0.0, 0.0, 0.0, 0.0, 0.0, 0.0, 0.0, 0.0, 0.0, 0.0, 0.0, 0.0, 0.0, 0.0, 0.0, 0.0, 0.0, 0.0, 0.0, 0.0, 0.0, 0.0, 0.0], "FOD d proportion": [0.0, 0.0, 0.0, 0.0, 0.0, 0.0, 0.0, 0.0, 0.0, 0.0, 0.0, 0.0, 0.0, 0.0, 0.0, 0.0, 0.0, 0.0, 0.0, 0.0, 0.0, 0.0, 0.0, 0.0, 0.0, 0.0, 0.0], "total energy": -31.70655854284451, "HOMO-LUMO gap/eV": 4.591476177418864, "electronic energy": -32.23186802087699, "Dipole module/D": 0.5137179443044838, "Total charge": 0.0, "HOMO": -10.56282148521695, "LUMO": -5.971340421716626, "Fermi-level/eV": -8.267068243917096, "Total dispersion C6": 6571.661084746922, "Total dispersion C8": 149839.80129274167, "Total polarizability alpha": 126.1323576236514, "Total FOD": 0.0}