{"dipole": [1.027168883134419, 0.031471419618577, -0.41353495074593016], "partial charges": [-0.09357123618378912, 0.0031890765198022385, -0.20533958371679495, 0.00023282689351114175, -0.0006245707975555868, -0.03324479897410481, -0.03250619408307111, -0.029529818452892896, -0.0390691072403773, 0.1412714999647906, -0.30897343287880646, 0.397359424113789, -0.45275612088974915, -0.1895561391458329, -0.03771006368381828, 0.04004243589058954, 0.036004033849726676, 0.038578009355048584, 0.047367998601653666, 0.04722995044617209, 0.04611441773786549, 0.05711607339591695, 0.051853609628123055, 0.043420239356115733, 0.04418654024874922, 0.05055845552376896, 0.18313602497756432, 0.06270603822002964, 0.0670160228154896, 0.06549839422657706], "mulliken charges": [-0.08571931332926018, 0.021123097230772686, -0.13329493975135254, 0.01435726667729037, -0.019220149474431233, -0.03569316551251707, -0.03383057211850821, -0.027626681685448837, -0.04817021166148096, 0.24200730890981417, -0.4340475121498527, 0.6500964858858415, -0.5653810530385796, -0.3498959683049781, 0.07197796500411793, 0.027676178342578003, 0.0290162452532302, 0.025921477314750002, 0.032886878658283075, 0.03284005362367006, 0.03441230749218226, 0.039058419583031356, 0.034630778986815595, 0.03281740234324422, 0.034183207046209974, 0.048938949546333925, 0.23560603358480323, 0.0358743854082708, 0.04530866463932775, 0.044152247492247686], "cm5 charges": [-0.23356032820349792, -0.0729182159689651, -0.17921167800560006, -0.07044223941091801, -0.027741105036947204, -0.0879927614989493, -0.089043031756602, -0.08277800294085476, -0.09789734821645023, 0.2607209421189557, -0.4951603907476672, 0.7712270300345176, -0.6074078296601749, -0.7105616960139866, -0.014464116882557915, 0.07929615766836001, 0.08160158061339527, 0.07894553964958889, 0.09022742035723001, 0.09014519065861344, 0.095901409958148, 0.09619751701362975, 0.0913403628265382, 0.08814806177002057, 0.08962701927301936, 0.10837595752972262, 0.4341344956295756, 0.09775223669804665, 0.10847730014677863, 0.107064523881164], "FUKUI+": [0.0164994632161605, 0.019048887283251034, -0.17893128133300126, 0.024, -0.05603480930006771, -0.026090597037252514, -0.02870081241009264, -0.052430925228500784, -0.02554195894756809, -0.03177887620343981, -0.030507251108223967, -0.019236933361352262, -0.04918310249163771, -0.0331914944790759, 0.017613710102847468, -0.02283393282987005, -0.01787142851070673, -0.013942571590856661, -0.021653034160828043, -0.02301919029558441, -0.04661200070518018, -0.05202459501721714, -0.05858960879040909, -0.0665198607734658, -0.07220765758491889, -0.06112848315207787, -0.023591034431302296, -0.02623992969870848, -0.018344694264077047, -0.021365150666024412], "FUKUI-": [0.018373989569705082, 0.04566659875187478, -0.39951675941472253, 0.0483033101250023, -0.0046714259519918195, -0.005854580414703162, -0.018174364058316295, -0.01889601997012969, -0.01530674587594683, -0.009161065189566407, -0.02281033829364095, 0.003931734208767618, -0.040262445480942904, -0.0491957941549713, 0.01816866083059969, -0.03363948929085006, -0.030989773001205426, -0.02185047824197486, -0.04525606663800605, -0.045121862775397585, -0.05168152753363131, -0.04521948763391675, -0.02119949786997211, -0.041409771117478185, -0.04422676789217768, -0.03604954869425963, -0.027218194640310514, -0.03533374205124964, -0.0330751858792723, -0.03963877684083486], "FUKUIrad": [0.017569684334886676, 0.03236243908846221, -0.2893124008098326, 0.035942132913444794, -0.030344939079337947, -0.015945328689366527, -0.02338734734464103, -0.0352937324716937, -0.020534535670006432, -0.02048737079779129, -0.026491164213415276, -0.007484203051035308, -0.04468053317425142, -0.04137538325339626, 0.017966636035652357, -0.028050617321622798, -0.02462331037229682, -0.017799312001559774, -0.033246729457106945, -0.03366773945034698, -0.049353743405270586, -0.04846174772829634, -0.03985061131140547, -0.05391377387581436, -0.05809511918773024, -0.048381167280778695, -0.02576143991504617, -0.03055892609340806, -0.025925839680261627, -0.030514080215245945], "s proportion": [1.009939814860559, 1.033697557923577, 1.931920825567159, 1.033, 1.0917968645655587, 1.0641038287924593, 1.06, 1.059079174432841, 1.063, 1.0213204359571302, 1.6959708234899036, 0.9240791744328408, 1.7231038287924596, 1.4138567774537298, 0.976, 0.9723468349103963, 0.9708576489328303, 0.9740144704671243, 0.9670445346402655, 0.9671183679986728, 0.9653107182052523, 0.9608765976803969, 0.9651875253757782, 0.9670791744328411, 0.965920825567159, 0.9509525316181221, 0.7642186587533444, 0.9639808972435946, 0.9549209684680697, 0.9558494954739667], "p proportion": [3.075957535218489, 2.9452757721387406, 4.202571392824385, 2.9525316100926595, 2.927428365464081, 2.9713705286010788, 2.9738099450833544, 2.9684403516443982, 2.9850460484456636, 2.736506685534466, 4.738361177211557, 2.42593224817157, 4.842014920855155, 3.9358819155525997, 2.952, 0.0, 0.0, 0.0, 0.0, 0.0, 0.0, 0.0, 0.0, 0.0, 0.0, 0.0, 0.0, 0.0, 0.0, 0.0], "d proportion": [0.0, 0.0, -0.0010546713106334717, 0.0, 0.0, 0.0, 0.0, 0.0, 0.0, 0.0, 0.0, 0.0, 0.0, 0.0, 0.0, 0.0, 0.0, 0.0, 0.0, 0.0, 0.0, 0.0, 0.0, 0.0, 0.0, 0.0, 0.0, 0.0, 0.0, 0.0], "Coordination numbers": [3.7791387209161, 3.7920546713106336, 1.9921172301109984, 3.7970993066419814, 2.978069106232151, 2.9160504193587298, 2.909, 2.912024654359618, 2.909, 2.8749006081993094, 1.7061699227075042, 2.6570589570649923, 0.8569999999999999, 2.682, 3.6881629577559187, 0.9239999999999998, 0.9239999999999998, 0.9239999999999998, 0.9239999999999998, 0.9239999999999998, 0.9239999999999998, 0.9239999999999998, 0.9249999999999999, 0.9249999999999999, 0.9249999999999999, 0.9249999999999999, 0.8600000000000001, 0.9239999999999998, 0.9239999999999998, 0.9239999999999998], "Dispersion coefficient C6": [22.308414000922024, 20.534739532686118, 149.79665439925807, 20.5812583412174, 28.037934455376217, 28.828432246967868, 28.809997563399428, 28.737338012097332, 28.970808638551375, 24.92051602407043, 19.14958423914757, 20.29135670643488, 22.764501010380076, 25.11189051293601, 21.443543101321804, 2.448764013432623, 2.5040047986743366, 2.4692246188653217, 2.3536761480206954, 2.3552688246086304, 2.369089231979189, 2.2333673819804476, 2.2976224636396694, 2.4040670268383826, 2.3934256307867394, 2.3130812757181247, 1.1959551405327136, 2.170107358867098, 2.1239957337173334, 2.140492978054225], "Polarizability alpha": [6.7288033760605535, 6.4532552179628615, 20.599446169077407, 6.459548208250749, 8.685930832357732, 8.804342635870867, 8.801330264182798, 8.790352467606825, 8.826128028405003, 8.183278964783192, 5.908341066742714, 7.369763566679913, 6.396791967061903, 7.442609625690371, 6.628099306641982, 2.447267556499535, 2.4741248496314694, 2.4573984324812397, 2.3989297817922446, 2.3999243348355117, 2.407194514809573, 2.3370852712342387, 2.370456110617388, 2.42455062017057, 2.419289173431225, 2.3784095490299912, 1.7130849802828996, 2.303305640693959, 2.2781921835764694, 2.2870875049858794], "FOD": [0.0, 0.0, 0.0, 0.0, 0.0, 0.0, 0.0, 0.0, 0.0, 0.0, 0.0, 0.0, 0.0, 0.0, 0.0, 0.0, 0.0, 0.0, 0.0, 0.0, 0.0, 0.0, 0.0, 0.0, 0.0, 0.0, 0.0, 0.0, 0.0, 0.0], "FOD s proportion": [0.0, 0.0, 0.0, 0.0, 0.0, 0.0, 0.0, 0.0, 0.0, 0.0, 0.0, 0.0, 0.0, 0.0, 0.0, 0.0, 0.0, 0.0, 0.0, 0.0, 0.0, 0.0, 0.0, 0.0, 0.0, 0.0, 0.0, 0.0, 0.0, 0.0], "FOD p proportion": [0.0, 0.0, 0.0, 0.0, 0.0, 0.0, 0.0, 0.0, 0.0, 0.0, 0.0, 0.0, 0.0, 0.0, 0.0, 0.0, 0.0, 0.0, 0.0, 0.0, 0.0, 0.0, 0.0, 0.0, 0.0, 0.0, 0.0, 0.0, 0.0, 0.0], "FOD d proportion": [0.0, 0.0, 0.0, 0.0, 0.0, 0.0, 0.0, 0.0, 0.0, 0.0, 0.0, 0.0, 0.0, 0.0, 0.0, 0.0, 0.0, 0.0, 0.0, 0.0, 0.0, 0.0, 0.0, 0.0, 0.0, 0.0, 0.0, 0.0, 0.0, 0.0], "total energy": -45.52316243351846, "HOMO-LUMO gap/eV": 3.056152950945344, "electronic energy": -46.09228250369629, "Dipole module/D": 3.728586752057323, "Total charge": 0.0, "HOMO": -9.603053061386927, "LUMO": -6.546916018546275, "Fermi-level/eV": -8.074960353711658, "Total dispersion C6": 10666.00674422894,