{"dipole": [-0.09704278597712923, 0.20339264830035436, -0.0903461727792719], "partial charges": [-0.11084190589745092, 0.08568813876662455, -0.27775289715059365, 0.3482791119648998, -0.43637405127683015, -0.008473108907823199, 0.03118058123963453, -0.25140859755576883, 0.0916182689049763, -0.017054961729453075, 0.029998592068366678, -0.10612164220812288, 0.0034517472581499934, -0.03354572465280255, -0.028658829653106822, -0.028886033309427555, -0.028662838308742635, -0.033976554960046736, 0.05102199005503717, 0.055750278225103124, 0.049687904318582575, 0.052415157655594465, 0.054308267527251305, 0.05312824055894726, 0.04955192260970281, 0.07887885829882028, 0.04705090395403272, 0.04954483345919978, 0.04774065081450665, 0.03506588659437332, 0.03523279053785785, 0.03400957642604903, 0.03567321307871202, 0.04248022431434192], "mulliken charges": [-0.09749823083246857, 0.20682404191620757, -0.42818250411232484, 0.5618455822480288, -0.5516086044027192, 0.03265603676951848, 0.10785161255718255, -0.3657283824740927, 0.23066564926140887, -0.17462685989030716, 0.11056409832622822, -0.09527626043623857, -0.011345007452305348, -0.03464071458017688, -0.024517856777724608, -0.027322811412517644, -0.02450261878560951, -0.03286218986039362, 0.03732550812367276, 0.047413711770020336, 0.035276044819640515, 0.03220770956177076, 0.04125144884685594, 0.038524480856396884, 0.032946177116816064, 0.06119807247548028, 0.0420964371919796, 0.040101051000201775, 0.03970547028412396, 0.03365006598375074, 0.032694545537442825, 0.03177310134375997, 0.032953936733253635, 0.038583337603583595], "cm5 charges": [-0.24403561114279926, 0.12438723587122792, -0.5084192160187069, 0.6227370284037917, -0.6041622155067132, 0.1068425616099669, 0.13919238119621208, -0.547474961743909, 0.3301476512245319, -0.4206132479724982, 0.10683108253326158, -0.23714942516731083, -0.018911835783235256, -0.08679277880884684, -0.07985952401843546, -0.08271136463268244, -0.07985138391014568, -0.08534616466467046, 0.08982623579122467, 0.10197693109542312, 0.08731994868041365, 0.09539089490386869, 0.10696024304851309, 0.1055500142158988, 0.1062029688075998, 0.1383291795981204, 0.09614478159000382, 0.09255535539744102, 0.09327289518376702, 0.09146294920576387, 0.08805747092357465, 0.08717520419073804, 0.0883182379722606, 0.09664439009467635], "FUKUI+": [0.01021310784436417, 0.014494736118929413, -0.05585953276261071, -0.0547473680594647, -0.11303883029638445, -0.025000000000000005, -0.036, -0.06582070246622626, -0.02242760328830169, -0.041364876685993056, 0.006606900822075421, 0.014, -0.022393099177924577, -0.01563772396871353, -0.019937193355379614, -0.031213801644150843, -0.021421401712167856, -0.014113970276758519, -0.021027207597143285, -0.00472612822120064, -0.02282827450396016, -0.03140723763103462, -0.01912208923485747, -0.06260690082207543, -0.05756435809715854, -0.017849618757944462, -0.0192135452637705, -0.02575796505227926, -0.02051951337434723, -0.03092982120210384, -0.045546694832161616, -0.05063581711379362, -0.046267726015619064, -0.030850095535299733], "FUKUI-": [0.008803897018410906, 0.009534260215100534, -0.03661324091497695, -0.005494736118929412, -0.058039680248023216, -0.025891966000673013, -0.013252631940535293, -0.12404297863528788, -0.005112164703146008, -0.030393099177924578, 0.004466433584686137, 0.014786198355849154, -0.027291542279231494, -0.018060205989913803, -0.02281812305051533, -0.03347083981300523, -0.023463299214816387, -0.017299650710285237, -0.031830546955625975, -0.02689586072284614, -0.029600749617088404, -0.04384122034257404, -0.03182976449645303, -0.05513407017906713, -0.04902810705205495, -0.033823153262107115, -0.02420482123734636, -0.026393122254815708, -0.02256365537904992, -0.03508294587726521, -0.04788594968092973, -0.05235426888154013, -0.048249497570665545, -0.03663268274392387], "FUKUIrad": [0.009613297880397574, 0.011990085995333745, -0.04610507384503718, -0.03013407017906713, -0.08576857973559915, -0.025495349876404335, -0.024252631940535292, -0.09530552458048941, -0.013830616470892516, -0.03560690082207542, 0.005606900822075422, 0.014393099177924579, -0.025000000000000005, -0.016494736118929414, -0.02151847234023009, -0.03239309917792457, -0.02249152170674791, -0.01579680616030208, -0.026353339755463525, -0.015882986563890082, -0.026267048983042874, -0.037820778575766614, -0.02552350678584071, -0.05914116103717595, -0.05349454063674109, -0.02589216148286133, -0.021651649304550834, -0.026252678094317545, -0.021541584376698574, -0.03307837563155122, -0.04682322307862109, -0.05145582578023321, -0.04713725282520778, -0.033779166301056436], "s proportion": [1.0117473680594646, 0.9922526319405353, 1.6965052638810705, 0.969, 1.729, 1.04, 1.0339999999999998, 1.5603930991779245, 0.9919999999999999, 1.455786198355849, 1.0367861983558493, 1.0162138016441509, 1.0915723967116984, 1.0638826339874408, 1.0605441742197668, 1.0605441742197668, 1.0608489249581579, 1.06533116765671, 0.9625623168960086, 0.9525553157393829, 0.9646797872823855, 0.9679888584803839, 0.9587288994875759, 0.9615441742197668, 0.967, 0.9388207024662263, 0.9580062171883174, 0.9601722174873031, 0.960249168612681, 0.9660994660971421, 0.967620109281235, 0.9682138016441508, 0.9672005931849913, 0.9612591289704052], "p proportion": [3.0857473680594643, 2.801242104178394, 4.7318489249581575, 2.4693930991779247, 4.823, 2.9273930991779245, 2.8583930991779245, 3.805, 2.7772138016441508, 3.719, 2.8532138016441504, 3.078820702466226, 2.9192915422792316, 2.9706930784177463, 2.9640759350614685, 2.9666069008220752, 2.9635943861627023, 2.96745171500565, 0.0, 0.0, 0.0, 0.0, 0.0, 0.0, 0.0, 0.0, 0.0, 0.0, 0.0, 0.0, 0.0, 0.0, 0.0, 0.0], "d proportion": [0.0, 0.0, 0.0, 0.0, 0.0, 0.0, 0.0, 0.0, 0.0, 0.0, 0.0, 0.0, 0.0, 0.0, 0.0, 0.0, 0.0, 0.0, 0.0, 0.0, 0.0, 0.0, 0.0, 0.0, 0.0, 0.0, 0.0, 0.0, 0.0, 0.0, 0.0, 0.0, 0.0, 0.0], "Coordination numbers": [3.7479999999999998, 3.696021055524282, 1.705, 2.7157684235837474, 0.8559999999999999, 3.024606900822075, 3.161577984530357, 1.8823930991779245, 3.116690229275815, 2.8539301825395826, 3.787606900822075, 3.7489999999999997, 2.959820702466226, 2.9143410604223803, 2.91, 2.912, 2.91, 2.9142658403996946, 0.924, 0.924, 0.924, 0.924, 0.924, 0.9249999999999999, 0.9249999999999999, 0.924, 0.924, 0.924, 0.924, 0.9249999999999999, 0.9249999999999999, 0.9249999999999999, 0.9249999999999999, 0.9249999999999999], "Dispersion coefficient C6": [22.68687192125957, 19.31800194937111, 18.608579643721658, 21.084518818566142, 22.421605917795475, 28.20308616923538, 26.98141585981812, 27.401545039446233, 25.809067534623296, 21.57717704222008, 20.082690958473165, 22.593749220903117, 27.94579878269409, 28.835585302764095, 28.71610096379685, 28.721596039060977, 28.716109365846947, 28.84628985483461, 2.307614872651995, 2.2494645333240397, 2.324083636713254, 2.290296102426544, 2.266992786154745, 2.2810564095862977, 2.325540911230067, 1.99088307222186, 2.3576968665356874, 2.3263533252464557, 2.349086473601229, 2.517934688516501, 2.513209832307102, 2.5302747712503653, 2.5072235191857293, 2.419149128878604], "Polarizability alpha": [6.793778951345888, 6.287492149166535, 5.824140467237389, 7.5162736874648175, 6.348364796643681, 8.711101636941006, 8.490608403861525, 7.760030987164033, 8.321278031285908, 6.899213801644151, 6.382544174219767, 6.779248305754528, 8.670835831938875, 8.80564495727636, 8.787368112337171, 8.787820702466226, 8.787302208886999, 8.807113134027432, 2.3755678224753325, 2.34546513655447, 2.3841483722788093, 2.3665072370759894, 2.3547490250179077, 2.3617085377630804, 2.3844983685051497, 2.206524024761324, 2.4012796227608733, 2.3850831099889476, 2.396540339886668, 2.4809980137596184, 2.4792834621676, 2.4876766028426163, 2.476206752283134, 2.4318661067185334], "FOD": [0.0, 0.0, 0.0, 0.0, 0.0, 0.0, 0.0, 0.0, 0.0, 0.0, 0.0, 0.0, 0.0, 0.0, 0.0, 0.0, 0.0, 0.0, 0.0, 0.0, 0.0, 0.0, 0.0, 0.0, 0.0, 0.0, 0.0, 0.0, 0.0, 0.0, 0.0, 0.0, 0.0, 0.0],