{"dipole": [-0.25217849, -0.0211477, 0.00406591], "partial charges": [-0.10616101, 0.01622367, -0.04082834, -0.03556805, 0.00700455, -0.03556365, -0.04084049, 0.01260061, -0.03372577, -0.03055519, -0.03128314, -0.03055945, -0.03373797, 0.04034588, 0.04030058, 0.04671921, 0.02913006, 0.02798356, 0.02802043, 0.02911929, 0.02844604, 0.02863561, 0.02730894, 0.0286233, 0.02836132], "mulliken charges": [-0.08715, 0.01449, -0.04227, -0.0337, 0.00109, -0.03368, -0.04228, 0.00751, -0.03635, -0.02729, -0.031, -0.0273, -0.03637, 0.03466, 0.03461, 0.04054, 0.02957, 0.02938, 0.02939, 0.02957, 0.02945, 0.02951, 0.02872, 0.0295, 0.0294], "cm5 charges": [-0.23043, -0.00309, -0.09557, -0.08595, -0.0076, -0.08593, -0.09559, -0.00119, -0.08864, -0.08263, -0.08637, -0.08263, -0.08866, 0.08648, 0.08642, 0.09223, 0.08566, 0.08597, 0.08598, 0.08566, 0.08602, 0.0849, 0.08412, 0.08488, 0.08597], "FUKUI+": [0.024, -0.066, -0.021, -0.023, -0.044, -0.023, -0.02, -0.047, -0.023, -0.024, -0.053, -0.024, -0.023, -0.038, -0.038, -0.045, -0.059, -0.049, -0.049, -0.059, -0.051, -0.062, -0.07, -0.062, -0.051], "FUKUI-": [0.021, -0.057, -0.024, -0.023, -0.045, -0.023, -0.024, -0.034, -0.023, -0.022, -0.046, -0.022, -0.023, -0.052, -0.052, -0.075, -0.057, -0.049, -0.049, -0.056, -0.044, -0.057, -0.061, -0.057, -0.044], "FUKUIrad": [0.023, -0.061, -0.022, -0.023, -0.045, -0.023, -0.022, -0.041, -0.023, -0.023, -0.05, -0.023, -0.023, -0.045, -0.045, -0.06, -0.058, -0.049, -0.049, -0.058, -0.048, -0.06, -0.066, -0.06, -0.048], "s proportion": [1.007, 1.085, 1.062, 1.063, 1.081, 1.063, 1.062, 1.084, 1.063, 1.06, 1.059, 1.06, 1.063, 0.965, 0.965, 0.959, 0.97, 0.971, 0.971, 0.97, 0.971, 0.97, 0.971, 0.97, 0.971], "p proportion": [3.08, 2.901, 2.98, 2.97, 2.918, 2.97, 2.98, 2.909, 2.973, 2.967, 2.972, 2.967, 2.973, 0.0, 0.0, 0.0, 0.0, 0.0, 0.0, 0.0, 0.0, 0.0, 0.0, 0.0, 0.0], "d proportion": [0.0, 0.0, 0.0, 0.0, 0.0, 0.0, 0.0, 0.0, 0.0, 0.0, 0.0, 0.0, 0.0, 0.0, 0.0, 0.0, 0.0, 0.0, 0.0, 0.0, 0.0, 0.0, 0.0, 0.0, 0.0], "Coordination numbers": [3.755, 2.96, 2.913, 2.916, 2.965, 2.916, 2.913, 2.965, 2.917, 2.91, 2.912, 2.91, 2.917, 0.924, 0.924, 0.924, 0.925, 0.925, 0.925, 0.925, 0.925, 0.925, 0.925, 0.925, 0.925], "Dispersion coefficient C6": [22.585, 27.647, 29.014, 28.885, 27.861, 28.885, 29.015, 27.731, 28.84, 28.762, 28.78, 28.762, 28.84, 2.444, 2.445, 2.361, 2.599, 2.615, 2.615, 2.599, 2.609, 2.606, 2.625, 2.606, 2.61], "Polarizability alpha": [6.776, 8.624, 8.833, 8.813, 8.658, 8.813, 8.833, 8.638, 8.806, 8.794, 8.797, 8.794, 8.806, 2.445, 2.445, 2.403, 2.521, 2.529, 2.529, 2.521, 2.526, 2.524, 2.534, 2.524, 2.526], "FOD": [0.0, 0.0, 0.0, 0.0, 0.0, 0.0, 0.0, 0.0, 0.0, 0.0, 0.0, 0.0, 0.0, 0.0, 0.0, 0.0, 0.0, 0.0, 0.0, 0.0, 0.0, 0.0, 0.0, 0.0, 0.0], "FOD s proportion": [0.0, 0.0, 0.0, 0.0, 0.0, 0.0, 0.0, 0.0, 0.0, 0.0, 0.0, 0.0, 0.0, 0.0, 0.0, 0.0, 0.0, 0.0, 0.0, 0.0, 0.0, 0.0, 0.0, 0.0, 0.0], "FOD p proportion": [0.0, 0.0, 0.0, 0.0, 0.0, 0.0, 0.0, 0.0, 0.0, 0.0, 0.0, 0.0, 0.0, 0.0, 0.0, 0.0, 0.0, 0.0, 0.0, 0.0, 0.0, 0.0, 0.0, 0.0, 0.0], "FOD d proportion": [0.0, 0.0, 0.0, 0.0, 0.0, 0.0, 0.0, 0.0, 0.0, 0.0, 0.0, 0.0, 0.0, 0.0, 0.0, 0.0, 0.0, 0.0, 0.0, 0.0, 0.0, 0.0, 0.0, 0.0, 0.0], "total energy": -33.93444214, "HOMO-LUMO gap/eV": 3.85093609, "electronic energy": -34.55312433, "Dipole module/D": 0.643, "Total charge": 0.0, "HOMO": -10.3023, "LUMO": -6.4514, "Fermi-level/eV": -8.3769, "Total dispersion C6": 7755.686522, "Total dispersion C8": 191091.812268, "Total polarizability alpha": 142.013615, "Total FOD": 0.0}