{"dipole": [0.37520477, -1.49610628, -1.07333749], "partial charges": [-0.4199835, 0.17039965, -0.26165662, 0.10173809, 0.01183915, -0.02785871, -0.02709652, -0.02459577, -0.02586067, -0.02203109, -0.01474587, -0.03785163, 0.09554975, -0.16097324, -0.03655069, -0.04939928, 0.0687047, -0.15626254, 0.25258723, -0.40101034, 0.31799054, 0.04470917, 0.03162959, 0.03885994, 0.03948405, 0.04228591, 0.05618801, 0.06644982, 0.06705019, 0.05543852, 0.20497215], "mulliken charges": [-0.54679, 0.30903, -0.35291, 0.17432, -0.00283, -0.03348, -0.02416, -0.02299, -0.02468, -0.01764, -0.04668, -0.045, 0.10534, -0.10105, -0.04004, -0.05475, 0.13259, -0.31851, 0.45487, -0.52671, 0.35579, 0.04812, 0.02996, 0.03452, 0.03457, 0.03628, 0.0451, 0.04891, 0.04877, 0.04543, 0.25461], "cm5 charges": [-0.74197, 0.33955, -0.53611, 0.2567, -0.00475, -0.0855, -0.07942, -0.07825, -0.07984, -0.06782, -0.04292, -0.09325, 0.09806, -0.10313, -0.09163, -0.10176, 0.18949, -0.66014, 0.55521, -0.56786, 0.53339, 0.12872, 0.08758, 0.08984, 0.08988, 0.09163, 0.10461, 0.10761, 0.10519, 0.10426, 0.45265], "FUKUI+": [-0.026, 0.01, -0.102, -0.042, -0.012, -0.013, -0.014, -0.03, -0.016, -0.015, -0.028, -0.024, -0.017, -0.081, -0.04, -0.023, -0.019, -0.012, -0.01, -0.069, -0.017, -0.034, -0.023, -0.041, -0.048, -0.044, -0.029, -0.041, -0.057, -0.052, -0.031], "FUKUI-": [-0.054, 0.002, -0.081, -0.01, -0.013, -0.011, -0.015, -0.025, -0.018, -0.011, -0.018, -0.013, -0.017, -0.153, -0.015, -0.018, -0.013, -0.035, -0.01, -0.09, -0.024, -0.038, -0.023, -0.037, -0.042, -0.04, -0.024, -0.032, -0.042, -0.041, -0.036], "FUKUIrad": [-0.04, 0.006, -0.092, -0.026, -0.012, -0.012, -0.015, -0.027, -0.017, -0.013, -0.023, -0.019, -0.017, -0.117, -0.027, -0.021, -0.016, -0.023, -0.01, -0.079, -0.02, -0.036, -0.023, -0.039, -0.045, -0.042, -0.026, -0.036, -0.05, -0.047, -0.034], "s proportion": [1.702, 0.998, 1.562, 1.066, 1.085, 1.063, 1.061, 1.063, 1.062, 1.065, 1.089, 1.066, 1.076, 1.943, 1.063, 1.062, 1.042, 1.428, 1.02, 1.732, 0.644, 0.952, 0.97, 0.965, 0.965, 0.964, 0.955, 0.951, 0.951, 0.955, 0.745], "p proportion": [4.844, 2.693, 3.791, 2.76, 2.918, 2.97, 2.963, 2.96, 2.962, 2.952, 2.958, 2.979, 2.818, 5.169, 2.977, 2.993, 2.826, 3.891, 2.525, 4.794, 0.0, 0.0, 0.0, 0.0, 0.0, 0.0, 0.0, 0.0, 0.0, 0.0, 0.0], "d proportion": [0.0, 0.0, 0.0, 0.0, 0.0, 0.0, 0.0, 0.0, 0.0, 0.0, 0.0, 0.0, 0.0, -0.011, 0.0, 0.0, 0.0, 0.0, 0.0, 0.0, 0.0, 0.0, 0.0, 0.0, 0.0, 0.0, 0.0, 0.0, 0.0, 0.0, 0.0], "Coordination numbers": [1.653, 3.679, 1.832, 2.903, 2.973, 2.913, 2.911, 2.912, 2.911, 2.915, 2.966, 2.952, 2.878, 0.967, 2.948, 2.92, 2.899, 2.692, 2.746, 0.858, 0.804, 0.924, 0.925, 0.925, 0.925, 0.925, 0.925, 0.925, 0.925, 0.925, 0.86], "Dispersion coefficient C6": [21.242, 18.063, 27.65, 25.747, 27.747, 28.697, 28.678, 28.618, 28.648, 28.556, 28.377, 28.94, 25.877, 104.198, 28.908, 29.227, 26.462, 24.38, 22.754, 21.7, 0.669, 2.387, 2.563, 2.464, 2.456, 2.419, 2.244, 2.125, 2.118, 2.253, 1.081], "Polarizability alpha": [6.222, 6.088, 7.792, 8.32, 8.64, 8.784, 8.781, 8.772, 8.777, 8.763, 8.738, 8.823, 8.339, 15.617, 8.818, 8.865, 8.434, 7.333, 7.811, 6.246, 1.285, 2.416, 2.504, 2.455, 2.451, 2.432, 2.343, 2.28, 2.276, 2.347, 1.629], "FOD": [0.0, 0.0, 0.0, 0.0, 0.0, 0.0, 0.0, 0.0, 0.0, 0.0, 0.0, 0.0, 0.0, 0.0, 0.0, 0.0, 0.0, 0.0, 0.0, 0.0, 0.0, 0.0, 0.0, 0.0, 0.0, 0.0, 0.0, 0.0, 0.0, 0.0, 0.0], "FOD s proportion": [0.0, 0.0, 0.0, 0.0, 0.0, 0.0, 0.0, 0.0, 0.0, 0.0, 0.0, 0.0, 0.0, 0.0, 0.0, 0.0, 0.0, 0.0, 0.0, 0.0, 0.0, 0.0, 0.0, 0.0, 0.0, 0.0, 0.0, 0.0, 0.0, 0.0, 0.0], "FOD p proportion": [0.0, 0.0, 0.0, 0.0, 0.0, 0.0, 0.0, 0.0, 0.0, 0.0, 0.0, 0.0, 0.0, 0.0, 0.0, 0.0, 0.0, 0.0, 0.0, 0.0, 0.0, 0.0, 0.0, 0.0, 0.0, 0.0, 0.0, 0.0, 0.0, 0.0, 0.0], "FOD d proportion": [0.0, 0.0, 0.0, 0.0, 0.0, 0.0, 0.0, 0.0, 0.0, 0.0, 0.0, 0.0, 0.0, 0.0, 0.0, 0.0, 0.0, 0.0, 0.0, 0.0, 0.0, 0.0, 0.0, 0.0, 0.0, 0.0, 0.0, 0.0, 0.0, 0.0, 0.0], "total energy": -56.25377435, "HOMO-LUMO gap/eV": 2.67687595, "electronic energy": -56.99513644, "Dipole module/D": 4.776, "Total charge": 0.0, "HOMO": -10.648, "LUMO": -7.9712, "Fermi-level/eV": -9.3096, "Total dispersion C6": 15111.860619, "Total dispersion C8": 393716.665608, "Total polarizability alpha": 194.380938, "Total FOD": 0.0}