{"dipole": [2.20341501, 1.01741844, 0.11097785], "partial charges": [-0.11450017, 0.02878931, -0.02772591, -0.02542001, -0.02356895, 0.0097892, -0.03007609, 0.51993634, -0.3819417, -0.38262989, 0.0527448, 0.06176002, 0.05533646, 0.05138173, 0.05294891, 0.07597557, 0.07720036], "mulliken charges": [-0.08719, 0.02409, -0.02347, -0.01839, -0.01505, 0.04126, -0.0251, 0.67372, -0.46788, -0.4684, 0.04291, 0.0514, 0.04625, 0.04376, 0.04686, 0.0679, 0.06731], "cm5 charges": [-0.23051, 0.00684, -0.07654, -0.07328, -0.06143, 0.09361, -0.06952, 0.51348, -0.42995, -0.43056, 0.09472, 0.10309, 0.09808, 0.09968, 0.10213, 0.12994, 0.13023], "FUKUI+": [0.024, -0.038, -0.052, -0.025, -0.029, -0.023, -0.029, -0.12, -0.169, -0.169, -0.039, -0.043, -0.035, -0.075, -0.069, -0.055, -0.054], "FUKUI-": [0.019, -0.057, -0.027, -0.03, -0.05, -0.031, -0.032, -0.036, -0.12, -0.113, -0.076, -0.111, -0.073, -0.068, -0.074, -0.065, -0.058], "FUKUIrad": [0.021, -0.048, -0.039, -0.028, -0.04, -0.027, -0.03, -0.078, -0.144, -0.141, -0.057, -0.077, -0.054, -0.072, -0.071, -0.06, -0.056], "s proportion": [1.009, 1.089, 1.071, 1.064, 1.068, 1.074, 1.072, 1.334, 1.747, 1.747, 0.957, 0.949, 0.954, 0.956, 0.953, 0.932, 0.933], "p proportion": [3.078, 2.887, 2.952, 2.955, 2.947, 2.885, 2.954, 2.993, 4.721, 4.721, 0.0, 0.0, 0.0, 0.0, 0.0, 0.0, 0.0], "d proportion": [0.0, 0.0, 0.0, 0.0, 0.0, 0.0, 0.0, 0.0, 0.0, 0.0, 0.0, 0.0, 0.0, 0.0, 0.0, 0.0, 0.0], "Coordination numbers": [3.754, 2.959, 2.914, 2.91, 2.91, 2.897, 2.913, 2.755, 0.926, 0.926, 0.924, 0.924, 0.924, 0.925, 0.925, 0.925, 0.925], "Dispersion coefficient C6": [22.748, 27.357, 28.694, 28.637, 28.593, 27.798, 28.751, 13.807, 21.291, 21.305, 2.286, 2.179, 2.255, 2.303, 2.283, 2.021, 2.008], "Polarizability alpha": [6.801, 8.579, 8.784, 8.775, 8.768, 8.645, 8.792, 5.519, 6.188, 6.19, 2.364, 2.308, 2.348, 2.373, 2.363, 2.223, 2.216], "FOD": [0.0, 0.0, 0.0, 0.0, 0.0, 0.0, 0.0, 0.0, 0.0, 0.0, 0.0, 0.0, 0.0, 0.0, 0.0, 0.0, 0.0], "FOD s proportion": [0.0, 0.0, 0.0, 0.0, 0.0, 0.0, 0.0, 0.0, 0.0, 0.0, 0.0, 0.0, 0.0, 0.0, 0.0, 0.0, 0.0], "FOD p proportion": [0.0, 0.0, 0.0, 0.0, 0.0, 0.0, 0.0, 0.0, 0.0, 0.0, 0.0, 0.0, 0.0, 0.0, 0.0, 0.0, 0.0], "FOD d proportion": [0.0, 0.0, 0.0, 0.0, 0.0, 0.0, 0.0, 0.0, 0.0, 0.0, 0.0, 0.0, 0.0, 0.0, 0.0, 0.0, 0.0], "total energy": -29.50779443, "HOMO-LUMO gap/eV": 2.76182825, "electronic energy": -29.86783986, "Dipole module/D": 6.175, "Total charge": 0.0, "HOMO": -11.6407, "LUMO": -8.8789, "Fermi-level/eV": -10.2598, "Total dispersion C6": 3581.177285, "Total dispersion C8": 85006.019566, "Total polarizability alpha": 93.23685, "Total FOD": 0.0}