{"dipole": [0.55936731, -0.29343499, -0.88547832], "partial charges": [0.03357688, -0.28500848, 0.10568214, -0.08274679, -0.00118948, -0.07839074, 0.12350036, -0.26117067, 0.03416274, 0.08994354, -0.40109793, -0.01992448, -0.04504402, -0.02529587, 0.06744975, -0.26475136, 0.3496567, -0.37487994, 0.11500942, -0.3181904, 0.23408736, -0.34272507, 0.10444666, 0.07483006, -0.32148742, 0.24915262, -0.12009361, -0.34173171, 0.1006229, 0.1030324, -0.45330963, 0.09448739, -0.44353367, -0.02075299, -0.06493244, 0.12395619, -0.27724866, 0.20898373, -0.27481629, 0.12630228, -0.06328162, 0.00145883, 0.05647245, 0.05756139, 0.04527271, 0.05506264, 0.05416982, 0.05419282, 0.05134212, 0.05306681, 0.31915226, 0.06208894, 0.07999403, 0.04766046, 0.0638733, 0.06880201, 0.0403211, 0.02932256, 0.04644684, 0.06589283, 0.04040535, 0.01433709, 0.07123456, 0.06692196, 0.06494798, 0.04365803, 0.05546452, 0.31947343, 0.05858514, 0.31779977, 0.05555797, 0.05816943, 0.05809612, 0.06591486], "mulliken charges": [0.17156, -0.43501, 0.20747, -0.109, -0.00823, -0.10221, 0.22914, -0.41821, 0.17519, 0.17667, -0.52879, -0.00391, -0.05637, -0.04321, 0.18656, -0.41059, 0.57304, -0.50775, 0.22257, -0.47277, 0.40012, -0.48654, 0.18499, 0.18767, -0.47317, 0.42128, -0.08784, -0.485, 0.18101, 0.1989, -0.58124, 0.19196, -0.57177, -0.04334, -0.0778, 0.22026, -0.42429, 0.39142, -0.42208, 0.22345, -0.07688, -0.01312, 0.03998, 0.03614, 0.02805, 0.04677, 0.04757, 0.03345, 0.02644, 0.03203, 0.3692, 0.04392, 0.06858, 0.04028, 0.04355, 0.05289, 0.03305, 0.0334, 0.04022, 0.04395, 0.02668, 0.0193, 0.05281, 0.04328, 0.04096, 0.03807, 0.04723, 0.35795, 0.04831, 0.3566, 0.05057, 0.04983, 0.04872, 0.0561], "cm5 charges": [0.04998, -0.53217, 0.22591, -0.15818, -0.01997, -0.14867, 0.24997, -0.50527, 0.05599, 0.19657, -0.72631, -0.05649, -0.10699, -0.09888, 0.10815, -0.48674, 0.62592, -0.55152, 0.19033, -0.56071, 0.38861, -0.57016, 0.15222, 0.11166, -0.56157, 0.4042, -0.22904, -0.57183, 0.14941, 0.16275, -0.78513, 0.15739, -0.77381, -0.04975, -0.12548, 0.24325, -0.49819, 0.33832, -0.49603, 0.24644, -0.12428, -0.02165, 0.09934, 0.09519, 0.08717, 0.10833, 0.10912, 0.0964, 0.08572, 0.09488, 0.55251, 0.10692, 0.13674, 0.1044, 0.10646, 0.12085, 0.10371, 0.11048, 0.11473, 0.10829, 0.09206, 0.09312, 0.10848, 0.09697, 0.09467, 0.11102, 0.11772, 0.53162, 0.11889, 0.53296, 0.11004, 0.11928, 0.11821, 0.11547], "FUKUI+": [0.009, -0.022, -0.02, -0.001, -0.008, -0.01, -0.013, -0.017, 0.01, -0.022, -0.027, 0.001, 0.004, 0.002, 0.013, -0.054, -0.048, -0.09, 0.002, -0.002, 0.003, 0.003, 0.002, 0.002, -0.006, 0.001, 0.003, -0.005, 0.001, 0.002, 0.002, 0.0, -0.008, -0.035, -0.035, -0.024, -0.036, 0.014, -0.037, -0.034, -0.028, -0.017, -0.005, -0.022, -0.009, -0.016, -0.015, -0.012, -0.019, -0.011, -0.017, -0.02, -0.033, -0.015, -0.033, -0.028, -0.028, -0.001, -0.003, -0.001, -0.002, -0.004, -0.003, -0.006, -0.005, -0.003, -0.01, -0.008, 0.0, 0.008, -0.05, -0.031, -0.032, -0.04], "FUKUI-": [0.014, -0.032, -0.016, -0.013, -0.026, -0.006, -0.019, -0.054, 0.017, -0.032, -0.063, 0.002, 0.0, 0.001, 0.004, -0.017, 0.001, -0.008, 0.003, -0.003, 0.002, -0.018, -0.001, 0.003, -0.015, 0.003, 0.005, -0.016, -0.002, 0.002, -0.014, 0.0, -0.011, -0.017, -0.007, -0.016, -0.045, 0.012, -0.04, -0.013, -0.003, -0.012, -0.017, -0.026, -0.018, -0.033, -0.023, -0.027, -0.031, -0.026, -0.03, -0.023, -0.002, -0.01, -0.014, -0.007, -0.015, -0.009, -0.011, -0.013, -0.01, -0.009, -0.006, -0.01, -0.008, -0.012, -0.025, -0.013, -0.009, 0.0, -0.024, -0.035, -0.037, -0.014], "FUKUIrad": [0.012, -0.027, -0.018, -0.007, -0.017, -0.008, -0.016, -0.036, 0.014, -0.027, -0.045, 0.002, 0.002, 0.001, 0.008, -0.036, -0.023, -0.049, 0.003, -0.003, 0.002, -0.007, 0.0, 0.002, -0.01, 0.002, 0.004, -0.011, 0.0, 0.002, -0.006, 0.0, -0.01, -0.026, -0.021, -0.02, -0.041, 0.013, -0.038, -0.024, -0.015, -0.015, -0.011, -0.024, -0.014, -0.025, -0.019, -0.019, -0.025, -0.018, -0.023, -0.021, -0.018, -0.013, -0.024, -0.018, -0.022, -0.005, -0.007, -0.007, -0.006, -0.006, -0.004, -0.008, -0.007, -0.008, -0.017, -0.01, -0.005, 0.004, -0.037, -0.033, -0.035, -0.027], "s proportion": [0.973, 1.688, 1.018, 1.056, 1.085, 1.059, 1.009, 1.682, 0.97, 1.014, 1.701, 1.057, 1.066, 1.065, 1.005, 1.702, 0.995, 1.726, 1.013, 1.701, 0.998, 1.704, 1.025, 0.997, 1.699, 0.981, 1.011, 1.706, 1.03, 1.026, 1.71, 1.03, 1.708, 1.091, 1.054, 1.012, 1.706, 0.973, 1.706, 1.014, 1.053, 1.098, 0.96, 0.964, 0.972, 0.953, 0.952, 0.967, 0.974, 0.968, 0.631, 0.956, 0.931, 0.96, 0.956, 0.947, 0.967, 0.967, 0.96, 0.956, 0.973, 0.981, 0.947, 0.957, 0.959, 0.962, 0.953, 0.642, 0.952, 0.643, 0.949, 0.95, 0.951, 0.944], "p proportion": [2.856, 4.747, 2.775, 3.053, 2.923, 3.043, 2.762, 4.736, 2.855, 2.81, 4.827, 2.947, 2.99, 2.978, 2.809, 4.709, 2.432, 4.782, 2.764, 4.772, 2.602, 4.783, 2.79, 2.816, 4.774, 2.598, 3.077, 4.779, 2.789, 2.775, 4.872, 2.778, 4.863, 2.953, 3.024, 2.768, 4.718, 2.636, 4.716, 2.763, 3.023, 2.915, 0.0, 0.0, 0.0, 0.0, 0.0, 0.0, 0.0, 0.0, 0.0, 0.0, 0.0, 0.0, 0.0, 0.0, 0.0, 0.0, 0.0, 0.0, 0.0, 0.0, 0.0, 0.0, 0.0, 0.0, 0.0, 0.0, 0.0, 0.0, 0.0, 0.0, 0.0, 0.0], "d proportion": [0.0, 0.0, 0.0, 0.0, 0.0, 0.0, 0.0, 0.0, 0.0, 0.0, 0.0, 0.0, 0.0, 0.0, 0.0, 0.0, 0.0, 0.0, 0.0, 0.0, 0.0, 0.0, 0.0, 0.0, 0.0, 0.0, 0.0, 0.0, 0.0, 0.0, 0.0, 0.0, 0.0, 0.0, 0.0, 0.0, 0.0, 0.0, 0.0, 0.0, 0.0, 0.0, 0.0, 0.0, 0.0, 0.0, 0.0, 0.0, 0.0, 0.0, 0.0, 0.0, 0.0, 0.0, 0.0, 0.0, 0.0, 0.0, 0.0, 0.0, 0.0, 0.0, 0.0, 0.0, 0.0, 0.0, 0.0, 0.0, 0.0, 0.0, 0.0, 0.0, 0.0, 0.0], "Coordination numbers": [3.642, 1.703, 2.856, 2.913, 2.96, 2.919, 2.85, 1.705, 3.64, 2.843, 1.657, 3.857, 3.907, 3.925, 3.778, 1.704, 2.807, 0.856, 3.754, 1.698, 3.643, 1.696, 3.754, 3.706, 1.698, 3.656, 3.749, 1.697, 3.764, 3.727, 1.651, 3.722, 1.65, 2.97, 2.912, 3.048, 1.705, 3.928, 1.705, 3.047, 2.912, 2.962, 0.924, 0.924, 0.924, 0.925, 0.925, 0.924, 0.924, 0.924, 0.804, 0.923, 0.923, 0.923, 0.924, 0.924, 0.923, 0.924, 0.923, 0.924, 0.924, 0.924, 0.924, 0.924, 0.924, 0.923, 0.924, 0.803, 0.924, 0.803, 0.925, 0.924, 0.924, 0.925], "Dispersion coefficient C6": [20.356, 18.734, 25.659, 30.07, 28.055, 29.959, 25.284, 18.328, 20.355, 25.993, 20.87, 20.891, 21.32, 20.961, 19.475, 18.388, 21.07, 21.186, 18.752, 19.315, 17.263, 19.758, 18.916, 19.47, 19.374, 17.014, 22.867, 19.739, 18.963, 18.979, 21.914, 19.122, 21.715, 28.521, 29.616, 25.238, 18.6, 17.269, 18.559, 25.191, 29.574, 27.992, 2.241, 2.228, 2.38, 2.258, 2.269, 2.268, 2.303, 2.282, 0.666, 2.175, 1.979, 2.35, 2.154, 2.099, 2.445, 2.596, 2.365, 2.131, 2.444, 2.821, 2.072, 2.12, 2.142, 2.401, 2.253, 0.666, 2.216, 0.67, 2.252, 2.221, 2.222, 2.131], "Polarizability alpha": [6.487, 5.844, 8.303, 8.992, 8.688, 8.976, 8.241, 5.78, 6.488, 8.355, 6.167, 6.501, 6.563, 6.507, 6.287, 5.79, 7.52, 6.171, 6.175, 5.934, 5.973, 6.001, 6.202, 6.308, 5.943, 5.921, 6.82, 5.998, 6.207, 6.22, 6.319, 6.245, 6.29, 8.76, 8.924, 8.239, 5.823, 5.906, 5.816, 8.232, 8.917, 8.678, 2.341, 2.334, 2.413, 2.35, 2.355, 2.355, 2.373, 2.362, 1.282, 2.306, 2.2, 2.397, 2.295, 2.266, 2.445, 2.52, 2.405, 2.283, 2.445, 2.627, 2.251, 2.277, 2.289, 2.423, 2.347, 1.282, 2.328, 1.286, 2.347, 2.33, 2.331, 2.283], "FOD": [0.0, 0.0, 0.0, 0.0, 0.0, 0.0, 0.0, 0.0, 0.0, 0.0, 0.0, 0.0, 0.0, 0.0, 0.0, 0.0, 0.0, 0.0, 0.0, 0.0, 0.0, 0.0, 0.0, 0.0, 0.0, 0.0, 0.0, 0.0, 0.0, 0.0, 0.0, 0.0, 0.0, 0.0, 0.0, 0.0, 0.0, 0.0, 0.0, 0.0, 0.0, 0.0, 0.0, 0.0, 0.0, 0.0, 0.0, 0.0, 0.0, 0.0, 0.0, 0.0, 0.0, 0.0, 0.0, 0.0, 0.0, 0.0, 0.0, 0.0, 0.0, 0.0, 0.0, 0.0, 0.0, 0.0, 0.0, 0.0, 0.0, 0.0, 0.0, 0.0, 0.0, 0.0], "FOD s proportion": [0.0, 0.0, 0.0, 0.0, 0.0, 0.0, 0.0, 0.0, 0.0, 0.0, 0.0, 0.0, 0.0, 0.0, 0.0, 0.0, 0.0, 0.0, 0.0, 0.0, 0.0, 0.0, 0.0, 0.0, 0.0, 0.0, 0.0, 0.0, 0.0, 0.0, 0.0, 0.0, 0.0, 0.0, 0.0, 0.0, 0.0, 0.0, 0.0, 0.0, 0.0, 0.0, 0.0, 0.0, 0.0, 0.0, 0.0, 0.0, 0.0, 0.0, 0.0, 0.0, 0.0, 0.0, 0.0, 0.0, 0.0, 0.0, 0.0, 0.0, 0.0, 0.0, 0.0, 0.0, 0.0, 0.0, 0.0, 0.0, 0.0, 0.0, 0.0, 0.0, 0.0, 0.0],