{"dipole": [-0.6396042198588056, -0.37373873644190986, -0.03131145734916171], "partial charges": [-0.3850673488921799, 0.2832401497243074, -0.17136454291121733, 0.33949462570178535, -0.4233489197295709, -0.16865804605110704, 0.28126506860095346, -0.38671290252899104, -0.026205896992659922, -0.053840622348768935, -0.10317607082473203, -0.005556361149201774, -0.11152689440105991, -0.10928959410952147, 0.23110736628793185, 0.23131673412816453, 0.06653726681430795, 0.0594749335172846, 0.03758908544904656, 0.04882042439256409, 0.035990335756843225, 0.05745713886803105, 0.05186466824618144, 0.04856192056992718, 0.04834003044293928, 0.032556644484170026, 0.05232241213046011, 0.03880839463929169], "mulliken charges": [-0.5119225673397287, 0.47394247928827093, -0.32319592436230005, 0.5744889826109987, -0.5384866525406806, -0.320668395736462, 0.4742010448684751, -0.51393200355559, -0.06491886022058979, -0.027917283709492487, -0.08942729236910793, 0.008891660643092254, -0.09187210940263989, -0.10153855760440826, 0.27911585220227164, 0.280690781138064, 0.04781394366857192, 0.04577461092777348, 0.03720090182191146, 0.04095043820003786, 0.03562048211770801, 0.046764740506643206, 0.04679902862730238, 0.03916254442197296, 0.039431748129835825, 0.03382370992655162, 0.04586092118910572, 0.03332619058673001], "cm5 charges": [-0.5589293878285256, 0.5730406534905323, -0.6684796426789356, 0.7427354526594682, -0.5752746467095469, -0.665671581580111, 0.5726224366850898, -0.5596899579089519, -0.06554729287061098, -0.13164161066346342, -0.23792678979825266, -0.05653992957206123, -0.2397990890589212, -0.24760448822104456, 0.48207574688225313, 0.48306396002286606, 0.10718218783342737, 0.1039183873363171, 0.09190920786840275, 0.09188029440121964, 0.08996653766651584, 0.1081989934936993, 0.10182017011327388, 0.09070353607517588, 0.09192504437314698, 0.08982766757934142, 0.09745405580032375, 0.08877014191286674], "FUKUI+": [-0.14311496927832798, -0.056026432065380175, -0.03502070171585588, -0.05794362520195666, -0.1519286538356251, -0.03502070171585588, -0.05797929828414412, -0.14604140343171176, -0.005020701715855879, 0.013947498157081753, 0.016, -0.00698890158879351, 0.01697929828414412, 0.016, -0.049, -0.049, -0.03299297866543401, -0.032889832373996716, -0.0060079500317655925, -0.03791053408985259, -0.0051891015343017086, -0.030741047407880466, -0.011083373272781015, -0.03778797706760112, -0.022943987489798756, -0.0044863091786921, -0.03736397715799206, -0.01046504105347872], "FUKUI-": [-0.10181941490682138, -0.008964326917812536, -0.0290022196822413, -0.0029942696504757058, -0.10595064653652264, -0.02798280895142712, -0.006977078601902824, -0.09681404684513918, -0.01797929828414412, 0.011014971366331583, 0.01598280895142712, -2.6432065380172854e-05, 0.013025141080338474, 0.01692514316834208, -0.035, -0.035973567934619824, -0.06194878914212345, -0.04826153456220293, -0.05894656945988215, -0.051976512192545316, -0.0403857448573382, -0.06886324214228985, -0.050759167153652945, -0.04889076107119632, -0.044032728824261964, -0.032235306618338164, -0.042060089586841744, -0.039114969278327985], "FUKUIrad": [-0.12296432691781253, -0.032005730349524295, -0.03201146069904859, -0.02997929828414412, -0.12894713586923964, -0.031009241016807288, -0.03198853930095141, -0.12192772513842547, -0.011014971366331583, 0.012963398220612935, 0.015994269650475706, -0.00398983028599311, 0.015002219682241297, 0.016949355551480954, -0.042, -0.04297356793461982, -0.04697836958694453, -0.041062467435409734, -0.032966908887895933, -0.044951008824364744, -0.023277072337892016, -0.049799279600323015, -0.030921270213216983, -0.04382901821147077, -0.03397800729910243, -0.018360807898515127, -0.039712033372416904, -0.02430035602383129], "s proportion": [1.7299942696504758, 1.012047133781236, 1.4300563747980433, 0.9360563747980435, 1.7200207017158557, 1.4251598833773227, 1.012047133781236, 1.73, 1.110047133781236, 1.0349423342169148, 1.0099850286336685, 1.0659484268542814, 1.0149942696504757, 1.0159735679346198, 0.7209942696504756, 0.7190356730821874, 0.9520691264821336, 0.9541365996913834, 0.9629299448206667, 0.9590598854653263, 0.963932164502908, 0.9533729931732479, 0.9530665445120502, 0.960996489332717, 0.9609735679346197, 0.9658987111029619, 0.9539885393009514, 0.9669295825328247], "p proportion": [4.7818757897048645, 2.513911462787052, 3.893041403431712, 2.4889436252019563, 4.8179436252019565, 3.895979298284144, 2.5139171931365767, 4.783840116622677, 2.9549114627870523, 2.993080587181182, 3.078977078601903, 2.925090756895189, 3.077017191048573, 3.0848458469722018, 0.0, 0.0, 0.0, 0.0, 0.0, 0.0, 0.0, 0.0, 0.0, 0.0, 0.0, 0.0, 0.0, 0.0], "d proportion": [0.0, 0.0, 0.0, 0.0, 0.0, 0.0, 0.0, 0.0, 0.0, 0.0, 0.0, 0.0, 0.0, 0.0, 0.0, 0.0, 0.0, 0.0, 0.0, 0.0, 0.0, 0.0, 0.0, 0.0, 0.0, 0.0, 0.0, 0.0], "Coordination numbers": [0.8589850286336684, 2.7640770765138987, 2.6969850286336685, 2.702139181661467, 0.86, 2.696, 2.7621242102951356, 0.8589850286336684, 3.897, 3.8019872483159096, 3.747005730349524, 3.8469885393009515, 3.7509942696504757, 3.7509942696504757, 0.86, 0.86, 0.924, 0.9239942696504758, 0.924, 0.924, 0.924, 0.923, 0.924, 0.924, 0.924, 0.924, 0.924, 0.924], "Dispersion coefficient C6": [21.383992883139214, 22.203597767789738, 24.708160703479226, 21.23087098805254, 22.15129485067586, 24.649188563815937, 22.238835314970352, 21.416676468885527, 20.985877080689907, 21.5396279104488, 22.538724197767113, 20.645298565464657, 22.695831258773747, 22.652215533599684, 0.9608321665909116, 0.9598643290058161, 2.124602910849868, 2.2055363000818686, 2.4815809807890785, 2.334446150776833, 2.5030774805618137, 2.2293634848155417, 2.296971826946475, 2.338236826800048, 2.3405902468810384, 2.5503857830015693, 2.2911928616990136, 2.4652727666438587], "Polarizability alpha": [6.19956877463431, 7.717099997911996, 7.382470409115161, 7.541985028633668, 6.309902221770244, 7.373622342460718, 7.722970057267337, 6.204522569550273, 6.51197356793462, 6.607793345129283, 6.7711206996278515, 6.462900930785203, 6.793835677258194, 6.787049353463478, 1.5348793003721477, 1.5348907610711962, 2.2788589400640977, 2.322782475914745, 2.4632933555693013, 2.389232316405224, 2.4740462259640728, 2.33520595479091, 2.3700112356974974, 2.391610927716858, 2.3927772868994253, 2.497688270992381, 2.3675999415167897, 2.4551392484966916], "FOD": [0.0, 0.0, 0.0, 0.0, 0.0, 0.0, 0.0, 0.0, 0.0, 0.0, 0.0, 0.0, 0.0, 0.0, 0.0, 0.0, 0.0, 0.0, 0.0, 0.0, 0.0, 0.0, 0.0, 0.0, 0.0, 0.0, 0.0, 0.0], "FOD s proportion": [0.0, 0.0, 0.0, 0.0, 0.0, 0.0, 0.0, 0.0, 0.0, 0.0, 0.0, 0.0, 0.0, 0.0, 0.0, 0.0, 0.0, 0.0, 0.0, 0.0, 0.0, 0.0, 0.0, 0.0, 0.0, 0.0, 0.0, 0.0], "FOD p proportion": [0.0, 0.0, 0.0, 0.0, 0.0, 0.0, 0.0, 0.0, 0.0, 0.0, 0.0, 0.0, 0.0, 0.0, 0.0, 0.0, 0.0, 0.0, 0.0, 0.0, 0.0, 0.0, 0.0, 0.0, 0.0, 0.0, 0.0, 0.0], "FOD d proportion": [0.0, 0.0, 0.0, 0.0, 0.0, 0.0, 0.0, 0.0, 0.0, 0.0, 0.0, 0.0, 0.0, 0.0, 0.0, 0.0, 0.0, 0.0, 0.0, 0.0, 0.0, 0.0, 0.0, 0.0, 0.0, 0.0, 0.0, 0.0], "total energy": -44.52163604703018, "HOMO-LUMO gap/eV": 3.545665075821793, "electronic energy": -45.023283873577796, "Dipole module/D": 1.964348395979952, "Total charge": 0.0, "HOMO": -11.58802180271797, "LUMO": -8.042399869594588, "Fermi-level/eV": -9.815210087587962, "Total dispersion C6": 7411.384496481903, "Total dispersion C8": 164361.1675937998, "Total polarizability alpha": 128.19514040034207, "Total FOD": 0.0}