{"dipole": [-1.1811264107015296, -1.2106907416653891, -0.986916227832476], "partial charges": [-0.4567512415910062, 1.1506346036992734, -0.5750717774557527, -0.5667398187543164, -0.10346137135813349, -0.0201970302958345, -0.11334812164721922, 0.07951312715782288, -0.20692698399877063, 0.07190683041509154, -0.34719515310460747, 1.1290670405351926, -0.5529856506923567, -0.5535759451407439, -0.06458143042631334, 0.09875161361792914, -0.10170728467305135, 0.20962880061684552, 0.20799775898912143, 0.10282538148606407, 0.1841154482691747, 0.07551061094028638, 0.06262035889234147, 0.2065024173496507, 0.0834678158366631], "mulliken charges": [-0.3947741406649116, 0.5241774843183454, -0.40191731128451713, -0.39651271326137705, 0.03434662894383356, 0.006630201814686504, 0.016581783753832135, 0.15574777967063846, -0.3698557203683011, 0.21488179702193222, -0.3040920421704547, 0.5228088847021197, -0.38960992337240796, -0.3919140605565093, -0.09188054537599316, 0.11903616982895812, -0.04385770252411347, 0.24136002166102258, 0.23581972068384888, 0.09686955087804078, 0.22515014974923028, 0.043404956363743696, 0.05504958622995945, 0.23988370032173628, 0.05266430744543685], "cm5 charges": [-0.821708942037517, 0.6386405485107658, -0.4523879143788799, -0.44409993415485083, 0.048159965699299895, -0.037231822824671156, 0.03476901491370497, 0.21394687445908664, -0.7165463015517404, 0.23103521065044075, -0.6402945373193114, 0.6438502173510265, -0.4358579117350075, -0.4380058651092823, -0.1357418780248999, 0.11731285360628983, -0.04298701053366255, 0.43219850246028646, 0.4264587755349255, 0.16114126163885528, 0.4164062286755522, 0.11806657297032003, 0.13112804649642532, 0.4391558346398812, 0.11257631155199646], "FUKUI+": [0.0037334702186536312, -0.06297365751284607, -0.031000000000000007, -0.029266529781346376, -0.032466940437307266, -0.039066119125385476, -0.04479958934403911, -0.04937242554496339, -0.03973347021865364, 0.023, -0.014000000000000002, -0.06166632445336593, -0.033877089340697726, -0.03425617554997547, -0.031932854234712295, -0.06082798511099751, -0.13753305956269277, -0.029466940437307264, -0.02426652978134637, -0.06539979467201956, -0.039866735109326826, -0.045133264890673194, -0.031000000000000007, -0.022133264890673188, -0.06726652978134638], "FUKUI-": [-0.03371276175591182, -0.07358216379239295, -0.052104869123714787, -0.05263126802209317, -0.018428190438977955, -0.010571809561022046, -0.01956145532965114, -0.010000000000000002, -0.05757180956102206, 0.023438544670348865, -0.03873347021865364, -0.08676186598561203, -0.04597529780009815, -0.046358377746535936, -0.017438544670348863, -0.007000000000000001, -0.12312188401940007, -0.04016166065763159, -0.035827985110997516, -0.03316166065763159, -0.04243854467034887, -0.05843854467034887, -0.046438544670348865, -0.03429492554830478, -0.03900000000000001], "FUKUIrad": [-0.014989645768629097, -0.06827791065261951, -0.04126652978134637, -0.041315634011046584, -0.02560020532798045, -0.024533059562692743, -0.0319612500016707, -0.029466940437307264, -0.04843854467034887, 0.023, -0.026428190438977955, -0.07400000000000001, -0.039926193570397936, -0.0398072766482557, -0.024533059562692743, -0.03413326489067319, -0.1307608393457098, -0.03460020532798046, -0.02982798511099751, -0.04913326489067319, -0.04086673510932683, -0.052000000000000005, -0.03900000000000001, -0.028000000000000004, -0.05313326489067319], "s proportion": [1.4645330595626929, 1.7032665297813465, 1.7211332648906734, 1.7215718095610222, 1.0727334702186537, 1.0746002053279806, 1.0737334702186538, 1.048866735109327, 1.449438544670349, 0.9830000000000001, 1.4560000000000002, 1.7020000000000002, 1.7215718095610222, 1.7220000000000002, 1.0620000000000003, 1.0870000000000002, 1.944866735109327, 0.7585614553296512, 0.7643336755466341, 0.9031038424838127, 0.7750000000000001, 0.956866735109327, 0.9449896457686293, 0.760438544670349, 0.9470000000000001], "p proportion": [3.9300671457652885, 2.804827985110998, 4.680733470218655, 4.674971604233042, 2.892733470218654, 2.9190377233584273, 2.910133264890674, 2.7951332648906737, 3.9201332648906737, 2.8020000000000005, 3.8483052797796757, 2.8001332648906736, 4.668227779783018, 4.670000000000001, 3.029866735109327, 2.7944669404373075, 5.111162687297535, 0.0, 0.0, 0.0, 0.0, 0.0, 0.0, 0.0, 0.0], "d proportion": [0.0, 0.9674669404373073, 0.0, 0.0, 0.0, 0.0, 0.0, 0.0, 0.0, 0.0, 0.0, 0.9750000000000001, 0.0, 0.0, 0.0, 0.0, -0.012133264890673186, 0.0, 0.0, 0.0, 0.0, 0.0, 0.0, 0.0, 0.0], "Coordination numbers": [2.6320000000000006, 3.701361044673691, 0.8600000000000001, 0.8600000000000001, 2.978266529781347, 3.0038006159839417, 2.9690000000000003, 2.9460000000000006, 2.6910000000000003, 3.825, 2.6880000000000006, 3.8581332648906734, 0.8600000000000001, 0.8600000000000001, 2.9707334702186543, 2.9063326489067323, 0.9669328542347124, 0.8630000000000002, 0.8630000000000002, 0.9250000000000002, 0.8600000000000001, 0.9240000000000002, 0.9240000000000002, 0.8620000000000001, 0.9250000000000002], "Dispersion coefficient C6": [32.00362602200014, 102.43609506569746, 25.512639368318865, 25.314206132512723, 30.603698826779933, 28.49602848359931, 30.86745658620594, 26.225399794672025, 25.501626247645035, 19.362655970221997, 28.934429217078883, 103.0265289530031, 24.990013934975984, 25.003687032916112, 29.60289615751619, 25.81123188634263, 102.32475655712142, 1.057666324453366, 1.0656002053279807, 1.7595563221301402, 1.1911616606576318, 2.026172014889003, 2.1686843659889536, 1.072877089340698, 1.9435635086094558], "Polarizability alpha": [8.401960223361769, 17.034840392622176, 6.772495336204266, 6.745493282924462, 9.074362071313594, 8.756931827594812, 9.113, 8.399133264890674, 7.500143619122046, 6.261561455329652, 7.988733470218655, 17.083666324453368, 6.702494309564364, 6.7041332648906735, 8.924600205327982, 8.330362071313594, 15.475734496858557, 1.610961250001671, 1.6167334702186538, 2.0742918456285984, 1.709294925548305, 2.225866735109327, 2.3029896457686294, 1.622438544670349, 2.180295952188207], "FOD": [0.0, 0.0, 0.0, 0.0, 0.0, 0.0, 0.0, 0.0, 0.0, 0.0, 0.0, 0.0, 0.0, 0.0, 0.0, 0.0, 0.0, 0.0, 0.0, 0.0, 0.0, 0.0, 0.0, 0.0, 0.0], "FOD s proportion": [0.0, 0.0, 0.0, 0.0, 0.0, 0.0, 0.0, 0.0, 0.0, 0.0, 0.0, 0.0, 0.0, 0.0, 0.0, 0.0, 0.0, 0.0, 0.0, 0.0, 0.0, 0.0, 0.0, 0.0, 0.0], "FOD p proportion": [0.0, 0.0, 0.0, 0.0, 0.0, 0.0, 0.0, 0.0, 0.0, 0.0, 0.0, 0.0, 0.0, 0.0, 0.0, 0.0, 0.0, 0.0, 0.0, 0.0, 0.0, 0.0, 0.0, 0.0, 0.0], "FOD d proportion": [0.0, 0.0, 0.0, 0.0, 0.0, 0.0, 0.0, 0.0, 0.0, 0.0, 0.0, 0.0, 0.0, 0.0, 0.0, 0.0, 0.0, 0.0, 0.0, 0.0, 0.0, 0.0, 0.0, 0.0, 0.0], "total energy": -55.119639864997055, "HOMO-LUMO gap/eV": 3.559533041779283, "electronic energy": -55.61318835351239, "Dipole module/D": 8.113254946342192, "Total charge": 0.0, "HOMO": -11.445717130010216, "LUMO": -7.886190745055512, "Fermi-level/eV": -9.665990611043798, "Total dispersion C6": 12645.138024690443, "Total dispersion C8": 361507.44041642273, "Total polarizability alpha": 174.61262617471326, "Total FOD": 0.0}