{"dipole": [-1.04551918, 0.02630874, 0.13102423], "partial charges": [-0.17174032, 0.10164844, -0.0370262, -0.02488531, 0.02344395, -0.02489302, -0.03703077, -0.00012428, 0.09370166, -0.15784637, -0.04285006, -0.02762059, -0.04283756, 0.09370619, -0.15779043, 0.0590817, 0.04861203, 0.04860659, 0.05909655, 0.06764421, 0.06148961, 0.06761396], "mulliken charges": [-0.11308, 0.1138, -0.0456, -0.02505, 0.00814, -0.02506, -0.04561, -0.03149, 0.108, -0.10986, -0.05436, -0.01751, -0.05435, 0.108, -0.1098, 0.04369, 0.03765, 0.03765, 0.0437, 0.04506, 0.04102, 0.04504], "cm5 charges": [-0.11509, 0.10646, -0.09749, -0.07667, 0.00116, -0.07668, -0.0975, -0.03355, 0.10395, -0.11109, -0.10602, -0.07259, -0.10599, 0.10395, -0.11103, 0.1002, 0.09415, 0.09414, 0.10023, 0.10159, 0.09634, 0.10155], "FUKUI+": [-0.088, -0.027, -0.026, -0.023, -0.018, -0.023, -0.026, -0.03, -0.034, -0.093, -0.036, -0.033, -0.035, -0.034, -0.093, -0.053, -0.043, -0.043, -0.053, -0.062, -0.064, -0.062], "FUKUI-": [-0.208, -0.017, -0.018, -0.011, -0.026, -0.011, -0.018, -0.007, -0.013, -0.14, -0.03, -0.016, -0.03, -0.013, -0.14, -0.043, -0.037, -0.037, -0.042, -0.046, -0.047, -0.046], "FUKUIrad": [-0.148, -0.022, -0.022, -0.017, -0.022, -0.017, -0.022, -0.018, -0.024, -0.117, -0.033, -0.025, -0.033, -0.024, -0.117, -0.048, -0.04, -0.04, -0.048, -0.054, -0.056, -0.054], "s proportion": [1.944, 1.078, 1.062, 1.063, 1.076, 1.063, 1.062, 1.083, 1.085, 1.946, 1.063, 1.06, 1.063, 1.085, 1.946, 0.956, 0.962, 0.962, 0.956, 0.955, 0.959, 0.955], "p proportion": [5.18, 2.808, 2.984, 2.962, 2.916, 2.962, 2.984, 2.948, 2.807, 5.174, 2.992, 2.958, 2.992, 2.807, 5.174, 0.0, 0.0, 0.0, 0.0, 0.0, 0.0, 0.0], "d proportion": [-0.011, 0.0, 0.0, 0.0, 0.0, 0.0, 0.0, 0.0, 0.0, -0.01, 0.0, 0.0, 0.0, 0.0, -0.01, 0.0, 0.0, 0.0, 0.0, 0.0, 0.0, 0.0], "Coordination numbers": [0.966, 2.879, 2.946, 2.916, 2.966, 2.916, 2.946, 3.006, 2.881, 0.959, 2.955, 2.91, 2.955, 2.881, 0.959, 0.925, 0.925, 0.925, 0.925, 0.925, 0.925, 0.925], "Dispersion coefficient C6": [104.543, 25.747, 28.92, 28.625, 27.479, 28.625, 28.92, 28.016, 25.917, 104.096, 29.063, 28.691, 29.062, 25.917, 104.094, 2.21, 2.337, 2.337, 2.21, 2.112, 2.182, 2.112], "Polarizability alpha": [15.643, 8.318, 8.82, 8.773, 8.598, 8.773, 8.82, 8.683, 8.346, 15.609, 8.842, 8.783, 8.842, 8.346, 15.609, 2.325, 2.391, 2.391, 2.325, 2.272, 2.31, 2.273], "FOD": [0.0, 0.0, 0.0, 0.0, 0.0, 0.0, 0.0, 0.0, 0.0, 0.0, 0.0, 0.0, 0.0, 0.0, 0.0, 0.0, 0.0, 0.0, 0.0, 0.0, 0.0, 0.0], "FOD s proportion": [0.0, 0.0, 0.0, 0.0, 0.0, 0.0, 0.0, 0.0, 0.0, 0.0, 0.0, 0.0, 0.0, 0.0, 0.0, 0.0, 0.0, 0.0, 0.0, 0.0, 0.0, 0.0], "FOD p proportion": [0.0, 0.0, 0.0, 0.0, 0.0, 0.0, 0.0, 0.0, 0.0, 0.0, 0.0, 0.0, 0.0, 0.0, 0.0, 0.0, 0.0, 0.0, 0.0, 0.0, 0.0, 0.0], "FOD d proportion": [0.0, 0.0, 0.0, 0.0, 0.0, 0.0, 0.0, 0.0, 0.0, 0.0, 0.0, 0.0, 0.0, 0.0, 0.0, 0.0, 0.0, 0.0, 0.0, 0.0, 0.0, 0.0], "total energy": -42.91679044, "HOMO-LUMO gap/eV": 3.8583158, "electronic energy": -43.45243737, "Dipole module/D": 2.679, "Total charge": 0.0, "HOMO": -10.894, "LUMO": -7.0356, "Fermi-level/eV": -8.9648, "Total dispersion C6": 10899.31441, "Total dispersion C8": 330373.079512, "Total polarizability alpha": 167.092153, "Total FOD": 0.0}