{"dipole": [-0.16315120990995416, -0.6134168841290486, 0.5302178476246306], "partial charges": [-0.10584436328584232, 0.00754433428653876, -0.10659057959490728, -0.06092231050817262, -0.02480612951869649, -0.06065423270624602, 0.35442355719958296, -0.4164884246313683, -0.26482602862097315, 0.08161604263239998, 0.005937406112371436, -0.04609409704801076, -0.029820877691287273, -0.05222407161041247, 0.1461026326501511, -0.26767528513095595, 0.14343795343708896, -0.05076719420362914, -0.028763309361739105, -0.035998990307576625, -0.030082442233659547, -0.049957612022325806, -0.05481399659540255, 0.031285714678374425, -0.10346916920440766, -0.1040652898953582, 0.04303564556865201, 0.04113391838793642, 0.04092516168492749, 0.04067984522165347, 0.03742520342364574, 0.042994518032983, 0.02726241186933626, 0.04204937808788948, 0.0626708575725616, 0.05544167690606055, 0.058070534986182275, 0.0383680797300941, 0.044672117426545414, 0.05274110329360673, 0.039310425173624305, 0.03886330041306254, 0.03573397095558545, 0.038554418453133024, 0.04672729657584639, 0.0446480055831271, 0.03698058098540699, 0.04449590443589105, 0.04385333457425692, 0.04232531686858067, 0.040133683817283716, 0.04442007576819196], "mulliken charges": [-0.08971268390552546, 0.008658539361888568, -0.08682181442522433, -0.07464464583286004, -0.021576299922244396, -0.07253081232871486, 0.5765733919738474, -0.5357040967744929, -0.4170901914229103, 0.19901640796687786, 0.00043305183159109226, -0.05646420913657661, -0.02115400193404699, -0.06424480815119009, 0.25535324831488015, -0.40953840610538955, 0.251427988204962, -0.07108511819789691, -0.022967438154556055, -0.04205921524568726, -0.02470472889298117, -0.06358147406115956, -0.07794805052560314, 0.0341586189409149, -0.09032440741865025, -0.08981062110161994, 0.03537278546768013, 0.03527729477814519, 0.03537302238520587, 0.03551463206245034, 0.03384245287800754, 0.03633902660058995, 0.027368915651894508, 0.040770401068257994, 0.060776498793512004, 0.045875270969566756, 0.04853302523860841, 0.03308983254705874, 0.035523010796314806, 0.04937532248223176, 0.042717388879175935, 0.03289262084429711, 0.031238613406583588, 0.03370749385489404, 0.04707896343033058, 0.04672738018741411, 0.03542164329676186, 0.03796102537791795, 0.03670206387518636, 0.03487713162740035, 0.03702710253445231, 0.03695885790842986], "cm5 charges": [-0.2338287864939422, -0.016945304288892855, -0.23104691267627786, -0.13078582198911518, -0.07868753318204133, -0.12269730526342108, 0.6300529422973308, -0.5831868264240906, -0.4993107117406266, 0.12531851804738334, -0.011490050031264989, -0.10941088184723907, -0.07620259784596363, -0.11418451156908682, 0.2716630318659422, -0.4766270527841075, 0.26746198749910455, -0.1217725378244119, -0.07841190116432337, -0.097470349799846, -0.07986537771607127, -0.1137417805709307, -0.12509911904596985, 0.007888953111323566, -0.2347246043048278, -0.23398332408469147, 0.08905439560351128, 0.08757730630797433, 0.08772212972464892, 0.08724088615684952, 0.0855952376111218, 0.08816306478730537, 0.08509301631383578, 0.10340688373000316, 0.1230935377333413, 0.11130186089124403, 0.1147002482013375, 0.08921381200556369, 0.09088879179228541, 0.10795576920613235, 0.10151037245531021, 0.08858075123268432, 0.08667050649563257, 0.08910158286055303, 0.1056363409783808, 0.10936814904917885, 0.08869582539577153, 0.09021510000935598, 0.08921103936139234, 0.08732245737545433, 0.09014815675378957, 0.08961791301723271], "FUKUI+": [0.006753695028842701, -0.01692165592336198, 0.009666732924011382, -0.0030885415455033155, -0.0007152914674672421, 0.0060303274257928795, -0.03872450544540142, -0.0783280357953644, -0.029987569084137015, 0.013284708532532757, -0.032883145371399206, -0.018499548235545553, -0.024137191870406013, -0.02924928759564334, -0.016879024904561547, -0.028727722383330215, -0.016060320243852684, -0.017816498242276265, -0.022246070657714563, -0.020439796912868676, -0.023560772008307123, -0.02301976832062942, -0.015046544200760445, -0.009556986149202536, 0.008695081548517435, 0.008456220972713892, -0.0019644024455932217, -0.0093484879795241, -0.012876579659297345, -0.013079249539375636, -0.012585002099804257, -0.01597369969213076, -0.016492747711842254, 0.0021914100174947257, -0.02782537285000916, -0.02964216822478118, -0.027664185201548744, -0.04241268642500457, -0.04776183566822769, -0.04547334127659033, -0.029619220441460294, -0.039105327241646684, -0.04306122377276156, -0.04519784672199177, -0.039626515608521186, -0.024322373363092082, -0.003953565730046419, -0.015172984890265822, -0.013557390272285596, -0.012755892934431797, -0.005951739150116251, -0.013741730806036448], "FUKUI-": [0.015348580322047299, -0.039745618893260115, 0.016909017722621354, -0.0285539340093665, -0.004256125594583971, -0.011765684097305943, -0.0014089005658999903, -0.04429183865242155, -0.0040505373447426865, 0.007999999999999998, -0.013288494391637345, -0.02334881463549003, -0.012939345148414237, -0.017258166965844462, -0.012258166965844466, -0.061301828836409195, -0.011543210106110298, -0.009436011053764086, -0.005544555233339561, -0.01830350857137154, -0.01125850157357754, -0.013909352330354428, -0.008284708532532756, -0.0181877717019336, 0.012999999999999998, 0.01174092950524665, -0.02265587531359979, -0.03120263867185871, -0.03319864544322144, -0.03532281188369362, -0.029460201736195152, -0.03883144133919329, -0.03869833596168353, -0.0289567777939269, -0.022321135226450125, -0.02092144863848433, -0.019155088380335916, -0.03428815978390427, -0.03622783954005158, -0.03237914206128291, -0.019419459671063444, -0.01923719604998167, -0.028804529257001783, -0.03372862591223909, -0.02974427376603085, -0.013482889862257607, -0.01537628006335532, -0.02704171510939057, -0.022090240606342952, -0.02331616360308436, -0.01765473940507692, -0.02096269487191009], "FUKUIrad": [0.01119349194171138, -0.028211053843908207, 0.013167184688465821, -0.015657219879752694, -0.0021839433560441133, -0.0029449380653365897, -0.019969672574207117, -0.06146934813260809, -0.01724516712880568, 0.010603530349962984, -0.022943465615251894, -0.020909017722621354, -0.018288494391637343, -0.022913138189459014, -0.014573202924170104, -0.04495267959318609, -0.013999999999999997, -0.013483900381753799, -0.013772729381124218, -0.019621426859892887, -0.017470124338661554, -0.018546427044039082, -0.011848697478768667, -0.01388754263846451, 0.010754832871194313, 0.010180726418115328, -0.012333799083003458, -0.020398146890094247, -0.02318185974707806, -0.024340670918386202, -0.021069534221786878, -0.027766431707327136, -0.028004726863250787, -0.013617746057546867, -0.0253552485113476, -0.02523648459680997, -0.023470124338661552, -0.038473006668857265, -0.042137191870406016, -0.03916751929619889, -0.024786170816483384, -0.02940793228410935, -0.03571297805844734, -0.03922817414778466, -0.034502323575153954, -0.01904687880849352, -0.009632702541355693, -0.020760260990023916, -0.01774355718973151, -0.01790883771538814, -0.011708922905567793, -0.017570218365855313],