{"dipole": [-1.4295645264648231, 0.28704852174597983, 0.19724663234711026], "partial charges": [0.0354398026623716, -0.2904030948275665, 0.7302856208214535, -0.49714024590504946, -0.2859075152449726, 0.0326303730687372, -0.2965649501183146, 0.19547402743432013, -0.08927117506331157, 0.18510492651154528, -0.07964570798217008, -0.07991507823572624, -0.0568088774067702, 0.06405723165374495, 0.07314998660906982, 0.06903909872558713, 0.06995564300117237, 0.06918970192098424, 0.07130112503516371, 0.08002911547919167], "mulliken charges": [0.18045775562306257, -0.3345158954020482, 0.5292083015610289, -0.4106224501298603, -0.32730545751566464, 0.18020823366627325, -0.3362423761547211, 0.2655803978665823, -0.06330182313751075, 0.2197211272493098, -0.08514379748595921, -0.08208155176261671, -0.05656254836379158, 0.04273152280689897, 0.04214810527474603, 0.04227662483847492, 0.041953947816501594, 0.04096903795373373, 0.043461951738647635, 0.06705620689054309], "cm5 charges": [0.06596818127831701, -0.399758721229608, 0.5246999287252396, -0.4269718948327689, -0.3911861198335511, 0.06569910887717939, -0.3875081638062346, 0.23308836217046763, -0.04761854355296576, 0.20542606573612954, -0.08642174463580009, -0.08305036796651818, -0.03953961885906239, 0.10534129295542599, 0.1033353358191474, 0.10417394952584058, 0.10382676837877904, 0.10355260531984584, 0.10551853447572311, 0.1414242805609064], "FUKUI+": [0.013789853072957603, -0.010084634047969847, -0.03008171651741111, -0.00544160604796743, -0.007531014341561432, 0.01380887620396702, -0.019377488809525865, 0.002870808666648632, -0.2085025617578912, -0.036465068712117785, -0.16172211970080458, -0.16671559668488356, -0.231429616479119, -0.01052989054837334, -0.015494397827391482, -0.011056455655857342, -0.017229403095691324, -0.010479735616633498, -0.010321673393707926, -0.0786438791728395], "FUKUI-": [0.02133026660934615, -0.03646316730205096, -0.07627902183501697, -0.05659286379537365, -0.03572350584372736, 0.020300818416207997, -0.01063415731995394, 0.025287709566603717, -0.1661401176186179, 0.02133882236053663, -0.12225717766790428, -0.12323693304175894, -0.15486879919272034, -0.042149288782557075, -0.0454328453510888, -0.04304177506387401, -0.04881178808587922, -0.0404135024206396, -0.044396319044250024, -0.041851531444109025], "FUKUIrad": [0.017486879445016933, -0.02324726801513305, -0.05333692456593048, -0.031182279732315958, -0.021648372137878198, 0.01709287002195809, -0.014730161225793743, 0.01406610172808655, -0.1872009486960962, -0.0075649082371956, -0.14193531855993152, -0.14506079362088736, -0.19314478249163064, -0.026246379582405065, -0.030398673645659596, -0.02696196766064236, -0.03286514690645114, -0.025556117146230732, -0.02743748705660562, -0.06035313266379861], "s proportion": [0.9737729489111038, 1.6373496276821067, 1.3030887374115547, 1.6715660490022857, 1.6352058830092242, 0.9732277510297136, 1.6430386442260787, 1.0660148518400079, 1.957318042921022, 1.1637503425829716, 1.9558719698596763, 1.9557997230983888, 1.9570959543646391, 0.9573771532456111, 0.9579754003988218, 0.957827476145475, 0.9579901523764822, 0.9590211521069415, 0.9565980327958858, 0.9328433818149465], "p proportion": [2.845643417665708, 4.697199845467512, 1.8543225838676225, 4.739267791508293, 4.69203067483187, 2.846174590050188, 4.693280660430352, 2.668370680600569, 5.113154564340782, 2.6165420974430593, 5.138607038212543, 5.1358328063267935, 5.091834065020892, 0.0, 0.0, 0.0, 0.0, 0.0, 0.0, 0.0], "d proportion": [0.0, 0.0, 1.3132327182376369, 0.0, 0.0, 0.0, 0.0, 0.0, -0.0071989489657747555, 0.0, -0.009476921913219694, -0.009435326401675874, 0.00752661961954154, 0.0, 0.0, 0.0, 0.0, 0.0, 0.0, 0.0], "Coordination numbers": [3.919923923509385, 1.6569999999999996, 4.102585297937583, 0.8079999999999999, 1.6569999999999996, 3.901840532499781, 1.6982937386916779, 4.0285217495254075, 1.0299695734052685, 3.694686023575427, 1.2921957126470927, 1.2977064658969448, 1.444193640118034, 0.924, 0.924, 0.924, 0.924, 0.924, 0.924, 0.925978166129087], "Dispersion coefficient C6": [19.918758037298034, 18.842917092821775, 131.67771014298796, 23.74818317915735, 18.765038106461738, 19.971181939555695, 18.93536962829098, 17.445508184152924, 187.46696639215835, 17.80912722590661, 101.66392847339691, 101.67226539702723, 186.59670955905176, 2.1553039448854525, 2.0531404784095693, 2.0981137837633246, 2.0884362850209426, 2.0966167002169236, 2.073680272192896, 1.9792533829184595], "Polarizability alpha": [6.343035019940756, 5.859847939587118, 20.613263124916593, 6.5325496459446075, 5.847756896709559, 6.352487178196469, 5.874906886643076, 5.933104939087084, 22.07634016741951, 6.03738718869739, 15.425833666539399, 15.426600027517583, 22.02514105426117, 2.295247210130308, 2.240441252916906, 2.264828389739974, 2.2593797279464516, 2.263990790532944, 2.2514681571138855, 2.199892134213917], "FOD": [0.0, 0.0, 0.0, 0.0, 0.0, 0.0, 0.0, 0.0, 0.0, 0.0, 0.0, 0.0, 0.0, 0.0, 0.0, 0.0, 0.0, 0.0, 0.0, 0.0], "FOD s proportion": [0.0, 0.0, 0.0, 0.0, 0.0, 0.0, 0.0, 0.0, 0.0, 0.0, 0.0, 0.0, 0.0, 0.0, 0.0, 0.0, 0.0, 0.0, 0.0, 0.0], "FOD p proportion": [0.0, 0.0, 0.0, 0.0, 0.0, 0.0, 0.0, 0.0, 0.0, 0.0, 0.0, 0.0, 0.0, 0.0, 0.0, 0.0, 0.0, 0.0, 0.0, 0.0], "FOD d proportion": [0.0, 0.0, 0.0, 0.0, 0.0, 0.0, 0.0, 0.0, 0.0, 0.0, 0.0, 0.0, 0.0, 0.0, 0.0, 0.0, 0.0, 0.0, 0.0, 0.0], "total energy": -48.31232511274621, "HOMO-LUMO gap/eV": 4.102613185320531, "electronic energy": -48.52529705550879, "Dipole module/D": 5.062894810946192, "Total charge": 0.0, "HOMO": -12.193580737844309, "LUMO": -8.090937656021643, "Fermi-level/eV": -10.142250751605495, "Total dispersion C6": 10792.124731973292, "Total dispersion C8": 408861.78595850617, "Total polarizability alpha": 160.12307818895215, "Total FOD": 0.0}