{"dipole": [-0.05749971197845853, 0.3876733712617204, 0.11628499241739901], "partial charges": [-0.16473288379060466, 0.38092680871374174, -0.1627420589166929, -0.06159447119506617, 0.27846199603324195, -0.15792087630666762, -0.05457103210409405, -0.05782749243385822], "mulliken charges": [-0.23845999724897354, 0.49532178958100825, -0.2340729860336091, -0.043460209091703804, 0.361199806606135, -0.23598734896687168, -0.04752803272296545, -0.05701212733251549], "cm5 charges": [-0.2600294892461995, 0.5319126843715124, -0.2554435301257937, -0.03948375216430981, 0.38116159618714324, -0.25873987603392956, -0.044770681005067314, -0.05460695198335572], "FUKUI+": [-0.06112454888236821, -0.012357916201654509, -0.06530350698319545, -0.2288790600586862, -0.04464208379834549, -0.07285611173112733, -0.2884123254201136, -0.22572795390770473], "FUKUI-": [-0.05133857681515003, 0.012303506983195458, -0.056214027932781824, -0.2842333673192863, 0.022, -0.0612490977647364, -0.3023228463696999, -0.27794559078154096], "FUKUIrad": [-0.05642805586556365, -0.00017895810082725464, -0.06060701396639091, -0.25655621368898623, -0.011821041899172746, -0.0672490977647364, -0.2950193393865045, -0.2518367723446229], "s proportion": [1.8266964930168044, 1.0733035069831955, 1.826, 1.953, 1.110607013966391, 1.8289999999999997, 1.955, 1.955], "p proportion": [5.4118754511176315, 2.431392986033609, 5.4083929860336095, 5.105731562848759, 2.527696493016805, 5.406571944134436, 5.10533857681515, 5.114392986033609], "d proportion": [0.0, 0.0, 0.0, -0.014696493016804542, 0.0, 0.0, -0.012696493016804544, -0.012], "Coordination numbers": [0.8103035069831955, 3.4617859720672177, 0.8123929860336091, 0.9530894790504135, 3.5450894790504135, 0.8345175349159772, 1.0700544092184592, 1.0672684371512409], "Dispersion coefficient C6": [10.875466734638573, 16.769513925974927, 10.855964930168046, 101.07554538686583, 17.221194688546277, 10.806466734638573, 100.88106292178179, 100.98105440921846], "Polarizability alpha": [3.8958754511176323, 6.164373646647105, 3.8923929860336086, 15.381035069831956, 6.075035069831955, 3.883875451117632, 15.366035069831955, 15.373696493016805], "FOD": [0.0, 0.0, 0.0, 0.0, 0.0, 0.0, 0.0, 0.0], "FOD s proportion": [0.0, 0.0, 0.0, 0.0, 0.0, 0.0, 0.0, 0.0], "FOD p proportion": [0.0, 0.0, 0.0, 0.0, 0.0, 0.0, 0.0, 0.0], "FOD d proportion": [0.0, 0.0, 0.0, 0.0, 0.0, 0.0, 0.0, 0.0], "total energy": -32.10217847250814, "HOMO-LUMO gap/eV": 5.606441697813944, "electronic energy": -32.15047421287666, "Dipole module/D": 1.1733195125312887, "Total charge": 0.0, "HOMO": -12.96679917625393, "LUMO": -7.360351106150981, "Fermi-level/eV": -10.163594790504137, "Total dispersion C6": 2306.0802163329563, "Total dispersion C8": 77732.58971999888, "Total polarizability alpha": 70.03219991199292, "Total FOD": 0.0}