{"dipole": [-0.5517188975535942, -0.5903089522567142, 0.6062893699276264], "partial charges": [-0.10275230021726162, -0.052337357487181956, -0.05792324958952016, -0.0875868492659058, 0.3531503535982826, -0.4100590453829523, -0.27660131761925294, 0.11621094570437202, -0.018362821336942125, -0.09965975534164907, -0.0718394663576649, -0.027965607714116297, -0.029205512952721394, -0.055663851108140816, -0.06444767625532334, 0.024059619961220902, -0.06872283243132059, 0.22829037692617454, -0.3858525676469777, -0.05868752194825369, -0.02187582309219993, 0.01774437625724301, -0.10203694748764806, 0.154768494964226, -0.25939079190460457, 0.10524090181997774, -0.44437400686862283, -0.06828467073304399, 0.014799037183163501, -0.11341523664621567, 0.21497669324252414, -0.3514755765029886, 0.06156577685252241, -0.4362956825835024, 0.038403458361538016, 0.03617072231241139, 0.03463539293451831, 0.03044533333154111, 0.0359677279562792, 0.050891139904181155, 0.04394828163653907, 0.07174996406879496, 0.07146379260042758, 0.057306353317092266, 0.04242062259939166, 0.04493170350269199, 0.03801354382574692, 0.06133381469068403, 0.04186075110883937, 0.05364985551444461, 0.03899256424711116, 0.04461870690362548, 0.050564804371385365, 0.049638365981589695, 0.04821081018313769, 0.06168502576448477, 0.0642911131470151, 0.06540589127751441, 0.04450536802994382, 0.05039256109183246, 0.048716732073639794, 0.04855774530701948, 0.3041347880612693, 0.0564797887253669, 0.05461361744220943, 0.04382868702477741, 0.045215647695151025, 0.04822058532641998, 0.0735714735750232, 0.06778966722945291, 0.31138346240326864], "mulliken charges": [-0.08237425045420292, -0.040752294803324846, -0.040981831197290694, -0.0773630801303101, 0.5730381268081051, -0.5278300906171339, -0.42800294809469724, 0.1993710366259345, -0.01499514454644998, -0.08570587762085256, -0.06238406976166476, -0.0284298665538308, -0.03949242668063688, -0.039924953499963285, -0.05029044773769071, 0.022214701107961383, -0.08504618684543955, 0.3823876247950688, -0.5104443898614971, -0.06715772528620938, -0.009234596243232272, 0.007756441897039591, -0.0888308832555335, 0.2137055615090163, -0.2930997402258835, 0.20103630481607768, -0.5573700925891499, -0.0693543367203696, 0.010360010271832702, -0.10626044883514614, 0.36951768571007004, -0.4858558996978667, 0.1714379324470962, -0.5583695345056899, 0.032637469402429085, 0.031501740795012605, 0.02824318044440761, 0.02244437836798134, 0.03130717658394772, 0.03980185989388589, 0.03253112524658175, 0.06175978507643444, 0.05712623339086102, 0.052905144275277496, 0.04197230432074755, 0.0376570797865966, 0.03241535001152347, 0.043701096657717216, 0.03829317584540655, 0.0484513652336535, 0.029973074204119432, 0.0393462824936962, 0.042640655813508406, 0.04390554567939141, 0.0374648499102514, 0.061619628170389205, 0.0634089187885614, 0.051950498125044826, 0.03659016361094473, 0.04757316837714594, 0.04262773866775489, 0.034223559025910066, 0.3489854673928711, 0.0495825445755196, 0.04704412849973661, 0.03772152203226683, 0.04486567972478322, 0.044201705587007124, 0.05988987183271791, 0.046420488555138625, 0.35593303793490233], "cm5 charges": [-0.2327398567835406, -0.1527051767219955, -0.1493437136802394, -0.17624005402839432, 0.6223158248258008, -0.5833255043255212, -0.5034636723838932, 0.21331283398031303, -0.07698409970132314, -0.23307564994870042, -0.1669049474693489, -0.08885778015290349, -0.09908318118679081, -0.1457996976790914, -0.15372225811612364, 0.009317570705925765, -0.1332858009975574, 0.4109076084601115, -0.5563066419383046, -0.1181172087586694, -0.06258988680413861, -0.00485515195083022, -0.23280310332704884, 0.2202152808822539, -0.3245871311766957, 0.16075465132680908, -0.7682675542136678, -0.16737813395381904, -0.008835006009858754, -0.2513106853812775, 0.3953128649978827, -0.5434041911392518, 0.09376723183932653, -0.7659403533081668, 0.08395269913041876, 0.08240865706410509, 0.0794394707680654, 0.07781921348000229, 0.08818724527594655, 0.09710071332168096, 0.08820592787608547, 0.11974983676017276, 0.11663414841865273, 0.11798338933349099, 0.0976269724830801, 0.0898461189223307, 0.08733590485905991, 0.10420824961328062, 0.09410744571819255, 0.11362894281524133, 0.09245678218802718, 0.09517144534526367, 0.0998925432215941, 0.09933746701325336, 0.09373956031824605, 0.12128189658215409, 0.1221308013524442, 0.11455325770904629, 0.08975824191012895, 0.10011289043209703, 0.09571101641235265, 0.10345405109969205, 0.5202976687487014, 0.11169554286729376, 0.11083045164512857, 0.09222097607315313, 0.10062033409122442, 0.09907630347865248, 0.12858477521814257, 0.11476026718952423, 0.5300860818908616], "FUKUI+": [0.004, 0.0010032669914464224, 0.004906495466343789, 0.003958148220341528, -0.01472804005240547, -0.02953651667268146, -0.016111086811853484, -0.001956514724618317, 0.0008535953913808871, 0.008381413263724803, 0.006956514724618316, 0.0019581482203415283, 0.0020434852753816826, 0.00600163349572321, 0.009, -0.04285196189565768, -0.012998366504276788, -0.0388101101159992, -0.10985196189565768, -0.016999999999999998, -0.03504348527538168, -0.0020434852753816826, 0.008, -0.004999999999999999, -0.005998366504276788, 0.002956514724618317, -0.006760090857724676, 0.004041851779658471, -0.003425429860827979, 0.009810110115999204, -0.05418662289255437, -0.09701446852712191, 0.008958148220341529, -0.02014640460861911, -0.0042206933683548355, -0.007054533570686114, -0.007096385350344585, -0.0009210122503305139, 0.0029316743708768973, -0.007512585089113521, -0.012081345970942431, -0.01664596998881174, -0.014193156875447218, -0.008364015663049703, -0.012042189697551723, -0.014715736342728249, -0.006153469913233451, -0.0094377335705052, -0.01262348722344483, -0.004373631959866794, -0.011235008655105688, -0.01872770213451222, -0.013401120195909616, -0.024050019258274526, -0.028803576133106357, -0.0408101101159992, -0.0438101101159992, -0.044810110115999204, -0.021084234881038433, -0.018166875796912393, -0.02179237459743085, -0.011991832521383942, -0.00401306796578569, -0.014359839901429805, -0.010794877332768809, -0.010676202620885556, -0.004754127727112056, -0.011686188272747, -0.0373182210561583, -0.032775130237126825, -0.010083703559316941], "FUKUI-": [0.008764991344894309, 0.00204021828393526, 0.005948347246002261, 0.003993466017107155, -6.5339828928447695e-06, -0.015607771375357737, -0.008729673548128682, -0.007847061408488043, 0.0001094533161302748, 0.006276860434764162, 0.005189889884000795, 0.0018728111653013736, 0.001808476620275993, 0.005958148220341528, 0.0029983665042767884, -0.02199836650427679, -0.014959781716064739, -0.020999999999999998, -0.11996141521178794, -0.017998366504276785, -0.013810110115999204, -0.004999999999999999, 0.009999999999999998, -0.0029581482203415283, -0.006193156875447218, 0.002, -0.02123625597607085, 0.0018970806667625698, -0.002148038104342324, 0.008233375159382479, -0.008036951292488837, -0.04811590760500722, 0.0019597817160647395, -0.04414967160006553, -0.022410961333706046, -0.019758795279894714, -0.026492460545019556, -0.027040749605656753, -0.029346626788680667, -0.02131779471794309, -0.026458390069219094, -0.015139001386111522, -0.011344461971235963, -0.011648472724149695, -0.00983145054390723, -0.013609550018044394, -0.005402415773739576, -0.007487752828779731, -0.012980784226079511, -0.00939284773378728, -0.012043485275381682, -0.02222400052325842, -0.015972423343635214, -0.02219969085834006, -0.026993466017107153, -0.03918825638827758, -0.04100163349572321, -0.04480847662027599, -0.01757510146089351, -0.015468383814488167, -0.017149671600065537, -0.014193156875447218, -0.009156205582958378, -0.01297952881170672, -0.00946131850987383, -0.00937977976800159, -0.00718772506655609, -0.010151305095788746, -0.03059887980409038, -0.02444297197556809, -0.018040218283935257],