{"dipole": [0.33987407, 0.2448697, 0.35244421], "partial charges": [-0.14141617, 0.10463139, -0.04035022, -0.02247136, 0.01599719, 0.10275729, -0.14351266, -0.04694867, 0.00632159, 0.07863929, -0.09786906, 0.07197554, -0.08314352, 0.07490121, -0.07960862, 0.07199818, -0.08315068, 0.07862798, -0.09787902, 0.07511846, 0.0683533, 0.08702855], "mulliken charges": [-0.09546, 0.11844, -0.05166, -0.01898, -0.01256, 0.11282, -0.10251, -0.06656, -0.0252, 0.08145, -0.08318, 0.06566, -0.06902, 0.07106, -0.0665, 0.06568, -0.06903, 0.08144, -0.08319, 0.04866, 0.04333, 0.05532], "cm5 charges": [-0.0975, 0.11121, -0.10341, -0.07037, -0.01618, 0.10902, -0.1035, -0.11495, -0.02612, 0.08108, -0.08305, 0.06541, -0.06878, 0.07082, -0.06626, 0.06543, -0.06879, 0.08107, -0.08306, 0.10507, 0.09982, 0.11305], "FUKUI+": [-0.075, -0.023, -0.018, -0.017, -0.009, -0.016, -0.053, -0.018, -0.037, -0.03, -0.09, -0.03, -0.096, -0.032, -0.098, -0.03, -0.096, -0.03, -0.09, -0.042, -0.032, -0.04], "FUKUI-": [-0.149, -0.011, -0.023, -0.006, -0.019, -0.007, -0.102, -0.006, -0.007, -0.012, -0.097, -0.012, -0.117, -0.009, -0.087, -0.012, -0.117, -0.012, -0.097, -0.038, -0.03, -0.031], "FUKUIrad": [-0.112, -0.017, -0.02, -0.011, -0.014, -0.012, -0.077, -0.012, -0.022, -0.021, -0.094, -0.021, -0.107, -0.02, -0.092, -0.021, -0.107, -0.021, -0.094, -0.04, -0.031, -0.035], "s proportion": [1.943, 1.079, 1.061, 1.064, 1.076, 1.084, 1.945, 1.064, 1.083, 1.087, 1.948, 1.084, 1.947, 1.085, 1.948, 1.084, 1.947, 1.087, 1.948, 0.951, 0.957, 0.945], "p proportion": [5.164, 2.802, 2.99, 2.955, 2.937, 2.803, 5.168, 3.003, 2.942, 2.832, 5.144, 2.85, 5.13, 2.844, 5.127, 2.85, 5.13, 2.832, 5.144, 0.0, 0.0, 0.0], "d proportion": [-0.011, 0.0, 0.0, 0.0, 0.0, 0.0, -0.011, 0.0, 0.0, 0.0, -0.009, 0.0, -0.008, 0.0, -0.008, 0.0, -0.008, 0.0, -0.009, 0.0, 0.0, 0.0], "Coordination numbers": [0.967, 2.88, 2.946, 2.916, 2.988, 2.881, 0.958, 2.989, 3.014, 2.9, 0.963, 2.92, 0.981, 2.923, 0.982, 2.92, 0.982, 2.9, 0.963, 0.925, 0.925, 0.925], "Dispersion coefficient C6": [103.575, 25.684, 29.002, 28.566, 27.646, 25.724, 103.639, 29.156, 27.86, 26.244, 102.203, 26.391, 101.75, 26.327, 101.64, 26.39, 101.75, 26.245, 102.204, 2.03, 2.104, 1.908], "Polarizability alpha": [15.57, 8.308, 8.833, 8.764, 8.625, 8.315, 15.575, 8.857, 8.658, 8.4, 15.466, 8.424, 15.432, 8.414, 15.424, 8.424, 15.432, 8.4, 15.467, 2.228, 2.268, 2.16], "FOD": [0.0, 0.0, 0.0, 0.0, 0.0, 0.0, 0.0, 0.0, 0.0, 0.0, 0.0, 0.0, 0.0, 0.0, 0.0, 0.0, 0.0, 0.0, 0.0, 0.0, 0.0, 0.0], "FOD s proportion": [0.0, 0.0, 0.0, 0.0, 0.0, 0.0, 0.0, 0.0, 0.0, 0.0, 0.0, 0.0, 0.0, 0.0, 0.0, 0.0, 0.0, 0.0, 0.0, 0.0, 0.0, 0.0], "FOD p proportion": [0.0, 0.0, 0.0, 0.0, 0.0, 0.0, 0.0, 0.0, 0.0, 0.0, 0.0, 0.0, 0.0, 0.0, 0.0, 0.0, 0.0, 0.0, 0.0, 0.0, 0.0, 0.0], "FOD d proportion": [0.0, 0.0, 0.0, 0.0, 0.0, 0.0, 0.0, 0.0, 0.0, 0.0, 0.0, 0.0, 0.0, 0.0, 0.0, 0.0, 0.0, 0.0, 0.0, 0.0, 0.0, 0.0], "total energy": -59.09807628, "HOMO-LUMO gap/eV": 3.39453533, "electronic energy": -59.57273292, "Dipole module/D": 1.391, "Total charge": 0.0, "HOMO": -11.34, "LUMO": -7.9455, "Fermi-level/eV": -9.6427, "Total dispersion C6": 18908.769761, "Total dispersion C8": 652884.297401, "Total polarizability alpha": 217.445486, "Total FOD": 0.0}