{"dipole": [0.228174010933068, -0.6845060939618794, -0.34895195347216634], "partial charges": [-0.10489359117589861, 0.011940375875746832, -0.06277978582924228, -0.06416363921113605, 0.11996303820367546, -0.4535011431178948, -0.06773675386452718, -0.024229480631240946, -0.05757261424127734, -0.05799907995956319, -0.02317381847201056, -0.027518156855629784, -0.058196726391125005, -0.05192437374385299, -0.000767071185537015, -0.09750939690442928, -0.030359532587674095, -0.06336768648111021, -0.084948164815556, 0.23438463697664352, -0.3705069330099833, 0.0370443831699651, 0.037044329708287256, 0.033863837919442696, 0.03531890992810556, 0.02767122035184925, 0.04189457040950607, 0.03940648864833054, 0.008891077885601839, 0.2831944323848292, 0.041698425918114894, 0.03168170222027323, 0.029058915788735637, 0.032984972730808367, 0.02887173098942502, 0.02808032939191979, 0.02734527967881774, 0.034649289097235, 0.029093806246036528, 0.035577349520786776, 0.034620510112431946, 0.03693950657662792, 0.04098369748424301, 0.041915547929358886, 0.03954970939825436, 0.044070250287039786, 0.032860080640393224, 0.03484425585870914, 0.03561279159856118, 0.06447574720736968, 0.06561674618114079], "mulliken charges": [-0.1001987871504463, 0.013009349707692124, -0.05998783463861817, -0.06212340613744474, 0.2220726334346193, -0.5691053568657817, -0.0718226795225464, -0.02429513510427325, -0.047720426969862055, -0.04965225443846407, -0.02181577712964162, -0.028806429554315505, -0.05084751757536912, -0.04130829807561891, -0.016409904459685813, -0.08161012490274447, -0.0343291752390032, -0.05922670872996466, -0.0885516655431306, 0.3894070930313173, -0.4956253306684529, 0.03365949558454226, 0.03363721980428386, 0.032833118186310704, 0.030433212983137052, 0.024476426870557857, 0.03784673433649103, 0.03429859898851805, 0.007904988315692172, 0.33516622905262705, 0.037869444223000745, 0.030152983764789212, 0.0212207451911456, 0.026709616387264504, 0.027729436460692727, 0.02377211713745757, 0.026964321149300863, 0.024991212391780197, 0.022043134790520225, 0.029937568123375016, 0.03218985701799688, 0.03296231438405756, 0.04038914244149966, 0.04179369337228167, 0.0340746719649134, 0.03983910883810339, 0.029217814806706564, 0.030909713739016183, 0.033198204323171866, 0.06150857124972352, 0.06122034860871938], "cm5 charges": [-0.24703421062058512, -0.01313706024164158, -0.16563187002765278, -0.16711646856063694, 0.17538966474030382, -0.7790530900054853, -0.17515264023833838, -0.08859444714356535, -0.15579289707047528, -0.1577118122651972, -0.0863606730701211, -0.09127340298808582, -0.15881998108363538, -0.14501322466567823, -0.03690686428228897, -0.2259088904960126, -0.0957833832187748, -0.1658895561131104, -0.1896115989387735, 0.41258076988985487, -0.5442877577954688, 0.08715963486131548, 0.08726859401207689, 0.08563959645362426, 0.08671033718832219, 0.0808252660870033, 0.09507531738594423, 0.0920180084773766, 0.07472821324351438, 0.5044710071091821, 0.09611250325024775, 0.08799011067730235, 0.08256779129733205, 0.08303295139375887, 0.0829989612591765, 0.08032960808129477, 0.08234230495516967, 0.08753480689469753, 0.08381852761107922, 0.08662758163672743, 0.08942051914133473, 0.08954514868032408, 0.09813767704782872, 0.09481964582355859, 0.0872921012809325, 0.09261025976639471, 0.08965501039715829, 0.0870997116654347, 0.08872393052547509, 0.1183066388626913, 0.11824463321244055], "FUKUI+": [0.006838000476592804, -0.001484466091230271, 0.003, 0.004, 0.002, -0.006, 0.0040998638883282795, 0.002, 0.006, 0.005515533908769729, 0.0020310678175394577, 0.00490013611167172, 0.008515533908769728, 0.005733008631545932, -0.009515533908769728, 0.017937864364921084, 0.007577669543848644, 0.017999999999999995, 0.022, -0.18503106781753942, -0.275, -0.010063668114070227, -0.005627186189526507, -0.0014223304561513557, -0.0011848744262454322, -0.0034467378379809065, -0.010361727300063753, -0.008222602679494794, -0.005931203929211178, -0.006999999999999999, -0.008322466567823076, -0.009846193391294025, -0.005746329502965745, -0.010537047694890762, -0.01781648669047177, -0.01012427127015783, -0.008353534385362533, -0.006242583986624514, -0.01012427127015783, -0.02886923965640637, -0.011149209171732032, -0.03485864101842097, -0.014898774994954515, -0.029519643473319333, -0.03795373610750119, -0.04429069686826485, -0.03685727990170376, -0.03966661828404129, -0.05391771169551725, -0.08513076034359363, -0.0873847735651761], "FUKUI-": [0.014184874426245431, -0.009669340517475701, 0.003037728253249364, 0.005538580173882075, -0.0004156700204414492, -0.06051553390876972, 0.0027610114911027625, -0.00443188448756978, 0.003522194344479635, 0.005715261685426288, -0.002769204405803983, -0.00221594224378489, 0.004161999523407195, 0.007477805655520364, -0.02048446609123027, 0.014869068294132261, 3.10678175394577e-05, 0.008999999999999998, -0.00458432997955855, -0.018553262162019094, -0.10952885478018953, -0.01719972777665656, -0.018037728253249362, -0.020130931705867737, -0.03243171312529567, -0.021715261685426285, -0.041170363800382526, -0.03243718380656248, -0.0452833771978565, -0.03138460220290199, -0.0336218868705338, -0.03106213563507891, -0.021527665025746448, -0.022898774994954515, -0.033354895502079734, -0.021361727300063752, -0.035656019646055886, -0.017122738791166516, -0.01739945555331312, -0.02469238678258805, -0.020684022505612718, -0.03129429234599214, -0.027270056326436694, -0.025114717238739405, -0.025692215420313937, -0.02812427127015783, -0.028247010061324344, -0.02503789961552347, -0.030570837745864627, -0.040153806608705975, -0.035821786009464465], "FUKUIrad": [0.010253670497034253, -0.005384602202901991, 0.002968932182460542, 0.004561455076720313, 0.0010998638883282796, -0.033515533908769726, 0.003638272699936246, -0.0012159422437848899, 0.004453398273690813, 0.0056153977970980085, -0.0003846022029019915, 0.0011997277766565592, 0.006031067817539457, 0.006670872996467017, -0.015, 0.01645339827369081, 0.004062135635078915, 0.013999999999999999, 0.00890013611167172, -0.10148446609123027, -0.1920066604357099, -0.01342386293514267, -0.011782525277223795, -0.010584329979558549, -0.01680829377577055, -0.012515533908769728, -0.02583151140315701, -0.02013759214157764, -0.02529959166498484, -0.018999999999999996, -0.020729943673563303, -0.020646465614637465, -0.013844832274576821, -0.01676784328908678, -0.025585691096275752, -0.015292931229274932, -0.022247010061324346, -0.011682661388895515, -0.014161999523407194, -0.026538580173882075, -0.015982081691606243, -0.032934097524919694, -0.02089211455924461, -0.027059413401644507, -0.031822975763907566, -0.03575741601337548, -0.032602076925678194, -0.0325600939600031, -0.041986507766306067, -0.06259235153198565, -0.06134551283293542], "s proportion": [1.0172995916649847, 1.1011997277766565, 1.0403158061321132, 1.0356922154203136, 1.0149001361116716, 1.6970998638883281, 1.0414076484680144, 1.0645843299795585, 1.0321997277766566, 1.034315806132113, 1.0644467378379807, 1.0710998638883282, 1.033099863888328, 1.0334844660912301, 1.0935155339087697, 1.0150621356350789, 1.0725155339087697, 1.0370310678175394, 1.04, 1.0845155339087698, 1.738, 0.9661375921415776, 0.9660932034526182, 0.9673535343853624, 0.9694682516241018, 0.9753009527817019, 0.9623846022029019, 0.9657690330435298, 0.992, 0.665, 0.9624156700204414, 0.9697465008652397, 0.9785006805583585, 0.9734156700204414, 0.9726302511475091, 0.976, 0.9730310678175393, 0.9751309317058676, 0.9779001361116717, 0.9700539427203776, 0.9678528538270039, 0.9671932387032207, 0.9598378291143186, 0.9584127764247328, 0.96575571217211, 0.9599003074739458, 0.9709999999999999, 0.9692847383145736, 0.9666841938678867, 0.9386153977970979, 0.9389001361116716],