{"total energy": -19.82447271, "HOMO-LUMO gap/eV": 5.22424661, "electronic energy": -20.0844097, "dipole": [0.2876125, 0.55967298, 0.41199079], "partial charges": [-0.44670538, 0.08651058, -0.05841761, -0.0595492, -0.02855024, -0.09498996, 0.28460354, 0.01773404, 0.01761789, 0.04957758, 0.04911825, 0.0375685, 0.0388304, 0.03429237, 0.03548681, 0.03687244], "atomic dipole moments": [[-0.02669431, 0.18477649, 0.1548514], [0.05659017, -0.13517118, -0.12784336], [0.03871634, 0.10896764, 0.07181683], [0.01488583, -0.07987125, -0.06458014], [0.16197019, 0.00565858, 0.02138241], [-0.06418311, 0.03478309, -0.01953891], [0.06444012, 0.04420856, 0.01123471], [0.00109017, 0.10970702, -0.04286517], [0.05369606, -0.00716907, 0.10425518], [0.01131235, -0.12360715, 0.02645267], [-0.04232617, -0.00587141, -0.12053801], [-0.00591518, 0.12241332, -0.02915983], [0.04168043, 0.00020777, 0.11712654], [-0.0175736, -0.14281372, 0.04459449], [-0.12762604, -0.07963735, 0.00319434], [0.00245551, 0.14496221, -0.04655584]], "atomic quadrupole moments": [[0.01901881, -0.06008029, -0.0148111, -0.10081164, 0.11102505, -0.00420771], [0.1720225, -0.1018832, -0.10027441, -0.27362606, 0.24999663, -0.07174809], [0.21261042, 0.04658923, -0.0913485, -0.13274718, 0.10990389, -0.12126192], [0.16324495, -0.00982637, -0.07695862, -0.11067242, 0.09918291, -0.08628634], [-0.19996259, 0.11432851, -0.24315818, -0.17171841, 0.28523293, 0.44312077], [-0.30330026, -0.00992455, -0.2144797, -0.1526459, 0.26771448, 0.51777996], [0.09982238, 0.07698041, -0.02803517, -0.00936906, 0.02257234, -0.07178721], [-0.0143599, -0.0195042, 0.03563768, -0.01244258, -0.01979345, -0.02127778], [-0.007521, -0.01144024, -0.03718414, 0.00960622, 2.97e-06, 0.04470514], [-0.02538764, -0.00965056, 0.04153946, 0.00264994, -0.03603086, -0.01615182], [-0.01291475, -0.00459001, -0.03048719, 0.02789019, -0.01661976, 0.04340194], [-0.01985571, -0.01362157, 0.04317786, -0.00372027, -0.03456826, -0.02332215], [-0.01590533, -0.00916239, -0.03273349, 0.03177949, -0.01240818, 0.04863882], [0.0358629, -0.00770089, 0.01838795, 0.02327728, -0.0270099, -0.05425085], [0.04485222, 0.01232792, 0.0119748, 0.01491812, -0.02343842, -0.05682703], [0.01116387, 0.00312125, 0.0379264, 0.01159109, -0.03085929, -0.04909027]], "number of molecular orbitals": 34, "number of electrons": 36, "number of unpaired electrons": 0, "orbital energies/eV": [-18.6638603, -17.22897012, -16.83437741, -16.24088166, -15.66895006, -15.22555801, -14.79069105, -14.55902466, -13.99202368, -13.66776268, -13.16580476, -12.95920718, -12.46630803, -12.21972923, -11.75980534, -11.66680903, -11.13858553, -10.83880389, -5.61455729, 0.83792705, 2.51953604, 2.94983232, 3.41619575, 3.72599966, 3.95260448, 4.04124365, 4.98998983, 5.02932184, 5.91308302, 6.19948514, 6.54438377, 7.7196669, 11.20986391, 15.46439666], "fractional occupation": [2.0, 2.0, 2.0, 2.0, 2.0, 2.0, 2.0, 2.0, 2.0, 2.0, 2.0, 2.0, 2.0, 2.0, 2.0, 2.0, 2.0, 2.0, 0.0, 0.0, 0.0, 0.0, 0.0, 0.0, 0.0, 0.0, 0.0, 0.0, 0.0, 0.0, 0.0, 0.0, 0.0, 0.0], "program call": "xtb /home/svss/Project-DBcg-Debug/aqme2_20220329/End-to-End-workflows-final/example-3/QDESCP/mol_42_rdkit_conf_3/mol_42_rdkit_conf_3.xyz --pop --wbo --acc 0.2 --gfn 2 --chrg 0 --uhf 0 --etemp 300 --input /home/svss/Project-DBcg-Debug/aqme2_20220329/End-to-End-workflows-final/example-3/QDESCP/mol_42_rdkit_conf_3/mol_42_rdkit_conf_3_xtb.inp", "method": "GFN2-xTB", "xtb version": "6.3.3 (7355c4f)", "Dipole module/D": 1.912, "Total charge": 0, "Transition dipole module/D": NaN, "HOMO": -10.8388, "LUMO": -5.6146, "HOMO occupancy": 2.0, "LUMO occupancy": 0, "mulliken charges": [-0.56886, 0.19932, -0.04946, -0.0475, -0.02016, -0.08558, 0.33574, 0.00826, 0.00785, 0.03811, 0.03866, 0.02574, 0.02977, 0.02697, 0.03218, 0.02895], "cm5 charges": [-0.78267, 0.11224, -0.15554, -0.15325, -0.08449, -0.18758, 0.5038, 0.07078, 0.0704, 0.09531, 0.09589, 0.08149, 0.08499, 0.08246, 0.0844, 0.08177], "FUKUI+": [-0.016, 0.008, 0.003, 0.026, -0.158, -0.125, -0.028, -0.023, -0.025, -0.033, -0.025, -0.061, -0.087, -0.144, -0.154, -0.156], "FUKUI-": [-0.124, 0.023, 0.01, 0.015, -0.049, -0.061, -0.061, -0.106, -0.107, -0.075, -0.081, -0.058, -0.094, -0.071, -0.086, -0.076], "FUKUIrad": [-0.07, 0.016, 0.006, 0.02, -0.103, -0.093, -0.045, -0.065, -0.066, -0.054, -0.053, -0.059, -0.091, -0.107, -0.12, -0.116], "s proportion": [1.695, 0.991, 1.033, 1.028, 1.071, 1.048, 0.664, 0.992, 0.992, 0.962, 0.961, 0.974, 0.97, 0.973, 0.968, 0.971], "p proportion": [4.874, 2.809, 3.017, 3.019, 2.949, 3.038, 0.0, 0.0, 0.0, 0.0, 0.0, 0.0, 0.0, 0.0, 0.0, 0.0], "d proportion": [0.0, 0.0, 0.0, 0.0, 0.0, 0.0, 0.0, 0.0, 0.0, 0.0, 0.0, 0.0, 0.0, 0.0, 0.0, 0.0], "Fermi-level/eV": -8.2267, "Coordination numbers": [1.653, 3.675, 3.802, 3.805, 2.886, 2.834, 0.804, 0.924, 0.924, 0.924, 0.924, 0.924, 0.924, 0.925, 0.925, 0.925], "Dispersion coefficient C6": [21.778, 19.362, 21.624, 21.642, 28.712, 30.378, 0.769, 2.768, 2.77, 2.325, 2.331, 2.482, 2.465, 2.526, 2.51, 2.491], "Total dispersion C6": 1961.742539, "Total dispersion C8": 42166.884253, "Polarizability alpha": [6.3, 6.305, 6.621, 6.623, 8.785, 9.032, 1.378, 2.602, 2.603, 2.385, 2.388, 2.464, 2.455, 2.486, 2.477, 2.468], "Total polarizability alpha": 67.369042, "Wiberg matrix": [[0.0, 0.9887865762533733, 0.0, 0.0, 0.0, 0.0, 0.9061375747021869, 0.0, 0.0, 0.0, 0.0, 0.0, 0.0, 0.0, 0.0, 0.0], [0.9887865762533733, 0.0, 1.005320188493137, 0.0, 0.0, 0.0, 0.0, 0.9734759489957706, 0.9732948130870742, 0.0, 0.0, 0.0, 0.0, 0.0, 0.0, 0.0], [0.0, 1.005320188493137, 0.0, 0.9930502587360099, 0.0, 0.0, 0.0, 0.0, 0.0, 0.975035714014668, 0.9756511907315859, 0.0, 0.0, 0.0, 0.0, 0.0], [0.0, 0.0, 0.9930502587360099, 0.0, 1.0258919008183875, 0.0, 0.0, 0.0, 0.0, 0.0, 0.0, 0.9745655569484148, 0.9618340982206799, 0.0, 0.0, 0.0], [0.0, 0.0, 0.0, 1.0258919008183875, 0.0, 1.9768377280550142, 0.0, 0.0, 0.0, 0.0, 0.0, 0.0, 0.0, 0.9674879628289048, 0.0, 0.0], [0.0, 0.0, 0.0, 0.0, 1.9768377280550142, 0.0, 0.0, 0.0, 0.0, 0.0, 0.0, 0.0, 0.0, 0.0, 0.9780709784802739, 0.976489475576365], [0.9061375747021869, 0.0, 0.0, 0.0, 0.0, 0.0, 0.0, 0.0, 0.0, 0.0, 0.0, 0.0, 0.0, 0.0, 0.0, 0.0], [0.0, 0.9734759489957706, 0.0, 0.0, 0.0, 0.0, 0.0, 0.0, 0.0, 0.0, 0.0, 0.0, 0.0, 0.0, 0.0, 0.0], [0.0, 0.9732948130870742, 0.0, 0.0, 0.0, 0.0, 0.0, 0.0, 0.0, 0.0, 0.0, 0.0, 0.0, 0.0, 0.0, 0.0], [0.0, 0.0, 0.975035714014668, 0.0, 0.0, 0.0, 0.0, 0.0, 0.0, 0.0, 0.0, 0.0, 0.0, 0.0, 0.0, 0.0], [0.0, 0.0, 0.9756511907315859, 0.0, 0.0, 0.0, 0.0, 0.0, 0.0, 0.0, 0.0, 0.0, 0.0, 0.0, 0.0, 0.0], [0.0, 0.0, 0.0, 0.9745655569484148, 0.0, 0.0, 0.0, 0.0, 0.0, 0.0, 0.0, 0.0, 0.0, 0.0, 0.0, 0.0], [0.0, 0.0, 0.0, 0.9618340982206799, 0.0, 0.0, 0.0, 0.0, 0.0, 0.0, 0.0, 0.0, 0.0, 0.0, 0.0, 0.0], [0.0, 0.0, 0.0, 0.0, 0.9674879628289048, 0.0, 0.0, 0.0, 0.0, 0.0, 0.0, 0.0, 0.0, 0.0, 0.0, 0.0], [0.0, 0.0, 0.0, 0.0, 0.0, 0.9780709784802739, 0.0, 0.0, 0.0, 0.0, 0.0, 0.0, 0.0, 0.0, 0.0, 0.0], [0.0, 0.0, 0.0, 0.0, 0.0, 0.976489475576365, 0.0, 0.0, 0.0, 0.0, 0.0, 0.0, 0.0, 0.0, 0.0, 0.0]], "Born radii": [], "Atomic SASAs": [], "Solvent H bonds": [], "Total SASA": NaN, "Total FOD": 0.0, "FOD": [0.0, 0.0, 0.0, 0.0, 0.0, 0.0, 0.0, 0.0, 0.0, 0.0, 0.0, 0.0, 0.0, 0.0, 0.0, 0.0], "FOD s proportion": [0.0, 0.0, 0.0, 0.0, 0.0, 0.0, 0.0, 0.0, 0.0, 0.0, 0.0, 0.0, 0.0, 0.0, 0.0, 0.0], "FOD p proportion": [0.0, 0.0, 0.0, 0.0, 0.0, 0.0, 0.0, 0.0, 0.0, 0.0, 0.0, 0.0, 0.0, 0.0, 0.0, 0.0], "FOD d proportion": [0.0, 0.0, 0.0, 0.0, 0.0, 0.0, 0.0, 0.0, 0.0, 0.0, 0.0, 0.0, 0.0, 0.0, 0.0, 0.0],