{"total energy": -16.70588146, "HOMO-LUMO gap/eV": 10.78651767, "electronic energy": -16.89325659, "dipole": [0.05283011, 0.8111727, 0.15002582], "partial charges": [-0.05872871, -0.05872841, 0.07944242, -0.33209338, 0.07943787, 0.03988448, 0.03656532, 0.03654114, 0.03988897, 0.03829451, 0.03059092, 0.03830837, 0.03059649], "atomic dipole moments": [[-0.05471279, -0.09782849, 0.05682674], [0.04337178, -0.07721809, -0.08917934], [0.2044397, -0.04615928, 0.0038186], [0.01740264, 0.26769091, 0.04950538], [-0.20846668, -0.01570916, -0.01525155], [-0.01707412, 0.03706403, -0.11811381], [0.08637724, 0.076732, 0.05909299], [-0.0747099, 0.102929, -0.02586624], [0.01882863, -0.00985984, 0.12313079], [-0.07979175, -0.05274278, 0.08174828], [-0.05316702, 0.01291726, -0.10588447], [0.07438828, -0.02974384, -0.09700579], [0.05189412, -0.03242336, 0.10228787]], "atomic quadrupole moments": [[0.08889473, -0.08405062, 0.09917233, -0.16082972, 0.00219881, -0.18806706], [0.11719792, 0.13124866, 0.03016367, -0.11343741, 0.10582586, -0.14736159], [0.1706523, -0.19317961, 0.15498691, -0.03942536, 0.16878419, -0.32563921], [0.13728289, -0.00559313, 0.0371227, -0.00250055, 0.04059912, -0.1744056], [0.22102464, 0.19343391, 0.15721889, 0.02278504, 0.02685889, -0.37824354], [-0.02189914, -0.0208154, -0.02345972, 0.00334033, -0.01889107, 0.04535886], [0.0027124, 0.04047779, -0.00321343, 0.03267525, 0.01754643, 0.00050103], [-0.00884888, -0.04750732, 0.02121918, 0.01399437, -0.01505993, -0.0123703], [-0.01698177, 0.01673859, -0.03171371, 0.01093157, -0.01069372, 0.04869548], [0.00166579, 0.01771186, -0.01793755, -0.02767259, -0.02460422, 0.01627176], [-0.0125165, -0.02477672, -0.01752143, 0.02613541, -0.00823456, 0.03003793], [-0.00187506, -0.01007703, -0.0278821, -0.03039489, 0.01101275, 0.02975716], [-0.00766313, 0.01244152, -0.02025338, 0.0326649, -0.01419792, 0.02791651]], "number of molecular orbitals": 28, "number of electrons": 30, "number of unpaired electrons": 0, "orbital energies/eV": [-18.76021675, -17.50901794, -17.22766507, -16.01690709, -15.82958972, -15.10321861, -14.90158571, -13.94729121, -13.7259962, -13.37301657, -12.70325863, -12.43561215, -12.40850156, -11.93495765, -10.54882307, 0.2376946, 1.38023228, 2.555368, 3.02595176, 3.63733961, 3.68085707, 4.47448193, 4.47493115, 5.30671524, 5.99316805, 7.12359452, 7.63861467, 8.12414394], "fractional occupation": [2.0, 2.0, 2.0, 2.0, 2.0, 2.0, 2.0, 2.0, 2.0, 2.0, 2.0, 2.0, 2.0, 2.0, 2.0, 0.0, 0.0, 0.0, 0.0, 0.0, 0.0, 0.0, 0.0, 0.0, 0.0, 0.0, 0.0, 0.0], "program call": "xtb /home/svss/Project-DBcg-Debug/aqme2_20220329/End-to-End-workflows-final/example-3/QDESCP/mol_416_rdkit_conf_1/mol_416_rdkit_conf_1.xyz --pop --wbo --acc 0.2 --gfn 2 --chrg 0 --uhf 0 --etemp 300 --input /home/svss/Project-DBcg-Debug/aqme2_20220329/End-to-End-workflows-final/example-3/QDESCP/mol_416_rdkit_conf_1/mol_416_rdkit_conf_1_xtb.inp", "method": "GFN2-xTB", "xtb version": "6.3.3 (7355c4f)", "Dipole module/D": 2.101, "Total charge": 0, "Transition dipole module/D": NaN, "HOMO": -10.5488, "LUMO": 0.2377, "HOMO occupancy": 2.0, "LUMO occupancy": 0, "mulliken charges": [-0.05901, -0.05901, 0.19291, -0.47335, 0.19291, 0.03054, 0.02846, 0.02845, 0.03054, 0.02513, 0.01864, 0.02514, 0.01864], "cm5 charges": [-0.16545, -0.16545, 0.11095, -0.56715, 0.11094, 0.08701, 0.0829, 0.08288, 0.08701, 0.08672, 0.08146, 0.08673, 0.08147], "FUKUI+": [0.019, 0.018, -0.025, -0.209, -0.025, -0.069, -0.115, -0.115, -0.069, -0.107, -0.098, -0.107, -0.098], "FUKUI-": [0.02, 0.02, 0.027, -0.224, 0.027, -0.071, -0.075, -0.075, -0.071, -0.13, -0.158, -0.13, -0.158], "FUKUIrad": [0.019, 0.019, 0.001, -0.216, 0.001, -0.07, -0.095, -0.095, -0.07, -0.119, -0.128, -0.119, -0.128], "s proportion": [1.03, 1.03, 0.996, 1.701, 0.996, 0.969, 0.972, 0.972, 0.969, 0.975, 0.981, 0.975, 0.981], "p proportion": [3.029, 3.029, 2.811, 4.772, 2.811, 0.0, 0.0, 0.0, 0.0, 0.0, 0.0, 0.0, 0.0], "d proportion": [0.0, 0.0, 0.0, 0.0, 0.0, 0.0, 0.0, 0.0, 0.0, 0.0, 0.0, 0.0, 0.0], "Fermi-level/eV": -5.1556, "Coordination numbers": [3.834, 3.834, 3.744, 1.697, 3.744, 0.924, 0.924, 0.924, 0.924, 0.924, 0.924, 0.924, 0.924], "Dispersion coefficient C6": [21.604, 21.604, 19.325, 19.565, 19.325, 2.451, 2.495, 2.495, 2.45, 2.472, 2.578, 2.472, 2.578], "Total dispersion C6": 1230.614048, "Total dispersion C8": 25859.834725, "Polarizability alpha": [6.613, 6.613, 6.271, 5.972, 6.271, 2.448, 2.47, 2.47, 2.448, 2.459, 2.511, 2.459, 2.511], "Total polarizability alpha": 51.515565, "Wiberg matrix": [[0.0, 1.008520885053805, 0.0, 0.0, 1.0052160184693382, 0.9780633004656725, 0.9775447420867284, 0.0, 0.0, 0.0, 0.0, 0.0, 0.0], [1.008520885053805, 0.0, 1.0051994227501981, 0.0, 0.0, 0.0, 0.0, 0.9775466387863136, 0.9780680597782805, 0.0, 0.0, 0.0, 0.0], [0.0, 1.0051994227501981, 0.0, 0.9760782805652167, 0.0, 0.0, 0.0, 0.0, 0.0, 0.9735695038346005, 0.9730163523826751, 0.0, 0.0], [0.0, 0.0, 0.9760782805652167, 0.0, 0.9760512694813898, 0.0, 0.0, 0.0, 0.0, 0.0, 0.0, 0.0, 0.0], [1.0052160184693382, 0.0, 0.0, 0.9760512694813898, 0.0, 0.0, 0.0, 0.0, 0.0, 0.0, 0.0, 0.9735726432480893, 0.9730151364430719], [0.9780633004656725, 0.0, 0.0, 0.0, 0.0, 0.0, 0.0, 0.0, 0.0, 0.0, 0.0, 0.0, 0.0], [0.9775447420867284, 0.0, 0.0, 0.0, 0.0, 0.0, 0.0, 0.0, 0.0, 0.0, 0.0, 0.0, 0.0], [0.0, 0.9775466387863136, 0.0, 0.0, 0.0, 0.0, 0.0, 0.0, 0.0, 0.0, 0.0, 0.0, 0.0], [0.0, 0.9780680597782805, 0.0, 0.0, 0.0, 0.0, 0.0, 0.0, 0.0, 0.0, 0.0, 0.0, 0.0], [0.0, 0.0, 0.9735695038346005, 0.0, 0.0, 0.0, 0.0, 0.0, 0.0, 0.0, 0.0, 0.0, 0.0], [0.0, 0.0, 0.9730163523826751, 0.0, 0.0, 0.0, 0.0, 0.0, 0.0, 0.0, 0.0, 0.0, 0.0], [0.0, 0.0, 0.0, 0.0, 0.9735726432480893, 0.0, 0.0, 0.0, 0.0, 0.0, 0.0, 0.0, 0.0], [0.0, 0.0, 0.0, 0.0, 0.9730151364430719, 0.0, 0.0, 0.0, 0.0, 0.0, 0.0, 0.0, 0.0]], "Born radii": [], "Atomic SASAs": [], "Solvent H bonds": [], "Total SASA": NaN, "Total FOD": 0.0, "FOD": [0.0, 0.0, 0.0, 0.0, 0.0, 0.0, 0.0, 0.0, 0.0, 0.0, 0.0, 0.0, 0.0], "FOD s proportion": [0.0, 0.0, 0.0, 0.0, 0.0, 0.0, 0.0, 0.0, 0.0, 0.0, 0.0, 0.0, 0.0], "FOD p proportion": [0.0, 0.0, 0.0, 0.0, 0.0, 0.0, 0.0, 0.0, 0.0, 0.0, 0.0, 0.0, 0.0], "FOD d proportion": [0.0, 0.0, 0.0, 0.0, 0.0, 0.0, 0.0, 0.0, 0.0, 0.0, 0.0, 0.0, 0.0], "coordinates": [["0.71570", "0.75270", "-0.21280"], ["-0.62040", "0.71090", "0.48340"], ["-1.20150", "-0.58660", "-0.03510"], ["-0.09560", "-1.46940", "-0.27170"], ["1.11740", "-0.70620", "-0.20390"], ["0.58500", "1.09850", "-1.24510"], ["1.44760", "1.40070", "0.27610"], ["-1.25390", "1.57680", "0.27440"], ["-0.47140", "0.64720", "1.56780"], ["-1.89780", "-1.04780", "0.67090"], ["-1.71850", "-0.43620", "-0.98880"], ["1.76650", "-0.96920", "-1.04380"], ["1.62690", "-0.97140", "0.72860"]],