{"total energy": -32.49832945, "HOMO-LUMO gap/eV": 3.6867427, "electronic energy": -32.93972701, "dipole": [-0.2585411, 0.80028322, -0.34455931], "partial charges": [-0.10991135, 0.08262573, -0.27091288, 0.34947412, -0.41549842, -0.01643117, -0.02116996, -0.02729607, -0.02149365, -0.02674535, -0.01868417, 0.04988923, 0.05693252, 0.04750076, 0.05086837, 0.05544651, 0.053067, 0.03988645, 0.03982418, 0.04169068, 0.06093748], "atomic dipole moments": [[-0.07366967, -0.05096634, -0.09778125], [-0.20185726, 0.07780111, 0.12857926], [0.1171769, -0.17614317, 0.07498049], [0.13371872, 0.06442248, -0.09951172], [-0.07693357, 0.15134193, -0.07320054], [0.08503614, -0.02339855, -0.01738168], [0.01094689, -0.02445473, 0.01208267], [0.00563224, -0.00628844, 0.00187473], [0.0056736, -0.00168996, -0.00113362], [0.0080734, 0.00250194, -0.00490356], [0.01849736, 0.02085926, -0.02175424], [-0.01788962, 0.12581208, 0.01493099], [-0.02369951, -0.04759468, 0.11908349], [0.12322943, -0.02227231, -0.02903293], [0.02818322, 0.04867466, -0.10899369], [0.01850492, -0.12762774, -0.01797797], [0.08216699, 0.09176805, -0.09417589], [-0.05747981, 0.12567807, -0.06279921], [-0.14277627, 0.04058987, 0.0280588], [-0.08671269, -0.08488036, 0.09131688], [0.05329536, -0.12989946, 0.06736893]], "atomic quadrupole moments": [[0.0376013, 0.09109459, -0.084975, 0.16925181, 0.10585791, 0.0473737], [0.43660667, -0.06516106, -0.29186322, -0.06664599, 0.09877943, -0.14474345], [0.08182132, -0.02262889, -0.03850111, -0.03777904, -0.01481165, -0.04332021], [-0.23009113, 0.25872481, -0.03517325, 0.08396198, 0.23994311, 0.26526438], [-0.08070816, 0.04282673, -0.00622379, 0.07881503, 0.12649893, 0.08693196], [-0.02801829, 0.04905374, -0.09360617, 0.12133797, 0.29316515, 0.12162446], [-0.19665114, 0.13367333, -0.04217992, 0.20287145, 0.35407164, 0.23883106], [-0.18729839, 0.13753758, -0.04425991, 0.18746703, 0.33816957, 0.2315583], [-0.20632367, 0.13925935, -0.03535203, 0.20195169, 0.34596556, 0.2416757], [-0.18976051, 0.12304139, -0.03753107, 0.19947887, 0.34137208, 0.22729159], [-0.18776296, 0.14729465, -0.05454978, 0.19211553, 0.36112745, 0.24231274], [-0.04400709, -0.02245314, 0.07729194, 0.01090555, -0.00157765, -0.03328485], [-0.03691896, 0.02417991, -0.00727145, -0.02111641, -0.04509559, 0.0441904], [0.07341242, -0.02345975, -0.04436482, -0.03106699, 0.01428944, -0.0290476], [-0.01262446, 0.01243668, -0.01743076, -0.00670952, -0.04105899, 0.03005522], [-0.00231275, 0.00080178, 0.03617822, 0.00311357, -0.00762842, -0.03386547], [0.03375694, -0.0223054, -0.00124021, -0.02323425, -0.03443901, -0.03251673], [0.02863734, -0.01275126, 0.00031039, -0.02917722, -0.04174795, -0.02894773], [0.01947844, -0.01502201, 0.0083667, -0.02414063, -0.04640843, -0.02784514], [0.02618354, -0.02274022, 0.00576023, -0.02137996, -0.04139313, -0.03194377], [0.03053876, -0.01423813, -0.00242644, -0.02637327, -0.03483238, -0.02811232]], "number of molecular orbitals": 54, "number of electrons": 58, "number of unpaired electrons": 0, "orbital energies/eV": [-19.99602307, -19.22498949, -18.28718412, -17.78702353, -17.15569288, -16.93181605, -16.78628196, -16.18001779, -16.15376475, -15.80016169, -15.51122139, -15.25610875, -14.97636773, -14.40433941, -13.88279002, -13.82775414, -13.66479709, -13.52910655, -13.31119, -13.1966887, -13.12808802, -12.81142747, -12.20986365, -12.17281527, -12.04727006, -11.75685617, -11.33286418, -11.27067924, -11.13234613, -7.44560343, -6.45697351, -5.21918233, -2.65552785, 0.06284643, 2.62179752, 2.94892043, 3.13210017, 3.3088469, 3.9921599, 4.07820763, 4.24829667, 4.50041357, 4.63724418, 4.82883784, 5.78930144, 6.40148091, 7.39172053, 9.83910332, 10.36966766, 10.72906048, 11.3612104, 15.00050955, 16.87424644, 17.96818645], "fractional occupation": [2.0, 2.0, 2.0, 2.0, 2.0, 2.0, 2.0, 2.0, 2.0, 2.0, 2.0, 2.0, 2.0, 2.0, 2.0, 2.0, 2.0, 2.0, 2.0, 2.0, 2.0, 2.0, 2.0, 2.0, 2.0, 2.0, 2.0, 2.0, 2.0, 0.0, 0.0, 0.0, 0.0, 0.0, 0.0, 0.0, 0.0, 0.0, 0.0, 0.0, 0.0, 0.0, 0.0, 0.0, 0.0, 0.0, 0.0, 0.0, 0.0, 0.0, 0.0, 0.0, 0.0, 0.0], "program call": "xtb /home/svss/Project-DBcg-Debug/aqme2_20220329/End-to-End-workflows-final/example-3/QDESCP/mol_815_rdkit_conf_2/mol_815_rdkit_conf_2.xyz --pop --wbo --acc 0.2 --gfn 2 --chrg 0 --uhf 0 --etemp 300 --input /home/svss/Project-DBcg-Debug/aqme2_20220329/End-to-End-workflows-final/example-3/QDESCP/mol_815_rdkit_conf_2/mol_815_rdkit_conf_2_xtb.inp", "method": "GFN2-xTB", "xtb version": "6.3.3 (7355c4f)", "Dipole module/D": 2.31, "Total charge": 0, "Transition dipole module/D": NaN, "HOMO": -11.1323, "LUMO": -7.4456, "HOMO occupancy": 2.0, "LUMO occupancy": 0, "mulliken charges": [-0.09812, 0.20465, -0.42105, 0.57014, -0.53474, -0.03325, -0.01157, -0.02877, -0.01582, -0.02806, -0.00822, 0.03854, 0.0511, 0.03389, 0.03051, 0.04437, 0.04666, 0.03493, 0.03454, 0.03609, 0.05417], "cm5 charges": [-0.24463, 0.12205, -0.50379, 0.62722, -0.58389, -0.03612, -0.06253, -0.08397, -0.07107, -0.08324, -0.0592, 0.09185, 0.106, 0.08514, 0.09308, 0.11026, 0.10755, 0.09024, 0.08986, 0.09141, 0.11378], "FUKUI+": [0.013, 0.018, -0.067, -0.065, -0.153, -0.057, -0.038, -0.027, -0.065, -0.028, -0.033, -0.019, -0.005, -0.036, -0.042, -0.024, -0.07, -0.076, -0.086, -0.076, -0.066], "FUKUI-": [0.014, 0.015, -0.058, -0.015, -0.128, -0.032, -0.03, -0.038, -0.025, -0.035, -0.032, -0.051, -0.061, -0.052, -0.084, -0.051, -0.063, -0.066, -0.078, -0.077, -0.051], "FUKUIrad": [0.014, 0.017, -0.062, -0.04, -0.141, -0.045, -0.034, -0.032, -0.045, -0.032, -0.033, -0.035, -0.033, -0.044, -0.063, -0.037, -0.066, -0.071, -0.082, -0.077, -0.058], "s proportion": [1.012, 0.993, 1.697, 0.979, 1.73, 1.086, 1.068, 1.062, 1.065, 1.062, 1.07, 0.961, 0.949, 0.966, 0.969, 0.956, 0.953, 0.965, 0.965, 0.964, 0.946], "p proportion": [3.086, 2.803, 4.724, 2.451, 4.805, 2.947, 2.944, 2.967, 2.951, 2.966, 2.938, 0.0, 0.0, 0.0, 0.0, 0.0, 0.0, 0.0, 0.0, 0.0, 0.0], "d proportion": [0.0, 0.0, 0.0, 0.0, 0.0, 0.0, 0.0, 0.0, 0.0, 0.0, 0.0, 0.0, 0.0, 0.0, 0.0, 0.0, 0.0, 0.0, 0.0, 0.0, 0.0], "Fermi-level/eV": -9.289, "Coordination numbers": [3.748, 3.697, 1.703, 2.72, 0.856, 2.963, 2.913, 2.91, 2.911, 2.91, 2.916, 0.924, 0.924, 0.924, 0.924, 0.924, 0.925, 0.925, 0.925, 0.925, 0.925], "Dispersion coefficient C6": [22.669, 19.366, 18.493, 21.065, 21.993, 28.418, 28.535, 28.683, 28.542, 28.67, 28.475, 2.321, 2.235, 2.351, 2.309, 2.253, 2.282, 2.45, 2.451, 2.426, 2.188], "Total dispersion C6": 4885.584254, "Total dispersion C8": 114968.693336, "Polarizability alpha": [6.791, 6.295, 5.806, 7.513, 6.288, 8.744, 8.759, 8.782, 8.761, 8.78, 8.75, 2.383, 2.338, 2.398, 2.376, 2.347, 2.362, 2.448, 2.448, 2.436, 2.313], "Total polarizability alpha": 109.119202,