{"total energy": -23.09003796, "HOMO-LUMO gap/eV": 4.48606589, "electronic energy": -23.42037161, "dipole": [-0.51125365, 0.03510716, 0.68129875], "partial charges": [-0.20095881, 0.03071229, 0.00881215, -0.03123986, -0.02743012, -0.02794368, -0.02742722, -0.03123612, 0.06050542, 0.06050887, 0.03801494, 0.03696724, 0.03573246, 0.03697495, 0.0380075], "atomic dipole moments": [[-0.06935518, 0.0062453, 0.07124579], [0.04330194, 0.00764851, -0.20949474], [0.12057942, -0.02036211, 0.01181768], [0.00629933, -0.01739246, -0.00238038], [0.00441573, -0.00281788, 0.00028685], [0.00434992, -0.00078508, 0.00118971], [0.00507656, 0.00121235, 0.00054608], [0.01144191, 0.01469729, -0.00012145], [0.02486804, -0.11312724, 0.06193936], [0.05776985, 0.09007708, 0.07615446], [0.09018904, 0.12231281, 0.01256598], [-0.053974, 0.14154314, 0.00035935], [-0.1481742, 0.02504474, -0.01509176], [-0.09569304, -0.11607402, -0.01765921], [0.04691445, -0.14495844, -0.00614775]], "atomic quadrupole moments": [[-0.10977753, -0.00623131, -0.29537286, -0.34167645, 0.00625344, 0.40515039], [0.03227012, -0.03515951, -0.2878237, -0.25108188, 0.00224206, 0.25555358], [-0.04917736, -0.04907757, -0.36383252, -0.05324075, -0.04652901, 0.41300988], [-0.24753836, 0.005511, -0.2680871, -0.07686339, -0.03375831, 0.51562546], [-0.25503935, 0.01007726, -0.27023665, -0.08199717, -0.03693415, 0.525276], [-0.26492923, 0.00627896, -0.26037584, -0.08385813, -0.04156698, 0.52530507], [-0.25920295, -0.00249852, -0.2645664, -0.08462077, -0.04727093, 0.52376935], [-0.24974219, -0.00092902, -0.26350831, -0.08008558, -0.05040692, 0.5132505], [-0.01793243, -0.01213547, 0.0385333, -0.01395758, -0.02179156, -0.02060087], [-0.0048387, 0.02660749, 0.01794822, -0.00245738, 0.03097859, -0.01310952], [0.03936408, -0.00349201, 0.02516391, 0.01160619, 0.00493914, -0.06452799], [0.0375898, 0.00464662, 0.02975256, 0.01106258, 0.00587479, -0.06734235], [0.02815016, 0.00124701, 0.03944488, 0.00950769, 0.00599576, -0.06759504], [0.03361875, -0.00727425, 0.03393245, 0.00999019, 0.00464755, -0.0675512], [0.03956583, -0.00281213, 0.02511593, 0.01148151, 0.00385348, -0.06468176]], "number of molecular orbitals": 44, "number of electrons": 42, "number of unpaired electrons": 0, "orbital energies/eV": [-28.56450704, -17.79666251, -17.3288981, -16.87793658, -16.56438022, -15.82032003, -15.63510963, -14.63490588, -14.25624105, -14.04979713, -13.80786014, -13.3110455, -13.2882473, -13.14157233, -12.96569434, -11.99595919, -11.74749667, -11.23400117, -11.20850112, -11.14829886, -11.04120996, -6.55514408, -6.37327131, -4.05593944, -2.74340023, 0.46740426, 0.57975428, 0.77772556, 0.78299168, 2.43483809, 2.79809133, 3.59911045, 3.87772259, 4.13353215, 4.44038234, 4.63783942, 4.98829976, 5.50000733, 10.10190415, 10.44777812, 11.22349716, 11.50862696, 16.05030502, 16.91548959], "fractional occupation": [2.0, 2.0, 2.0, 2.0, 2.0, 2.0, 2.0, 2.0, 2.0, 2.0, 2.0, 2.0, 2.0, 2.0, 2.0, 2.0, 2.0, 2.0, 2.0, 2.0, 2.0, 0.0, 0.0, 0.0, 0.0, 0.0, 0.0, 0.0, 0.0, 0.0, 0.0, 0.0, 0.0, 0.0, 0.0, 0.0, 0.0, 0.0, 0.0, 0.0, 0.0, 0.0, 0.0, 0.0], "program call": "xtb /home/svss/Project-DBcg-Debug/aqme2_20220329/End-to-End-workflows-final/example-3/QDESCP/mol_356_rdkit_conf_1/mol_356_rdkit_conf_1.xyz --pop --wbo --acc 0.2 --gfn 2 --chrg 0 --uhf 0 --etemp 300 --input /home/svss/Project-DBcg-Debug/aqme2_20220329/End-to-End-workflows-final/example-3/QDESCP/mol_356_rdkit_conf_1/mol_356_rdkit_conf_1_xtb.inp", "method": "GFN2-xTB", "xtb version": "6.3.3 (7355c4f)", "Dipole module/D": 2.167, "Total charge": 0, "Transition dipole module/D": NaN, "HOMO": -11.0412, "LUMO": -6.5551, "HOMO occupancy": 2.0, "LUMO occupancy": 0, "mulliken charges": [-0.15644, 0.06772, -0.00218, -0.03402, -0.02404, -0.02755, -0.02404, -0.03402, 0.03597, 0.03597, 0.03316, 0.03229, 0.03173, 0.0323, 0.03316], "cm5 charges": [-0.16425, -0.02848, -0.0161, -0.08692, -0.07936, -0.08291, -0.07936, -0.08691, 0.09156, 0.09156, 0.08936, 0.08766, 0.08712, 0.08767, 0.08935], "FUKUI+": [-0.167, 0.021, -0.086, -0.035, -0.033, -0.072, -0.033, -0.035, -0.072, -0.072, -0.08, -0.082, -0.092, -0.082, -0.08], "FUKUI-": [-0.302, 0.038, -0.047, -0.03, -0.037, -0.047, -0.037, -0.03, -0.076, -0.076, -0.064, -0.074, -0.078, -0.074, -0.064], "FUKUIrad": [-0.234, 0.029, -0.066, -0.033, -0.035, -0.06, -0.035, -0.033, -0.074, -0.074, -0.072, -0.078, -0.085, -0.078, -0.072], "s proportion": [1.949, 1.039, 1.086, 1.063, 1.061, 1.061, 1.06, 1.063, 0.964, 0.964, 0.967, 0.968, 0.968, 0.968, 0.967], "p proportion": [5.222, 2.893, 2.916, 2.971, 2.964, 2.967, 2.964, 2.971, 0.0, 0.0, 0.0, 0.0, 0.0, 0.0, 0.0], "d proportion": [-0.015, 0.0, 0.0, 0.0, 0.0, 0.0, 0.0, 0.0, 0.0, 0.0, 0.0, 0.0, 0.0, 0.0, 0.0], "Fermi-level/eV": -8.7982, "Coordination numbers": [0.925, 3.718, 2.996, 2.915, 2.91, 2.912, 2.91, 2.915, 0.924, 0.924, 0.925, 0.925, 0.925, 0.925, 0.925], "Dispersion coefficient C6": [105.471, 20.172, 27.81, 28.779, 28.686, 28.699, 28.686, 28.779, 2.193, 2.193, 2.475, 2.49, 2.506, 2.489, 2.476], "Total dispersion C6": 3322.947864, "Total dispersion C8": 90304.198936, "Polarizability alpha": [15.712, 6.416, 8.651, 8.797, 8.782, 8.785, 8.782, 8.797, 2.316, 2.316, 2.46, 2.467, 2.476, 2.467, 2.46], "Total polarizability alpha": 91.684616, "Wiberg matrix": [[0.0, 0.9337954696984764, 0.0, 0.0, 0.0, 0.0, 0.0, 0.0, 0.0, 0.0, 0.0, 0.0, 0.0, 0.0, 0.0], [0.9337954696984764, 0.0, 1.0190275904107189, 0.0, 0.0, 0.0, 0.0, 0.0, 0.9754458742902591, 0.9754469246987523, 0.0, 0.0, 0.0, 0.0, 0.0], [0.0, 1.0190275904107189, 0.0, 1.409411112085893, 0.0, 0.10833123719326414, 0.0, 1.4095068096648504, 0.0, 0.0, 0.0, 0.0, 0.0, 0.0, 0.0], [0.0, 0.0, 1.409411112085893, 0.0, 1.4445433888293862, 0.0, 0.1112714371199729, 0.0, 0.0, 0.0, 0.9693704517538045, 0.0, 0.0, 0.0, 0.0], [0.0, 0.0, 0.0, 1.4445433888293862, 0.0, 1.4382393164586451, 0.0, 0.11127912118573194, 0.0, 0.0, 0.0, 0.9708869279115657, 0.0, 0.0, 0.0], [0.0, 0.0, 0.10833123719326414, 0.0, 1.4382393164586451, 0.0, 1.4383572069156096, 0.0, 0.0, 0.0, 0.0, 0.0, 0.9710537385634187, 0.0, 0.0], [0.0, 0.0, 0.0, 0.1112714371199729, 0.0, 1.4383572069156096, 0.0, 1.4444414175496687, 0.0, 0.0, 0.0, 0.0, 0.0, 0.9708857651127447, 0.0], [0.0, 0.0, 1.4095068096648504, 0.0, 0.11127912118573194, 0.0, 1.4444414175496687, 0.0, 0.0, 0.0, 0.0, 0.0, 0.0, 0.0, 0.9693676062893066], [0.0, 0.9754458742902591, 0.0, 0.0, 0.0, 0.0, 0.0, 0.0, 0.0, 0.0, 0.0, 0.0, 0.0, 0.0, 0.0], [0.0, 0.9754469246987523, 0.0, 0.0, 0.0, 0.0, 0.0, 0.0, 0.0, 0.0, 0.0, 0.0, 0.0, 0.0, 0.0], [0.0, 0.0, 0.0, 0.9693704517538045, 0.0, 0.0, 0.0, 0.0, 0.0, 0.0, 0.0, 0.0, 0.0, 0.0, 0.0], [0.0, 0.0, 0.0, 0.0, 0.9708869279115657, 0.0, 0.0, 0.0, 0.0, 0.0, 0.0, 0.0, 0.0, 0.0, 0.0], [0.0, 0.0, 0.0, 0.0, 0.0, 0.9710537385634187, 0.0, 0.0, 0.0, 0.0, 0.0, 0.0, 0.0, 0.0, 0.0], [0.0, 0.0, 0.0, 0.0, 0.0, 0.0, 0.9708857651127447, 0.0, 0.0, 0.0, 0.0, 0.0, 0.0, 0.0, 0.0], [0.0, 0.0, 0.0, 0.0, 0.0, 0.0, 0.0, 0.9693676062893066, 0.0, 0.0, 0.0, 0.0, 0.0, 0.0, 0.0]], "Born radii": [], "Atomic SASAs": [], "Solvent H bonds": [], "Total SASA": NaN, "Total FOD": 0.0, "FOD": [0.0, 0.0, 0.0, 0.0, 0.0, 0.0, 0.0, 0.0, 0.0, 0.0, 0.0, 0.0, 0.0, 0.0, 0.0], "FOD s proportion": [0.0, 0.0, 0.0, 0.0, 0.0, 0.0, 0.0, 0.0, 0.0, 0.0, 0.0, 0.0, 0.0, 0.0, 0.0], "FOD p proportion": [0.0, 0.0, 0.0, 0.0, 0.0, 0.0, 0.0, 0.0, 0.0, 0.0, 0.0, 0.0, 0.0, 0.0, 0.0], "FOD d proportion": [0.0, 0.0, 0.0, 0.0, 0.0, 0.0, 0.0, 0.0, 0.0, 0.0, 0.0, 0.0, 0.0, 0.0, 0.0],