{"total energy": -24.05040887, "HOMO-LUMO gap/eV": 12.23968537, "electronic energy": -24.3482932, "dipole": [0.09179118, -0.26532166, -0.69817984], "partial charges": [-0.10343638, -0.01057132, -0.10418679, -0.05850728, -0.06535158, 0.08026425, -0.44345754, 0.03232915, 0.03232853, 0.0297832, 0.03842374, 0.03214608, 0.03286298, 0.03152355, 0.03914548, 0.02924495, 0.03380726, 0.02671733, 0.01466528, 0.04800369, 0.28426543], "atomic dipole moments": [[0.04815126, -0.05422537, 0.06616225], [-0.04113027, -0.06255123, -0.06903059], [0.06548682, 0.05856329, -0.04681981], [0.01097768, 0.11525517, -0.01551177], [-0.0109467, 0.02551027, 0.10763384], [0.04715761, -0.15885591, 0.11304688], [-0.0134772, 0.01167268, -0.23928564], [-0.09340472, 0.06554284, 0.0531056], [-0.05182566, -0.0657805, -0.09473639], [0.07526033, 0.08643378, -0.05108059], [0.04901591, 0.07416754, 0.0891516], [0.05608756, -0.07022895, 0.08807069], [-0.08790925, 0.0675136, 0.05964656], [-0.06083652, -0.07899233, -0.07730785], [0.05153616, -0.07637426, 0.08395379], [-0.04751153, -0.08030162, -0.07860288], [-0.04524799, 0.05631318, -0.102118], [0.07359954, -0.0832829, -0.04467444], [0.0914786, 0.04586584, -0.05395875], [-0.07213187, 0.09978842, 0.03878964], [0.0456295, -0.05395438, -0.03519441]], "atomic quadrupole moments": [[-0.02645068, -0.08452815, -0.01669433, 0.09048674, -0.13064222, 0.04314502], [0.04124976, -0.07381875, 0.01184082, -0.08541571, -0.13545135, -0.05309058], [0.03762938, 0.11962606, 0.00975554, -0.10439559, -0.09937818, -0.04738492], [0.09124179, 0.00798194, -0.01743512, -0.20756207, -0.00627182, -0.07380667], [0.01419939, 0.19819861, 0.00123623, 0.00313348, 0.05268567, -0.01543562], [-0.15843831, -0.03882532, -0.04291491, 0.29204648, -0.16566115, 0.20135321], [-0.06780752, -0.06420195, -0.03332127, 0.072533, -0.07913414, 0.10112879], [0.01822044, -0.04714364, -0.01956403, -0.04666134, 0.02202539, 0.00134359], [-0.03220694, 0.02371957, 0.01606786, 0.0363974, 0.05147457, 0.01613908], [0.02667915, 0.05175936, -0.00063248, -0.0250583, -0.0356942, -0.02604667], [-0.00249632, 0.01567079, 0.00323375, 0.0165933, 0.01371667, -0.00073743], [0.00230321, -0.02800591, -0.00972485, 0.04265538, -0.05007737, 0.00742164], [0.01106498, -0.04514918, 0.0157666, -0.04131568, 0.02959966, -0.02683158], [-0.02312692, 0.03575514, -0.00473577, 0.03063391, 0.04857277, 0.02786269], [0.00218327, -0.02479009, -0.02989535, 0.01865698, -0.03386054, 0.02771208], [0.00245338, 0.03075277, -0.01945284, 0.02151859, 0.03863264, 0.01699946], [-0.00324131, -0.01287165, -0.00227297, 0.0390788, -0.04086091, 0.00551428], [0.02130171, -0.03003246, 0.02374198, -0.02797451, 0.01756988, -0.04504369], [0.01578978, 0.01599849, -0.02985786, -0.0218709, -0.02738834, 0.01406808], [0.01209991, -0.03838168, -0.00708133, -0.01564039, 0.02275619, -0.00501858], [-0.00970989, -0.10368589, 0.03730857, -0.03655204, 0.03658809, -0.02759868]], "number of molecular orbitals": 42, "number of electrons": 44, "number of unpaired electrons": 0, "orbital energies/eV": [-18.53988239, -17.11611548, -16.7902006, -16.35283905, -15.86713364, -15.7104183, -15.00204283, -14.73320605, -14.38452943, -14.09075386, -13.72525626, -13.39961068, -13.2790144, -12.66012568, -12.53364546, -12.38551176, -12.26669906, -12.00046355, -11.58107955, -11.488507, -11.30276693, -11.04574516, 1.19394021, 1.92816942, 2.30166053, 2.73649459, 2.92348509, 3.24086544, 3.68734636, 3.97565927, 4.41344191, 4.68778862, 5.30479133, 5.47012693, 5.80232565, 6.08012447, 6.37103781, 6.85814309, 7.13234572, 7.4996856, 7.61233163, 8.20894426], "fractional occupation": [2.0, 2.0, 2.0, 2.0, 2.0, 2.0, 2.0, 2.0, 2.0, 2.0, 2.0, 2.0, 2.0, 2.0, 2.0, 2.0, 2.0, 2.0, 2.0, 2.0, 2.0, 2.0, 0.0, 0.0, 0.0, 0.0, 0.0, 0.0, 0.0, 0.0, 0.0, 0.0, 0.0, 0.0, 0.0, 0.0, 0.0, 0.0, 0.0, 0.0, 0.0, 0.0], "program call": "xtb /home/svss/Project-DBcg-Debug/aqme2_20220329/End-to-End-workflows-final/example-3/QDESCP/mol_995_rdkit_conf_11/mol_995_rdkit_conf_11.xyz --pop --wbo --acc 0.2 --gfn 2 --chrg 0 --uhf 0 --etemp 300 --input /home/svss/Project-DBcg-Debug/aqme2_20220329/End-to-End-workflows-final/example-3/QDESCP/mol_995_rdkit_conf_11/mol_995_rdkit_conf_11_xtb.inp", "method": "GFN2-xTB", "xtb version": "6.3.3 (7355c4f)", "Dipole module/D": 1.913, "Total charge": 0, "Transition dipole module/D": NaN, "HOMO": -11.0457, "LUMO": 1.1939, "HOMO occupancy": 2.0, "LUMO occupancy": 0, "mulliken charges": [-0.09292, -0.00137, -0.08992, -0.04739, -0.06881, 0.19486, -0.56448, 0.02974, 0.02657, 0.02528, 0.02802, 0.03035, 0.02869, 0.02543, 0.03145, 0.02179, 0.02588, 0.02285, 0.01035, 0.0297, 0.33393], "cm5 charges": [-0.24139, -0.0757, -0.23846, -0.15491, -0.17731, 0.10767, -0.77945, 0.08119, 0.07852, 0.07743, 0.0876, 0.08176, 0.08006, 0.07726, 0.08913, 0.07721, 0.08137, 0.07931, 0.07243, 0.09301, 0.50328], "FUKUI+": [0.025, -0.02, 0.006, -0.02, -0.002, -0.009, -0.111, -0.048, -0.038, -0.032, -0.04, -0.044, -0.075, -0.047, -0.047, -0.064, -0.094, -0.066, -0.101, -0.074, -0.098], "FUKUI-": [0.026, -0.01, 0.024, 0.006, 0.007, 0.011, -0.11, -0.064, -0.077, -0.041, -0.11, -0.049, -0.069, -0.082, -0.045, -0.09, -0.053, -0.065, -0.1, -0.055, -0.053], "FUKUIrad": [0.025, -0.015, 0.015, -0.007, 0.002, 0.001, -0.11, -0.056, -0.057, -0.036, -0.075, -0.046, -0.072, -0.065, -0.046, -0.077, -0.074, -0.066, -0.101, -0.064, -0.076], "s proportion": [1.012, 1.052, 1.013, 1.034, 1.037, 0.99, 1.695, 0.97, 0.973, 0.975, 0.972, 0.97, 0.971, 0.975, 0.969, 0.978, 0.974, 0.977, 0.99, 0.97, 0.666], "p proportion": [3.081, 2.949, 3.077, 3.013, 3.031, 2.815, 4.87, 0.0, 0.0, 0.0, 0.0, 0.0, 0.0, 0.0, 0.0, 0.0, 0.0, 0.0, 0.0, 0.0, 0.0], "d proportion": [0.0, 0.0, 0.0, 0.0, 0.0, 0.0, 0.0, 0.0, 0.0, 0.0, 0.0, 0.0, 0.0, 0.0, 0.0, 0.0, 0.0, 0.0, 0.0, 0.0, 0.0], "Fermi-level/eV": -4.9259, "Coordination numbers": [3.752, 3.847, 3.753, 3.801, 3.798, 3.673, 1.653, 0.924, 0.924, 0.924, 0.924, 0.924, 0.924, 0.924, 0.924, 0.923, 0.924, 0.924, 0.924, 0.924, 0.804], "Dispersion coefficient C6": [22.537, 20.732, 22.549, 21.627, 21.756, 19.467, 21.712, 2.554, 2.554, 2.59, 2.47, 2.556, 2.546, 2.565, 2.46, 2.597, 2.533, 2.634, 2.816, 2.345, 0.77], "Total dispersion C6": 2913.778308, "Total dispersion C8": 60101.144489, "Polarizability alpha": [6.77, 6.477, 6.771, 6.621, 6.641, 6.323, 6.29, 2.499, 2.499, 2.517, 2.458, 2.5, 2.495, 2.505, 2.453, 2.52, 2.489, 2.538, 2.624, 2.395, 1.379], "Total polarizability alpha": 79.764706,