{"total energy": -16.83010962, "HOMO-LUMO gap/eV": 13.48257272, "electronic energy": -17.07833666, "dipole": [0.0031652, 0.00569297, -0.00602977], "partial charges": [-0.09875161, -0.05578727, -0.00926699, -0.10381049, -0.10243532, 0.02966206, 0.03350154, 0.03079787, 0.03013226, 0.02787004, 0.02768032, 0.03192186, 0.03276078, 0.02939047, 0.03254734, 0.03310819, 0.03067896], "atomic dipole moments": [[-0.07820619, -0.05806434, -0.02315763], [-0.00878821, 0.0966809, 0.05327268], [-0.0031598, -0.0168091, -0.09350658], [0.07236777, 0.06363913, 0.01869193], [0.01815867, -0.08595125, 0.04712072], [0.10558882, -0.05983643, -0.02695338], [0.00305209, 0.10766397, -0.0654259], [0.00258675, 0.02644761, 0.12341224], [0.00613751, -0.02342116, -0.12214215], [0.01865907, -0.10912459, 0.0514591], [-0.00116952, 0.02051553, 0.12211722], [-0.11136966, 0.0429602, 0.03859605], [-0.0117334, -0.02813175, -0.12311476], [0.01870684, -0.10796198, 0.06074975], [0.00190938, -0.00885835, -0.12656127], [0.08018226, 0.0910892, 0.03270688], [-0.11337692, 0.04464994, 0.03070646]], "atomic quadrupole moments": [[0.09876086, 0.14382285, 0.00508008, 0.06453664, 0.05612407, -0.10384094], [0.2131191, 0.05250408, -0.03756697, -0.01689715, 0.08583596, -0.17555213], [0.09930519, 0.00530069, 0.1025118, -0.00147969, -0.04463902, -0.201817], [0.07245158, 0.15070727, 0.04356866, 0.04918956, 0.03762831, -0.11602024], [-0.07915382, -0.04565067, 0.12771189, 0.02707544, -0.13846343, -0.04855807], [0.04527301, -0.04645069, 0.00207856, -0.02290695, 0.02212644, -0.04735157], [-0.03534037, -0.00587202, 0.04401932, 0.01929983, -0.05438256, -0.00867894], [-0.03713106, 0.01006989, -0.03954411, -0.01274455, 0.02132278, 0.07667517], [-0.0180247, 0.00782755, -0.04131321, 0.00511583, 0.00223379, 0.05933791], [-0.00890743, -0.00113058, 0.02765404, 0.00471241, -0.04738367, -0.01874661], [-0.01985459, 0.00099919, -0.01095895, 0.00516669, 0.00784585, 0.03081355], [0.04834834, -0.0398525, -0.01173312, -0.032711, 0.02577662, -0.03661522], [-0.03911518, 0.00951355, -0.04106337, -0.00410957, 0.01560103, 0.08017855], [-0.02950646, -0.01836709, 0.0445618, 0.02442471, -0.0528801, -0.01505535], [-0.0505764, -0.00632416, -0.02664722, -0.00630824, 0.02449301, 0.07722362], [0.02241573, 0.05478214, 0.00953607, 0.03555143, 0.01447736, -0.0319518], [0.06215808, -0.02868095, -0.0275721, -0.03933149, -0.00073734, -0.03458597]], "number of molecular orbitals": 32, "number of electrons": 32, "number of unpaired electrons": 0, "orbital energies/eV": [-16.90404432, -16.32130868, -15.85282786, -15.38342757, -14.81338588, -13.8748139, -13.57844655, -13.33538516, -13.03604687, -12.56732623, -12.43970569, -12.18822241, -11.91612186, -11.55777298, -11.43928507, -11.36693609, 2.11563663, 2.54240115, 2.8192303, 3.60673922, 3.92048316, 4.02333422, 4.91310633, 5.12023857, 5.30809364, 5.91042037, 6.08387007, 6.40600719, 6.76321534, 7.35536964, 7.83292992, 8.14567711], "fractional occupation": [2.0, 2.0, 2.0, 2.0, 2.0, 2.0, 2.0, 2.0, 2.0, 2.0, 2.0, 2.0, 2.0, 2.0, 2.0, 2.0, 0.0, 0.0, 0.0, 0.0, 0.0, 0.0, 0.0, 0.0, 0.0, 0.0, 0.0, 0.0, 0.0, 0.0, 0.0, 0.0], "program call": "xtb /home/svss/Project-DBcg-Debug/aqme2_20220329/End-to-End-workflows-final/example-3/QDESCP/mol_1127_rdkit_conf_1/mol_1127_rdkit_conf_1.xyz --pop --wbo --acc 0.2 --gfn 2 --chrg 0 --uhf 0 --etemp 300 --input /home/svss/Project-DBcg-Debug/aqme2_20220329/End-to-End-workflows-final/example-3/QDESCP/mol_1127_rdkit_conf_1/mol_1127_rdkit_conf_1_xtb.inp", "method": "GFN2-xTB", "xtb version": "6.3.3 (7355c4f)", "Dipole module/D": 0.023, "Total charge": 0, "Transition dipole module/D": NaN, "HOMO": -11.3669, "LUMO": 2.1156, "HOMO occupancy": 2.0, "LUMO occupancy": 0, "mulliken charges": [-0.08346, -0.04642, -0.00035, -0.09075, -0.09137, 0.02777, 0.02672, 0.02633, 0.02263, 0.02315, 0.0191, 0.02827, 0.02699, 0.02757, 0.02708, 0.0285, 0.02824], "cm5 charges": [-0.23398, -0.15678, -0.07472, -0.23919, -0.23977, 0.07854, 0.0785, 0.07777, 0.07779, 0.0781, 0.07726, 0.07964, 0.07882, 0.07894, 0.07898, 0.08042, 0.07968], "FUKUI+": [0.014, -0.037, -0.055, 0.015, 0.031, -0.105, -0.059, -0.066, -0.083, -0.074, -0.1, -0.117, -0.074, -0.074, -0.068, -0.066, -0.082], "FUKUI-": [0.025, 0.002, -0.015, 0.029, 0.02, -0.096, -0.086, -0.083, -0.104, -0.1, -0.122, -0.088, -0.087, -0.07, -0.085, -0.061, -0.08], "FUKUIrad": [0.019, -0.017, -0.035, 0.022, 0.026, -0.101, -0.073, -0.075, -0.094, -0.087, -0.111, -0.103, -0.081, -0.072, -0.076, -0.063, -0.081], "s proportion": [1.007, 1.031, 1.052, 1.013, 1.012, 0.972, 0.973, 0.974, 0.977, 0.977, 0.981, 0.972, 0.973, 0.972, 0.973, 0.971, 0.972], "p proportion": [3.076, 3.015, 2.948, 3.078, 3.08, 0.0, 0.0, 0.0, 0.0, 0.0, 0.0, 0.0, 0.0, 0.0, 0.0, 0.0, 0.0], "d proportion": [0.0, 0.0, 0.0, 0.0, 0.0, 0.0, 0.0, 0.0, 0.0, 0.0, 0.0, 0.0, 0.0, 0.0, 0.0, 0.0, 0.0], "Fermi-level/eV": -4.6256, "Coordination numbers": [3.749, 3.801, 3.848, 3.753, 3.752, 0.924, 0.924, 0.924, 0.924, 0.924, 0.924, 0.924, 0.924, 0.924, 0.924, 0.924, 0.924], "Dispersion coefficient C6": [22.451, 21.576, 20.709, 22.542, 22.517, 2.591, 2.537, 2.575, 2.585, 2.617, 2.62, 2.559, 2.548, 2.595, 2.551, 2.543, 2.577], "Total dispersion C6": 1816.096824, "Total dispersion C8": 37117.825289, "Polarizability alpha": [6.758, 6.613, 6.473, 6.77, 6.767, 2.517, 2.491, 2.51, 2.514, 2.53, 2.531, 2.502, 2.496, 2.519, 2.498, 2.494, 2.51], "Total polarizability alpha": 63.493748, "Wiberg matrix": [[0.0, 1.0203194591033828, 0.0, 0.0, 0.0, 0.9872133053751793, 0.9861393847287395, 0.9875830720381797, 0.0, 0.0, 0.0, 0.0, 0.0, 0.0, 0.0, 0.0, 0.0], [1.0203194591033828, 0.0, 0.9958734012124338, 0.0, 0.0, 0.0, 0.0, 0.0, 0.977336864558909, 0.9773083276422329, 0.0, 0.0, 0.0, 0.0, 0.0, 0.0, 0.0], [0.0, 0.9958734012124338, 0.0, 1.0082815256532256, 1.0098429548885444, 0.0, 0.0, 0.0, 0.0, 0.0, 0.9690526149910736, 0.0, 0.0, 0.0, 0.0, 0.0, 0.0], [0.0, 0.0, 1.0082815256532256, 0.0, 0.0, 0.0, 0.0, 0.0, 0.0, 0.0, 0.0, 0.9866242305870967, 0.9871614440614345, 0.9869042838470423, 0.0, 0.0, 0.0], [0.0, 0.0, 1.0098429548885444, 0.0, 0.0, 0.0, 0.0, 0.0, 0.0, 0.0, 0.0, 0.0, 0.0, 0.0, 0.9869702066299377, 0.9850045372182871, 0.9862255894631142], [0.9872133053751793, 0.0, 0.0, 0.0, 0.0, 0.0, 0.0, 0.0, 0.0, 0.0, 0.0, 0.0, 0.0, 0.0, 0.0, 0.0, 0.0], [0.9861393847287395, 0.0, 0.0, 0.0, 0.0, 0.0, 0.0, 0.0, 0.0, 0.0, 0.0, 0.0, 0.0, 0.0, 0.0, 0.0, 0.0], [0.9875830720381797, 0.0, 0.0, 0.0, 0.0, 0.0, 0.0, 0.0, 0.0, 0.0, 0.0, 0.0, 0.0, 0.0, 0.0, 0.0, 0.0], [0.0, 0.977336864558909, 0.0, 0.0, 0.0, 0.0, 0.0, 0.0, 0.0, 0.0, 0.0, 0.0, 0.0, 0.0, 0.0, 0.0, 0.0], [0.0, 0.9773083276422329, 0.0, 0.0, 0.0, 0.0, 0.0, 0.0, 0.0, 0.0, 0.0, 0.0, 0.0, 0.0, 0.0, 0.0, 0.0], [0.0, 0.0, 0.9690526149910736, 0.0, 0.0, 0.0, 0.0, 0.0, 0.0, 0.0, 0.0, 0.0, 0.0, 0.0, 0.0, 0.0, 0.0], [0.0, 0.0, 0.0, 0.9866242305870967, 0.0, 0.0, 0.0, 0.0, 0.0, 0.0, 0.0, 0.0, 0.0, 0.0, 0.0, 0.0, 0.0], [0.0, 0.0, 0.0, 0.9871614440614345, 0.0, 0.0, 0.0, 0.0, 0.0, 0.0, 0.0, 0.0, 0.0, 0.0, 0.0, 0.0, 0.0], [0.0, 0.0, 0.0, 0.9869042838470423, 0.0, 0.0, 0.0, 0.0, 0.0, 0.0, 0.0, 0.0, 0.0, 0.0, 0.0, 0.0, 0.0], [0.0, 0.0, 0.0, 0.0, 0.9869702066299377, 0.0, 0.0, 0.0, 0.0, 0.0, 0.0, 0.0, 0.0, 0.0, 0.0, 0.0, 0.0], [0.0, 0.0, 0.0, 0.0, 0.9850045372182871, 0.0, 0.0, 0.0, 0.0, 0.0, 0.0, 0.0, 0.0, 0.0, 0.0, 0.0, 0.0], [0.0, 0.0, 0.0, 0.0, 0.9862255894631142, 0.0, 0.0, 0.0, 0.0, 0.0, 0.0, 0.0, 0.0, 0.0, 0.0, 0.0, 0.0]], "Born radii": [], "Atomic SASAs": [], "Solvent H bonds": [], "Total SASA": NaN, "Total FOD": 0.0, "FOD": [0.0, 0.0, 0.0, 0.0, 0.0, 0.0, 0.0, 0.0, 0.0, 0.0, 0.0, 0.0, 0.0, 0.0, 0.0, 0.0, 0.0], "FOD s proportion": [0.0, 0.0, 0.0, 0.0, 0.0, 0.0, 0.0, 0.0, 0.0, 0.0, 0.0, 0.0, 0.0, 0.0, 0.0, 0.0, 0.0], "FOD p proportion": [0.0, 0.0, 0.0, 0.0, 0.0, 0.0, 0.0, 0.0, 0.0, 0.0, 0.0, 0.0, 0.0, 0.0, 0.0, 0.0, 0.0], "FOD d proportion": [0.0, 0.0, 0.0, 0.0, 0.0, 0.0, 0.0, 0.0, 0.0, 0.0, 0.0, 0.0, 0.0, 0.0, 0.0, 0.0, 0.0],