{"total energy": -22.10438963, "HOMO-LUMO gap/eV": 5.02885813, "electronic energy": -22.45216258, "dipole": [0.01789936, 0.01271352, 0.01366454], "partial charges": [-0.09963413, -0.0513481, -0.0537099, -0.05611194, -0.0467217, -0.0429313, -0.0997663, 0.0310539, 0.0315404, 0.03112457, 0.02889035, 0.03128464, 0.0307996, 0.02808482, 0.03121089, 0.0340856, 0.02839407, 0.02689839, 0.03544088, 0.04050321, 0.04091207], "atomic dipole moments": [[0.09242052, -0.03729759, -0.00647659], [-0.06731944, 0.01814073, -0.08853754], [0.06797761, -0.02447596, 0.08614136], [-0.04148235, 0.08249544, 0.0253955], [-0.11617309, -0.04474015, -0.07772233], [0.12251596, 0.04242539, 0.07972127], [-0.04537293, -0.0384892, -0.01496132], [-0.02866716, 0.02310819, 0.11917991], [-0.01018786, 0.10825668, -0.06344076], [-0.08552683, -0.08029417, -0.04463003], [0.00414756, -0.1019363, 0.07003922], [0.07630116, 0.08265119, 0.05456655], [-0.00722291, 0.10351047, -0.06962991], [-0.08073644, -0.07546804, -0.05168229], [0.00168205, -0.11021364, 0.06186658], [0.01643328, -0.03465305, -0.11568716], [0.01852229, 0.12777324, -0.07804785], [-0.01591149, -0.12773574, 0.07741933], [0.00728014, 0.10740984, -0.07018084], [0.11198839, -0.05931636, -0.0137451], [-0.01470784, 0.03746667, 0.12087907]], "atomic quadrupole moments": [[0.18093454, -0.12503302, -0.07668854, -0.02173059, 0.01234727, -0.104246], [0.09825171, -0.14178016, -0.17214156, -0.08032966, 0.05984438, 0.07388985], [0.08485702, -0.14677495, -0.15306521, -0.08634393, 0.06787858, 0.06820819], [0.1916732, -0.01931233, -0.04535631, 0.04700715, 0.05331996, -0.1463169], [0.07717222, -0.09748055, -0.0400199, -0.33607079, 0.32328367, -0.03715231], [0.08030919, -0.08871615, -0.04701237, -0.33996965, 0.31981739, -0.03329682], [0.06522087, 0.11745447, -0.00435562, 0.0760327, 0.03671719, -0.06086525], [-0.02755283, -0.01254253, -0.04787814, -0.01841619, 0.020332, 0.07543096], [-0.02811214, 8.803e-05, 0.041755, -0.00407068, -0.0605346, -0.01364286], [0.01023109, 0.04370329, 0.02273768, 0.03028788, 0.03740627, -0.03296877], [-0.0283498, -0.00580187, 0.04042369, -0.00932713, -0.03485273, -0.0120739], [0.01265195, 0.03823045, 0.01144132, 0.01027551, 0.02275553, -0.02409327], [-0.03301306, 0.00086709, 0.04293379, -0.01469574, -0.03294165, -0.00992072], [0.01618436, 0.03864907, 0.00668395, 0.00650425, 0.02919925, -0.02286832], [-0.01468712, 0.00145947, 0.01334636, 0.00687892, -0.05300537, 0.00134076], [-0.01971206, -0.00102143, -0.04129829, -0.01042771, 0.01759584, 0.06101034], [-0.00751495, 0.02107637, 0.00946267, 0.04202528, -0.02835608, -0.00194772], [-0.00266209, 0.02319188, 0.00712693, 0.04150354, -0.02945657, -0.00446484], [-0.03737697, 0.00091621, 0.03309392, 0.01472087, -0.06157435, 0.00428305], [0.05164999, -0.05299102, -0.0009101, -0.00883237, 0.00610572, -0.05073989], [-0.04178935, 0.00454651, -0.03451472, -0.01909224, 0.02829043, 0.07630407]], "number of molecular orbitals": 42, "number of electrons": 42, "number of unpaired electrons": 0, "orbital energies/eV": [-16.87145502, -16.65281884, -16.38223959, -15.88616968, -15.36715543, -14.9669548, -14.64673942, -13.88434844, -13.56691882, -13.41108466, -13.27563166, -13.03085283, -12.91307828, -12.53123666, -12.13738112, -11.96957749, -11.83711669, -11.61729049, -11.50685371, -11.32606651, -10.30042748, -5.27156935, 2.22424044, 2.52013204, 2.94794736, 3.48992297, 3.84682208, 4.16814264, 4.32649864, 4.78443967, 4.84008221, 5.06270785, 5.2699991, 5.91101285, 6.02020441, 6.08214802, 6.75697669, 6.78459146, 7.32167214, 8.24411893, 10.97573635, 16.20991063], "fractional occupation": [2.0, 2.0, 2.0, 2.0, 2.0, 2.0, 2.0, 2.0, 2.0, 2.0, 2.0, 2.0, 2.0, 2.0, 2.0, 2.0, 2.0, 2.0, 2.0, 2.0, 2.0, 0.0, 0.0, 0.0, 0.0, 0.0, 0.0, 0.0, 0.0, 0.0, 0.0, 0.0, 0.0, 0.0, 0.0, 0.0, 0.0, 0.0, 0.0, 0.0, 0.0, 0.0], "program call": "xtb /home/svss/Project-DBcg-Debug/aqme2_20220329/End-to-End-workflows-final/example-3/QDESCP/mol_822_rdkit_conf_2/mol_822_rdkit_conf_2.xyz --pop --wbo --acc 0.2 --gfn 2 --chrg 0 --uhf 0 --etemp 300 --input /home/svss/Project-DBcg-Debug/aqme2_20220329/End-to-End-workflows-final/example-3/QDESCP/mol_822_rdkit_conf_2/mol_822_rdkit_conf_2_xtb.inp", "method": "GFN2-xTB", "xtb version": "6.3.3 (7355c4f)", "Dipole module/D": 0.066, "Total charge": 0, "Transition dipole module/D": NaN, "HOMO": -10.3004, "LUMO": -5.2716, "HOMO occupancy": 2.0, "LUMO occupancy": 0, "mulliken charges": [-0.08357, -0.03919, -0.04326, -0.0396, -0.04998, -0.0388, -0.07796, 0.02797, 0.02641, 0.02587, 0.02191, 0.0225, 0.0236, 0.0233, 0.02494, 0.03023, 0.0238, 0.02294, 0.02997, 0.03434, 0.03458], "cm5 charges": [-0.23394, -0.15116, -0.1528, -0.14566, -0.11223, -0.10295, -0.22368, 0.07874, 0.07769, 0.07715, 0.07675, 0.07799, 0.07878, 0.07815, 0.08049, 0.08488, 0.08012, 0.07879, 0.08161, 0.08551, 0.08576], "FUKUI+": [0.012, 0.006, 0.01, 0.024, -0.148, -0.151, 0.049, -0.025, -0.016, -0.021, -0.014, 0.011, -0.03, -0.053, -0.056, -0.08, -0.133, -0.134, -0.066, -0.092, -0.093], "FUKUI-": [0.015, -0.001, 0.002, 0.008, -0.056, -0.065, 0.024, -0.071, -0.049, -0.066, -0.051, -0.048, -0.047, -0.056, -0.052, -0.105, -0.07, -0.07, -0.055, -0.098, -0.09], "FUKUIrad": [0.014, 0.003, 0.006, 0.016, -0.102, -0.108, 0.037, -0.048, -0.032, -0.044, -0.032, -0.019, -0.039, -0.054, -0.054, -0.092, -0.101, -0.102, -0.06, -0.095, -0.092], "s proportion": [1.008, 1.026, 1.032, 1.027, 1.069, 1.065, 1.003, 0.972, 0.974, 0.974, 0.978, 0.978, 0.976, 0.977, 0.975, 0.97, 0.976, 0.977, 0.97, 0.966, 0.965], "p proportion": [3.076, 3.013, 3.011, 3.012, 2.981, 2.974, 3.074, 0.0, 0.0, 0.0, 0.0, 0.0, 0.0, 0.0, 0.0, 0.0, 0.0, 0.0, 0.0, 0.0, 0.0], "d proportion": [0.0, 0.0, 0.0, 0.0, 0.0, 0.0, 0.0, 0.0, 0.0, 0.0, 0.0, 0.0, 0.0, 0.0, 0.0, 0.0, 0.0, 0.0, 0.0, 0.0, 0.0], "Fermi-level/eV": -7.786, "Coordination numbers": [3.75, 3.799, 3.801, 3.803, 2.888, 2.886, 3.753, 0.924, 0.924, 0.924, 0.924, 0.924, 0.924, 0.924, 0.924, 0.924, 0.925, 0.925, 0.924, 0.924, 0.924], "Dispersion coefficient C6": [22.466, 21.497, 21.538, 21.58, 29.158, 29.064, 22.464, 2.572, 2.565, 2.571, 2.602, 2.568, 2.575, 2.614, 2.569, 2.529, 2.609, 2.631, 2.511, 2.442, 2.437], "Total dispersion C6": 3191.135271, "Total dispersion C8": 68281.933482, "Polarizability alpha": [6.76, 6.602, 6.607, 6.614, 8.853, 8.838, 6.759, 2.508, 2.504, 2.507, 2.523, 2.506, 2.51, 2.528, 2.507, 2.487, 2.526, 2.537, 2.478, 2.444, 2.441], "Total polarizability alpha": 86.038674,