{"total energy": -31.68759949, "HOMO-LUMO gap/eV": 1.479416, "electronic energy": -31.97083576, "dipole": [1.22115536, -0.06070251, 0.20115157], "partial charges": [-0.39029948, 0.33808598, -0.16075174, 0.26434186, -0.31053268, 0.18924596, -0.21355154, 0.26436583, -0.31053752, -0.16077943, 0.24520868, 0.24520409], "atomic dipole moments": [[-0.21336431, 0.00955798, 0.01744345], [-0.0963283, 0.0042782, 0.00925435], [-0.01139407, 0.05750728, -0.02513779], [0.06063445, 0.00116236, 0.01313718], [0.09018988, 0.15572406, 0.03431567], [-0.02054344, 0.00120592, -0.01026427], [0.15459041, -0.00675763, -0.02077011], [0.06021915, -0.00732791, 0.01294518], [0.07533083, -0.16469567, 0.02791274], [-0.01663839, -0.05512865, -0.02739793], [0.06879959, -0.1190773, -0.01987557], [0.07957771, 0.11289964, -0.01522489]], "atomic quadrupole moments": [[-0.05132195, -0.00386945, -0.12519699, 0.0213844, -0.00703703, 0.17651894], [-0.26130252, 0.00313816, -0.16747599, 0.0606594, -0.01475169, 0.4287785], [0.04150908, 0.09432512, -0.06222043, 0.00706469, -0.01212427, 0.02071135], [-0.15015018, -0.02576791, -0.29939687, -0.10033496, -0.11815929, 0.44954705], [-0.12056523, 0.02482454, -0.12891749, -0.04326374, -0.05861074, 0.24948272], [-0.30553848, 0.00100158, -0.23337911, 0.11585901, -0.02082984, 0.53891759], [-0.18571666, -0.00116356, -0.17898756, 0.0722305, -0.01423241, 0.36470422], [-0.14640092, 0.01485955, -0.31171539, -0.0895298, 0.09654333, 0.45811631], [-0.12507449, -0.0237545, -0.1286233, -0.03931072, 0.04720045, 0.25369779], [0.0232002, -0.10258057, -0.04471583, 0.00406707, 0.00860255, 0.02151563], [0.01611836, -0.009225, 0.03323683, 0.00287815, 0.0024549, -0.0493552], [0.01795295, 0.01053286, 0.03146636, 0.00318714, 0.0005373, -0.04941931]], "number of molecular orbitals": 42, "number of electrons": 52, "number of unpaired electrons": 0, "orbital energies/eV": [-21.40706293, -21.39356847, -21.19178245, -21.10158485, -20.64568998, -20.22520358, -19.38954293, -19.02555728, -18.95180685, -18.39102138, -17.73556402, -17.43093477, -16.63599164, -16.53143097, -16.4731689, -16.45748179, -15.88460987, -15.75588101, -15.71606103, -15.38393475, -14.14217774, -13.69507301, -13.52024602, -13.29262852, -13.12941496, -12.04457797, -10.56516196, -8.05238838, -7.73738274, -5.4452145, -1.53563877, -0.1414615, -0.00948929, 2.45682943, 3.05515878, 4.9308215, 5.71912837, 10.98048129, 11.2612844, 13.94118018, 13.96039296, 17.81164568], "fractional occupation": [2.0, 2.0, 2.0, 2.0, 2.0, 2.0, 2.0, 2.0, 2.0, 2.0, 2.0, 2.0, 2.0, 2.0, 2.0, 2.0, 2.0, 2.0, 2.0, 2.0, 2.0, 2.0, 2.0, 2.0, 2.0, 2.0, 0.0, 0.0, 0.0, 0.0, 0.0, 0.0, 0.0, 0.0, 0.0, 0.0, 0.0, 0.0, 0.0, 0.0, 0.0, 0.0], "program call": "xtb /home/svss/Project-DBcg-Debug/aqme2_20220329/End-to-End-workflows-final/example-3/QDESCP/mol_663_rdkit_conf_1/mol_663_rdkit_conf_1.xyz --pop --wbo --acc 0.2 --gfn 2 --chrg 0 --uhf 0 --etemp 300 --input /home/svss/Project-DBcg-Debug/aqme2_20220329/End-to-End-workflows-final/example-3/QDESCP/mol_663_rdkit_conf_1/mol_663_rdkit_conf_1_xtb.inp", "method": "GFN2-xTB", "xtb version": "6.3.3 (7355c4f)", "Dipole module/D": 3.149, "Total charge": 0, "Transition dipole module/D": NaN, "HOMO": -12.0446, "LUMO": -10.5652, "HOMO occupancy": 2.0, "LUMO occupancy": 0, "mulliken charges": [-0.51449, 0.57723, -0.32309, 0.46141, -0.45062, 0.34917, -0.37291, 0.46143, -0.45062, -0.32311, 0.2928, 0.2928], "cm5 charges": [-0.55104, 0.74496, -0.66091, 0.56548, -0.48868, 0.39834, -0.41234, 0.5655, -0.48869, -0.66091, 0.49415, 0.49415], "FUKUI+": [-0.128, -0.021, -0.039, -0.041, -0.151, -0.07, -0.21, -0.041, -0.151, -0.039, -0.055, -0.055], "FUKUI-": [-0.153, -0.006, -0.054, -0.029, -0.171, -0.045, -0.177, -0.029, -0.171, -0.054, -0.055, -0.055], "FUKUIrad": [-0.141, -0.013, -0.046, -0.035, -0.161, -0.058, -0.193, -0.035, -0.161, -0.046, -0.055, -0.055], "s proportion": [1.719, 0.936, 1.428, 1.004, 1.723, 1.084, 1.73, 1.004, 1.723, 1.428, 0.707, 0.707], "p proportion": [4.796, 2.487, 3.895, 2.534, 4.727, 2.567, 4.643, 2.534, 4.727, 3.895, 0.0, 0.0], "d proportion": [0.0, 0.0, 0.0, 0.0, 0.0, 0.0, 0.0, 0.0, 0.0, 0.0, 0.0, 0.0], "Fermi-level/eV": -11.3049, "Coordination numbers": [0.86, 2.694, 2.695, 2.752, 0.858, 2.815, 0.857, 2.752, 0.858, 2.695, 0.86, 0.86], "Dispersion coefficient C6": [21.486, 21.255, 24.477, 22.541, 19.973, 23.956, 18.289, 22.54, 19.973, 24.478, 0.902, 0.902], "Total dispersion C6": 2351.621298, "Total dispersion C8": 55096.275317, "Polarizability alpha": [6.215, 7.545, 7.348, 7.774, 5.992, 8.019, 5.734, 7.774, 5.992, 7.348, 1.488, 1.488], "Total polarizability alpha": 72.717057, "Wiberg matrix": [[0.0, 1.6687439688806225, 0.11200792774147064, 0.0, 0.0, 0.0, 0.0, 0.0, 0.0, 0.11200539332183167, 0.0, 0.0], [1.6687439688806225, 0.0, 1.1209674918744938, 0.0, 0.0, 0.0, 0.0, 0.0, 0.0, 1.1208941165636248, 0.0, 0.0], [0.11200792774147064, 1.1209674918744938, 0.0, 1.1511210373602196, 0.16032047872756727, 0.0, 0.0, 0.0, 0.0, 0.0, 0.9043885947769816, 0.0], [0.0, 0.0, 1.1511210373602196, 0.0, 1.7759887516711639, 0.9275508205417163, 0.0, 0.0, 0.0, 0.0, 0.0, 0.0], [0.0, 0.0, 0.16032047872756727, 1.7759887516711639, 0.0, 0.0, 0.0, 0.0, 0.0, 0.0, 0.0, 0.0], [0.0, 0.0, 0.0, 0.9275508205417163, 0.0, 0.0, 1.927867251945424, 0.9276269296202682, 0.0, 0.0, 0.0, 0.0], [0.0, 0.0, 0.0, 0.0, 0.0, 1.927867251945424, 0.0, 0.0, 0.0, 0.0, 0.0, 0.0], [0.0, 0.0, 0.0, 0.0, 0.0, 0.9276269296202682, 0.0, 0.0, 1.7759600700832996, 1.1511232720889402, 0.0, 0.0], [0.0, 0.0, 0.0, 0.0, 0.0, 0.0, 0.0, 1.7759600700832996, 0.0, 0.16034079518373576, 0.0, 0.0], [0.11200539332183167, 1.1208941165636248, 0.0, 0.0, 0.0, 0.0, 0.0, 1.1511232720889402, 0.16034079518373576, 0.0, 0.0, 0.9043977790829345], [0.0, 0.0, 0.9043885947769816, 0.0, 0.0, 0.0, 0.0, 0.0, 0.0, 0.0, 0.0, 0.0], [0.0, 0.0, 0.0, 0.0, 0.0, 0.0, 0.0, 0.0, 0.0, 0.9043977790829345, 0.0, 0.0]], "Born radii": [], "Atomic SASAs": [], "Solvent H bonds": [], "Total SASA": NaN, "Total FOD": 0.0, "FOD": [0.0, 0.0, 0.0, 0.0, 0.0, 0.0, 0.0, 0.0, 0.0, 0.0, 0.0, 0.0], "FOD s proportion": [0.0, 0.0, 0.0, 0.0, 0.0, 0.0, 0.0, 0.0, 0.0, 0.0, 0.0, 0.0], "FOD p proportion": [0.0, 0.0, 0.0, 0.0, 0.0, 0.0, 0.0, 0.0, 0.0, 0.0, 0.0, 0.0], "FOD d proportion": [0.0, 0.0, 0.0, 0.0, 0.0, 0.0, 0.0, 0.0, 0.0, 0.0, 0.0, 0.0], "coordinates": [["2.61510", "-0.12110", "-0.01850"], ["1.39480", "-0.06640", "0.08050"], ["0.63500", "-1.19610", "0.09050"], ["-0.72700", "-1.26590", "-0.06180"], ["-1.31750", "-2.31010", "-0.28610"], ["-1.44500", "0.06640", "0.03700"], ["-2.65570", "0.11980", "0.17510"], ["-0.60650", "1.32920", "-0.00990"], ["-1.09730", "2.43170", "-0.19120"], ["0.74290", "1.12760", "0.13700"], ["1.13730", "-2.06790", "-0.01650"], ["1.32400", "1.95270", "0.06400"]],