{"total energy": -48.31017838, "HOMO-LUMO gap/eV": 3.93613271, "electronic energy": -48.52273641, "dipole": [-0.90956785, -0.24103068, 0.83731701], "partial charges": [0.03640122, -0.30880545, 0.73364795, -0.47387642, -0.29849604, 0.03224895, -0.28898426, 0.19331015, -0.10037254, 0.18798762, -0.07954805, -0.07169834, -0.06822421, 0.05955107, 0.0696871, 0.07915917, 0.07447092, 0.08109737, 0.06052869, 0.0819151], "atomic dipole moments": [[0.02415723, -0.30558731, -0.04477654], [0.06198584, 0.13603567, -0.13376229], [0.14338095, -0.14677358, 0.30096601], [0.03680961, -0.05967198, 0.10373986], [-0.14984876, 0.12080065, -0.04806952], [0.2940379, 0.09415163, 0.0656065], [-0.09469298, -0.09286997, 0.12820124], [0.00281718, 0.14442321, -0.18312214], [-0.31651294, -0.55007681, -0.7576239], [0.07672413, -0.01902918, 0.00974159], [0.06648021, -0.02899014, -0.0305271], [0.03315775, 0.0346968, -0.08690881], [0.19666422, 0.66494472, 0.47320383], [0.1140992, 0.03816827, -0.03710794], [-0.09381869, 0.03472304, -0.07644405], [-0.02323536, 0.03309523, 0.11883544], [-0.01376762, 0.02903387, -0.12259907], [-0.0204281, -0.1224047, 0.01983527], [-0.06592422, 0.07128097, 0.0786678], [-0.10439092, -0.05160553, 0.06661354]], "atomic quadrupole moments": [[-0.30785964, -0.042562, 0.57783766, -0.01489426, 0.10934296, -0.26997803], [-0.09826891, -0.02383063, 0.11475222, -0.05125997, 0.03917559, -0.01648331], [0.71441868, 0.2609482, 0.20536821, -0.09618691, 0.75813094, -0.91978689], [-0.02585494, -0.01543904, -0.01842239, 0.030273, -0.04992971, 0.04427733], [0.0888688, 0.05052086, 0.02175742, 0.04880021, -0.00209922, -0.11062623], [0.49670465, 0.22756761, -0.21248629, 0.16461153, 0.04352878, -0.28421835], [0.02209534, -0.02239913, -0.04948554, 0.05007489, -0.05304592, 0.0273902], [-0.16604293, -0.12534833, 0.00750732, 0.28196768, 0.00957842, 0.15853561], [-0.36256753, 0.30181872, 0.11264679, 0.38209926, 0.70110905, 0.24992074], [-0.04160593, 0.0941689, -0.02593319, 0.04148457, -0.07626464, 0.06753911], [-0.19667222, -0.14580691, -0.04689972, 0.25093268, -0.35198503, 0.24357193], [0.19726865, 0.34575049, -0.07182912, -0.26594957, -0.17531536, -0.12543953], [-0.33920386, 0.3245306, 0.20387147, 0.32608087, 0.68184312, 0.13533239], [0.03167703, 0.02336802, 0.01587201, -0.03012537, 0.00556662, -0.04754904], [0.00200289, -0.02587969, 0.01303202, 0.05177233, -0.00369155, -0.0150349], [-0.05165531, -0.00542841, -0.01866575, -0.02493308, 0.01308324, 0.07032106], [0.00053326, 0.02016384, -0.04508213, 0.02171195, -0.02215191, 0.04454887], [-0.02325736, 0.0053225, 0.07224822, 0.0083094, -0.02553595, -0.04899086], [0.02890609, -0.0093749, -0.01344734, -0.02639123, 0.04577381, -0.01545875], [-0.01841508, 0.00851285, 0.00661006, 0.0360335, 0.00774372, 0.01180501]], "number of molecular orbitals": 84, "number of electrons": 80, "number of unpaired electrons": 0, "orbital energies/eV": [-30.09163696, -29.93602076, -23.84801564, -23.77470698, -21.48577607, -20.78264397, -20.39675939, -19.75195606, -19.13648644, -18.58180677, -18.20724483, -18.05072011, -17.68378353, -16.95184786, -16.89315546, -16.58440175, -16.28101832, -15.98923694, -15.90464665, -15.69126696, -15.48338451, -15.43318539, -15.30989232, -14.7756929, -14.43801469, -14.02509568, -13.51584063, -13.46751001, -13.08888476, -13.04490745, -12.90447136, -12.86204726, -12.72818538, -12.70429542, -12.5288823, -12.40709838, -12.38642784, -12.3333277, -12.27968189, -12.23496713, -8.29883442, -7.47678739, -6.36555087, -5.77820429, -3.34152696, -2.769935, -2.2477034, -1.85072429, -1.0603442, -1.02509956, -1.00498582, -0.98680294, -0.92615756, -0.87217357, -0.86820155, -0.82294181, -0.44943183, -0.37627285, -0.09493767, 0.06720429, 0.12681561, 0.14910843, 0.29212919, 0.51352193, 1.14405462, 1.53276392, 1.87689016, 2.49999941, 3.05345606, 3.15302742, 3.2018964, 3.68423846, 3.98632211, 4.53670804, 4.69313022, 4.84699884, 5.44817905, 7.67163653, 9.09996205, 10.86387282, 11.32797766, 25.4551501, 27.30278752, 33.53239623], "fractional occupation": [2.0, 2.0, 2.0, 2.0, 2.0, 2.0, 2.0, 2.0, 2.0, 2.0, 2.0, 2.0, 2.0, 2.0, 2.0, 2.0, 2.0, 2.0, 2.0, 2.0, 2.0, 2.0, 2.0, 2.0, 2.0, 2.0, 2.0, 2.0, 2.0, 2.0, 2.0, 2.0, 2.0, 2.0, 2.0, 2.0, 2.0, 2.0, 2.0, 2.0, 0.0, 0.0, 0.0, 0.0, 0.0, 0.0, 0.0, 0.0, 0.0, 0.0, 0.0, 0.0, 0.0, 0.0, 0.0, 0.0, 0.0, 0.0, 0.0, 0.0, 0.0, 0.0, 0.0, 0.0, 0.0, 0.0, 0.0, 0.0, 0.0, 0.0, 0.0, 0.0, 0.0, 0.0, 0.0, 0.0, 0.0, 0.0, 0.0, 0.0, 0.0, 0.0, 0.0, 0.0], "program call": "xtb /home/svss/Project-DBcg-Debug/aqme2_20220329/End-to-End-workflows-final/example-3/QDESCP/mol_870_rdkit_conf_14/mol_870_rdkit_conf_14.xyz --pop --wbo --acc 0.2 --gfn 2 --chrg 0 --uhf 0 --etemp 300 --input /home/svss/Project-DBcg-Debug/aqme2_20220329/End-to-End-workflows-final/example-3/QDESCP/mol_870_rdkit_conf_14/mol_870_rdkit_conf_14_xtb.inp", "method": "GFN2-xTB", "xtb version": "6.3.3 (7355c4f)", "Dipole module/D": 3.201, "Total charge": 0, "Transition dipole module/D": NaN, "HOMO": -12.235, "LUMO": -8.2988, "HOMO occupancy": 2.0, "LUMO occupancy": 0, "mulliken charges": [0.1809, -0.35276, 0.53021, -0.39355, -0.33919, 0.18164, -0.32216, 0.26622, -0.06532, 0.22231, -0.09952, -0.07937, -0.04726, 0.04416, 0.04549, 0.03605, 0.05017, 0.03778, 0.04235, 0.06186], "cm5 charges": [0.06626, -0.41942, 0.52554, -0.40756, -0.40663, 0.06716, -0.37129, 0.23361, -0.04878, 0.20806, -0.10234, -0.08046, -0.02876, 0.10793, 0.1076, 0.09562, 0.11271, 0.09728, 0.10564, 0.13783], "FUKUI+": [0.015, 0.001, -0.036, -0.03, 0.017, 0.013, -0.015, -0.0, -0.236, -0.025, -0.133, -0.131, -0.285, 0.001, -0.023, -0.015, -0.014, -0.013, -0.017, -0.072], "FUKUI-": [0.022, -0.03, -0.085, -0.076, -0.024, 0.021, -0.012, 0.025, -0.16, 0.02, -0.119, -0.124, -0.157, -0.027, -0.053, -0.049, -0.051, -0.044, -0.037, -0.039], "FUKUIrad": [0.019, -0.015, -0.061, -0.053, -0.003, 0.017, -0.014, 0.012, -0.198, -0.002, -0.126, -0.127, -0.221, -0.013, -0.038, -0.032, -0.033, -0.029, -0.027, -0.056], "s proportion": [0.974, 1.639, 1.304, 1.671, 1.64, 0.974, 1.639, 1.066, 1.957, 1.162, 1.956, 1.955, 1.958, 0.956, 0.955, 0.964, 0.95, 0.962, 0.958, 0.938], "p proportion": [2.845, 4.713, 1.854, 4.722, 4.699, 2.845, 4.684, 2.668, 5.117, 2.615, 5.152, 5.134, 5.083, 0.0, 0.0, 0.0, 0.0, 0.0, 0.0, 0.0], "d proportion": [0.0, 0.0, 1.313, 0.0, 0.0, 0.0, 0.0, 0.0, -0.009, 0.0, -0.009, -0.01, 0.006, 0.0, 0.0, 0.0, 0.0, 0.0, 0.0, 0.0], "Fermi-level/eV": -10.2669, "Coordination numbers": [3.924, 1.657, 4.096, 0.808, 1.657, 3.925, 1.693, 4.003, 1.011, 3.7, 1.29, 1.268, 1.456, 0.924, 0.924, 0.924, 0.924, 0.924, 0.924, 0.926], "Dispersion coefficient C6": [19.901, 19.163, 131.562, 23.239, 18.983, 19.97, 18.805, 17.478, 187.77, 17.756, 101.661, 101.417, 186.915, 2.204, 2.089, 1.988, 2.037, 1.968, 2.193, 1.959], "Total dispersion C6": 10783.425221, "Total dispersion C8": 408713.1266, "Polarizability alpha": [6.34, 5.91, 20.604, 6.462, 5.882, 6.351, 5.855, 5.939, 22.094, 6.026, 15.426, 15.407, 22.044, 2.322, 2.26, 2.205, 2.232, 2.194, 2.316, 2.189], "Total polarizability alpha": 160.056667,