{"total energy": -20.88744668, "HOMO-LUMO gap/eV": 11.96709663, "electronic energy": -21.14145986, "dipole": [-0.3776495, -0.25142529, -0.51744168], "partial charges": [-0.09987072, -0.05094405, -0.06218954, 0.12130521, -0.11591802, -0.44866825, 0.03401765, 0.03017032, 0.03123843, 0.02789813, 0.04724952, 0.03206324, 0.04418607, 0.01477591, 0.0464538, 0.03147199, 0.03576844, 0.28099187], "atomic dipole moments": [[-0.04258206, 0.0798387, 0.04763445], [-0.05725618, -0.04511884, -0.09662088], [-0.00099243, -0.1128634, 0.03211185], [-0.04846366, 0.03640081, 0.16990761], [0.08973058, -0.0388456, 0.03252981], [-0.06764686, -0.04539165, -0.22431297], [-0.06504977, -0.10679392, 0.01713677], [0.01228428, 0.02094177, -0.12275219], [0.11382112, -0.02074815, 0.04548827], [0.07644132, 0.09240734, -0.00568228], [-0.00799903, -0.02570196, 0.12493101], [0.01652375, 0.03716878, -0.11761708], [-0.0293979, 0.1042887, 0.06141716], [0.02746312, -0.10423465, -0.0513112], [-0.04705349, 0.10074206, 0.06520098], [-0.09114715, -0.08322794, 0.01181518], [0.01122627, 0.03145469, -0.12404706], [-0.05519947, -0.05557164, -0.00636707]], "atomic quadrupole moments": [[-0.04643809, -0.10994453, 0.08387206, -0.05735733, 0.13175566, -0.03743397], [0.09168468, -0.17974857, 0.01936253, 0.05366304, 0.09407718, -0.11104721], [0.18296725, 0.08201381, -0.01512177, 0.09410722, -0.05838491, -0.16784548], [-0.04366381, 0.06600279, -0.21704134, -0.01388525, -0.19707257, 0.26070515], [0.14016973, -0.09029373, -0.07970177, 0.12274397, -0.06481155, -0.06046796], [-0.07718402, 0.03725362, -0.08607491, -0.01367646, -0.04471901, 0.16325893], [0.00771576, 0.0557594, 0.03094105, -0.0230279, -0.007286, -0.03865681], [-0.05134052, -0.00587209, -0.02325284, -0.00605595, -0.02914315, 0.07459337], [0.05914193, -0.01795793, -0.03340622, 0.04874662, 0.0062686, -0.02573571], [0.01608519, 0.03188516, 0.03196792, -0.01191734, -0.01122674, -0.04805311], [-0.02383829, -0.00920848, -0.01565783, -0.02248071, -0.02619417, 0.03949612], [-0.01424399, 0.0098265, -0.0475286, -0.00926819, -0.01466881, 0.06177259], [0.00111865, -0.02535799, 0.0143916, -0.00890556, 0.0478067, -0.01551025], [-0.01452922, -0.00994125, 0.00330185, -0.01386338, 0.00880857, 0.01122736], [-0.03024851, -0.02090579, 0.03978566, -0.00667449, 0.05818512, -0.00953716], [0.01661377, 0.05846126, 0.03745593, -0.0035908, -0.01131857, -0.0540697], [-0.03123502, 0.0009433, -0.04377433, -0.01861046, -0.03126456, 0.07500935], [0.02200722, 0.11537255, 0.02202477, -0.0142726, -0.01138979, -0.04403199]], "number of molecular orbitals": 36, "number of electrons": 38, "number of unpaired electrons": 0, "orbital energies/eV": [-18.47125254, -17.10750629, -16.62396592, -16.1246061, -15.69719213, -15.12900706, -14.99828267, -14.15982845, -13.82635052, -13.45823391, -13.24031374, -12.87113718, -12.68708981, -12.49786483, -12.23606413, -11.77899481, -11.5519435, -11.36183576, -10.95601041, 1.01108622, 1.931025, 2.89104434, 3.1390797, 3.5151949, 3.84816714, 4.24237955, 4.4067945, 4.99440552, 5.21012229, 5.40717307, 6.06062898, 6.37490133, 6.97856603, 7.17660699, 7.89348327, 8.12057598], "fractional occupation": [2.0, 2.0, 2.0, 2.0, 2.0, 2.0, 2.0, 2.0, 2.0, 2.0, 2.0, 2.0, 2.0, 2.0, 2.0, 2.0, 2.0, 2.0, 2.0, 0.0, 0.0, 0.0, 0.0, 0.0, 0.0, 0.0, 0.0, 0.0, 0.0, 0.0, 0.0, 0.0, 0.0, 0.0, 0.0, 0.0], "program call": "xtb /home/svss/Project-DBcg-Debug/aqme2_20220329/End-to-End-workflows-final/example-3/QDESCP/mol_543_rdkit_conf_6/mol_543_rdkit_conf_6.xyz --pop --wbo --acc 0.2 --gfn 2 --chrg 0 --uhf 0 --etemp 300 --input /home/svss/Project-DBcg-Debug/aqme2_20220329/End-to-End-workflows-final/example-3/QDESCP/mol_543_rdkit_conf_6/mol_543_rdkit_conf_6_xtb.inp", "method": "GFN2-xTB", "xtb version": "6.3.3 (7355c4f)", "Dipole module/D": 1.749, "Total charge": 0, "Transition dipole module/D": NaN, "HOMO": -10.956, "LUMO": 1.0111, "HOMO occupancy": 2.0, "LUMO occupancy": 0, "mulliken charges": [-0.08687, -0.03241, -0.05569, 0.22575, -0.11162, -0.57028, 0.02832, 0.0222, 0.02815, 0.01989, 0.03778, 0.0197, 0.03589, 0.00752, 0.0397, 0.02777, 0.02988, 0.33433], "cm5 charges": [-0.23711, -0.14369, -0.16096, 0.17623, -0.25769, -0.78119, 0.0806, 0.07367, 0.07895, 0.07419, 0.09487, 0.07535, 0.09318, 0.07409, 0.09332, 0.0809, 0.08163, 0.50367], "FUKUI+": [0.019, 0.002, 0.012, -0.044, 0.037, -0.16, -0.019, -0.035, -0.055, -0.055, -0.036, -0.119, -0.072, -0.094, -0.07, -0.058, -0.106, -0.145], "FUKUI-": [0.022, 0.008, 0.016, -0.004, 0.02, -0.11, -0.088, -0.081, -0.065, -0.12, -0.092, -0.062, -0.071, -0.118, -0.072, -0.065, -0.058, -0.06], "FUKUIrad": [0.021, 0.005, 0.014, -0.024, 0.029, -0.135, -0.054, -0.058, -0.06, -0.087, -0.064, -0.09, -0.072, -0.106, -0.071, -0.062, -0.082, -0.103], "s proportion": [1.007, 1.025, 1.035, 1.013, 1.02, 1.697, 0.972, 0.978, 0.972, 0.98, 0.962, 0.98, 0.964, 0.992, 0.96, 0.972, 0.97, 0.666], "p proportion": [3.08, 3.007, 3.021, 2.761, 3.092, 4.873, 0.0, 0.0, 0.0, 0.0, 0.0, 0.0, 0.0, 0.0, 0.0, 0.0, 0.0, 0.0], "d proportion": [0.0, 0.0, 0.0, 0.0, 0.0, 0.0, 0.0, 0.0, 0.0, 0.0, 0.0, 0.0, 0.0, 0.0, 0.0, 0.0, 0.0, 0.0], "Fermi-level/eV": -4.9725, "Coordination numbers": [3.749, 3.798, 3.801, 3.723, 3.75, 1.653, 0.924, 0.924, 0.924, 0.924, 0.924, 0.924, 0.924, 0.924, 0.924, 0.924, 0.924, 0.804], "Dispersion coefficient C6": [22.473, 21.491, 21.695, 18.703, 22.783, 21.818, 2.53, 2.584, 2.569, 2.617, 2.355, 2.557, 2.394, 2.814, 2.365, 2.566, 2.506, 0.781], "Total dispersion C6": 2124.046421, "Total dispersion C8": 43641.558631, "Polarizability alpha": [6.761, 6.601, 6.632, 6.176, 6.807, 6.305, 2.488, 2.514, 2.507, 2.53, 2.4, 2.501, 2.42, 2.623, 2.405, 2.505, 2.476, 1.388], "Total polarizability alpha": 68.036805, "Wiberg matrix": [[0.0, 1.021408387613521, 0.0, 0.0, 0.0, 0.0, 0.9860553933267887, 0.9874827735949188, 0.9872534859632051, 0.0, 0.0, 0.0, 0.0, 0.0, 0.0, 0.0, 0.0, 0.0], [1.021408387613521, 0.0, 1.0064765093307702, 0.0, 0.0, 0.0, 0.0, 0.0, 0.0, 0.9779420229491284, 0.9767478504715035, 0.0, 0.0, 0.0, 0.0, 0.0, 0.0, 0.0], [0.0, 1.0064765093307702, 0.0, 0.9942914611952478, 0.0, 0.0, 0.0, 0.0, 0.0, 0.0, 0.0, 0.9758109806434447, 0.9753761120452422, 0.0, 0.0, 0.0, 0.0, 0.0], [0.0, 0.0, 0.9942914611952478, 0.0, 1.0022014038506781, 0.9796375136026987, 0.0, 0.0, 0.0, 0.0, 0.0, 0.0, 0.0, 0.9622685279502823, 0.0, 0.0, 0.0, 0.0], [0.0, 0.0, 0.0, 1.0022014038506781, 0.0, 0.0, 0.0, 0.0, 0.0, 0.0, 0.0, 0.0, 0.0, 0.0, 0.9855048793402779, 0.9847976539943273, 0.9856971798930232, 0.0], [0.0, 0.0, 0.0, 0.9796375136026987, 0.0, 0.0, 0.0, 0.0, 0.0, 0.0, 0.0, 0.0, 0.0, 0.0, 0.0, 0.0, 0.0, 0.9050205281928994], [0.9860553933267887, 0.0, 0.0, 0.0, 0.0, 0.0, 0.0, 0.0, 0.0, 0.0, 0.0, 0.0, 0.0, 0.0, 0.0, 0.0, 0.0, 0.0], [0.9874827735949188, 0.0, 0.0, 0.0, 0.0, 0.0, 0.0, 0.0, 0.0, 0.0, 0.0, 0.0, 0.0, 0.0, 0.0, 0.0, 0.0, 0.0], [0.9872534859632051, 0.0, 0.0, 0.0, 0.0, 0.0, 0.0, 0.0, 0.0, 0.0, 0.0, 0.0, 0.0, 0.0, 0.0, 0.0, 0.0, 0.0], [0.0, 0.9779420229491284, 0.0, 0.0, 0.0, 0.0, 0.0, 0.0, 0.0, 0.0, 0.0, 0.0, 0.0, 0.0, 0.0, 0.0, 0.0, 0.0], [0.0, 0.9767478504715035, 0.0, 0.0, 0.0, 0.0, 0.0, 0.0, 0.0, 0.0, 0.0, 0.0, 0.0, 0.0, 0.0, 0.0, 0.0, 0.0], [0.0, 0.0, 0.9758109806434447, 0.0, 0.0, 0.0, 0.0, 0.0, 0.0, 0.0, 0.0, 0.0, 0.0, 0.0, 0.0, 0.0, 0.0, 0.0], [0.0, 0.0, 0.9753761120452422, 0.0, 0.0, 0.0, 0.0, 0.0, 0.0, 0.0, 0.0, 0.0, 0.0, 0.0, 0.0, 0.0, 0.0, 0.0], [0.0, 0.0, 0.0, 0.9622685279502823, 0.0, 0.0, 0.0, 0.0, 0.0, 0.0, 0.0, 0.0, 0.0, 0.0, 0.0, 0.0, 0.0, 0.0], [0.0, 0.0, 0.0, 0.0, 0.9855048793402779, 0.0, 0.0, 0.0, 0.0, 0.0, 0.0, 0.0, 0.0, 0.0, 0.0, 0.0, 0.0, 0.0], [0.0, 0.0, 0.0, 0.0, 0.9847976539943273, 0.0, 0.0, 0.0, 0.0, 0.0, 0.0, 0.0, 0.0, 0.0, 0.0, 0.0, 0.0, 0.0], [0.0, 0.0, 0.0, 0.0, 0.9856971798930232, 0.0, 0.0, 0.0, 0.0, 0.0, 0.0, 0.0, 0.0, 0.0, 0.0, 0.0, 0.0, 0.0], [0.0, 0.0, 0.0, 0.0, 0.0, 0.9050205281928994, 0.0, 0.0, 0.0, 0.0, 0.0, 0.0, 0.0, 0.0, 0.0, 0.0, 0.0, 0.0]], "Born radii": [], "Atomic SASAs": [], "Solvent H bonds": [], "Total SASA": NaN, "Total FOD": 0.0,