{"total energy": -24.04737421, "HOMO-LUMO gap/eV": 12.01752169, "electronic energy": -24.34501895, "dipole": [-0.23248793, 0.59191744, -0.01630387], "partial charges": [-0.09923844, -0.05200489, -0.06094885, -0.01262674, -0.10146266, 0.08433564, -0.44189661, 0.03180883, 0.03150737, 0.0293747, 0.03257426, 0.02818355, 0.02866734, 0.04698478, 0.03129316, 0.03454233, 0.03075453, 0.04924703, 0.01462474, 0.01248717, 0.28179277], "atomic dipole moments": [[-0.04682658, -0.07486237, -0.04585772], [-0.04337703, 0.10414705, 0.0060455], [0.01672412, 0.01844429, 0.12016266], [-0.05633649, -0.05579941, -0.05294627], [0.025854, 0.08168675, -0.07455892], [-0.02909774, -0.18345032, -0.06310593], [-0.01168947, 0.23914255, 0.04865275], [-0.05854368, 0.03598007, 0.10527302], [0.01399163, 0.10014106, -0.07540861], [0.11370482, -0.03645556, 0.03407007], [-0.00889341, -0.09772123, 0.07648601], [0.07203692, -0.04066645, -0.08803955], [0.01926513, 0.08151025, -0.08922117], [-0.04091837, -0.10034555, -0.06479725], [0.04248618, 0.0994181, 0.05732225], [0.09596015, -0.02303718, 0.07596263], [-0.09169725, 0.03905965, 0.07636108], [-0.03826588, -0.11474418, -0.04880922], [-0.08363535, 0.04071563, 0.07012051], [0.01885891, 0.07738353, -0.08464132], [-0.06186532, 0.03908155, -0.03156369]], "atomic quadrupole moments": [[-0.02956668, 0.11007554, 0.08234032, 0.07625731, 0.12024171, -0.05277364], [0.08970537, 0.04003803, -0.00562603, 0.17617304, 0.08717796, -0.08407934], [0.15742537, -0.14656184, -0.15504448, -0.01765345, 0.02674968, -0.00238089], [0.06235083, -0.09044118, -0.10699793, -0.01820836, -0.1146533, 0.0446471], [-0.07436085, 0.03445925, 0.03309663, -0.06045189, -0.1705081, 0.04126422], [-0.02225109, 0.16233123, 0.13686069, 0.24215296, 0.21486576, -0.11460959], [-0.04238679, 0.06315415, 0.09941511, 0.06969056, 0.09493581, -0.05702832], [0.00217723, -0.00573666, -0.03038826, -0.05823791, 0.02738824, 0.02821103], [-0.04938271, 0.00882534, 0.02959513, 0.00313553, -0.05659443, 0.01978758], [0.05858035, -0.03904241, -0.01864378, 0.03387733, 0.00085762, -0.03993656], [-0.02206114, 0.02587176, 0.00332312, -0.00400165, -0.04189001, 0.01873803], [0.01103596, -0.00584799, -0.03899779, -0.03064516, 0.02533442, 0.02796183], [-0.01292101, 0.00047451, 0.02284717, -0.01955333, -0.04940549, -0.00992617], [0.00468729, 0.02476506, 0.03034931, 0.01380077, 0.03020872, -0.03503661], [-0.00920775, 0.02484205, 0.01345781, 0.01336094, 0.01849978, -0.00425006], [0.0534114, -0.00698019, -0.03932686, 0.05346076, -0.01837132, -0.01408455], [0.0232957, -0.04284021, -0.01577793, -0.05357274, 0.01702062, -0.00751776], [-0.03860142, 0.02970517, 0.03732725, 0.01558155, 0.0455953, 0.00127416], [0.00970895, -7.372e-05, -0.02287214, -0.02404496, 0.03699137, 0.01316319], [-0.02137012, 0.03576461, 0.0076138, -0.00135034, -0.02715428, 0.01375632], [0.06428728, -0.04980825, -0.02815158, 0.0918968, -0.01780297, -0.0361357]], "number of molecular orbitals": 42, "number of electrons": 44, "number of unpaired electrons": 0, "orbital energies/eV": [-18.52045531, -17.10973937, -16.64428489, -16.1520921, -15.85593508, -15.3901506, -15.33208163, -14.71160857, -14.17402331, -13.95103589, -13.64010792, -13.3212866, -12.97742113, -12.88087051, -12.70132025, -12.17275229, -11.98227174, -11.9351158, -11.43015598, -11.34149871, -11.30511337, -10.99261337, 1.02490832, 1.72652236, 2.60585804, 2.74117045, 3.3125282, 3.68705638, 3.72593319, 3.92268133, 4.10164965, 4.74748762, 5.39488491, 5.40998285, 5.98180891, 6.157578, 6.30042525, 6.94670451, 7.27406434, 7.65504246, 7.93238931, 8.13225895], "fractional occupation": [2.0, 2.0, 2.0, 2.0, 2.0, 2.0, 2.0, 2.0, 2.0, 2.0, 2.0, 2.0, 2.0, 2.0, 2.0, 2.0, 2.0, 2.0, 2.0, 2.0, 2.0, 2.0, 0.0, 0.0, 0.0, 0.0, 0.0, 0.0, 0.0, 0.0, 0.0, 0.0, 0.0, 0.0, 0.0, 0.0, 0.0, 0.0, 0.0, 0.0, 0.0, 0.0], "program call": "xtb /home/svss/Project-DBcg-Debug/aqme2_20220329/End-to-End-workflows-final/example-3/QDESCP/mol_896_rdkit_conf_20/mol_896_rdkit_conf_20.xyz --pop --wbo --acc 0.2 --gfn 2 --chrg 0 --uhf 0 --etemp 300 --input /home/svss/Project-DBcg-Debug/aqme2_20220329/End-to-End-workflows-final/example-3/QDESCP/mol_896_rdkit_conf_20/mol_896_rdkit_conf_20_xtb.inp", "method": "GFN2-xTB", "xtb version": "6.3.3 (7355c4f)", "Dipole module/D": 1.617, "Total charge": 0, "Transition dipole module/D": NaN, "HOMO": -10.9926, "LUMO": 1.0249, "HOMO occupancy": 2.0, "LUMO occupancy": 0, "mulliken charges": [-0.08573, -0.04007, -0.04988, -0.01044, -0.08463, 0.19365, -0.56888, 0.0256, 0.02537, 0.02765, 0.02337, 0.02336, 0.02091, 0.03917, 0.0163, 0.02548, 0.02599, 0.04101, 0.00847, 0.00786, 0.33545], "cm5 charges": [-0.2363, -0.15265, -0.15714, -0.0801, -0.23192, 0.10833, -0.78453, 0.07751, 0.07682, 0.07844, 0.07848, 0.07758, 0.07687, 0.09707, 0.07559, 0.07763, 0.07806, 0.09503, 0.07108, 0.07048, 0.50365], "FUKUI+": [0.02, 0.002, -0.019, -0.015, 0.024, -0.008, -0.114, -0.022, -0.028, -0.056, -0.04, -0.058, -0.049, -0.046, -0.106, -0.059, -0.057, -0.043, -0.108, -0.09, -0.127], "FUKUI-": [0.022, 0.008, 0.004, -0.011, 0.021, 0.024, -0.104, -0.079, -0.062, -0.057, -0.081, -0.117, -0.059, -0.051, -0.058, -0.043, -0.055, -0.05, -0.106, -0.09, -0.056], "FUKUIrad": [0.021, 0.005, -0.008, -0.013, 0.022, 0.008, -0.109, -0.05, -0.045, -0.056, -0.06, -0.087, -0.054, -0.049, -0.082, -0.051, -0.056, -0.046, -0.107, -0.09, -0.091], "s proportion": [1.007, 1.027, 1.035, 1.055, 1.009, 0.994, 1.694, 0.974, 0.975, 0.972, 0.977, 0.977, 0.979, 0.961, 0.984, 0.975, 0.974, 0.959, 0.992, 0.992, 0.665], "p proportion": [3.079, 3.013, 3.015, 2.955, 3.075, 2.812, 4.874, 0.0, 0.0, 0.0, 0.0, 0.0, 0.0, 0.0, 0.0, 0.0, 0.0, 0.0, 0.0, 0.0, 0.0], "d proportion": [0.0, 0.0, 0.0, 0.0, 0.0, 0.0, 0.0, 0.0, 0.0, 0.0, 0.0, 0.0, 0.0, 0.0, 0.0, 0.0, 0.0, 0.0, 0.0, 0.0, 0.0], "Fermi-level/eV": -4.9839, "Coordination numbers": [3.749, 3.798, 3.801, 3.846, 3.751, 3.676, 1.653, 0.924, 0.924, 0.924, 0.924, 0.924, 0.924, 0.924, 0.924, 0.924, 0.924, 0.924, 0.924, 0.924, 0.804], "Dispersion coefficient C6": [22.46, 21.51, 21.672, 20.769, 22.5, 19.394, 21.68, 2.561, 2.565, 2.595, 2.55, 2.613, 2.606, 2.358, 2.568, 2.523, 2.576, 2.329, 2.817, 2.85, 0.779], "Total dispersion C6": 2919.12979, "Total dispersion C8": 60147.31684, "Polarizability alpha": [6.759, 6.604, 6.628, 6.482, 6.765, 6.31, 6.286, 2.503, 2.505, 2.519, 2.497, 2.528, 2.524, 2.401, 2.506, 2.484, 2.51, 2.387, 2.625, 2.64, 1.386], "Total polarizability alpha": 79.848684,