{"total energy": -23.02290227, "HOMO-LUMO gap/eV": 3.7261283, "electronic energy": -23.32015662, "dipole": [-0.30258581, 0.63248609, -1.0909008], "partial charges": [-0.10164402, -0.04470026, -0.08340599, 0.23127395, -0.36295882, -0.07604255, -0.09709137, 0.03434752, 0.04245246, 0.03944829, 0.03824785, 0.03158539, 0.06146044, 0.04383611, 0.06114368, 0.05214618, 0.04968909, 0.0459978, 0.03421426], "atomic dipole moments": [[0.04970738, -0.00065731, -0.10041801], [0.0573108, -0.06786487, 0.08569777], [-0.01848066, 0.10004541, 0.04581786], [0.00948301, -0.01194521, 0.01122855], [-0.03302915, 0.0702616, -0.14093605], [0.02263111, -0.03933926, 0.07365896], [-0.09751725, -0.02114377, -0.07508493], [-0.10126669, 0.07233644, -0.00548409], [-0.03874449, -0.11603931, 0.03810341], [0.07533224, 0.04990603, 0.09184755], [-0.08175698, -0.03727333, -0.08210431], [0.0271385, 0.11648056, -0.03281143], [-0.02965026, -0.12183054, 0.03486384], [0.04326352, -0.01613152, -0.11651793], [-0.07128276, 0.11071731, 0.00272502], [0.043955, -0.0258901, -0.11946887], [-0.03189883, 0.02850916, 0.12220432], [0.08001528, -0.10192621, 0.00564738], [0.063813, 0.09634896, -0.04606031]], "atomic quadrupole moments": [[-0.04351204, -0.02073418, -0.12555374, -0.1456625, 0.00413808, 0.16906578], [0.05536546, -0.17250042, -0.08821982, -0.12263725, -0.00270691, 0.03285436], [0.13357532, -0.07777579, -0.07894906, 0.13399625, 0.04002575, -0.05462626], [0.06971502, -0.37048322, 0.05352987, -0.26942526, 0.29579217, -0.1232449], [0.02751785, -0.16298208, 0.02354486, -0.11632756, 0.12295354, -0.05106271], [0.05810845, 0.15719596, -0.03164157, 0.11854802, -0.0768827, -0.02646688], [0.12005845, 0.07301507, -0.10927818, 0.17344756, 0.03117854, -0.01078027], [0.03523953, -0.06540365, -0.00725054, 0.00729402, -0.01138032, -0.02798899], [-0.04293862, 0.02721026, 0.06831354, -0.01272124, -0.01891449, -0.02537492], [0.02075845, 0.03547444, -0.032924, 0.0446595, 0.02486189, 0.01216555], [0.01811653, 0.01611884, -0.02550139, 0.02595845, 0.0350403, 0.00738485], [-0.01398971, 0.02827673, 0.04184829, -0.01988181, -0.00983651, -0.02785858], [-0.01080832, 0.0245202, 0.02982516, -0.00639365, -0.03749933, -0.01901684], [-0.01724297, 0.00368389, -0.03936612, -0.03203416, -0.0049863, 0.05660909], [0.01456945, -0.04320874, 0.02699615, 0.01868135, 0.01187896, -0.0415656], [-0.00186627, 0.01240163, -0.05003926, -0.0165335, 0.02901503, 0.05190553], [-0.01193449, -0.0088685, -0.04479269, -0.03409392, 0.02544037, 0.05672718], [-0.00284081, -0.05073827, 0.04360274, 0.00794682, 0.01224971, -0.04076193], [-0.01241206, 0.05041993, 0.02933672, -0.01405263, -0.04699819, -0.01692465]], "number of molecular orbitals": 40, "number of electrons": 42, "number of unpaired electrons": 0, "orbital energies/eV": [-19.03324696, -17.48272333, -17.19837286, -16.64910804, -15.99413362, -15.65344065, -15.19409127, -14.80090683, -14.49445936, -14.23785134, -13.82236345, -13.43629906, -13.3417963, -13.063468, -12.74560122, -12.47464797, -12.24073861, -12.12946243, -12.10640276, -11.93022219, -10.62425164, -6.89812333, 1.43398075, 2.43733797, 2.92233168, 3.43465481, 3.61216894, 3.6340076, 4.0047818, 4.45824516, 4.78823398, 4.86824938, 5.25561492, 5.53376456, 6.29370739, 6.80041265, 7.2099138, 7.5867694, 7.72782374, 15.0461985], "fractional occupation": [2.0, 2.0, 2.0, 2.0, 2.0, 2.0, 2.0, 2.0, 2.0, 2.0, 2.0, 2.0, 2.0, 2.0, 2.0, 2.0, 2.0, 2.0, 2.0, 2.0, 2.0, 0.0, 0.0, 0.0, 0.0, 0.0, 0.0, 0.0, 0.0, 0.0, 0.0, 0.0, 0.0, 0.0, 0.0, 0.0, 0.0, 0.0, 0.0, 0.0], "program call": "xtb /home/svss/Project-DBcg-Debug/aqme2_20220329/End-to-End-workflows-final/example-3/QDESCP/mol_396_rdkit_conf_3/mol_396_rdkit_conf_3.xyz --pop --wbo --acc 0.2 --gfn 2 --chrg 0 --uhf 0 --etemp 300 --input /home/svss/Project-DBcg-Debug/aqme2_20220329/End-to-End-workflows-final/example-3/QDESCP/mol_396_rdkit_conf_3/mol_396_rdkit_conf_3_xtb.inp", "method": "GFN2-xTB", "xtb version": "6.3.3 (7355c4f)", "Dipole module/D": 3.296, "Total charge": 0, "Transition dipole module/D": NaN, "HOMO": -10.6243, "LUMO": -6.8981, "HOMO occupancy": 2.0, "LUMO occupancy": 0, "mulliken charges": [-0.08528, -0.02897, -0.08699, 0.39103, -0.49464, -0.0772, -0.07009, 0.03011, 0.03658, 0.039, 0.03041, 0.02122, 0.0565, 0.03789, 0.04854, 0.04104, 0.04329, 0.04121, 0.02634], "cm5 charges": [-0.2349, -0.14015, -0.18886, 0.40799, -0.54578, -0.18142, -0.21808, 0.08091, 0.08823, 0.09203, 0.08472, 0.07659, 0.11496, 0.09374, 0.10491, 0.09697, 0.09663, 0.09425, 0.07726], "FUKUI+": [0.021, 0.009, 0.022, -0.189, -0.292, 0.027, 0.033, -0.046, -0.025, 0.003, -0.062, -0.032, -0.066, -0.087, -0.098, -0.093, -0.031, -0.031, -0.061], "FUKUI-": [0.023, 0.01, -0.008, -0.036, -0.183, -0.01, 0.021, -0.06, -0.054, -0.065, -0.115, -0.067, -0.068, -0.068, -0.069, -0.066, -0.04, -0.055, -0.092], "FUKUIrad": [0.022, 0.01, 0.007, -0.112, -0.237, 0.009, 0.027, -0.053, -0.04, -0.031, -0.088, -0.05, -0.067, -0.077, -0.084, -0.08, -0.036, -0.043, -0.077], "s proportion": [1.008, 1.026, 1.043, 1.081, 1.74, 1.037, 1.003, 0.97, 0.963, 0.961, 0.97, 0.979, 0.943, 0.962, 0.951, 0.959, 0.957, 0.959, 0.974], "p proportion": [3.077, 3.003, 3.044, 2.528, 4.754, 3.041, 3.067, 0.0, 0.0, 0.0, 0.0, 0.0, 0.0, 0.0, 0.0, 0.0, 0.0, 0.0, 0.0], "d proportion": [0.0, 0.0, 0.0, 0.0, 0.0, 0.0, 0.0, 0.0, 0.0, 0.0, 0.0, 0.0, 0.0, 0.0, 0.0, 0.0, 0.0, 0.0, 0.0], "Fermi-level/eV": -8.7612, "Coordination numbers": [3.749, 3.8, 3.802, 2.812, 0.856, 3.8, 3.75, 0.924, 0.924, 0.924, 0.924, 0.924, 0.924, 0.924, 0.924, 0.924, 0.924, 0.924, 0.924], "Dispersion coefficient C6": [22.506, 21.375, 22.09, 23.154, 20.955, 21.953, 22.417, 2.526, 2.417, 2.456, 2.472, 2.564, 2.182, 2.399, 2.186, 2.293, 2.324, 2.371, 2.527], "Total dispersion C6": 2633.938535, "Total dispersion C8": 56073.616524, "Polarizability alpha": [6.766, 6.583, 6.691, 7.884, 6.137, 6.671, 6.752, 2.485, 2.431, 2.451, 2.459, 2.504, 2.31, 2.422, 2.312, 2.368, 2.384, 2.408, 2.486], "Total polarizability alpha": 76.50542,