{"total energy": -24.0504982, "HOMO-LUMO gap/eV": 12.00473704, "electronic energy": -24.34829848, "dipole": [0.72155867, 0.02638512, 0.32137302], "partial charges": [-0.10065799, -0.05255524, -0.0623386, -0.02447838, -0.10368275, 0.07765343, -0.44380349, 0.03387784, 0.03204231, 0.03270858, 0.0252933, 0.02952442, 0.03352543, 0.03511362, 0.02703877, 0.04666483, 0.03117162, 0.03595352, 0.01530686, 0.04411907, 0.28752282], "atomic dipole moments": [[-0.08812379, -0.04647159, 0.0199418], [0.0087037, 0.10791026, -0.01345362], [-0.01433002, -0.10794044, 0.02233213], [-0.01480976, 0.02472818, -0.08877104], [0.0781636, -0.07930691, -0.00675489], [0.00775468, 0.13529581, -0.14251592], [0.15875717, -0.05667881, 0.17029712], [0.03202177, 0.0818592, 0.09097602], [-0.00541351, 0.06227257, -0.10929247], [0.09220379, -0.08439377, -0.00896538], [-0.0176232, -0.08209555, -0.08908587], [0.0149199, -0.06458423, 0.10564303], [-0.01126175, 0.06441996, -0.10638886], [0.03118894, 0.08908598, 0.08074672], [0.01426201, -0.0484951, 0.11183914], [-0.02509232, 0.06515091, -0.10908346], [0.03428198, 0.08498548, 0.08450117], [-0.11025702, -0.04749543, 0.0412389], [0.07032533, -0.09341656, -0.01473428], [-0.10849473, -0.05056262, 0.04102581], [0.07351056, 0.00988289, -0.02428329]], "atomic quadrupole moments": [[0.15229884, 0.13473819, -0.03763061, -0.06531671, -0.03314066, -0.11466823], [0.20583284, -0.00991084, 0.01340651, -0.07406939, -0.01698088, -0.21923935], [0.20157195, -0.05431236, -0.00358477, -0.10705611, -0.02454664, -0.19798718], [0.07678564, 0.02240791, 0.05189403, -0.02692067, 0.11433918, -0.12867966], [0.06661036, -0.16121679, 0.06504156, -0.02386573, 0.03963085, -0.13165193], [-0.27439278, 0.01805356, -0.09562089, 0.13193509, -0.12180765, 0.37001367], [-0.04793603, -0.00642674, -0.07729914, 0.04483908, -0.09437036, 0.12523518], [-0.03385908, 0.02065852, 0.00345907, 0.00578014, 0.05862409, 0.03040001], [-0.03007076, 0.0005493, -0.01830666, 0.0196519, -0.05376679, 0.04837742], [0.0253778, -0.0544907, 0.02766645, -0.0093835, 0.00234783, -0.05304425], [-0.00942831, 0.01415572, -0.00783297, 0.01553335, 0.04418399, 0.01726128], [-0.01676696, -0.00453943, -0.02341858, 0.00301791, -0.0348648, 0.04018554], [-0.01768914, -0.01335314, -0.03095939, 0.01131764, -0.02810135, 0.04864853], [-0.00943318, 0.01121277, -0.00479685, 0.01140263, 0.0459494, 0.01423003], [-0.01852959, -0.00387916, -0.00764638, 0.01259015, -0.0208859, 0.02617597], [-0.03835317, -0.01239528, -0.02313952, 0.00527639, -0.04150286, 0.06149268], [-0.01899116, 0.02053522, 0.00987866, 0.03832352, 0.05715634, 0.0091125], [0.04436119, 0.04211407, -0.0032166, -0.03316562, -0.0197763, -0.04114459], [0.00765341, -0.04870937, -0.00965975, 0.00291543, -0.00546641, 0.00200634], [0.04134467, 0.01980419, -0.03657979, -0.02199716, -0.00229313, -0.00476489], [0.0933296, 0.03207734, -0.07430248, -0.06688862, -0.04130475, -0.01902712]], "number of molecular orbitals": 42, "number of electrons": 44, "number of unpaired electrons": 0, "orbital energies/eV": [-18.4790603, -17.22887905, -16.89403159, -16.4577601, -16.03993053, -15.47161366, -15.31251059, -14.85611074, -14.47232009, -14.12752324, -13.83627443, -13.45597751, -13.29187828, -12.81494682, -12.58322878, -12.48345823, -12.39068412, -11.99305672, -11.80087654, -11.66736626, -11.56358834, -10.95549408, 1.04924296, 1.72461092, 2.12803802, 2.41743487, 2.8290293, 3.44609649, 3.70797542, 4.19537463, 4.43084161, 4.58775527, 4.88703338, 5.16746433, 5.68968238, 6.02844428, 6.51343883, 6.85524821, 7.05198237, 7.14798701, 7.51685331, 8.0562808], "fractional occupation": [2.0, 2.0, 2.0, 2.0, 2.0, 2.0, 2.0, 2.0, 2.0, 2.0, 2.0, 2.0, 2.0, 2.0, 2.0, 2.0, 2.0, 2.0, 2.0, 2.0, 2.0, 2.0, 0.0, 0.0, 0.0, 0.0, 0.0, 0.0, 0.0, 0.0, 0.0, 0.0, 0.0, 0.0, 0.0, 0.0, 0.0, 0.0, 0.0, 0.0, 0.0, 0.0], "program call": "xtb /home/svss/Project-DBcg-Debug/aqme2_20220329/End-to-End-workflows-final/example-3/QDESCP/mol_896_rdkit_conf_6/mol_896_rdkit_conf_6.xyz --pop --wbo --acc 0.2 --gfn 2 --chrg 0 --uhf 0 --etemp 300 --input /home/svss/Project-DBcg-Debug/aqme2_20220329/End-to-End-workflows-final/example-3/QDESCP/mol_896_rdkit_conf_6/mol_896_rdkit_conf_6_xtb.inp", "method": "GFN2-xTB", "xtb version": "6.3.3 (7355c4f)", "Dipole module/D": 2.009, "Total charge": 0, "Transition dipole module/D": NaN, "HOMO": -10.9555, "LUMO": 1.0492, "HOMO occupancy": 2.0, "LUMO occupancy": 0, "mulliken charges": [-0.08297, -0.04278, -0.05532, -0.02772, -0.08395, 0.18932, -0.56466, 0.02845, 0.02697, 0.02953, 0.01907, 0.02313, 0.02497, 0.02792, 0.01966, 0.03812, 0.02541, 0.03007, 0.00978, 0.03093, 0.33407], "cm5 charges": [-0.23345, -0.15554, -0.16358, -0.09792, -0.23145, 0.10421, -0.78018, 0.07974, 0.07828, 0.0803, 0.07509, 0.07805, 0.08264, 0.08366, 0.07826, 0.09201, 0.07686, 0.08192, 0.07278, 0.09396, 0.50436], "FUKUI+": [0.014, -0.007, -0.02, -0.027, 0.016, -0.006, -0.102, -0.043, -0.039, -0.077, -0.041, -0.048, -0.048, -0.062, -0.091, -0.047, -0.06, -0.074, -0.077, -0.084, -0.076], "FUKUI-": [0.02, 0.009, 0.017, -0.012, 0.019, 0.008, -0.127, -0.076, -0.054, -0.064, -0.079, -0.064, -0.056, -0.088, -0.066, -0.042, -0.075, -0.054, -0.098, -0.071, -0.046], "FUKUIrad": [0.017, 0.001, -0.002, -0.019, 0.018, 0.001, -0.115, -0.059, -0.046, -0.07, -0.06, -0.056, -0.052, -0.075, -0.079, -0.045, -0.068, -0.064, -0.087, -0.078, -0.061], "s proportion": [1.008, 1.028, 1.037, 1.061, 1.011, 0.994, 1.695, 0.972, 0.973, 0.97, 0.981, 0.977, 0.975, 0.972, 0.98, 0.962, 0.975, 0.97, 0.99, 0.969, 0.666], "p proportion": [3.075, 3.015, 3.018, 2.966, 3.073, 2.816, 4.87, 0.0, 0.0, 0.0, 0.0, 0.0, 0.0, 0.0, 0.0, 0.0, 0.0, 0.0, 0.0, 0.0, 0.0], "d proportion": [0.0, 0.0, 0.0, 0.0, 0.0, 0.0, 0.0, 0.0, 0.0, 0.0, 0.0, 0.0, 0.0, 0.0, 0.0, 0.0, 0.0, 0.0, 0.0, 0.0, 0.0], "Fermi-level/eV": -4.9531, "Coordination numbers": [3.75, 3.799, 3.803, 3.847, 3.752, 3.675, 1.653, 0.924, 0.924, 0.924, 0.924, 0.924, 0.924, 0.923, 0.924, 0.924, 0.924, 0.924, 0.924, 0.924, 0.804], "Dispersion coefficient C6": [22.486, 21.519, 21.696, 20.977, 22.541, 19.505, 21.719, 2.532, 2.558, 2.548, 2.654, 2.593, 2.537, 2.515, 2.629, 2.362, 2.57, 2.504, 2.806, 2.395, 0.76], "Total dispersion C6": 2913.345337, "Total dispersion C8": 60101.012547, "Polarizability alpha": [6.763, 6.605, 6.631, 6.515, 6.77, 6.328, 6.291, 2.488, 2.501, 2.496, 2.548, 2.518, 2.491, 2.48, 2.536, 2.403, 2.507, 2.474, 2.619, 2.42, 1.369], "Total polarizability alpha": 79.756599,