{"total energy": -20.88877806, "HOMO-LUMO gap/eV": 11.6848172, "electronic energy": -21.14086156, "dipole": [0.59681937, -0.22863645, -0.33812837], "partial charges": [-0.10301558, -0.02465157, -0.10753512, 0.11742606, -0.10839088, -0.45222836, 0.02868133, 0.03362511, 0.03639726, 0.04244804, 0.03250644, 0.03767239, 0.03666586, 0.01077839, 0.03802212, 0.04795749, 0.05005173, 0.28358928], "atomic dipole moments": [[-0.0744838, -0.06031955, 0.0301425], [0.01444962, -0.02042305, -0.10105625], [-0.03387772, 0.09916983, 0.00255563], [-0.05202162, 0.14387262, 0.09233005], [0.09683172, 0.05819564, -0.0385338], [0.15952049, -0.14317361, -0.09715654], [0.02904251, -0.01390304, -0.12183667], [-0.02662035, 0.12085081, 0.01962666], [0.10737567, -0.01940785, 0.06532971], [-0.01777174, 0.03013848, 0.1219119], [0.0199491, -0.04032108, -0.1187079], [0.10817452, -0.01706552, 0.06191715], [-0.08048118, -0.08046014, 0.05515367], [0.01236356, -0.00905821, -0.11935276], [0.01934218, -0.12364302, -0.02385372], [-0.02989037, 0.01477162, 0.12423054], [-0.10964947, 0.03279386, -0.05801347], [0.05086173, 0.03535323, -0.04835281]], "atomic quadrupole moments": [[0.06664622, 0.13324663, 0.01862541, -0.07863416, -0.07503115, -0.08527163], [0.08645938, 0.00547603, 0.10310134, 0.05870547, -0.07711237, -0.18956071], [-0.06108879, -0.08651451, 0.19016077, -0.00474977, 0.02401743, -0.12907198], [-0.02728053, -0.09324785, 0.32084459, 0.01991619, 0.0060224, -0.29356406], [0.08302381, 0.15075823, 0.01656379, -0.07841541, -0.07525913, -0.0995876], [-0.03853399, -0.06930139, 0.14126357, -0.0384131, 0.02411397, -0.10272959], [-0.03938898, 0.00742914, -0.03673458, -0.01738489, 0.02689819, 0.07612356], [-0.01938733, -0.03682392, 0.06498111, -0.01746361, 0.01544683, -0.04559378], [0.03538199, -0.01698965, -0.02969694, 0.05318562, -0.0274667, -0.00568506], [-0.0165984, 0.00287661, -0.00930392, -0.0192271, 0.00764169, 0.02590233], [-0.04803234, -0.00896242, -0.02989207, -0.01243218, 0.01974624, 0.07792441], [0.04759316, 0.00049527, -0.02836612, 0.05904027, 0.00395147, -0.01922704], [0.02868456, 0.04269127, 0.00115886, -0.04324399, -0.0243339, -0.02984342], [-0.02043749, -0.00528954, 0.00947759, -0.01808455, 0.01033119, 0.0109599], [-0.0274906, -0.0324676, 0.07285346, -0.01383005, 0.02316938, -0.04536287], [-0.03561899, 0.00729167, -0.04450589, -0.00874233, 0.01968816, 0.08012488], [0.03425754, -0.02406844, -0.03128407, 0.05165783, -0.03003149, -0.00297347], [-0.00673343, 0.06478817, 0.02973333, -0.08402538, -0.05537512, -0.0229999]], "number of molecular orbitals": 36, "number of electrons": 38, "number of unpaired electrons": 0, "orbital energies/eV": [-18.43955077, -17.17291408, -16.71268413, -16.06447475, -15.66636776, -15.25304093, -15.19448576, -14.06203352, -13.87619684, -13.6678187, -12.95583445, -12.81741201, -12.6439248, -12.5947486, -12.2372455, -12.00633484, -11.8897931, -11.62709372, -10.87812878, 0.80668842, 1.67424109, 2.3805667, 2.63538801, 3.40207671, 3.8601158, 4.3179575, 4.61179838, 4.84784269, 5.47202858, 5.71428404, 6.02404387, 6.25486232, 6.84400936, 7.00864403, 7.600946, 7.92778372], "fractional occupation": [2.0, 2.0, 2.0, 2.0, 2.0, 2.0, 2.0, 2.0, 2.0, 2.0, 2.0, 2.0, 2.0, 2.0, 2.0, 2.0, 2.0, 2.0, 2.0, 0.0, 0.0, 0.0, 0.0, 0.0, 0.0, 0.0, 0.0, 0.0, 0.0, 0.0, 0.0, 0.0, 0.0, 0.0, 0.0, 0.0], "program call": "xtb /home/svss/Project-DBcg-Debug/aqme2_20220329/End-to-End-workflows-final/example-3/QDESCP/mol_471_rdkit_conf_6/mol_471_rdkit_conf_6.xyz --pop --wbo --acc 0.2 --gfn 2 --chrg 0 --uhf 0 --etemp 300 --input /home/svss/Project-DBcg-Debug/aqme2_20220329/End-to-End-workflows-final/example-3/QDESCP/mol_471_rdkit_conf_6/mol_471_rdkit_conf_6_xtb.inp", "method": "GFN2-xTB", "xtb version": "6.3.3 (7355c4f)", "Dipole module/D": 1.838, "Total charge": 0, "Transition dipole module/D": NaN, "HOMO": -10.8781, "LUMO": 0.8067, "HOMO occupancy": 2.0, "LUMO occupancy": 0, "mulliken charges": [-0.09037, -0.02508, -0.09405, 0.21933, -0.09277, -0.57061, 0.02251, 0.03047, 0.03198, 0.03315, 0.02622, 0.03267, 0.03032, 0.0067, 0.02392, 0.0391, 0.04312, 0.33339], "cm5 charges": [-0.23852, -0.09489, -0.24235, 0.17189, -0.23772, -0.7818, 0.07481, 0.08427, 0.08348, 0.09371, 0.07823, 0.08415, 0.08236, 0.07309, 0.07621, 0.09279, 0.09691, 0.50339], "FUKUI+": [0.021, -0.017, 0.006, -0.047, 0.037, -0.172, -0.046, -0.033, -0.073, -0.06, -0.05, -0.07, -0.054, -0.091, -0.099, -0.063, -0.067, -0.122], "FUKUI-": [0.031, -0.024, 0.028, -0.011, 0.027, -0.138, -0.066, -0.043, -0.084, -0.093, -0.07, -0.095, -0.051, -0.12, -0.06, -0.082, -0.087, -0.062], "FUKUIrad": [0.026, -0.021, 0.017, -0.029, 0.032, -0.155, -0.056, -0.038, -0.079, -0.077, -0.06, -0.083, -0.052, -0.106, -0.08, -0.073, -0.077, -0.092], "s proportion": [1.013, 1.062, 1.013, 1.02, 1.012, 1.699, 0.977, 0.97, 0.968, 0.967, 0.974, 0.967, 0.97, 0.993, 0.976, 0.961, 0.957, 0.667], "p proportion": [3.077, 2.963, 3.081, 2.761, 3.08, 4.872, 0.0, 0.0, 0.0, 0.0, 0.0, 0.0, 0.0, 0.0, 0.0, 0.0, 0.0, 0.0], "d proportion": [0.0, 0.0, 0.0, 0.0, 0.0, 0.0, 0.0, 0.0, 0.0, 0.0, 0.0, 0.0, 0.0, 0.0, 0.0, 0.0, 0.0, 0.0], "Fermi-level/eV": -5.0357, "Coordination numbers": [3.752, 3.847, 3.752, 3.724, 3.749, 1.653, 0.924, 0.924, 0.924, 0.923, 0.924, 0.924, 0.924, 0.924, 0.924, 0.924, 0.924, 0.804], "Dispersion coefficient C6": [22.528, 20.98, 22.616, 18.762, 22.637, 21.89, 2.605, 2.536, 2.498, 2.417, 2.551, 2.48, 2.494, 2.878, 2.475, 2.346, 2.319, 0.773], "Total dispersion C6": 2120.397158, "Total dispersion C8": 43619.218456, "Polarizability alpha": [6.769, 6.515, 6.782, 6.185, 6.786, 6.316, 2.524, 2.49, 2.471, 2.431, 2.498, 2.463, 2.47, 2.653, 2.46, 2.395, 2.382, 1.381], "Total polarizability alpha": 67.970913, "Wiberg matrix": [[0.0, 1.007982869265297, 0.0, 0.0, 0.0, 0.0, 0.9872043742968737, 0.9835560310557507, 0.9853189320779023, 0.0, 0.0, 0.0, 0.0, 0.0, 0.0, 0.0, 0.0, 0.0], [1.007982869265297, 0.0, 1.0088808631191222, 0.9739911396003303, 0.0, 0.0, 0.0, 0.0, 0.0, 0.9675878499099448, 0.0, 0.0, 0.0, 0.0, 0.0, 0.0, 0.0, 0.0], [0.0, 1.0088808631191222, 0.0, 0.0, 0.0, 0.0, 0.0, 0.0, 0.0, 0.0, 0.9871203262143926, 0.9854008598939104, 0.9848362779076669, 0.0, 0.0, 0.0, 0.0, 0.0], [0.0, 0.9739911396003303, 0.0, 0.0, 1.0078801745513073, 0.9789944009345042, 0.0, 0.0, 0.0, 0.0, 0.0, 0.0, 0.0, 0.96578302528393, 0.0, 0.0, 0.0, 0.0], [0.0, 0.0, 0.0, 1.0078801745513073, 0.0, 0.0, 0.0, 0.0, 0.0, 0.0, 0.0, 0.0, 0.0, 0.0, 0.9839141757747996, 0.9854828810017913, 0.9839434484979374, 0.0], [0.0, 0.0, 0.0, 0.9789944009345042, 0.0, 0.0, 0.0, 0.0, 0.0, 0.0, 0.0, 0.0, 0.0, 0.0, 0.0, 0.0, 0.0, 0.9020980033428458], [0.9872043742968737, 0.0, 0.0, 0.0, 0.0, 0.0, 0.0, 0.0, 0.0, 0.0, 0.0, 0.0, 0.0, 0.0, 0.0, 0.0, 0.0, 0.0], [0.9835560310557507, 0.0, 0.0, 0.0, 0.0, 0.0, 0.0, 0.0, 0.0, 0.0, 0.0, 0.0, 0.0, 0.0, 0.0, 0.0, 0.0, 0.0], [0.9853189320779023, 0.0, 0.0, 0.0, 0.0, 0.0, 0.0, 0.0, 0.0, 0.0, 0.0, 0.0, 0.0, 0.0, 0.0, 0.0, 0.0, 0.0], [0.0, 0.9675878499099448, 0.0, 0.0, 0.0, 0.0, 0.0, 0.0, 0.0, 0.0, 0.0, 0.0, 0.0, 0.0, 0.0, 0.0, 0.0, 0.0], [0.0, 0.0, 0.9871203262143926, 0.0, 0.0, 0.0, 0.0, 0.0, 0.0, 0.0, 0.0, 0.0, 0.0, 0.0, 0.0, 0.0, 0.0, 0.0], [0.0, 0.0, 0.9854008598939104, 0.0, 0.0, 0.0, 0.0, 0.0, 0.0, 0.0, 0.0, 0.0, 0.0, 0.0, 0.0, 0.0, 0.0, 0.0], [0.0, 0.0, 0.9848362779076669, 0.0, 0.0, 0.0, 0.0, 0.0, 0.0, 0.0, 0.0, 0.0, 0.0, 0.0, 0.0, 0.0, 0.0, 0.0], [0.0, 0.0, 0.0, 0.96578302528393, 0.0, 0.0, 0.0, 0.0, 0.0, 0.0, 0.0, 0.0, 0.0, 0.0, 0.0, 0.0, 0.0, 0.0], [0.0, 0.0, 0.0, 0.0, 0.9839141757747996, 0.0, 0.0, 0.0, 0.0, 0.0, 0.0, 0.0, 0.0, 0.0, 0.0, 0.0, 0.0, 0.0], [0.0, 0.0, 0.0, 0.0, 0.9854828810017913, 0.0, 0.0, 0.0, 0.0, 0.0, 0.0, 0.0, 0.0, 0.0, 0.0, 0.0, 0.0, 0.0], [0.0, 0.0, 0.0, 0.0, 0.9839434484979374, 0.0, 0.0, 0.0, 0.0, 0.0, 0.0, 0.0, 0.0, 0.0, 0.0, 0.0, 0.0, 0.0], [0.0, 0.0, 0.0, 0.0, 0.0, 0.9020980033428458, 0.0, 0.0, 0.0, 0.0, 0.0, 0.0, 0.0, 0.0, 0.0, 0.0, 0.0, 0.0]], "Born radii": [], "Atomic SASAs": [], "Solvent H bonds": [], "Total SASA": NaN, "Total FOD": 0.0,