{"total energy": -23.1026665, "HOMO-LUMO gap/eV": 4.64642931, "electronic energy": -23.45052419, "dipole": [-0.85182096, -0.03214276, -0.06505603], "partial charges": [-0.44312236, 0.07657458, -0.00639985, -0.03609785, -0.0297042, -0.02993509, -0.02969931, -0.03610506, 0.28834387, 0.0363026, 0.0362817, 0.03654952, 0.03377197, 0.0329186, 0.03376848, 0.03655239], "atomic dipole moments": [[-0.20048901, 0.04162997, -0.11547626], [0.02560758, -0.09126644, 0.18980033], [0.09810514, 0.01391876, -0.01327327], [0.0033603, 0.00909545, 0.00249384], [0.00031638, 0.0020497, -0.00160916], [0.00202887, 0.00095123, -0.00159545], [0.00042903, 3.906e-05, -0.0026281], [0.00459072, -0.00704574, -0.00540378], [-0.06350402, -0.02691759, 0.04506229], [0.03502857, 0.116468, -0.01312144], [0.04801365, -0.05579244, -0.09771721], [0.07952221, -0.11382388, -0.06353497], [-0.0665123, -0.12648511, -0.05051382], [-0.14955613, -0.01786726, 0.01344198], [-0.08414895, 0.10815201, 0.06475994], [0.0612966, 0.1284023, 0.05542875]], "atomic quadrupole moments": [[-0.00357301, -0.03582554, -0.0829697, 0.09212828, -0.09884689, 0.0865427], [0.05983898, -0.07995712, -0.21194742, 0.21937506, -0.21002228, 0.15210844], [-0.03926402, -0.01281646, -0.22927085, 0.07864828, -0.31389427, 0.26853487], [-0.23608317, -0.04170479, -0.13420089, 0.08726161, -0.2969914, 0.37028407], [-0.25159448, -0.04802604, -0.12371853, 0.09028261, -0.30558041, 0.37531301], [-0.25634916, -0.04477428, -0.11623066, 0.09217423, -0.30510799, 0.37257982], [-0.25277916, -0.04043621, -0.11678732, 0.09455823, -0.30972878, 0.36956648], [-0.23648195, -0.04009752, -0.11565191, 0.08976301, -0.31090683, 0.35213386], [0.04069475, 0.04748422, -0.0607782, -0.07587992, -0.06220426, 0.02008345], [-0.0284196, 0.01023495, 0.0510797, 0.01353263, -0.00098179, -0.0226601], [-0.02321504, -0.0223732, -0.00086527, -0.00701398, 0.03379768, 0.02408031], [0.03762288, 0.00845066, 0.00970356, -0.01190108, 0.03513889, -0.04732644], [0.0362637, 0.00042655, 0.0120062, -0.01462192, 0.03837162, -0.0482699], [0.02686749, 0.00436383, 0.02007388, -0.01096586, 0.04208451, -0.04694137], [0.03458564, 0.0117362, 0.01415882, -0.0089879, 0.03842836, -0.04874447], [0.03803356, 0.0056646, 0.00917924, -0.01327804, 0.03512727, -0.0472128]], "number of molecular orbitals": 40, "number of electrons": 42, "number of unpaired electrons": 0, "orbital energies/eV": [-18.63720071, -17.72777593, -17.16441159, -16.85067052, -16.60412565, -15.84531341, -15.77790421, -15.03881291, -14.287365, -14.27444244, -14.24320229, -13.55098, -13.33781781, -13.15681836, -13.00646373, -12.73014282, -11.73792084, -11.66501196, -11.18512743, -11.09059491, -11.06851774, -6.42208844, -6.35918618, -3.01159432, 1.87545228, 2.27516517, 2.81719365, 3.72278296, 3.78118929, 4.51347224, 4.64529056, 4.6948948, 5.68402733, 5.86537115, 10.18126573, 10.48189643, 11.25663044, 11.60059253, 16.11457632, 16.95646131], "fractional occupation": [2.0, 2.0, 2.0, 2.0, 2.0, 2.0, 2.0, 2.0, 2.0, 2.0, 2.0, 2.0, 2.0, 2.0, 2.0, 2.0, 2.0, 2.0, 2.0, 2.0, 2.0, 0.0, 0.0, 0.0, 0.0, 0.0, 0.0, 0.0, 0.0, 0.0, 0.0, 0.0, 0.0, 0.0, 0.0, 0.0, 0.0, 0.0, 0.0, 0.0], "program call": "xtb /home/svss/Project-DBcg-Debug/aqme2_20220329/End-to-End-workflows-final/example-3/QDESCP/mol_488_rdkit_conf_1/mol_488_rdkit_conf_1.xyz --pop --wbo --acc 0.2 --gfn 2 --chrg 0 --uhf 0 --etemp 300 --input /home/svss/Project-DBcg-Debug/aqme2_20220329/End-to-End-workflows-final/example-3/QDESCP/mol_488_rdkit_conf_1/mol_488_rdkit_conf_1_xtb.inp", "method": "GFN2-xTB", "xtb version": "6.3.3 (7355c4f)", "Dipole module/D": 2.173, "Total charge": 0, "Transition dipole module/D": NaN, "HOMO": -11.0685, "LUMO": -6.4221, "HOMO occupancy": 2.0, "LUMO occupancy": 0, "mulliken charges": [-0.56378, 0.19374, -0.02322, -0.03632, -0.02627, -0.02831, -0.02627, -0.03633, 0.33401, 0.02441, 0.0244, 0.0342, 0.03197, 0.03161, 0.03197, 0.0342], "cm5 charges": [-0.77307, 0.11373, -0.03766, -0.0894, -0.08158, -0.08366, -0.08158, -0.08941, 0.50491, 0.08739, 0.08737, 0.09065, 0.08733, 0.08699, 0.08733, 0.09066], "FUKUI+": [-0.046, 0.018, -0.089, -0.051, -0.052, -0.069, -0.052, -0.051, -0.012, -0.054, -0.054, -0.096, -0.097, -0.102, -0.097, -0.096], "FUKUI-": [-0.146, 0.021, -0.035, -0.032, -0.04, -0.044, -0.04, -0.032, -0.052, -0.116, -0.116, -0.065, -0.082, -0.076, -0.082, -0.065], "FUKUIrad": [-0.096, 0.02, -0.062, -0.041, -0.046, -0.056, -0.046, -0.041, -0.032, -0.085, -0.085, -0.081, -0.09, -0.089, -0.09, -0.081], "s proportion": [1.696, 0.988, 1.095, 1.065, 1.061, 1.061, 1.061, 1.065, 0.666, 0.976, 0.976, 0.966, 0.968, 0.968, 0.968, 0.966], "p proportion": [4.868, 2.818, 2.928, 2.972, 2.965, 2.968, 2.965, 2.972, 0.0, 0.0, 0.0, 0.0, 0.0, 0.0, 0.0, 0.0], "d proportion": [0.0, 0.0, 0.0, 0.0, 0.0, 0.0, 0.0, 0.0, 0.0, 0.0, 0.0, 0.0, 0.0, 0.0, 0.0, 0.0], "Fermi-level/eV": -8.7453, "Coordination numbers": [1.653, 3.679, 2.96, 2.915, 2.911, 2.912, 2.911, 2.915, 0.804, 0.924, 0.924, 0.925, 0.925, 0.925, 0.925, 0.925], "Dispersion coefficient C6": [21.705, 19.511, 28.179, 28.898, 28.742, 28.747, 28.741, 28.898, 0.757, 2.499, 2.499, 2.495, 2.533, 2.545, 2.533, 2.495], "Total dispersion C6": 2819.592756, "Total dispersion C8": 66956.236569, "Polarizability alpha": [6.289, 6.327, 8.707, 8.815, 8.791, 8.792, 8.791, 8.815, 1.367, 2.472, 2.472, 2.47, 2.489, 2.495, 2.489, 2.47], "Total polarizability alpha": 84.052038, "Wiberg matrix": [[0.0, 0.9812349795332143, 0.0, 0.0, 0.0, 0.0, 0.0, 0.0, 0.8988607529912938, 0.0, 0.0, 0.0, 0.0, 0.0, 0.0, 0.0], [0.9812349795332143, 0.0, 1.0047501996530686, 0.0, 0.0, 0.0, 0.0, 0.0, 0.0, 0.9683736053554411, 0.9683665207147774, 0.0, 0.0, 0.0, 0.0, 0.0], [0.0, 1.0047501996530686, 0.0, 1.4133021075388101, 0.0, 0.10953160337420573, 0.0, 1.413111070975635, 0.0, 0.0, 0.0, 0.0, 0.0, 0.0, 0.0, 0.0], [0.0, 0.0, 1.4133021075388101, 0.0, 1.443212888854569, 0.0, 0.11182198477496734, 0.0, 0.0, 0.0, 0.0, 0.9693386562568769, 0.0, 0.0, 0.0, 0.0], [0.0, 0.0, 0.0, 1.443212888854569, 0.0, 1.4390330293403144, 0.0, 0.11184062694781782, 0.0, 0.0, 0.0, 0.0, 0.9710853175443741, 0.0, 0.0, 0.0], [0.0, 0.0, 0.10953160337420573, 0.0, 1.4390330293403144, 0.0, 1.4388900377314031, 0.0, 0.0, 0.0, 0.0, 0.0, 0.0, 0.9712462129955515, 0.0, 0.0], [0.0, 0.0, 0.0, 0.11182198477496734, 0.0, 1.4388900377314031, 0.0, 1.443382246794246, 0.0, 0.0, 0.0, 0.0, 0.0, 0.0, 0.9710828013231159, 0.0], [0.0, 0.0, 1.413111070975635, 0.0, 0.11184062694781782, 0.0, 1.443382246794246, 0.0, 0.0, 0.0, 0.0, 0.0, 0.0, 0.0, 0.0, 0.9693420142868944], [0.8988607529912938, 0.0, 0.0, 0.0, 0.0, 0.0, 0.0, 0.0, 0.0, 0.0, 0.0, 0.0, 0.0, 0.0, 0.0, 0.0], [0.0, 0.9683736053554411, 0.0, 0.0, 0.0, 0.0, 0.0, 0.0, 0.0, 0.0, 0.0, 0.0, 0.0, 0.0, 0.0, 0.0], [0.0, 0.9683665207147774, 0.0, 0.0, 0.0, 0.0, 0.0, 0.0, 0.0, 0.0, 0.0, 0.0, 0.0, 0.0, 0.0, 0.0], [0.0, 0.0, 0.0, 0.9693386562568769, 0.0, 0.0, 0.0, 0.0, 0.0, 0.0, 0.0, 0.0, 0.0, 0.0, 0.0, 0.0], [0.0, 0.0, 0.0, 0.0, 0.9710853175443741, 0.0, 0.0, 0.0, 0.0, 0.0, 0.0, 0.0, 0.0, 0.0, 0.0, 0.0], [0.0, 0.0, 0.0, 0.0, 0.0, 0.9712462129955515, 0.0, 0.0, 0.0, 0.0, 0.0, 0.0, 0.0, 0.0, 0.0, 0.0], [0.0, 0.0, 0.0, 0.0, 0.0, 0.0, 0.9710828013231159, 0.0, 0.0, 0.0, 0.0, 0.0, 0.0, 0.0, 0.0, 0.0], [0.0, 0.0, 0.0, 0.0, 0.0, 0.0, 0.0, 0.9693420142868944, 0.0, 0.0, 0.0, 0.0, 0.0, 0.0, 0.0, 0.0]], "Born radii": [], "Atomic SASAs": [], "Solvent H bonds": [], "Total SASA": NaN, "Total FOD": 0.0, "FOD": [0.0, 0.0, 0.0, 0.0, 0.0, 0.0, 0.0, 0.0, 0.0, 0.0, 0.0, 0.0, 0.0, 0.0, 0.0, 0.0], "FOD s proportion": [0.0, 0.0, 0.0, 0.0, 0.0, 0.0, 0.0, 0.0, 0.0, 0.0, 0.0, 0.0, 0.0, 0.0, 0.0, 0.0], "FOD p proportion": [0.0, 0.0, 0.0, 0.0, 0.0, 0.0, 0.0, 0.0, 0.0, 0.0, 0.0, 0.0, 0.0, 0.0, 0.0, 0.0], "FOD d proportion": [0.0, 0.0, 0.0, 0.0, 0.0, 0.0, 0.0, 0.0, 0.0, 0.0, 0.0, 0.0, 0.0, 0.0, 0.0, 0.0],