{"total energy": -14.55564158, "HOMO-LUMO gap/eV": 12.01748551, "electronic energy": -14.71939734, "dipole": [-0.04654279, 0.37214865, -0.60042032], "partial charges": [-0.10531544, -0.05730192, 0.08622178, -0.44784823, 0.03485471, 0.04048419, 0.03485365, 0.04741872, 0.04741157, 0.01770244, 0.01771358, 0.28380495], "atomic dipole moments": [[0.09438139, -0.03833109, 0.03991395], [0.00862912, 0.06919697, -0.11586145], [0.10843818, -0.09589114, 0.1310776], [-0.09051466, 0.12625966, -0.18539418], [0.00354582, 0.12557065, -0.00929755], [-0.09769352, -0.02972285, 0.07278521], [-0.0222455, -0.04747045, -0.11452445], [0.01409102, 0.04110526, 0.11797942], [-0.01050626, -0.12406595, 0.01750795], [-0.00108502, -0.0502589, -0.10647975], [0.02358943, 0.1152046, -0.00582656], [0.05246326, 0.02459194, -0.05328989]], "atomic quadrupole moments": [[0.1434528, -0.11114934, -0.07766863, 0.11630477, -0.05493084, -0.06578417], [0.24544336, -0.0436305, -0.17920232, -0.04930969, -0.10365792, -0.06624105], [0.33511793, -0.18380704, -0.23143079, 0.12970208, -0.18051401, -0.10368714], [0.09227694, -0.0827143, -0.06955691, 0.08189378, -0.07650082, -0.02272003], [-0.03224092, 0.01572612, 0.07814359, 0.01054386, -0.00668131, -0.04590267], [0.03207588, 0.01851127, -0.03927513, -0.05172394, -0.02994756, 0.00719925], [-0.03697065, -0.00741918, -0.01985222, 0.01349903, 0.04794747, 0.05682287], [-0.0201441, 0.00620168, -0.0121275, 0.01039032, 0.04137213, 0.0322716], [-0.02176489, 0.00598979, 0.0579991, -0.00133242, 0.00638328, -0.0362342], [-0.00510929, -0.00406361, -0.02227728, 0.01889127, 0.03030013, 0.02738657], [-0.00674284, -0.0044373, 0.04587878, 0.00742967, -0.0036564, -0.03913595], [0.0736428, 0.02556342, -0.07091182, -0.08286523, -0.04253613, -0.00273099]], "number of molecular orbitals": 24, "number of electrons": 26, "number of unpaired electrons": 0, "orbital energies/eV": [-18.6058274, -17.11425904, -16.34625389, -15.58974546, -15.06565403, -14.49272407, -14.01187886, -13.28347075, -12.85312937, -12.51292127, -11.9307977, -11.84312253, -11.07453135, 0.94295416, 3.16754479, 3.42026631, 3.53904468, 4.0173246, 4.65421292, 4.82828555, 5.80014189, 6.53779058, 6.94961139, 7.89956447], "fractional occupation": [2.0, 2.0, 2.0, 2.0, 2.0, 2.0, 2.0, 2.0, 2.0, 2.0, 2.0, 2.0, 2.0, 0.0, 0.0, 0.0, 0.0, 0.0, 0.0, 0.0, 0.0, 0.0, 0.0, 0.0], "program call": "xtb /home/svss/Project-DBcg-Debug/aqme2_20220329/End-to-End-workflows-final/example-3/QDESCP/mol_541_rdkit_conf_1/mol_541_rdkit_conf_1.xyz --pop --wbo --acc 0.2 --gfn 2 --chrg 0 --uhf 0 --etemp 300 --input /home/svss/Project-DBcg-Debug/aqme2_20220329/End-to-End-workflows-final/example-3/QDESCP/mol_541_rdkit_conf_1/mol_541_rdkit_conf_1_xtb.inp", "method": "GFN2-xTB", "xtb version": "6.3.3 (7355c4f)", "Dipole module/D": 1.799, "Total charge": 0, "Transition dipole module/D": NaN, "HOMO": -11.0745, "LUMO": 0.943, "HOMO occupancy": 2.0, "LUMO occupancy": 0, "mulliken charges": [-0.08947, -0.04634, 0.19865, -0.56977, 0.02628, 0.03281, 0.02628, 0.03609, 0.03608, 0.00731, 0.00732, 0.33477], "cm5 charges": [-0.23944, -0.15533, 0.11161, -0.78354, 0.07763, 0.08363, 0.07763, 0.09266, 0.09265, 0.06981, 0.06983, 0.50286], "FUKUI+": [-0.004, -0.012, -0.025, -0.177, -0.067, -0.105, -0.067, -0.075, -0.075, -0.104, -0.104, -0.182], "FUKUI-": [0.032, 0.01, 0.031, -0.15, -0.1, -0.072, -0.1, -0.138, -0.138, -0.15, -0.15, -0.073], "FUKUIrad": [0.014, -0.001, 0.003, -0.164, -0.084, -0.089, -0.084, -0.107, -0.107, -0.127, -0.127, -0.128], "s proportion": [1.008, 1.028, 0.991, 1.695, 0.974, 0.967, 0.974, 0.964, 0.964, 0.993, 0.993, 0.665], "p proportion": [3.082, 3.019, 2.81, 4.875, 0.0, 0.0, 0.0, 0.0, 0.0, 0.0, 0.0, 0.0], "d proportion": [0.0, 0.0, 0.0, 0.0, 0.0, 0.0, 0.0, 0.0, 0.0, 0.0, 0.0, 0.0], "Fermi-level/eV": -5.0658, "Coordination numbers": [3.75, 3.799, 3.675, 1.653, 0.924, 0.924, 0.924, 0.924, 0.924, 0.924, 0.924, 0.804], "Dispersion coefficient C6": [22.575, 21.606, 19.366, 21.801, 2.519, 2.443, 2.519, 2.353, 2.353, 2.769, 2.768, 0.772], "Total dispersion C6": 924.549166, "Total dispersion C8": 18675.439091, "Polarizability alpha": [6.776, 6.618, 6.305, 6.303, 2.482, 2.444, 2.482, 2.399, 2.399, 2.602, 2.602, 1.38], "Total polarizability alpha": 44.792141, "Wiberg matrix": [[0.0, 1.0202641651185127, 0.0, 0.0, 0.9873816125279882, 0.9869844476309354, 0.9873830409064674, 0.0, 0.0, 0.0, 0.0, 0.0], [1.0202641651185127, 0.0, 1.007017950146174, 0.0, 0.0, 0.0, 0.0, 0.9759012414194969, 0.9759001016540977, 0.0, 0.0, 0.0], [0.0, 1.007017950146174, 0.0, 0.9883297066447341, 0.0, 0.0, 0.0, 0.0, 0.0, 0.9734502854203687, 0.9734552975539532, 0.0], [0.0, 0.0, 0.9883297066447341, 0.0, 0.0, 0.0, 0.0, 0.0, 0.0, 0.0, 0.0, 0.9067533942081648], [0.9873816125279882, 0.0, 0.0, 0.0, 0.0, 0.0, 0.0, 0.0, 0.0, 0.0, 0.0, 0.0], [0.9869844476309354, 0.0, 0.0, 0.0, 0.0, 0.0, 0.0, 0.0, 0.0, 0.0, 0.0, 0.0], [0.9873830409064674, 0.0, 0.0, 0.0, 0.0, 0.0, 0.0, 0.0, 0.0, 0.0, 0.0, 0.0], [0.0, 0.9759012414194969, 0.0, 0.0, 0.0, 0.0, 0.0, 0.0, 0.0, 0.0, 0.0, 0.0], [0.0, 0.9759001016540977, 0.0, 0.0, 0.0, 0.0, 0.0, 0.0, 0.0, 0.0, 0.0, 0.0], [0.0, 0.0, 0.9734502854203687, 0.0, 0.0, 0.0, 0.0, 0.0, 0.0, 0.0, 0.0, 0.0], [0.0, 0.0, 0.9734552975539532, 0.0, 0.0, 0.0, 0.0, 0.0, 0.0, 0.0, 0.0, 0.0], [0.0, 0.0, 0.0, 0.9067533942081648, 0.0, 0.0, 0.0, 0.0, 0.0, 0.0, 0.0, 0.0]], "Born radii": [], "Atomic SASAs": [], "Solvent H bonds": [], "Total SASA": NaN, "Total FOD": 0.0, "FOD": [0.0, 0.0, 0.0, 0.0, 0.0, 0.0, 0.0, 0.0, 0.0, 0.0, 0.0, 0.0], "FOD s proportion": [0.0, 0.0, 0.0, 0.0, 0.0, 0.0, 0.0, 0.0, 0.0, 0.0, 0.0, 0.0], "FOD p proportion": [0.0, 0.0, 0.0, 0.0, 0.0, 0.0, 0.0, 0.0, 0.0, 0.0, 0.0, 0.0], "FOD d proportion": [0.0, 0.0, 0.0, 0.0, 0.0, 0.0, 0.0, 0.0, 0.0, 0.0, 0.0, 0.0], "coordinates": [["-1.54120", "0.26900", "-0.06450"], ["-0.26060", "-0.28540", "0.53310"], ["0.95370", "0.05170", "-0.31870"], ["2.11210", "-0.49500", "0.29620"], ["-1.49530", "1.35960", "-0.14750"], ["-2.39710", "0.01220", "0.56740"], ["-1.71950", "-0.14450", "-1.06230"], ["-0.12080", "0.11030", "1.54620"], ["-0.34190", "-1.37340", "0.64370"], ["0.85770", "-0.37510", "-1.32220"], ["1.08290", "1.13540", "-0.40340"], ["2.86990", "-0.26480", "-0.26800"]],