{"total energy": -22.63086429, "HOMO-LUMO gap/eV": 4.03259596, "electronic energy": -22.9622453, "dipole": [-0.54593883, -1.13950109, -0.16313755], "partial charges": [-0.10366629, 0.01461244, -0.03835721, -0.03202348, -0.03308253, -0.0361287, 0.07364628, -0.17280889, 0.05784191, 0.04233692, 0.05781897, 0.0415505, 0.03833197, 0.04034806, 0.04958004], "atomic dipole moments": [[-0.08126238, 0.0165259, 0.00684041], [0.0690031, 0.01260863, -0.00134616], [0.00968693, 0.01171776, 0.00147917], [0.00130213, 0.00476819, 0.00073482], [0.004634, 0.00313197, 0.000289], [0.02452169, -0.0042692, -0.00195157], [0.12020894, 0.15112703, 0.01927346], [-0.3480082, -0.42889659, -0.05431811], [0.06115333, 0.02934155, 0.11452708], [0.03171719, -0.12290402, -0.02212469], [0.05026672, 0.06585946, -0.10419988], [0.05026056, -0.14244976, -0.02629778], [-0.09201338, -0.11985006, -0.01544565], [-0.15141977, 0.01663746, 0.01032856], [-0.06095681, 0.13913585, 0.02628677]], "atomic quadrupole moments": [[0.19266021, -0.01722174, -0.05519577, -0.01948096, 0.01515928, -0.13746444], [-0.08746767, -0.0230857, -0.32245881, 0.0219891, -0.124866, 0.40992649], [-0.22949223, -0.01193431, -0.25719156, 0.03480751, -0.12750544, 0.48668379], [-0.26877147, -0.01607118, -0.24287971, 0.03732466, -0.1291624, 0.51165118], [-0.27482124, -0.00204886, -0.22877106, 0.03958846, -0.12607637, 0.5035923], [-0.25679958, 0.02422264, -0.2288783, 0.04213737, -0.12439732, 0.48567788], [-0.21681535, 0.27491755, -0.05919017, 0.07121647, -0.07230293, 0.27600552], [0.00695086, 0.52566696, 0.37098816, 0.06795964, 0.10116936, -0.37793902], [-0.01604346, 0.00511789, -0.02530253, 0.03860085, 0.04152101, 0.04134599], [-0.02403385, -0.00806734, 0.07700255, -0.00298051, 0.0227541, -0.0529687], [-0.02288954, 0.01169177, 0.00773627, -0.03089277, -0.05516211, 0.01515328], [0.04450374, 0.00031976, 0.01955164, -0.00548331, 0.01439764, -0.06405538], [0.03463898, -0.00531725, 0.03027222, -0.00600019, 0.01667704, -0.0649112], [0.02574104, 0.00094566, 0.03843186, -0.00447122, 0.01762074, -0.0641729], [0.04394034, 0.01733996, 0.02332305, -0.00276597, 0.01469661, -0.0672634]], "number of molecular orbitals": 44, "number of electrons": 42, "number of unpaired electrons": 0, "orbital energies/eV": [-22.68171725, -18.01832041, -17.34533978, -17.0721108, -16.51845489, -15.99029558, -15.66943751, -14.62302923, -14.16331534, -13.91385288, -13.85691129, -13.40349381, -13.29767347, -13.03717773, -12.81501726, -12.10163272, -12.00025746, -11.95507888, -11.23597032, -11.07311387, -10.73390814, -6.70131218, -6.57134502, -5.4329982, -3.33375569, 1.05944733, 1.13604579, 1.16883436, 2.13142449, 2.28840794, 3.05714465, 3.62767198, 3.90894759, 4.31352565, 5.26076306, 5.45145592, 5.95412566, 8.37436888, 9.98024515, 10.44686217, 11.54297185, 13.5002561, 15.94322749, 16.60382419], "fractional occupation": [2.0, 2.0, 2.0, 2.0, 2.0, 2.0, 2.0, 2.0, 2.0, 2.0, 2.0, 2.0, 2.0, 2.0, 2.0, 2.0, 2.0, 2.0, 2.0, 2.0, 2.0, 0.0, 0.0, 0.0, 0.0, 0.0, 0.0, 0.0, 0.0, 0.0, 0.0, 0.0, 0.0, 0.0, 0.0, 0.0, 0.0, 0.0, 0.0, 0.0, 0.0, 0.0, 0.0, 0.0], "program call": "xtb /home/svss/Project-DBcg-Debug/aqme2_20220329/End-to-End-workflows-final/example-3/QDESCP/mol_253_rdkit_conf_1/mol_253_rdkit_conf_1.xyz --pop --wbo --acc 0.2 --gfn 2 --chrg 0 --uhf 0 --etemp 300 --input /home/svss/Project-DBcg-Debug/aqme2_20220329/End-to-End-workflows-final/example-3/QDESCP/mol_253_rdkit_conf_1/mol_253_rdkit_conf_1_xtb.inp", "method": "GFN2-xTB", "xtb version": "6.3.3 (7355c4f)", "Dipole module/D": 3.238, "Total charge": 0, "Transition dipole module/D": NaN, "HOMO": -10.7339, "LUMO": -6.7013, "HOMO occupancy": 2.0, "LUMO occupancy": 0, "mulliken charges": [-0.08379, 0.00049, -0.03977, -0.03179, -0.02992, -0.04312, 0.05989, -0.07515, 0.0403, 0.03327, 0.04029, 0.03196, 0.03078, 0.03173, 0.03484], "cm5 charges": [-0.22678, -0.01474, -0.09307, -0.08709, -0.08524, -0.09632, 0.0409, -0.06032, 0.09253, 0.08517, 0.0925, 0.08802, 0.08611, 0.08711, 0.09123], "FUKUI+": [0.036, -0.069, -0.046, -0.067, -0.048, -0.049, -0.062, -0.162, -0.055, -0.052, -0.055, -0.091, -0.098, -0.093, -0.089], "FUKUI-": [0.032, -0.057, -0.022, -0.05, -0.049, -0.021, -0.037, -0.284, -0.079, -0.064, -0.079, -0.07, -0.078, -0.078, -0.064], "FUKUIrad": [0.034, -0.063, -0.034, -0.058, -0.048, -0.035, -0.05, -0.223, -0.067, -0.058, -0.067, -0.081, -0.088, -0.086, -0.077], "s proportion": [1.007, 1.089, 1.064, 1.06, 1.059, 1.066, 1.106, 1.949, 0.96, 0.967, 0.96, 0.968, 0.969, 0.968, 0.965], "p proportion": [3.076, 2.91, 2.976, 2.972, 2.971, 2.977, 2.835, 5.12, 0.0, 0.0, 0.0, 0.0, 0.0, 0.0, 0.0], "d proportion": [0.0, 0.0, 0.0, 0.0, 0.0, 0.0, 0.0, 0.006, 0.0, 0.0, 0.0, 0.0, 0.0, 0.0, 0.0], "Fermi-level/eV": -8.7176, "Coordination numbers": [3.755, 3.008, 2.916, 2.91, 2.911, 2.997, 2.906, 1.057, 0.924, 0.924, 0.924, 0.925, 0.925, 0.925, 0.925], "Dispersion coefficient C6": [22.536, 27.67, 28.954, 28.798, 28.824, 28.886, 26.354, 189.831, 2.225, 2.418, 2.225, 2.428, 2.471, 2.444, 2.325], "Total dispersion C6": 3736.465977, "Total dispersion C8": 118160.969973, "Polarizability alpha": [6.769, 8.629, 8.824, 8.8, 8.804, 8.816, 8.418, 22.215, 2.332, 2.432, 2.333, 2.437, 2.458, 2.445, 2.385], "Total polarizability alpha": 98.094852, "Wiberg matrix": [[0.0, 1.0301476904628148, 0.0, 0.0, 0.0, 0.0, 0.0, 0.0, 0.9686281159133462, 0.9842991412122184, 0.9686203418134365, 0.0, 0.0, 0.0, 0.0], [1.0301476904628148, 0.0, 1.405551848483513, 0.0, 0.105113862840007, 0.0, 1.3783443590057856, 0.0, 0.0, 0.0, 0.0, 0.0, 0.0, 0.0, 0.0], [0.0, 1.405551848483513, 0.0, 1.4414162713069216, 0.0, 0.1091828782272883, 0.0, 0.0, 0.0, 0.0, 0.0, 0.9674462063929343, 0.0, 0.0, 0.0], [0.0, 0.0, 1.4414162713069216, 0.0, 1.4353168309121682, 0.0, 0.10008769670986561, 0.0, 0.0, 0.0, 0.0, 0.0, 0.9704456906965927, 0.0, 0.0], [0.0, 0.105113862840007, 0.0, 1.4353168309121682, 0.0, 1.4377528169051454, 0.0, 0.0, 0.0, 0.0, 0.0, 0.0, 0.0, 0.9693056183875967, 0.0], [0.0, 0.0, 0.1091828782272883, 0.0, 1.4377528169051454, 0.0, 1.411496226930033, 0.0, 0.0, 0.0, 0.0, 0.0, 0.0, 0.0, 0.9689729767740476], [0.0, 1.3783443590057856, 0.0, 0.10008769670986561, 0.0, 1.411496226930033, 0.0, 0.9834016479092147, 0.0, 0.0, 0.0, 0.0, 0.0, 0.0, 0.0], [0.0, 0.0, 0.0, 0.0, 0.0, 0.0, 0.9834016479092147, 0.0, 0.0, 0.0, 0.0, 0.0, 0.0, 0.0, 0.0], [0.9686281159133462, 0.0, 0.0, 0.0, 0.0, 0.0, 0.0, 0.0, 0.0, 0.0, 0.0, 0.0, 0.0, 0.0, 0.0], [0.9842991412122184, 0.0, 0.0, 0.0, 0.0, 0.0, 0.0, 0.0, 0.0, 0.0, 0.0, 0.0, 0.0, 0.0, 0.0], [0.9686203418134365, 0.0, 0.0, 0.0, 0.0, 0.0, 0.0, 0.0, 0.0, 0.0, 0.0, 0.0, 0.0, 0.0, 0.0], [0.0, 0.0, 0.9674462063929343, 0.0, 0.0, 0.0, 0.0, 0.0, 0.0, 0.0, 0.0, 0.0, 0.0, 0.0, 0.0], [0.0, 0.0, 0.0, 0.9704456906965927, 0.0, 0.0, 0.0, 0.0, 0.0, 0.0, 0.0, 0.0, 0.0, 0.0, 0.0], [0.0, 0.0, 0.0, 0.0, 0.9693056183875967, 0.0, 0.0, 0.0, 0.0, 0.0, 0.0, 0.0, 0.0, 0.0, 0.0], [0.0, 0.0, 0.0, 0.0, 0.0, 0.9689729767740476, 0.0, 0.0, 0.0, 0.0, 0.0, 0.0, 0.0, 0.0, 0.0]], "Born radii": [], "Atomic SASAs": [], "Solvent H bonds": [], "Total SASA": NaN, "Total FOD": 0.0, "FOD": [0.0, 0.0, 0.0, 0.0, 0.0, 0.0, 0.0, 0.0, 0.0, 0.0, 0.0, 0.0, 0.0, 0.0, 0.0], "FOD s proportion": [0.0, 0.0, 0.0, 0.0, 0.0, 0.0, 0.0, 0.0, 0.0, 0.0, 0.0, 0.0, 0.0, 0.0, 0.0], "FOD p proportion": [0.0, 0.0, 0.0, 0.0, 0.0, 0.0, 0.0, 0.0, 0.0, 0.0, 0.0, 0.0, 0.0, 0.0, 0.0], "FOD d proportion": [0.0, 0.0, 0.0, 0.0, 0.0, 0.0, 0.0, 0.0, 0.0, 0.0, 0.0, 0.0, 0.0, 0.0, 0.0], "coordinates": [["2.17760", "-0.33310", "-0.16400"], ["0.69490", "-0.11430", "-0.05370"], ["-0.17110", "-1.21120", "-0.19380"], ["-1.55470", "-1.04880", "-0.09780"], ["-2.09420", "0.21220", "0.13970"], ["-1.24970", "1.31230", "0.28140"], ["0.13660", "1.15160", "0.18560"], ["1.21440", "2.70280", "0.39100"], ["2.67730", "-0.04860", "0.76740"], ["2.41450", "-1.38600", "-0.35170"], ["2.58950", "0.24600", "-0.99670"], ["0.22810", "-2.20630", "-0.37990"], ["-2.21080", "-1.90870", "-0.20880"], ["-3.17100", "0.33940", "0.21460"], ["-1.68140", "2.29270", "0.46670"]],