{"total energy": -10.57743836, "HOMO-LUMO gap/eV": 4.62046561, "electronic energy": -10.68970174, "dipole": [-0.86786616, 0.27856532, 0.35328829], "partial charges": [-0.10086221, 0.00991828, -0.28496412, 0.04948039, 0.0406372, 0.03862125, 0.04992963, 0.0417931, 0.15544648], "atomic dipole moments": [[0.0663782, -0.08195894, 0.04465988], [0.0916576, 0.08811367, -0.05198478], [-0.33355392, -0.00759791, 0.07973814], [0.01891213, 0.01838165, -0.12697697], [0.01842199, 0.11054439, 0.06018019], [-0.12231261, -0.02810995, 0.01456556], [-0.02806076, -0.11070539, -0.06109201], [-0.01935017, -0.01537032, 0.12319523], [-0.00230852, 0.05197379, 0.03808349]], "atomic quadrupole moments": [[0.04047324, -0.14929077, 0.06087706, 0.0749165, -0.10016397, -0.1013503], [0.34964111, 0.00186929, -0.0966091, -0.01904504, -0.10072783, -0.25303201], [0.40080004, 0.21036605, -0.04820181, -0.09556594, 0.292859, -0.35259823], [-0.03081257, -0.01156712, -0.03484506, -0.02775202, -0.01031264, 0.06565763], [-0.03261594, 0.01603739, 0.04132103, 0.02548859, 0.04735955, -0.00870508], [0.07093434, 0.03209749, -0.02444024, -0.01674621, -0.01342019, -0.0464941], [-0.01004353, 0.00983602, 0.024495, 0.01598265, 0.04042632, -0.01445146], [0.0077757, -0.00427491, -0.04685406, -0.0159268, -0.00615613, 0.03907836], [-0.08436106, 0.00549163, 0.09565833, -0.01273957, 0.15190852, -0.01129726]], "number of molecular orbitals": 23, "number of electrons": 20, "number of unpaired electrons": 0, "orbital energies/eV": [-19.33891767, -17.1183571, -15.87615461, -14.3940214, -13.91924669, -13.45682231, -12.96712922, -12.46945633, -12.14910555, -10.04942893, -5.42896333, -3.26527381, -0.38245531, -0.25963959, 0.15727578, 2.9044627, 3.73098132, 4.07981659, 4.90783966, 5.77515387, 6.51656958, 7.37309692, 14.14912987], "fractional occupation": [2.0, 2.0, 2.0, 2.0, 2.0, 2.0, 2.0, 2.0, 2.0, 2.0, 0.0, 0.0, 0.0, 0.0, 0.0, 0.0, 0.0, 0.0, 0.0, 0.0, 0.0, 0.0, 0.0], "program call": "xtb /home/svss/Project-DBcg-Debug/aqme2_20220329/End-to-End-workflows-final/example-3/QDESCP/mol_278_rdkit_conf_1/mol_278_rdkit_conf_1.xyz --pop --wbo --acc 0.2 --gfn 2 --chrg 0 --uhf 0 --etemp 300 --input /home/svss/Project-DBcg-Debug/aqme2_20220329/End-to-End-workflows-final/example-3/QDESCP/mol_278_rdkit_conf_1/mol_278_rdkit_conf_1_xtb.inp", "method": "GFN2-xTB", "xtb version": "6.3.3 (7355c4f)", "Dipole module/D": 2.485, "Total charge": 0, "Transition dipole module/D": NaN, "HOMO": -10.0494, "LUMO": -5.429, "HOMO occupancy": 2.0, "LUMO occupancy": 0, "mulliken charges": [-0.08873, 0.02475, -0.18979, 0.02956, 0.02509, 0.02862, 0.03096, 0.01999, 0.11955], "cm5 charges": [-0.23651, -0.07062, -0.27917, 0.08117, 0.07669, 0.07943, 0.08643, 0.07542, 0.18716], "FUKUI+": [0.054, 0.022, -0.567, -0.053, -0.052, -0.084, -0.1, -0.11, -0.11], "FUKUI-": [0.029, 0.073, -0.646, -0.058, -0.057, -0.09, -0.084, -0.117, -0.05], "FUKUIrad": [0.041, 0.048, -0.606, -0.055, -0.055, -0.087, -0.092, -0.114, -0.08], "s proportion": [1.012, 1.03, 1.917, 0.97, 0.975, 0.971, 0.969, 0.98, 0.88], "p proportion": [3.077, 2.945, 4.279, 0.0, 0.0, 0.0, 0.0, 0.0, 0.0], "d proportion": [0.0, 0.0, -0.007, 0.0, 0.0, 0.0, 0.0, 0.0, 0.0], "Fermi-level/eV": -7.7392, "Coordination numbers": [3.788, 3.793, 1.932, 0.924, 0.924, 0.924, 0.924, 0.924, 0.922], "Dispersion coefficient C6": [22.438, 20.418, 153.368, 2.327, 2.441, 2.467, 2.321, 2.425, 1.356], "Total dispersion C6": 928.493472, "Total dispersion C8": 27886.3977, "Polarizability alpha": [6.747, 6.435, 20.844, 2.385, 2.443, 2.456, 2.382, 2.435, 1.821], "Total polarizability alpha": 47.948464, "Wiberg matrix": [[0.0, 1.026215269130871, 0.0, 0.9863296922324298, 0.9859695415748079, 0.980399029973408, 0.0, 0.0, 0.0], [1.026215269130871, 0.0, 0.9954678442634717, 0.0, 0.0, 0.0, 0.9741489323117424, 0.9770763345501097, 0.0], [0.0, 0.9954678442634717, 0.0, 0.0, 0.0, 0.0, 0.0, 0.0, 0.96324845368212], [0.9863296922324298, 0.0, 0.0, 0.0, 0.0, 0.0, 0.0, 0.0, 0.0], [0.9859695415748079, 0.0, 0.0, 0.0, 0.0, 0.0, 0.0, 0.0, 0.0], [0.980399029973408, 0.0, 0.0, 0.0, 0.0, 0.0, 0.0, 0.0, 0.0], [0.0, 0.9741489323117424, 0.0, 0.0, 0.0, 0.0, 0.0, 0.0, 0.0], [0.0, 0.9770763345501097, 0.0, 0.0, 0.0, 0.0, 0.0, 0.0, 0.0], [0.0, 0.0, 0.96324845368212, 0.0, 0.0, 0.0, 0.0, 0.0, 0.0]], "Born radii": [], "Atomic SASAs": [], "Solvent H bonds": [], "Total SASA": NaN, "Total FOD": 0.0, "FOD": [0.0, 0.0, 0.0, 0.0, 0.0, 0.0, 0.0, 0.0, 0.0], "FOD s proportion": [0.0, 0.0, 0.0, 0.0, 0.0, 0.0, 0.0, 0.0, 0.0], "FOD p proportion": [0.0, 0.0, 0.0, 0.0, 0.0, 0.0, 0.0, 0.0, 0.0], "FOD d proportion": [0.0, 0.0, 0.0, 0.0, 0.0, 0.0, 0.0, 0.0, 0.0], "coordinates": [["-0.75060", "0.43560", "-0.15070"], ["0.12030", "-0.67850", "0.39860"], ["1.87800", "-0.28310", "0.18630"], ["-0.57840", "0.58990", "-1.22130"], ["-0.57070", "1.38170", "0.37100"], ["-1.80760", "0.18130", "-0.01900"], ["-0.09350", "-1.61640", "-0.12260"], ["-0.08150", "-0.82720", "1.46360"], ["1.88400", "0.81680", "0.95360"]], "bond_dist": [[0.0, 1.5170418946093744, 2.7458398806194073, 1.095283383421843, 1.095280836132907, 1.0951083873297656, 2.154825751656036, 2.1559970176231693, 2.8819974132535235], [1.5170418946093744, 0.0, 1.8140897827836413, 2.172808380874853, 2.1731697586705003, 2.1518466976065005, 1.094082396348648, 1.0941023398201832, 2.377937084954099], [2.7458398806194073, 1.8140897827836413, 0.0, 2.9626622689736335, 2.9667835815913497, 3.720411645234973, 2.3999834061926344, 2.4014954403454527, 1.341105998793533], [1.095283383421843, 2.172808380874853, 2.9626622689736335, 0.0, 1.778321067749016, 1.767317710543297, 2.5119771873964143, 3.0763241100378225, 3.293188026821426], [1.095280836132907, 2.1731697586705003, 2.9667835815913497, 1.778321067749016, 0.0, 1.7671960191218177, 3.0757055141869487, 2.5124351951841466, 2.5853601025775883], [1.0951083873297656, 2.1518466976065005, 3.720411645234973, 1.767317710543297, 1.7671960191218177, 0.0, 2.4860806624082015, 2.4888945779200857, 3.870106144539191], [2.154825751656036, 1.094082396348648, 2.3999834061926344, 2.5119771873964143, 3.0757055141869487, 2.4860806624082015, 0.0, 1.7717254527719581, 3.314992447955199], [2.1559970176231693, 1.0941023398201832, 2.4014954403454527, 3.0763241100378225, 2.5124351951841466, 2.4888945779200857, 1.7717254527719581, 0.0, 2.6126665018712205], [2.8819974132535235, 2.377937084954099, 1.341105998793533, 3.293188026821426, 2.5853601025775883, 3.870106144539191, 3.314992447955199, 2.6126665018712205, 0.0]]}