{"total energy": -24.04615868, "HOMO-LUMO gap/eV": 11.69797461, "electronic energy": -24.34363807, "dipole": [-0.28955265, 0.2675563, -0.55035543], "partial charges": [-0.10223182, -0.05978277, -0.0223912, -0.05449419, -0.09874744, 0.08648327, -0.44608959, 0.02941696, 0.03433664, 0.03534649, 0.03233931, 0.03667069, 0.04249219, 0.02676233, 0.04779676, 0.03590778, 0.02989496, 0.03039947, 0.01697668, 0.01715009, 0.2817634], "atomic dipole moments": [[0.10180434, -0.01564745, 0.00497863], [-0.04897087, 0.0785107, 0.07085632], [0.04066459, 0.03581294, -0.09218697], [-0.04430173, 0.04417364, -0.10117396], [-0.06543283, -0.01166717, 0.07938285], [0.10125587, 0.02820226, 0.1679803], [-0.1230247, 0.01686944, -0.20934337], [-0.02357545, 0.11695629, -0.04094879], [-0.05357778, -0.07644595, -0.08161266], [-0.05797729, -0.01771112, 0.11098273], [0.04694431, 0.0184171, -0.11414617], [0.01006325, -0.12136413, 0.01777042], [-0.05562589, -0.01722694, 0.10892982], [-0.00300931, -0.11696522, 0.03177128], [0.05307421, 0.05203549, 0.10183193], [0.0227934, 0.12091169, -0.0303577], [-0.03814779, -0.06176916, -0.1020073], [0.11003285, -0.04869106, 0.03025178], [-0.10512168, 0.05083749, 0.0045626], [0.05432846, 0.03380746, -0.0999943], [-0.00890433, 0.07314779, -0.02914005]], "atomic quadrupole moments": [[0.21167943, -0.06638929, -0.09388413, 0.01817274, 0.01048589, -0.1177953], [0.17077899, -0.01092263, -0.11526329, 0.11021076, 0.12064021, -0.05551569], [0.00232849, -0.01850532, 0.1211818, 0.13510001, 0.0266688, -0.12351028], [0.17472696, -0.07784088, -0.15785806, -0.11507378, -0.04757854, -0.0168689], [0.02296333, 0.01138973, -0.11665984, -0.15133909, -0.03205999, 0.09369651], [-0.14821198, 0.18095639, 0.08108572, 0.27877658, 0.18746312, 0.06712626], [-0.04719291, 0.05587783, -0.01050789, 0.12043356, 0.07169863, 0.0577008], [-0.02633822, -0.00465575, 0.06964032, -0.00185386, -0.03466925, -0.0433021], [-0.01406708, 0.02120411, 0.0089857, 0.03300925, 0.06075738, 0.00508139], [-0.0169998, -0.00098865, -0.04711046, -0.03663935, -0.02050362, 0.06411026], [0.00097441, 0.01455962, -0.03344384, -0.02742466, -0.02704856, 0.03246943], [-0.01495452, -0.00471203, 0.04732457, 0.01889979, -0.02729648, -0.03237004], [0.0065628, -0.00512061, -0.02125309, -0.02347054, -0.00985742, 0.01469029], [-0.01552456, 0.0102263, 0.05757803, -0.01676013, -0.01087615, -0.04205348], [-0.00018715, 0.01896633, -0.01157713, 0.00979281, 0.04543736, 0.01176428], [-0.04547334, 0.00141542, 0.07784558, -0.01219582, -0.01764406, -0.03237223], [-0.01313899, 0.03633727, -0.01927457, 0.03464459, 0.04451411, 0.03241355], [0.05133777, -0.04631327, -0.03126497, 0.02648871, -0.02306208, -0.02007281], [0.04815616, -0.00492594, -0.01702567, 0.01227268, 0.0174406, -0.0311305], [-0.01154938, 0.01733575, -0.02272572, -0.03006943, 0.0126218, 0.0342751], [-0.0794009, 0.00362173, 0.12801072, 0.02210728, -0.03765368, -0.04860982]], "number of molecular orbitals": 42, "number of electrons": 44, "number of unpaired electrons": 0, "orbital energies/eV": [-18.51438076, -17.13517892, -16.55833904, -16.40236766, -15.84228024, -15.48565767, -15.09826, -14.83546775, -14.37140546, -13.9292954, -13.50962243, -13.34609761, -13.13395898, -12.97964235, -12.60905051, -12.4643191, -12.14194049, -11.81856895, -11.57154972, -11.39021918, -11.26370761, -10.93271867, 0.76525594, 1.73960771, 2.33397559, 3.02461792, 3.26189853, 3.61196804, 3.67400216, 3.95545256, 4.33003224, 4.75444515, 4.90949143, 5.31829352, 5.48838744, 6.32975757, 6.58043097, 6.78216518, 7.34676453, 7.71284512, 7.92724295, 8.04088628], "fractional occupation": [2.0, 2.0, 2.0, 2.0, 2.0, 2.0, 2.0, 2.0, 2.0, 2.0, 2.0, 2.0, 2.0, 2.0, 2.0, 2.0, 2.0, 2.0, 2.0, 2.0, 2.0, 2.0, 0.0, 0.0, 0.0, 0.0, 0.0, 0.0, 0.0, 0.0, 0.0, 0.0, 0.0, 0.0, 0.0, 0.0, 0.0, 0.0, 0.0, 0.0, 0.0, 0.0], "program call": "xtb /home/svss/Project-DBcg-Debug/aqme2_20220329/End-to-End-workflows-final/example-3/QDESCP/mol_1100_rdkit_conf_6/mol_1100_rdkit_conf_6.xyz --pop --wbo --acc 0.2 --gfn 2 --chrg 0 --uhf 0 --etemp 300 --input /home/svss/Project-DBcg-Debug/aqme2_20220329/End-to-End-workflows-final/example-3/QDESCP/mol_1100_rdkit_conf_6/mol_1100_rdkit_conf_6_xtb.inp", "method": "GFN2-xTB", "xtb version": "6.3.3 (7355c4f)", "Dipole module/D": 1.721, "Total charge": 0, "Transition dipole module/D": NaN, "HOMO": -10.9327, "LUMO": 0.7653, "HOMO occupancy": 2.0, "LUMO occupancy": 0, "mulliken charges": [-0.08535, -0.05115, -0.02213, -0.03824, -0.08604, 0.19338, -0.56909, 0.02389, 0.03016, 0.02915, 0.02247, 0.02847, 0.03295, 0.01929, 0.04015, 0.02977, 0.02171, 0.02815, 0.00951, 0.00759, 0.33537], "cm5 charges": [-0.23595, -0.1615, -0.08944, -0.14747, -0.23636, 0.10794, -0.78483, 0.07569, 0.08092, 0.08058, 0.07819, 0.08365, 0.09379, 0.07415, 0.09773, 0.08249, 0.07369, 0.07897, 0.07315, 0.07107, 0.50355], "FUKUI+": [0.027, -0.02, -0.035, 0.009, 0.019, -0.02, -0.141, -0.026, -0.059, -0.041, -0.055, -0.078, -0.068, -0.048, -0.04, -0.016, -0.028, -0.053, -0.091, -0.088, -0.146], "FUKUI-": [0.017, 0.005, -0.002, 0.003, 0.021, 0.024, -0.104, -0.054, -0.062, -0.067, -0.061, -0.061, -0.056, -0.066, -0.1, -0.047, -0.083, -0.071, -0.099, -0.082, -0.056], "FUKUIrad": [0.022, -0.007, -0.018, 0.006, 0.02, 0.002, -0.123, -0.04, -0.061, -0.054, -0.058, -0.069, -0.062, -0.057, -0.07, -0.032, -0.055, -0.062, -0.095, -0.085, -0.101], "s proportion": [1.008, 1.033, 1.062, 1.03, 1.006, 0.994, 1.695, 0.976, 0.97, 0.971, 0.978, 0.972, 0.967, 0.981, 0.96, 0.97, 0.978, 0.972, 0.99, 0.992, 0.665], "p proportion": [3.077, 3.019, 2.96, 3.008, 3.08, 2.813, 4.874, 0.0, 0.0, 0.0, 0.0, 0.0, 0.0, 0.0, 0.0, 0.0, 0.0, 0.0, 0.0, 0.0, 0.0], "d proportion": [0.0, 0.0, 0.0, 0.0, 0.0, 0.0, 0.0, 0.0, 0.0, 0.0, 0.0, 0.0, 0.0, 0.0, 0.0, 0.0, 0.0, 0.0, 0.0, 0.0, 0.0], "Fermi-level/eV": -5.0837, "Coordination numbers": [3.749, 3.8, 3.846, 3.799, 3.748, 3.674, 1.653, 0.924, 0.924, 0.924, 0.924, 0.924, 0.923, 0.924, 0.924, 0.924, 0.924, 0.924, 0.924, 0.924, 0.804], "Dispersion coefficient C6": [22.519, 21.651, 20.941, 21.555, 22.452, 19.365, 21.765, 2.595, 2.526, 2.512, 2.554, 2.494, 2.416, 2.633, 2.348, 2.504, 2.588, 2.581, 2.78, 2.777, 0.779], "Total dispersion C6": 2915.540052, "Total dispersion C8": 60113.313433, "Polarizability alpha": [6.768, 6.625, 6.509, 6.611, 6.758, 6.306, 6.298, 2.519, 2.485, 2.479, 2.499, 2.47, 2.431, 2.538, 2.396, 2.475, 2.516, 2.512, 2.607, 2.606, 1.386], "Total polarizability alpha": 79.793845,