{"total energy": -24.04758775, "HOMO-LUMO gap/eV": 11.79764321, "electronic energy": -24.34742496, "dipole": [-0.40631135, 0.09048519, -0.57666118], "partial charges": [-0.10049768, -0.05236334, -0.06034304, -0.06167312, -0.06255514, 0.0866768, -0.44864228, 0.03218053, 0.03339298, 0.03223675, 0.02872207, 0.029714, 0.02910621, 0.03439939, 0.03032437, 0.03530962, 0.04668037, 0.04737156, 0.01745016, 0.01906959, 0.28344019], "atomic dipole moments": [[0.06643951, -0.07611042, 0.01737401], [0.03421555, 0.10495005, -0.01814321], [-0.02498559, -0.10855469, 0.0150926], [0.03934397, 0.10574432, -0.01250905], [-0.05963554, 0.01620454, -0.11928663], [0.17238843, 0.01371208, 0.09351613], [-0.18733962, 0.00081964, -0.15309816], [0.01970285, 0.05288351, -0.11245521], [0.0082293, 0.08981842, 0.08799182], [-0.1168824, -0.04358488, 0.00125497], [-0.01826247, -0.08722299, -0.08558042], [-0.0296315, -0.05154551, 0.10824528], [0.02419297, 0.05355783, -0.1098427], [0.01451098, 0.08948034, 0.08550971], [-0.0112349, -0.0878609, -0.08708562], [-0.0286926, -0.05757554, 0.10393581], [0.0171117, 0.08111431, 0.09520934], [0.06889085, -0.09506748, 0.04084948], [0.00095595, -0.076705, -0.08948703], [-0.0443805, 0.10510962, -0.03120057], [0.0152107, 0.02684411, -0.07239117]], "atomic quadrupole moments": [[0.03986371, -0.16499039, 0.07795722, 0.03971114, -0.04831702, -0.11782093], [0.20784445, -0.0619256, 0.01726141, 0.03706591, -0.05143951, -0.22510587], [0.21000551, -0.05030939, 0.02192656, 0.03156792, -0.05388632, -0.23193207], [0.21483319, -0.04549465, 0.00022278, 0.05779406, -0.03803543, -0.21505597], [0.11999353, 0.14021828, -0.15336862, -0.08277847, -0.11200385, 0.03337509], [0.3989429, 0.18444544, -0.29630728, 0.0263803, -0.07711109, -0.10263562], [0.16187062, 0.05915634, -0.10908499, 0.04687945, -0.01285823, -0.05278563], [-0.03416108, -0.00056627, -0.02167107, -0.03187869, -0.04077053, 0.05583215], [-0.04024838, 0.00337759, 0.01539376, 0.02218139, 0.05734695, 0.02485462], [0.06526678, 0.04021034, -0.01146809, -0.00053273, -0.00572693, -0.05379869], [-0.01888507, -0.00238534, 0.00131919, 0.00689818, 0.04646537, 0.01756588], [-0.01651241, -0.00099034, -0.02774087, -0.01221526, -0.02993368, 0.04425328], [-0.01475337, 0.00234104, -0.02772156, -0.01790532, -0.02720545, 0.04247493], [-0.02105168, 0.00192412, 0.00022962, 0.00868801, 0.04563913, 0.02082206], [-0.02068204, -0.00660566, -0.00513075, 0.00998502, 0.04561725, 0.02581279], [-0.00750395, 0.00023029, -0.03108081, -0.01997444, -0.03439701, 0.03858476], [-0.03259983, 0.00493837, 0.02698437, -0.00988881, 0.04348737, 0.00561546], [0.00169912, -0.0387868, 0.0327937, -0.0018078, -0.01706225, -0.03449281], [-0.00566594, 0.01751919, 0.00610403, 0.00178321, 0.04077127, -0.00043809], [0.0198757, -0.02662805, 0.01823254, 0.00236042, -0.01375522, -0.03810823], [-0.01856646, 0.03689539, -0.06158224, -0.05594501, -0.06932756, 0.0801487]], "number of molecular orbitals": 42, "number of electrons": 44, "number of unpaired electrons": 0, "orbital energies/eV": [-18.58081075, -17.13727724, -16.87565886, -16.47016081, -15.90326723, -15.49078294, -15.15926994, -14.97433664, -14.41248269, -14.19168187, -13.79165047, -13.4773128, -13.13185586, -13.03742117, -12.65454673, -12.37788299, -12.19908216, -11.78863665, -11.72704627, -11.56970023, -11.46253346, -11.02185986, 0.77578334, 1.99615239, 2.84606209, 3.01493015, 3.19927949, 3.49933629, 3.69819976, 4.08543679, 4.41297325, 4.56986788, 4.71806191, 4.95470846, 5.38162891, 6.02291261, 6.31445452, 6.90239151, 7.17103791, 7.27057606, 7.84099022, 8.32361117], "fractional occupation": [2.0, 2.0, 2.0, 2.0, 2.0, 2.0, 2.0, 2.0, 2.0, 2.0, 2.0, 2.0, 2.0, 2.0, 2.0, 2.0, 2.0, 2.0, 2.0, 2.0, 2.0, 2.0, 0.0, 0.0, 0.0, 0.0, 0.0, 0.0, 0.0, 0.0, 0.0, 0.0, 0.0, 0.0, 0.0, 0.0, 0.0, 0.0, 0.0, 0.0, 0.0, 0.0], "program call": "xtb /home/svss/Project-DBcg-Debug/aqme2_20220329/End-to-End-workflows-final/example-3/QDESCP/mol_153_rdkit_conf_3/mol_153_rdkit_conf_3.xyz --pop --wbo --acc 0.2 --gfn 2 --chrg 0 --uhf 0 --etemp 300 --input /home/svss/Project-DBcg-Debug/aqme2_20220329/End-to-End-workflows-final/example-3/QDESCP/mol_153_rdkit_conf_3/mol_153_rdkit_conf_3_xtb.inp", "method": "GFN2-xTB", "xtb version": "6.3.3 (7355c4f)", "Dipole module/D": 1.808, "Total charge": 0, "Transition dipole module/D": NaN, "HOMO": -11.0219, "LUMO": 0.7758, "HOMO occupancy": 2.0, "LUMO occupancy": 0, "mulliken charges": [-0.08353, -0.03813, -0.04955, -0.05154, -0.05385, 0.19839, -0.56976, 0.02639, 0.02744, 0.02874, 0.02185, 0.02295, 0.01983, 0.02515, 0.022, 0.02782, 0.03606, 0.03916, 0.00767, 0.00814, 0.33476], "cm5 charges": [-0.23389, -0.15071, -0.16025, -0.16177, -0.1609, 0.11105, -0.78385, 0.07769, 0.07873, 0.07952, 0.07656, 0.07765, 0.07583, 0.08063, 0.07729, 0.08277, 0.09303, 0.09614, 0.0703, 0.07132, 0.50287], "FUKUI+": [0.007, -0.015, -0.005, -0.027, -0.016, -0.013, -0.122, -0.033, -0.035, -0.061, -0.039, -0.04, -0.034, -0.045, -0.056, -0.065, -0.063, -0.063, -0.077, -0.07, -0.127], "FUKUI-": [0.02, 0.008, 0.01, 0.016, 0.013, 0.02, -0.115, -0.063, -0.068, -0.052, -0.084, -0.092, -0.066, -0.06, -0.04, -0.055, -0.062, -0.082, -0.094, -0.099, -0.055], "FUKUIrad": [0.013, -0.003, 0.003, -0.005, -0.001, 0.003, -0.119, -0.048, -0.051, -0.057, -0.062, -0.066, -0.05, -0.052, -0.048, -0.06, -0.062, -0.073, -0.086, -0.085, -0.091], "s proportion": [1.007, 1.027, 1.032, 1.033, 1.033, 0.991, 1.695, 0.974, 0.973, 0.971, 0.978, 0.977, 0.98, 0.975, 0.978, 0.972, 0.964, 0.961, 0.992, 0.992, 0.665], "p proportion": [3.076, 3.011, 3.017, 3.019, 3.021, 2.811, 4.875, 0.0, 0.0, 0.0, 0.0, 0.0, 0.0, 0.0, 0.0, 0.0, 0.0, 0.0, 0.0, 0.0, 0.0], "d proportion": [0.0, 0.0, 0.0, 0.0, 0.0, 0.0, 0.0, 0.0, 0.0, 0.0, 0.0, 0.0, 0.0, 0.0, 0.0, 0.0, 0.0, 0.0, 0.0, 0.0, 0.0], "Fermi-level/eV": -5.123, "Coordination numbers": [3.75, 3.8, 3.801, 3.801, 3.799, 3.674, 1.653, 0.924, 0.924, 0.924, 0.924, 0.924, 0.924, 0.924, 0.924, 0.924, 0.924, 0.924, 0.924, 0.924, 0.804], "Dispersion coefficient C6": [22.483, 21.515, 21.66, 21.685, 21.703, 19.363, 21.817, 2.556, 2.539, 2.555, 2.605, 2.591, 2.599, 2.525, 2.582, 2.512, 2.362, 2.353, 2.772, 2.748, 0.773], "Total dispersion C6": 2914.832753, "Total dispersion C8": 60098.745419, "Polarizability alpha": [6.762, 6.604, 6.626, 6.63, 6.633, 6.306, 6.305, 2.5, 2.492, 2.5, 2.524, 2.517, 2.521, 2.485, 2.513, 2.479, 2.403, 2.399, 2.604, 2.592, 1.381], "Total polarizability alpha": 79.777031,