{"total energy": -28.05314196, "HOMO-LUMO gap/eV": 3.97975689, "electronic energy": -28.33300389, "dipole": [-0.29584612, -0.15017448, 0.01176625], "partial charges": [-0.37304498, 0.14198809, -0.05367512, -0.03210348, -0.05125461, 0.08740882, -0.14537235, 0.04928586, -0.15256277, 0.32052924, 0.07656399, 0.06312438, 0.06911293], "atomic dipole moments": [[-0.04903855, 0.19357718, -0.01733664], [0.19051328, -0.08604085, 0.00855513], [0.05491673, 0.03443333, -0.00275123], [0.02114001, 0.01202613, -0.00098346], [0.05998243, 0.00748996, -0.00035468], [0.06462043, 0.21712378, -0.01885923], [-0.0315403, 0.04960539, -0.00452717], [0.21083549, 0.08152083, -0.00614498], [0.00663361, 0.22361964, -0.01969726], [0.06129818, 0.04841329, -0.00397459], [-0.02743463, -0.15348781, 0.01340797], [-0.14163098, -0.05651197, 0.00429189], [-0.12588734, 0.09091242, -0.00864218]], "atomic quadrupole moments": [[0.03650191, -0.06865855, 0.01999609, 0.00653046, -0.00715384, -0.056498], [-0.08712816, -0.2887777, -0.21939165, 0.02351739, 0.04533617, 0.3065198], [-0.18150983, -0.0076665, -0.29026676, -0.00264952, 0.06778185, 0.47177659], [-0.28678043, -0.01817854, -0.25084493, -0.00256169, 0.07006766, 0.53762536], [-0.24591587, 0.02129481, -0.23111944, -0.00547238, 0.06307808, 0.4770353], [-0.45557571, 0.08487084, 0.17874312, -0.01114601, 0.00918326, 0.27683259], [-0.23466253, 0.08687806, 0.43736051, -0.00780401, -0.05649418, -0.20269798], [0.14240864, 0.19934668, -0.32431272, -0.01783509, 0.0460784, 0.18190408], [0.39004785, 0.20909863, -0.17712024, -0.01545024, -0.00212801, -0.21292761], [0.10052091, 0.05118579, -0.01959543, -0.00362287, -0.00520321, -0.08092548], [0.0274783, -0.00665958, 0.02977592, 0.00101653, -0.00778202, -0.05725421], [0.03105409, -0.00483947, 0.03556516, 0.00092619, -0.00911441, -0.06661925], [0.02055217, 0.00309314, 0.04073601, 0.00014241, -0.009063, -0.06128818]], "number of molecular orbitals": 50, "number of electrons": 48, "number of unpaired electrons": 0, "orbital energies/eV": [-29.2089719, -28.99036454, -19.73040843, -18.64291249, -17.79755497, -17.59343191, -16.90602401, -16.58739164, -15.81234523, -15.19958037, -14.91061755, -14.66399407, -14.13894063, -13.91507858, -13.90629667, -13.72012748, -12.78821952, -12.68484674, -12.58353335, -12.32262849, -11.93926267, -11.67922011, -11.06368135, -10.97155827, -6.99180138, -6.69187712, -4.46571485, -3.98329714, -3.53671707, -0.26388393, -0.0662548, 0.00446989, 0.09054616, 0.25447864, 0.25625595, 0.30661462, 0.66466734, 1.51138603, 2.78245135, 3.42392955, 3.57931556, 3.95097945, 4.38643549, 5.06875777, 9.16755747, 9.32114757, 10.84859429, 11.27822352, 15.61806978, 16.0205016], "fractional occupation": [2.0, 2.0, 2.0, 2.0, 2.0, 2.0, 2.0, 2.0, 2.0, 2.0, 2.0, 2.0, 2.0, 2.0, 2.0, 2.0, 2.0, 2.0, 2.0, 2.0, 2.0, 2.0, 2.0, 2.0, 0.0, 0.0, 0.0, 0.0, 0.0, 0.0, 0.0, 0.0, 0.0, 0.0, 0.0, 0.0, 0.0, 0.0, 0.0, 0.0, 0.0, 0.0, 0.0, 0.0, 0.0, 0.0, 0.0, 0.0, 0.0, 0.0], "program call": "xtb /home/svss/Project-DBcg-Debug/aqme2_20220329/End-to-End-workflows-final/example-3/QDESCP/mol_377_rdkit_conf_1/mol_377_rdkit_conf_1.xyz --pop --wbo --acc 0.2 --gfn 2 --chrg 0 --uhf 0 --etemp 300 --input /home/svss/Project-DBcg-Debug/aqme2_20220329/End-to-End-workflows-final/example-3/QDESCP/mol_377_rdkit_conf_1/mol_377_rdkit_conf_1_xtb.inp", "method": "GFN2-xTB", "xtb version": "6.3.3 (7355c4f)", "Dipole module/D": 0.844, "Total charge": 0, "Transition dipole module/D": NaN, "HOMO": -10.9716, "LUMO": -6.9918, "HOMO occupancy": 2.0, "LUMO occupancy": 0, "mulliken charges": [-0.51166, 0.247, -0.06806, -0.02377, -0.06602, 0.09545, -0.0974, 0.02751, -0.09457, 0.34691, 0.05784, 0.04114, 0.04562], "cm5 charges": [-0.70547, 0.26157, -0.11789, -0.07862, -0.11762, 0.09169, -0.0984, 0.02696, -0.09689, 0.51988, 0.11629, 0.09643, 0.10208], "FUKUI+": [-0.061, -0.038, -0.064, -0.067, -0.027, -0.067, -0.155, -0.064, -0.148, -0.036, -0.094, -0.096, -0.084], "FUKUI-": [-0.101, -0.038, -0.043, -0.035, -0.046, -0.021, -0.227, -0.025, -0.211, -0.039, -0.072, -0.073, -0.07], "FUKUIrad": [-0.081, -0.038, -0.054, -0.051, -0.036, -0.044, -0.191, -0.045, -0.179, -0.037, -0.083, -0.084, -0.077], "s proportion": [1.696, 1.019, 1.056, 1.062, 1.06, 1.08, 1.945, 1.079, 1.945, 0.653, 0.942, 0.959, 0.954], "p proportion": [4.815, 2.734, 3.012, 2.962, 3.006, 2.825, 5.162, 2.893, 5.157, 0.0, 0.0, 0.0, 0.0], "d proportion": [0.0, 0.0, 0.0, 0.0, 0.0, 0.0, -0.01, 0.0, -0.007, 0.0, 0.0, 0.0, 0.0], "Fermi-level/eV": -8.9817, "Coordination numbers": [1.658, 2.879, 2.911, 2.912, 2.955, 2.9, 0.965, 2.898, 0.958, 0.804, 0.925, 0.925, 0.925], "Dispersion coefficient C6": [20.334, 24.906, 29.333, 28.8, 29.271, 26.054, 103.7, 26.893, 103.927, 0.663, 2.015, 2.163, 2.095], "Total dispersion C6": 3774.825783, "Total dispersion C8": 114730.047465, "Polarizability alpha": [6.087, 8.181, 8.881, 8.8, 8.874, 8.369, 15.579, 8.503, 15.596, 1.279, 2.22, 2.3, 2.264], "Total polarizability alpha": 96.933149, "Wiberg matrix": [[0.0, 1.0982673987204168, 0.0, 0.0, 0.0, 0.0, 0.0, 0.0, 0.0, 0.863674640737559, 0.0, 0.0, 0.0], [1.0982673987204168, 0.0, 1.3658275482984692, 0.0, 0.0, 0.0, 0.0, 1.328495771665248, 0.0, 0.0, 0.0, 0.0, 0.0], [0.0, 1.3658275482984692, 0.0, 1.4438339284634796, 0.0, 0.0, 0.0, 0.0, 0.0, 0.0, 0.963880108291992, 0.0, 0.0], [0.0, 0.0, 1.4438339284634796, 0.0, 1.432527777864692, 0.0, 0.0, 0.0, 0.0, 0.0, 0.0, 0.9678250982595585, 0.0], [0.0, 0.0, 0.0, 1.432527777864692, 0.0, 1.391275314420832, 0.0, 0.0, 0.0, 0.0, 0.0, 0.0, 0.9657816648787636], [0.0, 0.0, 0.0, 0.0, 1.391275314420832, 0.0, 0.9925126421749656, 1.3727122348378906, 0.0, 0.0, 0.0, 0.0, 0.0], [0.0, 0.0, 0.0, 0.0, 0.0, 0.9925126421749656, 0.0, 0.0, 0.0, 0.0, 0.0, 0.0, 0.0], [0.0, 1.328495771665248, 0.0, 0.0, 0.0, 1.3727122348378906, 0.0, 0.0, 0.9745056339772757, 0.0, 0.0, 0.0, 0.0], [0.0, 0.0, 0.0, 0.0, 0.0, 0.0, 0.0, 0.9745056339772757, 0.0, 0.0, 0.0, 0.0, 0.0], [0.863674640737559, 0.0, 0.0, 0.0, 0.0, 0.0, 0.0, 0.0, 0.0, 0.0, 0.0, 0.0, 0.0], [0.0, 0.0, 0.963880108291992, 0.0, 0.0, 0.0, 0.0, 0.0, 0.0, 0.0, 0.0, 0.0, 0.0], [0.0, 0.0, 0.0, 0.9678250982595585, 0.0, 0.0, 0.0, 0.0, 0.0, 0.0, 0.0, 0.0, 0.0], [0.0, 0.0, 0.0, 0.0, 0.9657816648787636, 0.0, 0.0, 0.0, 0.0, 0.0, 0.0, 0.0, 0.0]], "Born radii": [], "Atomic SASAs": [], "Solvent H bonds": [], "Total SASA": NaN, "Total FOD": 0.0, "FOD": [0.0, 0.0, 0.0, 0.0, 0.0, 0.0, 0.0, 0.0, 0.0, 0.0, 0.0, 0.0, 0.0], "FOD s proportion": [0.0, 0.0, 0.0, 0.0, 0.0, 0.0, 0.0, 0.0, 0.0, 0.0, 0.0, 0.0, 0.0], "FOD p proportion": [0.0, 0.0, 0.0, 0.0, 0.0, 0.0, 0.0, 0.0, 0.0, 0.0, 0.0, 0.0, 0.0], "FOD d proportion": [0.0, 0.0, 0.0, 0.0, 0.0, 0.0, 0.0, 0.0, 0.0, 0.0, 0.0, 0.0, 0.0], "coordinates": [["1.81890", "-1.71510", "0.16050"], ["0.79240", "-0.81220", "0.07570"], ["-0.50140", "-1.32490", "0.11450"], ["-1.59000", "-0.45850", "0.03250"], ["-1.37860", "0.91680", "-0.08780"], ["-0.07680", "1.43040", "-0.12670"], ["0.10520", "3.14260", "-0.27690"], ["1.01900", "0.56410", "-0.04470"], ["2.65330", "1.13450", "-0.08690"], ["2.65440", "-1.21210", "0.12020"], ["-0.65890", "-2.39650", "0.20830"], ["-2.60270", "-0.85410", "0.06240"], ["-2.23480", "1.58490", "-0.15100"]],