{"total energy": -20.88411909, "HOMO-LUMO gap/eV": 11.83955877, "electronic energy": -21.13868072, "dipole": [-0.08351095, 0.66666269, 0.20163401], "partial charges": [-0.10107375, -0.0525093, -0.06093536, -0.06317484, 0.08646739, -0.4469714, 0.03344776, 0.03310487, 0.03310844, 0.03211847, 0.03209477, 0.03120508, 0.03122972, 0.04718363, 0.04717843, 0.01686603, 0.01688272, 0.28377733], "atomic dipole moments": [[0.08982879, -0.05235516, -0.00271125], [-0.00056576, 0.10992286, 0.03531776], [0.01854625, -0.10566462, -0.03110432], [0.00370962, 0.12598336, 0.04120137], [0.11212569, -0.15486443, -0.0322696], [-0.09793655, 0.21511815, 0.05388127], [-0.09400393, -0.07264656, -0.03824879], [-0.02693262, 0.03883708, 0.11674807], [0.00339692, 0.10080786, -0.07543025], [0.01642689, -0.04093926, -0.1157452], [-0.01298092, -0.10099802, 0.07054922], [0.00915897, 0.10141719, -0.07054736], [-0.02010328, 0.04163835, 0.11491864], [0.02239459, -0.04691862, -0.11502165], [-0.00653015, -0.10601662, 0.06822413], [-0.00559381, 0.03187281, 0.11302417], [0.0233891, 0.09108317, -0.07055629], [0.05040082, 0.05478573, 0.02560967]], "atomic quadrupole moments": [[0.15019354, -0.1502465, -0.02359073, -0.00432829, 0.01036189, -0.12660281], [0.22401207, -0.01210214, -0.01760329, 0.06929242, 0.06972792, -0.20640879], [0.22720406, -0.01549181, -0.01831174, 0.06908136, 0.06975253, -0.20889232], [0.24267368, 0.01547876, -0.02558826, 0.08354091, 0.07640339, -0.21708542], [0.34249709, -0.21724596, -0.00814097, 0.04200491, 0.08150767, -0.33435612], [0.09812927, -0.1155585, 0.02100743, -0.00148201, 0.02998104, -0.1191367], [0.02882184, 0.04798836, 0.01205533, 0.02867473, 0.02913073, -0.04087717], [-0.03554489, -0.01533853, -0.03516779, -0.00930631, 0.03097207, 0.07071268], [-0.0311311, 0.0054774, 0.03145978, -0.01769054, -0.06090577, -0.00032868], [-0.01370097, -0.00407857, -0.03533493, -0.01428328, 0.01957977, 0.0490359], [-0.016877, 0.00440947, 0.01268416, -0.00063915, -0.04764862, 0.00419283], [-0.02040507, 0.00706094, 0.01373961, -0.00352167, -0.04665764, 0.00666546], [-0.01876766, -0.00269976, -0.03302698, -0.01230814, 0.01856977, 0.05179464], [-0.02321455, -0.00114941, -0.03206533, -0.01288763, 0.01488287, 0.05527988], [-0.02458465, 0.00818286, 0.01186051, -0.00515643, -0.04638719, 0.01272414], [-0.00310916, -0.01543776, -0.03184615, -0.01314992, 0.01966946, 0.03495531], [-0.00573562, -0.00734524, 0.01212998, -0.00159552, -0.04189552, -0.00639437], [0.0670698, 0.07405329, 0.00426202, 0.04911747, 0.04301212, -0.07133182]], "number of molecular orbitals": 36, "number of electrons": 38, "number of unpaired electrons": 0, "orbital energies/eV": [-18.60062919, -17.14041136, -16.81511402, -16.21211613, -15.58454432, -15.31838824, -14.97390374, -14.52511693, -13.89763599, -13.88379067, -13.29409924, -12.94073736, -12.91616258, -12.24256123, -11.94315539, -11.94051306, -11.69638382, -11.50006313, -11.07174696, 0.76781181, 2.49803944, 2.88532424, 3.13306191, 3.52183903, 3.81621014, 4.19056757, 4.33226807, 4.46429489, 4.82322092, 5.68713601, 5.9716661, 6.1070477, 6.89032546, 7.21082558, 7.37360676, 8.30947517], "fractional occupation": [2.0, 2.0, 2.0, 2.0, 2.0, 2.0, 2.0, 2.0, 2.0, 2.0, 2.0, 2.0, 2.0, 2.0, 2.0, 2.0, 2.0, 2.0, 2.0, 0.0, 0.0, 0.0, 0.0, 0.0, 0.0, 0.0, 0.0, 0.0, 0.0, 0.0, 0.0, 0.0, 0.0, 0.0, 0.0, 0.0], "program call": "xtb /home/svss/Project-DBcg-Debug/aqme2_20220329/End-to-End-workflows-final/example-3/QDESCP/mol_461_rdkit_conf_1/mol_461_rdkit_conf_1.xyz --pop --wbo --acc 0.2 --gfn 2 --chrg 0 --uhf 0 --etemp 300 --input /home/svss/Project-DBcg-Debug/aqme2_20220329/End-to-End-workflows-final/example-3/QDESCP/mol_461_rdkit_conf_1/mol_461_rdkit_conf_1_xtb.inp", "method": "GFN2-xTB", "xtb version": "6.3.3 (7355c4f)", "Dipole module/D": 1.783, "Total charge": 0, "Transition dipole module/D": NaN, "HOMO": -11.0717, "LUMO": 0.7678, "HOMO occupancy": 2.0, "LUMO occupancy": 0, "mulliken charges": [-0.08384, -0.03714, -0.05167, -0.05357, 0.19972, -0.56941, 0.02912, 0.02663, 0.02663, 0.02387, 0.02386, 0.02152, 0.02154, 0.03653, 0.03653, 0.0074, 0.00741, 0.33487], "cm5 charges": [-0.23415, -0.14961, -0.16197, -0.16074, 0.11261, -0.78323, 0.0799, 0.07792, 0.07792, 0.07859, 0.07857, 0.07693, 0.07696, 0.09376, 0.09376, 0.06992, 0.06994, 0.50294], "FUKUI+": [0.008, -0.012, -0.028, -0.014, -0.02, -0.134, -0.076, -0.041, -0.041, -0.048, -0.048, -0.056, -0.056, -0.064, -0.064, -0.083, -0.083, -0.142], "FUKUI-": [0.022, 0.01, 0.02, 0.017, 0.023, -0.123, -0.055, -0.08, -0.08, -0.094, -0.095, -0.072, -0.072, -0.075, -0.075, -0.106, -0.106, -0.06], "FUKUIrad": [0.015, -0.001, -0.004, 0.001, 0.002, -0.129, -0.065, -0.061, -0.061, -0.071, -0.071, -0.064, -0.064, -0.07, -0.07, -0.094, -0.094, -0.101], "s proportion": [1.008, 1.027, 1.032, 1.033, 0.991, 1.695, 0.971, 0.973, 0.973, 0.976, 0.976, 0.978, 0.978, 0.963, 0.963, 0.993, 0.993, 0.665], "p proportion": [3.076, 3.01, 3.019, 3.021, 2.809, 4.874, 0.0, 0.0, 0.0, 0.0, 0.0, 0.0, 0.0, 0.0, 0.0, 0.0, 0.0, 0.0], "d proportion": [0.0, 0.0, 0.0, 0.0, 0.0, 0.0, 0.0, 0.0, 0.0, 0.0, 0.0, 0.0, 0.0, 0.0, 0.0, 0.0, 0.0, 0.0], "Fermi-level/eV": -5.152, "Coordination numbers": [3.75, 3.8, 3.803, 3.801, 3.675, 1.653, 0.924, 0.924, 0.924, 0.924, 0.924, 0.924, 0.924, 0.924, 0.924, 0.924, 0.924, 0.804], "Dispersion coefficient C6": [22.494, 21.517, 21.67, 21.713, 19.363, 21.783, 2.538, 2.543, 2.543, 2.557, 2.557, 2.57, 2.569, 2.356, 2.356, 2.782, 2.781, 0.772], "Total dispersion C6": 2128.413371, "Total dispersion C8": 43680.686341, "Polarizability alpha": [6.764, 6.604, 6.627, 6.634, 6.305, 6.3, 2.491, 2.494, 2.494, 2.501, 2.501, 2.507, 2.507, 2.4, 2.4, 2.608, 2.608, 1.38], "Total polarizability alpha": 68.126056, "Wiberg matrix": [[0.0, 1.0202691385803504, 0.0, 0.0, 0.0, 0.0, 0.9872392989276981, 0.9876267347888803, 0.9876254630612118, 0.0, 0.0, 0.0, 0.0, 0.0, 0.0, 0.0, 0.0, 0.0], [1.0202691385803504, 0.0, 1.0079853908773249, 0.0, 0.0, 0.0, 0.0, 0.0, 0.0, 0.9778734862795359, 0.9778689324467529, 0.0, 0.0, 0.0, 0.0, 0.0, 0.0, 0.0], [0.0, 1.0079853908773249, 0.0, 1.0069477676334724, 0.0, 0.0, 0.0, 0.0, 0.0, 0.0, 0.0, 0.9769460584988788, 0.9769515005332459, 0.0, 0.0, 0.0, 0.0, 0.0], [0.0, 0.0, 1.0069477676334724, 0.0, 1.0063712054663634, 0.0, 0.0, 0.0, 0.0, 0.0, 0.0, 0.0, 0.0, 0.9751922103394632, 0.9751888939421269, 0.0, 0.0, 0.0], [0.0, 0.0, 0.0, 1.0063712054663634, 0.0, 0.9884336993341316, 0.0, 0.0, 0.0, 0.0, 0.0, 0.0, 0.0, 0.0, 0.0, 0.973501108276269, 0.9735067788247825, 0.0], [0.0, 0.0, 0.0, 0.0, 0.9884336993341316, 0.0, 0.0, 0.0, 0.0, 0.0, 0.0, 0.0, 0.0, 0.0, 0.0, 0.0, 0.0, 0.9066664478902519], [0.9872392989276981, 0.0, 0.0, 0.0, 0.0, 0.0, 0.0, 0.0, 0.0, 0.0, 0.0, 0.0, 0.0, 0.0, 0.0, 0.0, 0.0, 0.0], [0.9876267347888803, 0.0, 0.0, 0.0, 0.0, 0.0, 0.0, 0.0, 0.0, 0.0, 0.0, 0.0, 0.0, 0.0, 0.0, 0.0, 0.0, 0.0], [0.9876254630612118, 0.0, 0.0, 0.0, 0.0, 0.0, 0.0, 0.0, 0.0, 0.0, 0.0, 0.0, 0.0, 0.0, 0.0, 0.0, 0.0, 0.0], [0.0, 0.9778734862795359, 0.0, 0.0, 0.0, 0.0, 0.0, 0.0, 0.0, 0.0, 0.0, 0.0, 0.0, 0.0, 0.0, 0.0, 0.0, 0.0], [0.0, 0.9778689324467529, 0.0, 0.0, 0.0, 0.0, 0.0, 0.0, 0.0, 0.0, 0.0, 0.0, 0.0, 0.0, 0.0, 0.0, 0.0, 0.0], [0.0, 0.0, 0.9769460584988788, 0.0, 0.0, 0.0, 0.0, 0.0, 0.0, 0.0, 0.0, 0.0, 0.0, 0.0, 0.0, 0.0, 0.0, 0.0], [0.0, 0.0, 0.9769515005332459, 0.0, 0.0, 0.0, 0.0, 0.0, 0.0, 0.0, 0.0, 0.0, 0.0, 0.0, 0.0, 0.0, 0.0, 0.0], [0.0, 0.0, 0.0, 0.9751922103394632, 0.0, 0.0, 0.0, 0.0, 0.0, 0.0, 0.0, 0.0, 0.0, 0.0, 0.0, 0.0, 0.0, 0.0], [0.0, 0.0, 0.0, 0.9751888939421269, 0.0, 0.0, 0.0, 0.0, 0.0, 0.0, 0.0, 0.0, 0.0, 0.0, 0.0, 0.0, 0.0, 0.0], [0.0, 0.0, 0.0, 0.0, 0.973501108276269, 0.0, 0.0, 0.0, 0.0, 0.0, 0.0, 0.0, 0.0, 0.0, 0.0, 0.0, 0.0, 0.0], [0.0, 0.0, 0.0, 0.0, 0.9735067788247825, 0.0, 0.0, 0.0, 0.0, 0.0, 0.0, 0.0, 0.0, 0.0, 0.0, 0.0, 0.0, 0.0], [0.0, 0.0, 0.0, 0.0, 0.0, 0.9066664478902519, 0.0, 0.0, 0.0, 0.0, 0.0, 0.0, 0.0, 0.0, 0.0, 0.0, 0.0, 0.0]], "Born radii": [], "Atomic SASAs": [], "Solvent H bonds": [], "Total SASA": NaN, "Total FOD": 0.0,