{"total energy": -24.33723011, "HOMO-LUMO gap/eV": 4.28623186, "electronic energy": -24.62552481, "dipole": [0.0, -0.0, 0.0], "partial charges": [-0.21231796, 0.16823874, -0.04774684, -0.04774445, 0.16823874, -0.21231796, -0.04774684, -0.04774445, 0.06978208, 0.06978843, 0.06978208, 0.06978843], "atomic dipole moments": [[-0.16157942, -0.1633674, -0.00427117], [0.19574655, 0.19794531, 0.00515189], [-0.02711766, 0.02390087, -0.00047235], [-0.02418752, 0.02682873, -0.00040475], [-0.19574655, -0.19794531, -0.00515189], [0.16157942, 0.1633674, 0.00427117], [0.02711766, -0.02390087, 0.00047235], [0.02418752, -0.02682873, 0.00040475], [0.15192949, -0.03893691, 0.00313675], [0.04057621, -0.15151939, 0.00018479], [-0.15192949, 0.03893691, -0.00313675], [-0.04057621, 0.15151939, -0.00018479]], "atomic quadrupole moments": [[0.01333958, 0.0351977, 0.01413236, 0.0010491, 0.00095516, -0.02747194], [-0.1468149, 0.35278661, -0.13939855, -0.00784284, 0.005786, 0.28621345], [-0.28134099, 0.00997292, -0.22566706, -0.01717041, -0.00308269, 0.50700805], [-0.22552577, 0.0105669, -0.28151186, -0.01591955, -0.00338329, 0.50703763], [-0.1468149, 0.35278661, -0.13939855, -0.00784284, 0.005786, 0.28621345], [0.01333958, 0.0351977, 0.01413236, 0.0010491, 0.00095516, -0.02747194], [-0.28134099, 0.00997292, -0.22566706, -0.01717041, -0.00308269, 0.50700805], [-0.22552577, 0.0105669, -0.28151186, -0.01591955, -0.00338329, 0.50703763], [0.02932399, 0.00278116, 0.02772411, 0.00189817, 0.0004438, -0.0570481], [0.02761662, 0.00275023, 0.02944108, 0.00186137, 0.00044612, -0.05705771], [0.02932399, 0.00278116, 0.02772411, 0.00189817, 0.0004438, -0.0570481], [0.02761662, 0.00275023, 0.02944108, 0.00186137, 0.00044612, -0.05705771]], "number of molecular orbitals": 36, "number of electrons": 42, "number of unpaired electrons": 0, "orbital energies/eV": [-22.58412452, -22.57970559, -18.60541129, -17.67971082, -17.66471523, -16.76709314, -16.47470876, -15.51259558, -15.30349384, -15.13727432, -14.95209505, -14.63539274, -14.11363231, -13.92850152, -13.83630844, -13.38328249, -13.14366997, -13.06202721, -12.17342502, -11.90594222, -11.38991378, -7.10368192, -6.79092218, -3.46455157, 1.06201606, 1.44923966, 3.20703273, 3.73464373, 3.84213044, 4.40851208, 9.32201679, 10.15657436, 10.48561713, 11.21689372, 15.56356416, 16.72124426], "fractional occupation": [2.0, 2.0, 2.0, 2.0, 2.0, 2.0, 2.0, 2.0, 2.0, 2.0, 2.0, 2.0, 2.0, 2.0, 2.0, 2.0, 2.0, 2.0, 2.0, 2.0, 2.0, 0.0, 0.0, 0.0, 0.0, 0.0, 0.0, 0.0, 0.0, 0.0, 0.0, 0.0, 0.0, 0.0, 0.0, 0.0], "program call": "xtb /home/svss/Project-DBcg-Debug/aqme2_20220329/End-to-End-workflows-final/example-3/QDESCP/mol_981_rdkit_conf_1/mol_981_rdkit_conf_1.xyz --pop --wbo --acc 0.2 --gfn 2 --chrg 0 --uhf 0 --etemp 300 --input /home/svss/Project-DBcg-Debug/aqme2_20220329/End-to-End-workflows-final/example-3/QDESCP/mol_981_rdkit_conf_1/mol_981_rdkit_conf_1_xtb.inp", "method": "GFN2-xTB", "xtb version": "6.3.3 (7355c4f)", "Dipole module/D": 0.0, "Total charge": 0, "Transition dipole module/D": NaN, "HOMO": -11.3899, "LUMO": -7.1037, "HOMO occupancy": 2.0, "LUMO occupancy": 0, "mulliken charges": [-0.24752, 0.24324, -0.05716, -0.05715, 0.24324, -0.24752, -0.05716, -0.05715, 0.05929, 0.0593, 0.05929, 0.0593], "cm5 charges": [-0.27165, 0.25477, -0.10749, -0.10749, 0.25477, -0.27165, -0.10749, -0.10749, 0.11592, 0.11594, 0.11592, 0.11594], "FUKUI+": [-0.081, -0.053, -0.075, -0.075, -0.053, -0.081, -0.075, -0.075, -0.108, -0.108, -0.108, -0.108], "FUKUI-": [-0.164, -0.074, -0.044, -0.044, -0.074, -0.164, -0.044, -0.044, -0.087, -0.087, -0.087, -0.087], "FUKUIrad": [-0.122, -0.063, -0.059, -0.059, -0.063, -0.122, -0.059, -0.059, -0.098, -0.098, -0.098, -0.098], "s proportion": [1.825, 1.042, 1.06, 1.06, 1.042, 1.825, 1.06, 1.06, 0.941, 0.941, 0.941, 0.941], "p proportion": [5.422, 2.714, 2.997, 2.997, 2.714, 5.422, 2.997, 2.997, 0.0, 0.0, 0.0, 0.0], "d proportion": [0.0, 0.0, 0.0, 0.0, 0.0, 0.0, 0.0, 0.0, 0.0, 0.0, 0.0, 0.0], "Fermi-level/eV": -9.2468, "Coordination numbers": [0.787, 2.775, 2.914, 2.914, 2.775, 0.787, 2.914, 2.914, 0.925, 0.925, 0.925, 0.925], "Dispersion coefficient C6": [11.363, 24.364, 29.185, 29.185, 24.364, 11.363, 29.185, 29.185, 2.088, 2.088, 2.088, 2.088], "Total dispersion C6": 1916.367157, "Total dispersion C8": 46799.395345, "Polarizability alpha": [3.982, 8.084, 8.859, 8.859, 8.084, 3.982, 8.859, 8.859, 2.26, 2.26, 2.26, 2.26], "Total polarizability alpha": 68.605813, "Wiberg matrix": [[0.0, 0.9709003669047856, 0.0, 0.0, 0.0, 0.0, 0.0, 0.0, 0.0, 0.0, 0.0, 0.0], [0.9709003669047856, 0.0, 1.3929493067647691, 0.0, 0.0, 0.0, 0.0, 1.3929974810071442, 0.0, 0.0, 0.0, 0.0], [0.0, 1.3929493067647691, 0.0, 1.4427009340794958, 0.0, 0.0, 0.1115013052612227, 0.0, 0.9662370464459215, 0.0, 0.0, 0.0], [0.0, 0.0, 1.4427009340794958, 0.0, 1.392997481007145, 0.0, 0.0, 0.11146614579369936, 0.0, 0.9662341440641296, 0.0, 0.0], [0.0, 0.0, 0.0, 1.392997481007145, 0.0, 0.9709003669047827, 1.392949306764769, 0.0, 0.0, 0.0, 0.0, 0.0], [0.0, 0.0, 0.0, 0.0, 0.9709003669047827, 0.0, 0.0, 0.0, 0.0, 0.0, 0.0, 0.0], [0.0, 0.0, 0.1115013052612227, 0.0, 1.392949306764769, 0.0, 0.0, 1.4427009340794976, 0.0, 0.0, 0.9662370464459216, 0.0], [0.0, 1.3929974810071442, 0.0, 0.11146614579369936, 0.0, 0.0, 1.4427009340794976, 0.0, 0.0, 0.0, 0.0, 0.9662341440641262], [0.0, 0.0, 0.9662370464459215, 0.0, 0.0, 0.0, 0.0, 0.0, 0.0, 0.0, 0.0, 0.0], [0.0, 0.0, 0.0, 0.9662341440641296, 0.0, 0.0, 0.0, 0.0, 0.0, 0.0, 0.0, 0.0], [0.0, 0.0, 0.0, 0.0, 0.0, 0.0, 0.9662370464459216, 0.0, 0.0, 0.0, 0.0, 0.0], [0.0, 0.0, 0.0, 0.0, 0.0, 0.0, 0.0, 0.9662341440641262, 0.0, 0.0, 0.0, 0.0]], "Born radii": [], "Atomic SASAs": [], "Solvent H bonds": [], "Total SASA": NaN, "Total FOD": 0.0, "FOD": [0.0, 0.0, 0.0, 0.0, 0.0, 0.0, 0.0, 0.0, 0.0, 0.0, 0.0, 0.0], "FOD s proportion": [0.0, 0.0, 0.0, 0.0, 0.0, 0.0, 0.0, 0.0, 0.0, 0.0, 0.0, 0.0], "FOD p proportion": [0.0, 0.0, 0.0, 0.0, 0.0, 0.0, 0.0, 0.0, 0.0, 0.0, 0.0, 0.0], "FOD d proportion": [0.0, 0.0, 0.0, 0.0, 0.0, 0.0, 0.0, 0.0, 0.0, 0.0, 0.0, 0.0], "coordinates": [["1.91290", "1.93420", "0.05050"], ["0.97130", "0.98220", "0.02560"], ["1.35250", "-0.35730", "0.02790"], ["0.37190", "-1.34890", "0.00200"], ["-0.97130", "-0.98220", "-0.02560"], ["-1.91290", "-1.93420", "-0.05050"], ["-1.35250", "0.35730", "-0.02790"], ["-0.37190", "1.34890", "-0.00200"], ["2.40600", "-0.61710", "0.04970"], ["0.64310", "-2.39970", "0.00310"], ["-2.40600", "0.61710", "-0.04970"], ["-0.64310", "2.39970", "-0.00310"]],