{"total energy": -7.74544578, "HOMO-LUMO gap/eV": 5.29388985, "electronic energy": -7.80096379, "dipole": [-1.47133105, -0.03506969, 0.03799924], "partial charges": [-0.0217668, -0.17974397, 0.06717725, 0.06716657, 0.06716695], "atomic dipole moments": [[0.14727708, 0.00349269, -0.00383571], [-0.75086287, -0.01789058, 0.01938737], [-0.02854391, -0.07093433, -0.10946682], [-0.03061065, 0.12988619, -0.00496201], [-0.02292457, -0.06089418, 0.11659281]], "atomic quadrupole moments": [[0.4657606, 0.01665029, -0.23293274, -0.01805628, -0.0004696, -0.23282786], [0.91493449, 0.03272834, -0.45753307, -0.0354614, -0.00084307, -0.45740142], [0.02001409, 0.01861486, -0.03114834, 0.02401183, 0.04776902, 0.01113425], [0.02105115, -0.03065858, 0.0410876, -0.00069847, -0.00384282, -0.06213874], [0.01755569, 0.01414371, -0.03928294, -0.0255761, -0.04401617, 0.02172725]], "number of molecular orbitals": 16, "number of electrons": 14, "number of unpaired electrons": 0, "orbital energies/eV": [-22.83095537, -17.00709687, -14.29225977, -14.29197989, -13.63964763, -11.15156392, -11.15152475, -5.8576349, 0.95008683, 0.9503147, 1.4459639, 1.44603433, 2.98670728, 5.35535369, 5.35796956, 10.6534638], "fractional occupation": [2.0, 2.0, 2.0, 2.0, 2.0, 2.0, 2.0, 0.0, 0.0, 0.0, 0.0, 0.0, 0.0, 0.0, 0.0, 0.0], "program call": "xtb /home/svss/Project-DBcg-Debug/aqme2_20220329/End-to-End-workflows-final/example-3/QDESCP/mol_582_rdkit_conf_1/mol_582_rdkit_conf_1.xyz --pop --wbo --acc 0.2 --gfn 2 --chrg 0 --uhf 0 --etemp 300 --input /home/svss/Project-DBcg-Debug/aqme2_20220329/End-to-End-workflows-final/example-3/QDESCP/mol_582_rdkit_conf_1/mol_582_rdkit_conf_1_xtb.inp", "method": "GFN2-xTB", "xtb version": "6.3.3 (7355c4f)", "Dipole module/D": 3.742, "Total charge": 0, "Transition dipole module/D": NaN, "HOMO": -11.1515, "LUMO": -5.8576, "HOMO occupancy": 2.0, "LUMO occupancy": 0, "mulliken charges": [-0.00821, -0.08807, 0.0321, 0.03209, 0.03209], "cm5 charges": [-0.16401, -0.08438, 0.08281, 0.08279, 0.0828], "FUKUI+": [-0.005, -0.488, -0.169, -0.169, -0.169], "FUKUI-": [0.042, -0.56, -0.161, -0.161, -0.161], "FUKUIrad": [0.019, -0.524, -0.165, -0.165, -0.165], "s proportion": [1.03, 1.951, 0.968, 0.968, 0.968], "p proportion": [2.978, 5.145, 0.0, 0.0, 0.0], "d proportion": [0.0, -0.008, 0.0, 0.0, 0.0], "Fermi-level/eV": -8.5046, "Coordination numbers": [3.689, 0.919, 0.926, 0.926, 0.926], "Dispersion coefficient C6": [21.156, 189.939, 2.117, 2.117, 2.117], "Total dispersion C6": 516.208894, "Total dispersion C8": 22306.339591, "Polarizability alpha": [6.583, 22.221, 2.275, 2.275, 2.275], "Total polarizability alpha": 35.629745, "Wiberg matrix": [[0.0, 0.992715962729633, 0.9870083369861832, 0.9870089301999145, 0.9870102769028228], [0.992715962729633, 0.0, 0.0, 0.0, 0.0], [0.9870083369861832, 0.0, 0.0, 0.0, 0.0], [0.9870089301999145, 0.0, 0.0, 0.0, 0.0], [0.9870102769028228, 0.0, 0.0, 0.0, 0.0]], "Born radii": [], "Atomic SASAs": [], "Solvent H bonds": [], "Total SASA": NaN, "Total FOD": 0.0, "FOD": [0.0, 0.0, 0.0, 0.0, 0.0], "FOD s proportion": [0.0, 0.0, 0.0, 0.0, 0.0], "FOD p proportion": [0.0, 0.0, 0.0, 0.0, 0.0], "FOD d proportion": [0.0, 0.0, 0.0, 0.0, 0.0], "coordinates": [["-0.18380", "-0.00440", "0.00470"], ["1.75000", "0.04170", "-0.04520"], ["-0.53140", "-0.57010", "-0.86090"], ["-0.54790", "1.02340", "-0.03170"], ["-0.48690", "-0.49060", "0.93310"]], "bond_dist": [[0.0, 1.9349929353876205, 1.0909196166537662, 1.0909934051129733, 1.0909567406639], [1.9349929353876205, 0.0, 2.498890091620678, 2.4988520464405255, 2.4988268827591877], [1.0909196166537662, 2.498890091620678, 0.0, 1.7964095134461966, 1.7963119161214736], [1.0909934051129733, 2.4988520464405255, 1.7964095134461966, 0.0, 1.7963173550350173], [1.0909567406639, 2.4988268827591877, 1.7963119161214736, 1.7963173550350173, 0.0]]}