{"total energy": -16.4203944, "HOMO-LUMO gap/eV": 2.6185196, "electronic energy": -16.66300859, "dipole": [-0.88993382, 0.05993338, -0.11466001], "partial charges": [-0.0429575, 0.08006937, -0.22892632, 0.14711204, -0.22892725, 0.08009608, 0.04625061, 0.04649281, 0.05431801, 0.04647215], "atomic dipole moments": [[-0.00593055, 0.00043806, -0.00075714], [0.05318773, 0.03180572, 0.01007208], [-0.13082282, 0.23266732, 0.00350337], [-0.08457223, 0.00570356, -0.01093151], [-0.15526656, -0.21338871, -0.04033856], [0.04936602, -0.03873813, 0.00311531], [-0.15335449, 0.01031636, -0.01974603], [-0.06904446, -0.12785608, -0.02094427], [0.14963135, -0.01008169, 0.01929417], [-0.05461961, 0.13616939, 0.0050138]], "atomic quadrupole moments": [[-0.28285062, 0.01374291, -0.21823519, -0.10724614, -0.0653603, 0.50108581], [-0.20321811, 0.05159817, -0.37497378, -0.10363075, -0.08162584, 0.57819189], [-0.13134686, 0.02940454, -0.18225777, -0.05894314, -0.0421631, 0.31360463], [-0.29120803, 0.01133664, -0.29254281, -0.12022935, -0.08026619, 0.58375084], [-0.13704823, -0.02261554, -0.17521005, -0.06446468, -0.04857384, 0.31225828], [-0.21425558, -0.04854265, -0.36136149, -0.11422767, -0.09387929, 0.57561708], [0.026378, -0.000799, 0.03232424, 0.01172597, 0.00837665, -0.05870224], [0.04795122, -0.00392223, 0.02163813, 0.01588564, 0.00801799, -0.06958935], [0.01935606, 0.00037569, 0.04651603, 0.01186707, 0.01050021, -0.06587209], [0.04814064, -0.00202436, 0.02140643, 0.01609275, 0.00825396, -0.06954707]], "number of molecular orbitals": 28, "number of electrons": 30, "number of unpaired electrons": 0, "orbital energies/eV": [-18.64835683, -17.72886643, -17.66245679, -16.61980222, -16.50912741, -15.07532844, -14.82607613, -14.52935666, -14.09753557, -13.3058646, -13.07329757, -12.72761439, -12.22323791, -11.2605041, -10.25011713, -7.63159754, -7.21729775, -3.89651826, 2.69304688, 2.85297284, 3.78015397, 4.19921021, 6.63486108, 7.16390844, 10.31433421, 10.31930628, 14.72378474, 15.48831068], "fractional occupation": [2.0, 2.0, 2.0, 2.0, 2.0, 2.0, 2.0, 2.0, 2.0, 2.0, 2.0, 2.0, 2.0, 2.0, 2.0, 0.0, 0.0, 0.0, 0.0, 0.0, 0.0, 0.0, 0.0, 0.0, 0.0, 0.0, 0.0, 0.0], "program call": "xtb /home/svss/Project-DBcg-Debug/aqme2_20220329/End-to-End-workflows-final/example-3/QDESCP/mol_366_rdkit_conf_1/mol_366_rdkit_conf_1.xyz --pop --wbo --acc 0.2 --gfn 2 --chrg 0 --uhf 0 --etemp 300 --input /home/svss/Project-DBcg-Debug/aqme2_20220329/End-to-End-workflows-final/example-3/QDESCP/mol_366_rdkit_conf_1/mol_366_rdkit_conf_1_xtb.inp", "method": "GFN2-xTB", "xtb version": "6.3.3 (7355c4f)", "Dipole module/D": 2.286, "Total charge": 0, "Transition dipole module/D": NaN, "HOMO": -10.2501, "LUMO": -7.6316, "HOMO occupancy": 2.0, "LUMO occupancy": 0, "mulliken charges": [-0.06986, 0.16224, -0.33795, 0.28874, -0.33796, 0.16227, 0.04358, 0.02917, 0.03062, 0.02915], "cm5 charges": [-0.11487, 0.18632, -0.52158, 0.38853, -0.5216, 0.18637, 0.10045, 0.09519, 0.10603, 0.09517], "FUKUI+": [-0.039, -0.072, -0.165, -0.017, -0.165, -0.071, -0.11, -0.123, -0.115, -0.123], "FUKUI-": [-0.05, -0.011, -0.227, 0.004, -0.227, -0.011, -0.102, -0.133, -0.11, -0.133], "FUKUIrad": [-0.045, -0.041, -0.196, -0.007, -0.196, -0.041, -0.106, -0.128, -0.113, -0.128], "s proportion": [1.061, 1.034, 1.56, 1.004, 1.56, 1.034, 0.956, 0.971, 0.969, 0.971], "p proportion": [3.009, 2.804, 3.778, 2.708, 3.778, 2.804, 0.0, 0.0, 0.0, 0.0], "d proportion": [0.0, 0.0, 0.0, 0.0, 0.0, 0.0, 0.0, 0.0, 0.0, 0.0], "Fermi-level/eV": -8.9409, "Coordination numbers": [2.899, 2.926, 1.829, 2.887, 1.829, 2.926, 0.926, 0.925, 0.925, 0.925], "Dispersion coefficient C6": [29.066, 26.214, 26.85, 24.803, 26.85, 26.213, 2.367, 2.364, 2.267, 2.364], "Total dispersion C6": 1373.249932, "Total dispersion C8": 32627.867775, "Polarizability alpha": [8.84, 8.396, 7.678, 8.165, 7.678, 8.396, 2.406, 2.404, 2.354, 2.405], "Total polarizability alpha": 58.723525, "Wiberg matrix": [[0.0, 1.4361395798131849, 0.0, 0.11145456971529857, 0.0, 1.4361962545557536, 0.9667844547919878, 0.0, 0.0, 0.0], [1.4361395798131849, 0.0, 1.4258780262734874, 0.0, 0.10998141901692532, 0.0, 0.0, 0.9635039709315729, 0.0, 0.0], [0.0, 1.4258780262734874, 0.0, 1.4323498660287448, 0.0, 0.10994310918142883, 0.0, 0.0, 0.0, 0.0], [0.11145456971529857, 0.0, 1.4323498660287448, 0.0, 1.4322890696092678, 0.0, 0.0, 0.0, 0.9587903160765033, 0.0], [0.0, 0.10998141901692532, 0.0, 1.4322890696092678, 0.0, 1.4258958578272192, 0.0, 0.0, 0.0, 0.0], [1.4361962545557536, 0.0, 0.10994310918142883, 0.0, 1.4258958578272192, 0.0, 0.0, 0.0, 0.0, 0.9634875338616724], [0.9667844547919878, 0.0, 0.0, 0.0, 0.0, 0.0, 0.0, 0.0, 0.0, 0.0], [0.0, 0.9635039709315729, 0.0, 0.0, 0.0, 0.0, 0.0, 0.0, 0.0, 0.0], [0.0, 0.0, 0.0, 0.9587903160765033, 0.0, 0.0, 0.0, 0.0, 0.0, 0.0], [0.0, 0.0, 0.0, 0.0, 0.0, 0.9634875338616724, 0.0, 0.0, 0.0, 0.0]], "Born radii": [], "Atomic SASAs": [], "Solvent H bonds": [], "Total SASA": NaN, "Total FOD": 0.0, "FOD": [0.0, 0.0, 0.0, 0.0, 0.0, 0.0, 0.0, 0.0, 0.0, 0.0], "FOD s proportion": [0.0, 0.0, 0.0, 0.0, 0.0, 0.0, 0.0, 0.0, 0.0, 0.0], "FOD p proportion": [0.0, 0.0, 0.0, 0.0, 0.0, 0.0, 0.0, 0.0, 0.0, 0.0], "FOD d proportion": [0.0, 0.0, 0.0, 0.0, 0.0, 0.0, 0.0, 0.0, 0.0, 0.0], "coordinates": [["-1.13740", "0.07670", "-0.14650"], ["-0.47540", "-1.12940", "-0.16680"], ["0.85460", "-1.25090", "0.00160"], ["1.52210", "-0.10260", "0.19600"], ["0.98470", "1.12690", "0.23530"], ["-0.34870", "1.18490", "0.06060"], ["-2.20670", "0.14870", "-0.28420"], ["-1.01030", "-2.06140", "-0.32370"], ["2.59520", "-0.17490", "0.33430"], ["-0.77810", "2.18190", "0.09330"]], "bond_dist": [[0.0, 1.3759844839241464, 2.3984410290853515, 2.687451393048812, 2.3983326895991723, 1.3758798421373866, 1.080531248969691, 2.1491919086019284, 3.7718395989225204, 2.149062020975663], [1.3759844839241464, 0.0, 1.3461132233211293, 2.2750710604286626, 2.7174374160226766, 2.3288941882361254, 2.1551617247900445, 1.0859832503312377, 3.254344145907129, 3.335264155955267], [2.3984410290853515, 1.3461132233211293, 0.0, 1.3423637733490872, 2.392796384985567, 2.717449821063859, 3.3781828680519945, 2.0592674304227705, 2.0731988930153324, 3.802398456237852], [2.687451393048812, 2.2750710604286626, 1.3423637733490872, 0.0, 1.3423909639147606, 2.275056493804055, 3.7679826392912164, 3.2434603882273634, 1.0843882100059925, 3.243517778585467], [2.3983326895991723, 2.7174374160226766, 2.392796384985567, 1.3423909639147606, 0.0, 1.3460459316085764, 3.3781340189518834, 3.8023365040459005, 2.073208742505202, 2.0592845456614297], [1.3758798421373866, 2.3288941882361254, 2.717449821063859, 2.275056493804055, 1.3460459316085764, 0.0, 2.155170870255999, 3.335245829020703, 3.254307136703603, 1.086030685570164], [1.080531248969691, 2.1551617247900445, 3.3781828680519945, 3.7679826392912164, 3.3781340189518834, 2.155170870255999, 0.0, 2.5134588160540843, 4.8523708452672905, 2.513425242572375], [2.1491919086019284, 1.0859832503312377, 2.0592674304227705, 3.2434603882273634, 3.8023365040459005, 3.335245829020703, 2.5134588160540843, 0.0, 4.122071869824688, 4.2700586330869035], [3.7718395989225204, 3.254344145907129, 2.0731988930153324, 1.0843882100059925, 2.073208742505202, 3.254307136703603, 4.8523708452672905, 4.122071869824688, 0.0, 4.122103847551636], [2.149062020975663, 3.335264155955267, 3.802398456237852, 3.243517778585467, 2.0592845456614297, 1.086030685570164, 2.513425242572375, 4.2700586330869035, 4.122103847551636, 0.0]]}