{"total energy": -31.97878233, "HOMO-LUMO gap/eV": 3.57315171, "electronic energy": -32.37122087, "dipole": [1.41096742, -2.65252327, -0.17488107], "partial charges": [-0.27613465, 0.23145391, -0.31837556, 0.12545889, -0.10939127, 0.09022965, -0.23400089, 0.00796523, 0.26802832, -0.42281695, -0.18057511, 0.2017174, 0.18660391, 0.17764967, 0.05166036, 0.20052708], "atomic dipole moments": [[-0.10077723, 0.00373948, -0.121314], [0.06331839, 0.08551486, -0.00342131], [-0.02337176, 0.28330693, -0.02131006], [-0.02318253, -0.11432931, 0.01268409], [0.02186545, 0.0144332, -0.00242091], [0.13072318, -0.10365209, 0.01071081], [0.13539774, -0.24727204, 0.02827147], [-0.05709998, 0.03537858, -0.00201971], [0.13091546, -0.02149532, 0.00117737], [-0.00112615, -0.19981592, 0.02063063], [-0.02566307, -0.02061825, 0.01322009], [-0.01457481, -0.12868664, -0.02022241], [0.07980734, 0.0522435, -0.09142117], [-0.02637073, -0.14949029, 0.01916243], [-0.1668311, -0.02661159, 0.00596308], [0.10872387, 0.08491921, -0.00091309]], "atomic quadrupole moments": [[0.0820852, -0.05586854, -0.04862364, 0.02260628, 0.00793495, -0.03346156], [-0.14001054, -0.13359198, -0.23107532, 0.02832965, 0.07107449, 0.37108586], [-0.0198587, -0.02899918, -0.14783708, 0.00483976, 0.03672526, 0.16769578], [0.08732208, 0.0336783, -0.33132641, -0.00621672, 0.07322155, 0.24400433], [-0.04477267, 0.02256776, -0.02539698, -0.00133935, 0.01172198, 0.07016965], [-0.15395781, -0.10198876, -0.23327376, 0.02003078, 0.07798567, 0.38723158], [-0.11384573, -0.03831867, -0.14343432, 0.00926787, 0.05039699, 0.25728005], [-0.0682228, 0.09807916, -0.1181411, -0.00870456, 0.03638966, 0.1863639], [-0.23720971, -0.08753707, -0.2219674, 0.0196165, 0.07046447, 0.45917711], [-0.12770351, -0.00665285, -0.05283872, 0.00440882, 0.02449512, 0.18054222], [-0.02430704, -0.05421488, 0.00681398, -0.00106009, 0.00081618, 0.01749306], [-0.01201099, -0.02020193, 0.07248211, -0.01045812, -0.00989827, -0.06047112], [0.03143506, 0.02751589, 0.00768916, -0.04286768, -0.03422234, -0.03912421], [0.01309208, 0.00373393, 0.0211451, -0.00110146, -0.00678442, -0.03423718], [0.00858425, 0.00071239, 0.03228547, -0.00036207, -0.00884535, -0.04086972], [0.0409456, 0.01219468, 0.01048413, -0.00156898, -0.00725088, -0.05142973]], "number of molecular orbitals": 49, "number of electrons": 56, "number of unpaired electrons": 0, "orbital energies/eV": [-19.37767903, -19.09033168, -18.95917026, -18.49059817, -18.239081, -17.71045484, -17.48844746, -17.15107754, -16.81536986, -16.37154914, -15.93177379, -15.60491273, -15.50551214, -15.36539378, -14.96968169, -14.67161855, -14.58020376, -14.15841259, -13.89458579, -13.51551436, -13.22067736, -12.41019393, -12.00767758, -11.82940581, -11.45300614, -10.79241826, -10.3571675, -10.30186554, -6.72871383, -6.45655574, -5.40468717, -2.86441953, -0.63632463, 0.23398184, 1.18451146, 2.52577604, 3.14288689, 3.54690251, 4.25313305, 5.13583772, 5.85162154, 6.87315141, 8.54837861, 9.67306807, 10.34644149, 12.67024664, 13.92796609, 17.06512202, 18.08211552], "fractional occupation": [2.0, 2.0, 2.0, 2.0, 2.0, 2.0, 2.0, 2.0, 2.0, 2.0, 2.0, 2.0, 2.0, 2.0, 2.0, 2.0, 2.0, 2.0, 2.0, 2.0, 2.0, 2.0, 2.0, 2.0, 2.0, 2.0, 2.0, 2.0, 0.0, 0.0, 0.0, 0.0, 0.0, 0.0, 0.0, 0.0, 0.0, 0.0, 0.0, 0.0, 0.0, 0.0, 0.0, 0.0, 0.0, 0.0, 0.0, 0.0, 0.0], "program call": "xtb /home/svss/Project-DBcg-Debug/aqme2_20220329/End-to-End-workflows-final/example-3/QDESCP/mol_919_rdkit_conf_1/mol_919_rdkit_conf_1.xyz --pop --wbo --acc 0.2 --gfn 2 --chrg 0 --uhf 0 --etemp 300 --input /home/svss/Project-DBcg-Debug/aqme2_20220329/End-to-End-workflows-final/example-3/QDESCP/mol_919_rdkit_conf_1/mol_919_rdkit_conf_1_xtb.inp", "method": "GFN2-xTB", "xtb version": "6.3.3 (7355c4f)", "Dipole module/D": 7.649, "Total charge": 0, "Transition dipole module/D": NaN, "HOMO": -10.3019, "LUMO": -6.7287, "HOMO occupancy": 2.0, "LUMO occupancy": 0, "mulliken charges": [-0.42805, 0.41739, -0.43827, 0.24711, -0.27142, 0.22194, -0.34008, 0.03701, 0.45839, -0.5552, -0.33229, 0.23259, 0.22567, 0.24115, 0.03261, 0.25145], "cm5 charges": [-0.86878, 0.62406, -0.6089, 0.39779, -0.61647, 0.31816, -0.51184, 0.12763, 0.5606, -0.59255, -0.66952, 0.4257, 0.41868, 0.43603, 0.10401, 0.4554], "FUKUI+": [-0.047, -0.073, -0.099, -0.018, -0.059, -0.051, -0.096, -0.027, -0.039, -0.124, -0.041, -0.054, -0.061, -0.063, -0.092, -0.057], "FUKUI-": [-0.066, -0.017, -0.114, -0.032, -0.047, -0.035, -0.134, -0.049, -0.017, -0.15, -0.038, -0.049, -0.053, -0.061, -0.088, -0.05], "FUKUIrad": [-0.056, -0.045, -0.107, -0.025, -0.053, -0.043, -0.115, -0.038, -0.028, -0.137, -0.04, -0.052, -0.057, -0.062, -0.09, -0.053], "s proportion": [1.43, 0.967, 1.532, 1.0, 1.424, 0.988, 1.561, 1.039, 0.984, 1.727, 1.431, 0.767, 0.774, 0.759, 0.967, 0.749], "p proportion": [3.998, 2.616, 3.907, 2.752, 3.847, 2.79, 3.779, 2.924, 2.558, 4.829, 3.901, 0.0, 0.0, 0.0, 0.0, 0.0], "d proportion": [0.0, 0.0, 0.0, 0.0, 0.0, 0.0, 0.0, 0.0, 0.0, 0.0, 0.0, 0.0, 0.0, 0.0, 0.0, 0.0], "Fermi-level/eV": -8.5153, "Coordination numbers": [2.648, 2.862, 1.838, 3.119, 2.808, 3.137, 1.885, 3.231, 2.766, 0.858, 2.704, 0.86, 0.86, 0.86, 0.925, 0.86], "Dispersion coefficient C6": [27.138, 23.157, 29.102, 25.094, 23.387, 25.779, 26.977, 27.012, 22.476, 22.142, 24.91, 1.097, 1.177, 1.227, 2.299, 1.103], "Total dispersion C6": 3705.147962, "Total dispersion C8": 86892.241878, "Polarizability alpha": [7.737, 7.888, 7.995, 8.205, 7.183, 8.31, 7.7, 8.438, 7.764, 6.309, 7.413, 1.641, 1.699, 1.736, 2.371, 1.645], "Total polarizability alpha": 94.03233, "Wiberg matrix": [[0.0, 1.1922452570058235, 0.0, 0.0, 0.0, 0.0, 0.0, 0.0, 0.0, 0.0, 0.0, 0.9389278472128575, 0.9394122408459464, 0.0, 0.0, 0.0], [1.1922452570058235, 0.0, 1.4815100215205033, 0.0, 0.0, 0.0, 0.0, 0.0, 0.0, 0.0, 1.163367987409149, 0.0, 0.0, 0.0, 0.0, 0.0], [0.0, 1.4815100215205033, 0.0, 1.1967716615641677, 0.0, 0.0, 0.0, 0.0, 0.0, 0.0, 0.0, 0.0, 0.0, 0.0, 0.0, 0.0], [0.0, 0.0, 1.1967716615641677, 0.0, 1.195140970227216, 0.0, 0.0, 1.354336881718499, 0.0, 0.0, 0.0, 0.0, 0.0, 0.0, 0.0, 0.0], [0.0, 0.0, 0.0, 1.195140970227216, 0.0, 1.2155467187878575, 0.10319111888871092, 0.0, 0.0, 0.0, 0.0, 0.0, 0.0, 0.9383252137398006, 0.0, 0.0], [0.0, 0.0, 0.0, 0.0, 1.2155467187878575, 0.0, 1.589222009929486, 0.0, 0.0, 0.0, 0.0, 0.0, 0.0, 0.0, 0.9640974422694064, 0.0], [0.0, 0.0, 0.0, 0.0, 0.10319111888871092, 1.589222009929486, 0.0, 1.2436442469600675, 0.0, 0.0, 0.0, 0.0, 0.0, 0.0, 0.0, 0.0], [0.0, 0.0, 0.0, 1.354336881718499, 0.0, 0.0, 1.2436442469600675, 0.0, 1.0945779193453617, 0.0, 0.0, 0.0, 0.0, 0.0, 0.0, 0.0], [0.0, 0.0, 0.0, 0.0, 0.0, 0.0, 0.0, 1.0945779193453617, 0.0, 1.671899397814429, 1.0887575808537446, 0.0, 0.0, 0.0, 0.0, 0.0], [0.0, 0.0, 0.0, 0.0, 0.0, 0.0, 0.0, 0.0, 1.671899397814429, 0.0, 0.1416140578166133, 0.0, 0.0, 0.0, 0.0, 0.0], [0.0, 1.163367987409149, 0.0, 0.0, 0.0, 0.0, 0.0, 0.0, 1.0887575808537446, 0.1416140578166133, 0.0, 0.0, 0.0, 0.0, 0.0, 0.9258320380472179], [0.9389278472128575, 0.0, 0.0, 0.0, 0.0, 0.0, 0.0, 0.0, 0.0, 0.0, 0.0, 0.0, 0.0, 0.0, 0.0, 0.0], [0.9394122408459464, 0.0, 0.0, 0.0, 0.0, 0.0, 0.0, 0.0, 0.0, 0.0, 0.0, 0.0, 0.0, 0.0, 0.0, 0.0], [0.0, 0.0, 0.0, 0.0, 0.9383252137398006, 0.0, 0.0, 0.0, 0.0, 0.0, 0.0, 0.0, 0.0, 0.0, 0.0, 0.0], [0.0, 0.0, 0.0, 0.0, 0.0, 0.9640974422694064, 0.0, 0.0, 0.0, 0.0, 0.0, 0.0, 0.0, 0.0, 0.0, 0.0], [0.0, 0.0, 0.0, 0.0, 0.0, 0.0, 0.0, 0.0, 0.0, 0.0, 0.9258320380472179, 0.0, 0.0, 0.0, 0.0, 0.0]], "Born radii": [], "Atomic SASAs": [], "Solvent H bonds": [], "Total SASA": NaN, "Total FOD": 0.0, "FOD": [0.0, 0.0, 0.0, 0.0, 0.0, 0.0, 0.0, 0.0, 0.0, 0.0, 0.0, 0.0, 0.0, 0.0, 0.0, 0.0], "FOD s proportion": [0.0, 0.0, 0.0, 0.0, 0.0, 0.0, 0.0, 0.0, 0.0, 0.0, 0.0, 0.0, 0.0, 0.0, 0.0, 0.0], "FOD p proportion": [0.0, 0.0, 0.0, 0.0, 0.0, 0.0, 0.0, 0.0, 0.0, 0.0, 0.0, 0.0, 0.0, 0.0, 0.0, 0.0], "FOD d proportion": [0.0, 0.0, 0.0, 0.0, 0.0, 0.0, 0.0, 0.0, 0.0, 0.0, 0.0, 0.0, 0.0, 0.0, 0.0, 0.0],