{"total energy": -23.94909565, "HOMO-LUMO gap/eV": 4.91592871, "electronic energy": -24.20644814, "dipole": [-0.41056712, -0.25307385, -0.86946233], "partial charges": [-0.1073254, -0.05996268, 0.07989564, -0.27326969, 0.35593699, -0.40847846, -0.14326062, 0.04043099, 0.04043859, 0.04534046, 0.04829823, 0.04829009, 0.05093716, 0.05093792, 0.07863902, 0.07863984, 0.07451191], "atomic dipole moments": [[0.10606029, -0.00855945, -0.05346205], [0.01537536, 0.037305, 0.13712993], [0.16992296, -0.03665708, -0.1719764], [-0.02634196, 0.05653884, 0.21789901], [-0.15213925, -0.02142269, -0.05014177], [-0.00371797, -0.04618251, -0.17291192], [-0.09576453, 0.00757143, 0.04769772], [-0.00858876, -0.08113664, 0.0972253], [-0.01914318, 0.117327, 0.04443838], [-0.09449274, -0.02606972, -0.07902669], [0.00094721, 0.07369654, -0.1011482], [0.01094308, -0.11361802, -0.05133104], [0.00334264, -0.08488429, 0.09575176], [-0.00765637, 0.12101653, 0.04100435], [-0.0028265, 0.09280259, -0.10026556], [0.00907781, -0.13004521, -0.04100604], [0.1060704, 0.02483944, 0.07211947]], "atomic quadrupole moments": [[0.16935877, -0.02454793, -0.12998217, -0.15282404, 0.01678459, -0.0393766], [0.24736774, 0.03766287, -0.23214753, 0.0415821, 0.06505622, -0.01522021], [0.41329475, -0.00555193, -0.38672949, -0.18633992, 0.09228169, -0.02656526], [0.07406702, -0.00459326, -0.07345514, -0.04778793, 0.01802557, -0.00061188], [-0.11053492, -0.00191589, 0.42690476, 0.11156401, -0.20633158, -0.31636984], [-0.11270551, -0.01555264, 0.18879302, 0.00619101, -0.0756717, -0.07608751], [0.12093158, -0.02758361, -0.15162968, -0.16044254, 0.04253211, 0.0306981], [-0.03366898, -0.01170357, 0.00908572, -0.00356131, -0.06207242, 0.02458326], [-0.03500171, -0.00074458, 0.06720022, -0.0126109, 0.0369514, -0.03219851], [0.02676711, 0.01803538, -0.04744647, 0.05154164, 0.02271959, 0.02067937], [-0.0216595, 0.00298221, 0.01599166, -0.00054567, -0.0472227, 0.00566784], [-0.02039675, -0.00979223, 0.05288795, -0.00124028, 0.01962419, -0.03249119], [-0.00313232, -0.00267741, -0.00067242, -0.00351684, -0.03577585, 0.00380473], [-0.00326306, -0.00232316, 0.03111262, -0.00700217, 0.01950462, -0.02784955], [-0.02881378, -0.00559895, -0.00558991, 0.01219707, -0.06401209, 0.03440369], [-0.02994912, 0.00330939, 0.06089211, 0.00281113, 0.04998777, -0.03094299], [0.04877952, 0.01913169, -0.04785937, 0.05144921, 0.01668261, -0.00092015]], "number of molecular orbitals": 38, "number of electrons": 42, "number of unpaired electrons": 0, "orbital energies/eV": [-20.08675577, -19.34219202, -18.32466587, -17.25172031, -16.78668784, -16.45685453, -15.87768463, -15.69973386, -15.27306206, -14.98216128, -14.45595851, -13.74397688, -13.57504302, -13.27567823, -13.136182, -13.07540425, -12.83949206, -12.31213044, -12.29747712, -11.82995315, -11.37001728, -6.45408857, -0.04169133, 2.51486517, 3.14381417, 3.35083595, 3.56923106, 3.78249513, 4.12075865, 4.29236861, 4.54800955, 5.55722953, 5.77808831, 5.80739962, 6.55988204, 6.83309576, 7.56445993, 16.12888567], "fractional occupation": [2.0, 2.0, 2.0, 2.0, 2.0, 2.0, 2.0, 2.0, 2.0, 2.0, 2.0, 2.0, 2.0, 2.0, 2.0, 2.0, 2.0, 2.0, 2.0, 2.0, 2.0, 0.0, 0.0, 0.0, 0.0, 0.0, 0.0, 0.0, 0.0, 0.0, 0.0, 0.0, 0.0, 0.0, 0.0, 0.0, 0.0, 0.0], "program call": "xtb /home/svss/Project-DBcg-Debug/aqme2_20220329/End-to-End-workflows-final/example-3/QDESCP/mol_156_rdkit_conf_1/mol_156_rdkit_conf_1.xyz --pop --wbo --acc 0.2 --gfn 2 --chrg 0 --uhf 0 --etemp 300 --input /home/svss/Project-DBcg-Debug/aqme2_20220329/End-to-End-workflows-final/example-3/QDESCP/mol_156_rdkit_conf_1/mol_156_rdkit_conf_1_xtb.inp", "method": "GFN2-xTB", "xtb version": "6.3.3 (7355c4f)", "Dipole module/D": 2.527, "Total charge": 0, "Transition dipole module/D": NaN, "HOMO": -11.37, "LUMO": -6.4541, "HOMO occupancy": 2.0, "LUMO occupancy": 0, "mulliken charges": [-0.08774, -0.05122, 0.19881, -0.42395, 0.58006, -0.52923, -0.11823, 0.03108, 0.03109, 0.03597, 0.03631, 0.0363, 0.03894, 0.03894, 0.06249, 0.06249, 0.0579], "cm5 charges": [-0.23775, -0.16007, 0.11817, -0.50714, 0.62744, -0.5776, -0.25643, 0.08245, 0.08246, 0.08679, 0.09297, 0.09296, 0.10435, 0.10435, 0.11718, 0.11718, 0.11269], "FUKUI+": [0.014, 0.004, 0.029, -0.125, -0.191, -0.285, 0.052, -0.016, -0.016, -0.032, -0.023, -0.023, -0.039, -0.039, -0.112, -0.112, -0.084], "FUKUI-": [0.021, 0.004, 0.021, -0.067, -0.02, -0.167, -0.001, -0.091, -0.09, -0.067, -0.107, -0.107, -0.072, -0.072, -0.066, -0.066, -0.054], "FUKUIrad": [0.017, 0.004, 0.025, -0.096, -0.106, -0.226, 0.026, -0.053, -0.053, -0.049, -0.065, -0.065, -0.055, -0.055, -0.089, -0.089, -0.069], "s proportion": [1.008, 1.03, 0.999, 1.7, 0.985, 1.731, 1.018, 0.969, 0.969, 0.964, 0.964, 0.964, 0.961, 0.961, 0.938, 0.938, 0.942], "p proportion": [3.08, 3.021, 2.802, 4.724, 2.435, 4.799, 3.1, 0.0, 0.0, 0.0, 0.0, 0.0, 0.0, 0.0, 0.0, 0.0, 0.0], "d proportion": [0.0, 0.0, 0.0, 0.0, 0.0, 0.0, 0.0, 0.0, 0.0, 0.0, 0.0, 0.0, 0.0, 0.0, 0.0, 0.0, 0.0], "Fermi-level/eV": -8.9121, "Coordination numbers": [3.75, 3.799, 3.705, 1.703, 2.718, 0.856, 3.751, 0.924, 0.924, 0.924, 0.924, 0.924, 0.924, 0.924, 0.924, 0.924, 0.924], "Dispersion coefficient C6": [22.615, 21.656, 19.39, 18.533, 20.958, 21.852, 23.325, 2.443, 2.443, 2.379, 2.341, 2.342, 2.308, 2.308, 1.993, 1.993, 2.037], "Total dispersion C6": 2217.662032, "Total dispersion C8": 47047.131707, "Polarizability alpha": [6.782, 6.626, 6.295, 5.812, 7.494, 6.267, 6.887, 2.444, 2.444, 2.412, 2.393, 2.393, 2.376, 2.376, 2.208, 2.208, 2.232], "Total polarizability alpha": 69.650128, "Wiberg matrix": [[0.0, 1.0199286492023576, 0.0, 0.0, 0.0, 0.0, 0.0, 0.9869045995802477, 0.9869054814362807, 0.9862473303726349, 0.0, 0.0, 0.0, 0.0, 0.0, 0.0, 0.0], [1.0199286492023576, 0.0, 1.0054562208105156, 0.0, 0.0, 0.0, 0.0, 0.0, 0.0, 0.0, 0.9760494070209107, 0.9760502940105994, 0.0, 0.0, 0.0, 0.0, 0.0], [0.0, 1.0054562208105156, 0.0, 0.9403554547899371, 0.0, 0.0, 0.0, 0.0, 0.0, 0.0, 0.0, 0.0, 0.9692540468693693, 0.9692539576732806, 0.0, 0.0, 0.0], [0.0, 0.0, 0.9403554547899371, 0.0, 1.1210643412444987, 0.17139736494085667, 0.0, 0.0, 0.0, 0.0, 0.0, 0.0, 0.0, 0.0, 0.0, 0.0, 0.0], [0.0, 0.0, 0.0, 1.1210643412444987, 0.0, 1.7566717639192408, 0.9959199718032634, 0.0, 0.0, 0.0, 0.0, 0.0, 0.0, 0.0, 0.0, 0.0, 0.0], [0.0, 0.0, 0.0, 0.17139736494085667, 1.7566717639192408, 0.0, 0.0, 0.0, 0.0, 0.0, 0.0, 0.0, 0.0, 0.0, 0.0, 0.0, 0.0], [0.0, 0.0, 0.0, 0.0, 0.9959199718032634, 0.0, 0.0, 0.0, 0.0, 0.0, 0.0, 0.0, 0.0, 0.0, 0.9628444549388154, 0.9628419444008862, 0.9824506422701804], [0.9869045995802477, 0.0, 0.0, 0.0, 0.0, 0.0, 0.0, 0.0, 0.0, 0.0, 0.0, 0.0, 0.0, 0.0, 0.0, 0.0, 0.0], [0.9869054814362807, 0.0, 0.0, 0.0, 0.0, 0.0, 0.0, 0.0, 0.0, 0.0, 0.0, 0.0, 0.0, 0.0, 0.0, 0.0, 0.0], [0.9862473303726349, 0.0, 0.0, 0.0, 0.0, 0.0, 0.0, 0.0, 0.0, 0.0, 0.0, 0.0, 0.0, 0.0, 0.0, 0.0, 0.0], [0.0, 0.9760494070209107, 0.0, 0.0, 0.0, 0.0, 0.0, 0.0, 0.0, 0.0, 0.0, 0.0, 0.0, 0.0, 0.0, 0.0, 0.0], [0.0, 0.9760502940105994, 0.0, 0.0, 0.0, 0.0, 0.0, 0.0, 0.0, 0.0, 0.0, 0.0, 0.0, 0.0, 0.0, 0.0, 0.0], [0.0, 0.0, 0.9692540468693693, 0.0, 0.0, 0.0, 0.0, 0.0, 0.0, 0.0, 0.0, 0.0, 0.0, 0.0, 0.0, 0.0, 0.0], [0.0, 0.0, 0.9692539576732806, 0.0, 0.0, 0.0, 0.0, 0.0, 0.0, 0.0, 0.0, 0.0, 0.0, 0.0, 0.0, 0.0, 0.0], [0.0, 0.0, 0.0, 0.0, 0.0, 0.0, 0.9628444549388154, 0.0, 0.0, 0.0, 0.0, 0.0, 0.0, 0.0, 0.0, 0.0, 0.0], [0.0, 0.0, 0.0, 0.0, 0.0, 0.0, 0.9628419444008862, 0.0, 0.0, 0.0, 0.0, 0.0, 0.0, 0.0, 0.0, 0.0, 0.0], [0.0, 0.0, 0.0, 0.0, 0.0, 0.0, 0.9824506422701804, 0.0, 0.0, 0.0, 0.0, 0.0, 0.0, 0.0, 0.0, 0.0, 0.0]], "Born radii": [], "Atomic SASAs": [], "Solvent H bonds": [], "Total SASA": NaN, "Total FOD": 0.0, "FOD": [0.0, 0.0, 0.0, 0.0, 0.0, 0.0, 0.0, 0.0, 0.0, 0.0, 0.0, 0.0, 0.0, 0.0, 0.0, 0.0, 0.0], "FOD s proportion": [0.0, 0.0, 0.0, 0.0, 0.0, 0.0, 0.0, 0.0, 0.0, 0.0, 0.0, 0.0, 0.0, 0.0, 0.0, 0.0, 0.0], "FOD p proportion": [0.0, 0.0, 0.0, 0.0, 0.0, 0.0, 0.0, 0.0, 0.0, 0.0, 0.0, 0.0, 0.0, 0.0, 0.0, 0.0, 0.0],