{"total energy": -19.9936945, "HOMO-LUMO gap/eV": 12.74971831, "electronic energy": -20.28459001, "dipole": [0.0, 0.0, -0.0], "partial charges": [-0.1027759, -0.01331698, -0.10276692, -0.01331698, -0.1027759, -0.10276692, 0.0314157, 0.03134152, 0.0324889, 0.02839118, 0.03248814, 0.03135417, 0.03138019, 0.02839118, 0.0314157, 0.03134152, 0.0324889, 0.03248814, 0.03138019, 0.03135417], "atomic dipole moments": [[0.05512038, 0.07476137, -0.03548015], [-0.02640588, 0.02154011, 0.09219845], [0.05246395, -0.08448506, 0.00092431], [0.02640588, -0.02154011, -0.09219845], [-0.05512038, -0.07476137, 0.03548015], [-0.05246395, 0.08448506, -0.00092431], [-0.0285987, 0.01264727, 0.12305922], [-0.10937057, -0.00951319, -0.06110394], [0.0531335, -0.1127791, -0.01636859], [0.02423575, -0.02759659, -0.1187683], [0.05655645, 0.09269655, -0.06340087], [-0.10944278, -0.01451162, -0.05993925], [-0.02811061, 0.04306012, 0.1161281], [-0.02423575, 0.02759659, 0.1187683], [0.0285987, -0.01264727, -0.12305922], [0.10937057, 0.00951319, 0.06110394], [-0.0531335, 0.1127791, 0.01636859], [-0.05655645, -0.09269655, 0.06340087], [0.02811061, -0.04306012, -0.1161281], [0.10944278, 0.01451162, 0.05993925]], "atomic quadrupole moments": [[0.00576605, 0.11646253, 0.07045765, -0.05787217, -0.10511153, -0.0762237], [0.0602592, 0.01471225, 0.10404012, 0.05994057, -0.06595034, -0.16429932], [-0.00235125, -0.12600197, 0.13317044, -0.00021971, 0.00696085, -0.13081918], [0.0602592, 0.01471225, 0.10404012, 0.05994057, -0.06595034, -0.16429932], [0.00576605, 0.11646253, 0.07045765, -0.05787217, -0.10511153, -0.0762237], [-0.00235125, -0.12600197, 0.13317044, -0.00021971, 0.00696085, -0.13081918], [-0.04197115, 0.00570301, -0.03178576, -0.01901215, 0.02751456, 0.07375691], [0.04275912, -0.00079004, -0.03442391, 0.05905277, -0.01468537, -0.00833521], [0.0040787, -0.05340484, 0.04279338, -0.01694489, 0.00739041, -0.04687208], [-0.01672234, -0.00426803, -0.00814774, -0.01913182, 0.00833547, 0.02487008], [0.00728807, 0.04142889, 0.01740171, -0.03951318, -0.03816522, -0.02468978], [0.04360828, 0.02431464, -0.01960713, 0.05393252, 0.01784002, -0.02400115], [-0.04258915, -0.01328092, -0.03249213, -0.01469178, 0.02458931, 0.07508128], [-0.01672234, -0.00426803, -0.00814774, -0.01913182, 0.00833547, 0.02487008], [-0.04197115, 0.00570301, -0.03178576, -0.01901215, 0.02751456, 0.07375691], [0.04275912, -0.00079004, -0.03442391, 0.05905277, -0.01468537, -0.00833521], [0.0040787, -0.05340484, 0.04279338, -0.01694489, 0.00739041, -0.04687208], [0.00728807, 0.04142889, 0.01740171, -0.03951318, -0.03816522, -0.02468978], [-0.04258915, -0.01328092, -0.03249213, -0.01469178, 0.02458931, 0.07508128], [0.04360828, 0.02431464, -0.01960713, 0.05393252, 0.01784002, -0.02400115]], "number of molecular orbitals": 38, "number of electrons": 38, "number of unpaired electrons": 0, "orbital energies/eV": [-16.93254801, -16.42054894, -15.96051039, -15.61770021, -15.26048253, -14.74830602, -13.7386177, -13.70929494, -13.28224069, -13.22391071, -12.61277768, -12.59233481, -12.39861127, -12.22376552, -12.07889674, -11.72149754, -11.45923804, -11.37500354, -11.22879621, 1.5209221, 2.00412814, 2.73211667, 2.98432802, 3.49688523, 3.78912343, 4.67320384, 4.72078594, 4.92865398, 5.21664937, 5.92778252, 5.94861305, 6.06719147, 6.42611113, 6.64607986, 6.9970823, 7.43627481, 8.0380776, 8.06303359], "fractional occupation": [2.0, 2.0, 2.0, 2.0, 2.0, 2.0, 2.0, 2.0, 2.0, 2.0, 2.0, 2.0, 2.0, 2.0, 2.0, 2.0, 2.0, 2.0, 2.0, 0.0, 0.0, 0.0, 0.0, 0.0, 0.0, 0.0, 0.0, 0.0, 0.0, 0.0, 0.0, 0.0, 0.0, 0.0, 0.0, 0.0, 0.0, 0.0], "program call": "xtb /home/svss/Project-DBcg-Debug/aqme2_20220329/End-to-End-workflows-final/example-3/QDESCP/mol_667_rdkit_conf_2/mol_667_rdkit_conf_2.xyz --pop --wbo --acc 0.2 --gfn 2 --chrg 0 --uhf 0 --etemp 300 --input /home/svss/Project-DBcg-Debug/aqme2_20220329/End-to-End-workflows-final/example-3/QDESCP/mol_667_rdkit_conf_2/mol_667_rdkit_conf_2_xtb.inp", "method": "GFN2-xTB", "xtb version": "6.3.3 (7355c4f)", "Dipole module/D": 0.0, "Total charge": 0, "Transition dipole module/D": NaN, "HOMO": -11.2288, "LUMO": 1.5209, "HOMO occupancy": 2.0, "LUMO occupancy": 0, "mulliken charges": [-0.09068, -0.00651, -0.09067, -0.00651, -0.09068, -0.09067, 0.02702, 0.0288, 0.02838, 0.01946, 0.02838, 0.02881, 0.027, 0.01946, 0.02702, 0.0288, 0.02838, 0.02838, 0.027, 0.02881], "cm5 charges": [-0.23933, -0.07864, -0.23932, -0.07864, -0.23933, -0.23932, 0.07898, 0.08025, 0.08038, 0.07809, 0.08038, 0.08027, 0.07894, 0.07809, 0.07898, 0.08025, 0.08038, 0.08038, 0.07894, 0.08027], "FUKUI+": [0.027, -0.065, 0.027, -0.065, 0.027, 0.027, -0.06, -0.089, -0.054, -0.084, -0.054, -0.089, -0.06, -0.084, -0.06, -0.089, -0.054, -0.054, -0.06, -0.089], "FUKUI-": [0.023, -0.014, 0.023, -0.014, 0.023, 0.023, -0.072, -0.076, -0.066, -0.103, -0.066, -0.076, -0.072, -0.103, -0.072, -0.076, -0.066, -0.066, -0.072, -0.076], "FUKUIrad": [0.025, -0.04, 0.025, -0.04, 0.025, 0.025, -0.066, -0.083, -0.06, -0.094, -0.06, -0.083, -0.066, -0.094, -0.066, -0.083, -0.06, -0.06, -0.066, -0.083], "s proportion": [1.013, 1.057, 1.013, 1.057, 1.013, 1.013, 0.973, 0.971, 0.972, 0.981, 0.972, 0.971, 0.973, 0.981, 0.973, 0.971, 0.972, 0.972, 0.973, 0.971], "p proportion": [3.078, 2.949, 3.078, 2.949, 3.078, 3.078, 0.0, 0.0, 0.0, 0.0, 0.0, 0.0, 0.0, 0.0, 0.0, 0.0, 0.0, 0.0, 0.0, 0.0], "d proportion": [0.0, 0.0, 0.0, 0.0, 0.0, 0.0, 0.0, 0.0, 0.0, 0.0, 0.0, 0.0, 0.0, 0.0, 0.0, 0.0, 0.0, 0.0, 0.0, 0.0], "Fermi-level/eV": -4.8539, "Coordination numbers": [3.752, 3.847, 3.752, 3.847, 3.752, 3.752, 0.924, 0.924, 0.924, 0.923, 0.924, 0.924, 0.924, 0.923, 0.924, 0.924, 0.924, 0.924, 0.924, 0.924], "Dispersion coefficient C6": [22.524, 20.781, 22.524, 20.781, 22.524, 22.524, 2.567, 2.568, 2.551, 2.61, 2.551, 2.567, 2.567, 2.61, 2.567, 2.568, 2.551, 2.551, 2.567, 2.567], "Total dispersion C6": 2546.211451, "Total dispersion C8": 52354.629178, "Polarizability alpha": [6.768, 6.484, 6.768, 6.484, 6.768, 6.768, 2.505, 2.506, 2.498, 2.526, 2.498, 2.506, 2.506, 2.526, 2.505, 2.506, 2.498, 2.498, 2.506, 2.506], "Total polarizability alpha": 75.129693,