{"total energy": -25.64531307, "HOMO-LUMO gap/eV": 3.72365658, "electronic energy": -26.06401255, "dipole": [-0.73378017, 0.23361055, 0.23319419], "partial charges": [-0.10845927, 0.01730352, -0.20678622, 0.06868075, -0.0577021, -0.03249835, -0.04401819, -0.03197349, -0.05960513, 0.03615194, 0.04150229, 0.04695649, 0.02211052, 0.04496789, 0.15128008, 0.02227107, 0.02480756, 0.02138975, 0.02484563, 0.01877526], "atomic dipole moments": [[0.10971775, 0.03055139, -0.01358361], [0.01146532, -0.11546453, 0.0791833], [0.0064989, 0.17508596, 0.05109078], [-0.14658103, 0.00290772, 0.00714739], [-0.01663386, -0.02545193, 0.01428002], [0.00150125, 0.00698635, -0.00515673], [-0.00259164, -0.00082034, 0.00282696], [0.00514483, -0.00372962, 0.00549416], [-0.02723739, 0.01158148, -0.02488464], [-0.03106048, -0.0067825, 0.1218798], [-0.07516384, 0.08811863, -0.05341448], [-0.0294404, -0.11382759, -0.05131518], [0.02146226, 0.10559684, 0.05296124], [0.01465109, 0.01002645, -0.12598562], [-0.03399737, -0.02936307, 0.12393288], [-0.06756806, 0.08602717, -0.10325799], [0.07216989, 0.09099802, -0.09583989], [0.1498343, 0.00596996, -1.76e-05], [0.07883123, -0.08769316, 0.09348836], [-0.06167599, -0.09993703, 0.0914632]], "atomic quadrupole moments": [[0.22920331, 0.07493584, -0.11130253, -0.04454774, -0.02417497, -0.11790079], [0.22341071, -0.0934451, -0.03273614, 0.05124341, -0.16426549, -0.19067457], [0.06392542, -0.06877362, 0.02263242, 0.04538999, -0.06025613, -0.08655784], [-0.04649846, -0.01706596, 0.04809514, -0.01689987, 0.36641476, -0.00159668], [-0.22079496, -0.02971653, 0.15564587, -0.00499715, 0.33642267, 0.0651491], [-0.26729059, -0.0294016, 0.16627396, -0.0150953, 0.38850571, 0.10101663], [-0.24364187, -0.01918097, 0.1415815, -0.02193458, 0.3608571, 0.10206037], [-0.27016213, -0.01606936, 0.14554833, -0.02789855, 0.38810391, 0.1246138], [-0.21633473, -0.01814114, 0.10002036, -0.01827461, 0.33305836, 0.11631437], [-0.03147543, 0.01060224, -0.04895602, -0.01396269, -0.00048513, 0.08043146], [0.00290588, -0.04453601, 0.02163329, 0.02678043, -0.04608469, -0.02453918], [-0.03121599, 0.01557317, 0.05093061, -0.00279788, 0.05115749, -0.01971462], [-0.01087234, 0.00196557, 0.02469697, 0.02042218, 0.02796715, -0.01382463], [-0.00827538, -0.00534466, -0.03265102, -0.01958882, 0.0033136, 0.0409264], [0.03079272, -0.00309902, -0.03791601, -0.02037558, -0.0472757, 0.00712329], [0.05090526, -0.00245944, -0.02909122, 0.00435804, -0.04536715, -0.02181405], [0.03691612, -0.00062893, -0.02289712, 0.00757547, -0.05159949, -0.014019], [0.03090994, 0.00360818, -0.01840778, 0.00363943, -0.05384933, -0.01250216], [0.0359895, 0.00680084, -0.01932287, -0.00100415, -0.05187668, -0.01666664], [0.03935652, 0.00574339, -0.02287217, -0.00197384, -0.04881909, -0.01648436]], "number of molecular orbitals": 47, "number of electrons": 48, "number of unpaired electrons": 0, "orbital energies/eV": [-17.50954952, -17.25161368, -16.82615649, -16.33931136, -16.15215872, -15.81011372, -15.31866977, -15.08946808, -14.47304796, -14.3694689, -13.92842301, -13.61965677, -13.12202681, -12.9708791, -12.87024634, -12.63042761, -12.58361319, -12.42337985, -12.30598229, -11.49353015, -11.25818214, -11.17690867, -10.55941145, -9.51662695, -5.79297038, -5.43712848, -2.22892013, 0.58094986, 2.5584334, 3.09849417, 3.34458882, 3.70911864, 4.03222397, 4.30132508, 4.63077518, 4.96575288, 5.19860031, 5.83741494, 6.24531995, 6.63694829, 7.25260384, 10.82752391, 11.21285058, 11.93226094, 12.19583029, 16.68752002, 17.69764558], "fractional occupation": [2.0, 2.0, 2.0, 2.0, 2.0, 2.0, 2.0, 2.0, 2.0, 2.0, 2.0, 2.0, 2.0, 2.0, 2.0, 2.0, 2.0, 2.0, 2.0, 2.0, 2.0, 2.0, 2.0, 2.0, 0.0, 0.0, 0.0, 0.0, 0.0, 0.0, 0.0, 0.0, 0.0, 0.0, 0.0, 0.0, 0.0, 0.0, 0.0, 0.0, 0.0, 0.0, 0.0, 0.0, 0.0, 0.0, 0.0], "program call": "xtb /home/svss/Project-DBcg-Debug/aqme2_20220329/End-to-End-workflows-final/example-3/QDESCP/mol_258_rdkit_conf_1/mol_258_rdkit_conf_1.xyz --pop --wbo --acc 0.2 --gfn 2 --chrg 0 --uhf 0 --etemp 300 --input /home/svss/Project-DBcg-Debug/aqme2_20220329/End-to-End-workflows-final/example-3/QDESCP/mol_258_rdkit_conf_1/mol_258_rdkit_conf_1_xtb.inp", "method": "GFN2-xTB", "xtb version": "6.3.3 (7355c4f)", "Dipole module/D": 2.045, "Total charge": 0, "Transition dipole module/D": NaN, "HOMO": -9.5166, "LUMO": -5.793, "HOMO occupancy": 2.0, "LUMO occupancy": 0, "mulliken charges": [-0.09359, 0.09994, -0.37352, 0.14639, -0.07814, -0.02492, -0.05237, -0.02491, -0.07852, 0.02935, 0.03234, 0.03625, 0.01955, 0.02778, 0.20764, 0.02685, 0.02514, 0.02435, 0.02525, 0.02514], "cm5 charges": [-0.23856, 0.04655, -0.72576, 0.19727, -0.12697, -0.08019, -0.10777, -0.08013, -0.12656, 0.08261, 0.0835, 0.08962, 0.08353, 0.09195, 0.39993, 0.086, 0.08056, 0.07981, 0.08071, 0.08392], "FUKUI+": [0.013, 0.016, -0.04, -0.05, -0.06, -0.073, -0.035, -0.066, -0.067, -0.017, -0.029, -0.018, -0.022, -0.019, -0.042, -0.096, -0.101, -0.093, -0.1, -0.098], "FUKUI-": [0.022, 0.029, -0.138, -0.029, -0.036, -0.029, -0.064, -0.027, -0.04, -0.033, -0.044, -0.037, -0.089, -0.064, -0.071, -0.062, -0.072, -0.08, -0.072, -0.066], "FUKUIrad": [0.018, 0.022, -0.089, -0.039, -0.048, -0.051, -0.049, -0.046, -0.053, -0.025, -0.037, -0.028, -0.056, -0.042, -0.056, -0.079, -0.086, -0.087, -0.086, -0.082], "s proportion": [1.011, 1.001, 1.447, 1.046, 1.055, 1.059, 1.053, 1.059, 1.057, 0.971, 0.968, 0.964, 0.98, 0.972, 0.792, 0.973, 0.975, 0.976, 0.975, 0.975], "p proportion": [3.082, 2.899, 3.927, 2.808, 3.024, 2.966, 3.0, 2.966, 3.021, 0.0, 0.0, 0.0, 0.0, 0.0, 0.0, 0.0, 0.0, 0.0, 0.0, 0.0], "d proportion": [0.0, 0.0, 0.0, 0.0, 0.0, 0.0, 0.0, 0.0, 0.0, 0.0, 0.0, 0.0, 0.0, 0.0, 0.0, 0.0, 0.0, 0.0, 0.0, 0.0], "Fermi-level/eV": -7.6548, "Coordination numbers": [3.751, 3.736, 2.687, 2.895, 2.917, 2.911, 2.912, 2.91, 2.922, 0.924, 0.924, 0.924, 0.924, 0.924, 0.86, 0.925, 0.925, 0.925, 0.925, 0.925], "Dispersion coefficient C6": [22.636, 20.366, 25.499, 26.462, 29.434, 28.81, 29.093, 28.797, 29.482, 2.501, 2.429, 2.358, 2.702, 2.384, 1.392, 2.699, 2.661, 2.712, 2.661, 2.752], "Total dispersion C6": 4048.602902, "Total dispersion C8": 93631.3375, "Polarizability alpha": [6.785, 6.44, 7.5, 8.434, 8.897, 8.801, 8.845, 8.799, 8.904, 2.473, 2.437, 2.402, 2.57, 2.415, 1.848, 2.569, 2.551, 2.575, 2.551, 2.594], "Total polarizability alpha": 100.391446,