{"total energy": -19.99222387, "HOMO-LUMO gap/eV": 13.12357611, "electronic energy": -20.2854534, "dipole": [-1.335e-05, 0.01431404, 0.00828565], "partial charges": [-0.09865997, -0.05481308, -0.01480191, -0.10088184, -0.05502111, -0.09855045, 0.03336769, 0.03005817, 0.02933379, 0.02731027, 0.03213966, 0.02633089, 0.03015725, 0.03195512, 0.033807, 0.02533326, 0.02744201, 0.03485474, 0.03223205, 0.02840646], "atomic dipole moments": [[-0.09412357, -0.03027698, -0.00084831], [0.05001703, 0.05454188, -0.08508276], [-0.05048487, 0.02930578, 0.07045623], [0.00907568, -0.09938242, 0.00666587], [0.02356206, 0.06964987, 0.07983228], [0.06556302, -0.02694214, -0.07301373], [0.01189038, 0.12543091, 0.00468771], [0.06349375, -0.04377308, -0.09973855], [0.05659918, -0.04408756, 0.10154994], [0.00029545, -0.12138137, 0.01635221], [-0.05266304, 0.04526352, 0.10375141], [0.06249091, -0.03875503, -0.09644656], [-0.06974485, 0.03232572, -0.09979173], [0.11096549, 0.05511456, -0.01999488], [-0.05104365, 0.05713487, 0.10139128], [0.01294986, -0.12110299, -0.00080245], [-0.05210782, 0.0217066, -0.10794354], [-0.02979208, 0.12296886, -0.0001712], [0.03956609, -0.03310117, 0.1154628], [-0.10654693, -0.06095148, -0.01803659]], "atomic quadrupole moments": [[0.19542068, 0.09496048, -0.0900909, 0.00315984, -0.0130613, -0.10532977], [0.15352846, 0.07231843, -0.15584425, 0.10712365, -0.07463622, 0.00231579], [0.00728541, 0.05916129, 0.07363216, 0.12651294, -0.07445466, -0.08091757], [-0.0898103, -0.02970791, 0.20243826, 0.01509973, -0.02304513, -0.11262796], [0.15223845, 0.06487744, -0.11531314, -0.12457867, 0.06229477, -0.0369253], [0.03118393, -0.04187349, -0.09274911, -0.14982312, 0.07114367, 0.06156518], [-0.02682343, -0.00569806, 0.07980821, -0.0029243, -0.00287334, -0.05298477], [-0.0137269, -0.00955807, -0.02799992, -0.04095115, 0.04465705, 0.04172682], [-0.01301047, -0.00862988, -0.02789066, 0.04134337, -0.04711114, 0.04090113], [-0.01761646, 0.00228623, 0.05779102, 0.0159987, 0.00158474, -0.04017456], [0.00595954, -0.02073535, -0.01760274, -0.02596574, 0.03814183, 0.0116432], [0.00121617, -0.00460614, -0.00812233, -0.02388287, 0.01400004, 0.00690616], [-0.0056906, -0.00672168, -0.02777587, 0.06486534, -0.01151779, 0.03346647], [0.0700803, 0.03131544, -0.01673668, -0.01409789, -0.00195776, -0.05334361], [-0.02556599, -0.01562734, -0.02250309, -0.05069032, 0.02571756, 0.04806908], [-0.01318689, -0.01723716, 0.05289913, -0.01388221, -0.01602763, -0.03971224], [0.00132379, -0.01225979, -0.03737453, 0.02031124, -0.03307498, 0.03605075], [-0.04461171, -0.01209781, 0.07960432, -0.01069511, -0.01131749, -0.03499262], [-0.01002446, -0.02456103, -0.03998051, 0.04330583, -0.02376889, 0.05000497], [0.04494824, 0.05476257, -0.01383416, 0.01338561, 0.0240769, -0.03111408]], "number of molecular orbitals": 38, "number of electrons": 38, "number of unpaired electrons": 0, "orbital energies/eV": [-16.9225908, -16.43748861, -16.09272048, -15.6362505, -15.28257427, -14.62403129, -13.88907352, -13.66677743, -13.54539156, -13.1849468, -12.68255009, -12.58976224, -12.45621146, -12.31143897, -12.08940264, -11.60478617, -11.36532222, -11.35037457, -11.25141549, 1.87216063, 2.24044027, 2.70659241, 3.47318259, 3.56151079, 3.83924671, 4.00316779, 4.31314782, 4.73008246, 5.32296859, 5.55486585, 5.70635562, 6.18834037, 6.5745181, 6.89487612, 7.59146597, 7.71976644, 7.94586181, 8.09132694], "fractional occupation": [2.0, 2.0, 2.0, 2.0, 2.0, 2.0, 2.0, 2.0, 2.0, 2.0, 2.0, 2.0, 2.0, 2.0, 2.0, 2.0, 2.0, 2.0, 2.0, 0.0, 0.0, 0.0, 0.0, 0.0, 0.0, 0.0, 0.0, 0.0, 0.0, 0.0, 0.0, 0.0, 0.0, 0.0, 0.0, 0.0, 0.0, 0.0], "program call": "xtb /home/svss/Project-DBcg-Debug/aqme2_20220329/End-to-End-workflows-final/example-3/QDESCP/mol_181_rdkit_conf_4/mol_181_rdkit_conf_4.xyz --pop --wbo --acc 0.2 --gfn 2 --chrg 0 --uhf 0 --etemp 300 --input /home/svss/Project-DBcg-Debug/aqme2_20220329/End-to-End-workflows-final/example-3/QDESCP/mol_181_rdkit_conf_4/mol_181_rdkit_conf_4_xtb.inp", "method": "GFN2-xTB", "xtb version": "6.3.3 (7355c4f)", "Dipole module/D": 0.042, "Total charge": 0, "Transition dipole module/D": NaN, "HOMO": -11.2514, "LUMO": 1.8722, "HOMO occupancy": 2.0, "LUMO occupancy": 0, "mulliken charges": [-0.08319, -0.04621, -0.00841, -0.09106, -0.04585, -0.08471, 0.02679, 0.02618, 0.02776, 0.02339, 0.0232, 0.02017, 0.02853, 0.02855, 0.02755, 0.02275, 0.02339, 0.02708, 0.02653, 0.02757], "cm5 charges": [-0.2338, -0.15675, -0.08076, -0.23963, -0.15631, -0.23529, 0.07856, 0.07759, 0.07853, 0.07851, 0.0789, 0.07864, 0.08015, 0.08039, 0.07989, 0.07747, 0.07811, 0.079, 0.07846, 0.07835], "FUKUI+": [0.008, -0.024, -0.064, 0.031, -0.03, 0.027, -0.058, -0.06, -0.098, -0.07, -0.069, -0.086, -0.063, -0.072, -0.055, -0.068, -0.091, -0.045, -0.036, -0.076], "FUKUI-": [0.021, -0.001, -0.014, 0.021, 0.008, 0.019, -0.066, -0.083, -0.087, -0.073, -0.087, -0.079, -0.065, -0.06, -0.056, -0.074, -0.104, -0.062, -0.078, -0.081], "FUKUIrad": [0.014, -0.013, -0.039, 0.026, -0.011, 0.023, -0.062, -0.071, -0.093, -0.071, -0.078, -0.082, -0.064, -0.066, -0.055, -0.071, -0.098, -0.053, -0.057, -0.078], "s proportion": [1.007, 1.031, 1.057, 1.011, 1.032, 1.006, 0.973, 0.974, 0.972, 0.977, 0.977, 0.98, 0.971, 0.971, 0.972, 0.977, 0.977, 0.973, 0.973, 0.972], "p proportion": [3.076, 3.015, 2.952, 3.08, 3.014, 3.079, 0.0, 0.0, 0.0, 0.0, 0.0, 0.0, 0.0, 0.0, 0.0, 0.0, 0.0, 0.0, 0.0, 0.0], "d proportion": [0.0, 0.0, 0.0, 0.0, 0.0, 0.0, 0.0, 0.0, 0.0, 0.0, 0.0, 0.0, 0.0, 0.0, 0.0, 0.0, 0.0, 0.0, 0.0, 0.0], "Fermi-level/eV": -4.6896, "Coordination numbers": [3.749, 3.8, 3.847, 3.75, 3.8, 3.748, 0.924, 0.924, 0.924, 0.924, 0.924, 0.923, 0.924, 0.924, 0.924, 0.924, 0.924, 0.924, 0.924, 0.924], "Dispersion coefficient C6": [22.45, 21.56, 20.806, 22.49, 21.564, 22.449, 2.539, 2.586, 2.596, 2.625, 2.556, 2.639, 2.584, 2.559, 2.533, 2.654, 2.623, 2.519, 2.555, 2.609], "Total dispersion C6": 2549.514222, "Total dispersion C8": 52377.015687, "Polarizability alpha": [6.758, 6.611, 6.488, 6.763, 6.612, 6.758, 2.492, 2.515, 2.52, 2.534, 2.5, 2.541, 2.514, 2.502, 2.489, 2.548, 2.533, 2.482, 2.5, 2.526], "Total polarizability alpha": 75.183778,