{"total energy": -27.16362732, "HOMO-LUMO gap/eV": 3.8155105, "electronic energy": -27.49829426, "dipole": [1.08603311, 0.2235873, 0.05145405], "partial charges": [0.03281284, -0.26522845, 0.14360402, -0.06396262, -0.04195637, 0.08963294, -0.18054868, -0.04037023, -0.05177094, 0.06301983, 0.04483689, 0.04482651, 0.0476073, 0.05674039, 0.0595911, 0.06116547], "atomic dipole moments": [[-0.20280863, -0.12638214, 0.004735], [-0.00113302, 0.24182559, -0.04109547], [0.23320568, -0.0786439, 0.03250174], [-0.0078406, -0.03045636, 0.00453362], [-0.01640185, -0.02711979, 0.00324883], [-0.23089651, 0.07124625, -0.03109456], [0.01301099, -0.01073954, 0.00289659], [0.00335162, 0.03328755, -0.00536389], [0.02968995, 0.03837442, -0.00404263], [0.10567378, -0.06659699, 0.01998406], [-0.00581535, 0.08330065, 0.09471703], [0.01157449, 0.0475166, -0.11642635], [0.10796838, 0.10958738, -0.00970157], [-0.02600942, 0.14989607, -0.02755784], [-0.11387192, -0.10436024, 0.00831241], [0.02558654, -0.15051335, 0.02760989]], "atomic quadrupole moments": [[0.25196657, 0.33489543, 0.02987798, -0.01253539, -0.02583748, -0.28184455], [0.09101252, 0.06292105, 0.0093942, 0.00532026, -0.01390795, -0.10040671], [0.07765911, -0.17179548, -0.37887356, 0.00935968, 0.10399927, 0.30121445], [-0.20261257, -0.02259928, -0.23276396, -0.05063399, 0.11541775, 0.43537653], [-0.23553364, -0.00457345, -0.24726414, -0.06057656, 0.12792132, 0.48279778], [0.13371959, -0.21180397, -0.37751099, 0.02575636, 0.09012789, 0.24379141], [0.37267799, -0.20215838, -0.16830425, 0.08268939, -0.02462196, -0.20437374], [-0.25570717, -0.02656819, -0.23170023, -0.05882157, 0.12411804, 0.4874074], [-0.19321739, 0.00878762, -0.25635059, -0.05650865, 0.12477484, 0.44956797], [0.03787474, -0.04749284, 0.01344502, 0.01571786, -0.0155554, -0.05131976], [-0.01782717, 0.00290049, 0.01362503, -0.02076662, 0.05275497, 0.00420215], [-0.02315042, 0.01643099, -0.01952029, 0.01003788, -0.04173947, 0.04267071], [0.05138291, -0.00521356, 0.01269064, 0.01066075, -0.01398826, -0.06407355], [0.03697287, -0.0005828, 0.0228798, 0.00833077, -0.01460697, -0.05985267], [0.03497475, -0.00333023, 0.02398773, 0.00856185, -0.01488725, -0.05896248], [0.03228213, -0.00250343, 0.02477192, 0.00803719, -0.01461843, -0.05705404]], "number of molecular orbitals": 48, "number of electrons": 48, "number of unpaired electrons": 0, "orbital energies/eV": [-28.64149544, -19.65762537, -18.21333857, -17.82915904, -17.22953611, -16.93135928, -16.25985132, -16.04010806, -15.35260108, -15.2823248, -14.97012679, -14.33514146, -13.81324924, -13.63034675, -13.62589744, -13.32425626, -12.94306921, -12.89969724, -12.45367893, -11.98289344, -11.66924726, -11.36150227, -11.2749514, -10.40908812, -6.59357762, -6.22861772, -3.59631458, -3.03296776, 0.32445728, 0.49685723, 0.65493434, 0.65763284, 1.02952024, 2.4655991, 2.88515177, 3.59836436, 3.70989781, 4.29410295, 4.69250392, 5.05709317, 5.22432114, 5.75858839, 9.56475873, 10.4490953, 11.10650795, 11.91888992, 15.9668178, 16.89432014], "fractional occupation": [2.0, 2.0, 2.0, 2.0, 2.0, 2.0, 2.0, 2.0, 2.0, 2.0, 2.0, 2.0, 2.0, 2.0, 2.0, 2.0, 2.0, 2.0, 2.0, 2.0, 2.0, 2.0, 2.0, 2.0, 0.0, 0.0, 0.0, 0.0, 0.0, 0.0, 0.0, 0.0, 0.0, 0.0, 0.0, 0.0, 0.0, 0.0, 0.0, 0.0, 0.0, 0.0, 0.0, 0.0, 0.0, 0.0, 0.0, 0.0], "program call": "xtb /home/svss/Project-DBcg-Debug/aqme2_20220329/End-to-End-workflows-final/example-3/QDESCP/mol_272_rdkit_conf_1/mol_272_rdkit_conf_1.xyz --pop --wbo --acc 0.2 --gfn 2 --chrg 0 --uhf 0 --etemp 300 --input /home/svss/Project-DBcg-Debug/aqme2_20220329/End-to-End-workflows-final/example-3/QDESCP/mol_272_rdkit_conf_1/mol_272_rdkit_conf_1_xtb.inp", "method": "GFN2-xTB", "xtb version": "6.3.3 (7355c4f)", "Dipole module/D": 2.821, "Total charge": 0, "Transition dipole module/D": NaN, "HOMO": -10.4091, "LUMO": -6.5936, "HOMO occupancy": 2.0, "LUMO occupancy": 0, "mulliken charges": [0.1694, -0.41891, 0.25221, -0.0868, -0.04477, 0.09784, -0.1269, -0.04768, -0.0601, 0.04008, 0.02685, 0.02685, 0.03758, 0.04096, 0.04237, 0.05102], "cm5 charges": [0.0481, -0.50699, 0.26798, -0.1385, -0.09671, 0.09052, -0.1289, -0.09948, -0.10959, 0.09911, 0.08599, 0.08598, 0.09626, 0.09747, 0.09892, 0.10986], "FUKUI+": [0.027, -0.056, -0.048, -0.062, -0.07, -0.039, -0.136, -0.062, -0.07, -0.048, -0.026, -0.026, -0.094, -0.098, -0.096, -0.097], "FUKUI-": [0.034, -0.127, -0.042, -0.031, -0.03, -0.039, -0.27, -0.024, -0.036, -0.057, -0.06, -0.06, -0.062, -0.065, -0.064, -0.066], "FUKUIrad": [0.031, -0.092, -0.045, -0.047, -0.05, -0.039, -0.203, -0.043, -0.053, -0.052, -0.043, -0.043, -0.078, -0.081, -0.08, -0.082], "s proportion": [0.972, 1.684, 1.017, 1.057, 1.062, 1.072, 1.943, 1.063, 1.059, 0.96, 0.973, 0.973, 0.962, 0.959, 0.958, 0.949], "p proportion": [2.859, 4.735, 2.73, 3.03, 2.983, 2.83, 5.193, 2.985, 3.001, 0.0, 0.0, 0.0, 0.0, 0.0, 0.0, 0.0], "d proportion": [0.0, 0.0, 0.0, 0.0, 0.0, 0.0, -0.01, 0.0, 0.0, 0.0, 0.0, 0.0, 0.0, 0.0, 0.0, 0.0], "Fermi-level/eV": -8.5013, "Coordination numbers": [3.643, 1.704, 2.859, 2.913, 2.948, 2.879, 0.966, 2.948, 2.916, 0.924, 0.924, 0.924, 0.925, 0.925, 0.925, 0.925], "Dispersion coefficient C6": [20.365, 18.397, 24.871, 29.591, 29.041, 26.004, 104.826, 29.002, 29.286, 2.164, 2.386, 2.386, 2.35, 2.238, 2.204, 2.185], "Total dispersion C6": 3747.722501, "Total dispersion C8": 100175.00123, "Polarizability alpha": [6.488, 5.791, 8.174, 8.92, 8.839, 8.36, 15.664, 8.833, 8.874, 2.301, 2.415, 2.415, 2.397, 2.339, 2.321, 2.312], "Total polarizability alpha": 96.443177, "Wiberg matrix": [[0.0, 0.9805132184142984, 0.0, 0.0, 0.0, 0.0, 0.0, 0.0, 0.0, 0.9799882796273856, 0.9779039374043698, 0.9779007710077813, 0.0, 0.0, 0.0, 0.0], [0.9805132184142984, 0.0, 1.0672700057717142, 0.0, 0.0, 0.0, 0.0, 0.0, 0.0, 0.0, 0.0, 0.0, 0.0, 0.0, 0.0, 0.0], [0.0, 1.0672700057717142, 0.0, 1.3718920198802866, 0.0, 0.0, 0.0, 0.0, 1.3527294879475493, 0.0, 0.0, 0.0, 0.0, 0.0, 0.0, 0.0], [0.0, 0.0, 1.3718920198802866, 0.0, 1.4349706159852489, 0.0, 0.0, 0.10277527278553106, 0.0, 0.0, 0.0, 0.0, 0.9653479763307172, 0.0, 0.0, 0.0], [0.0, 0.0, 0.0, 1.4349706159852489, 0.0, 1.4064997728198771, 0.0, 0.0, 0.11099215477513245, 0.0, 0.0, 0.0, 0.0, 0.9683238894056767, 0.0, 0.0], [0.0, 0.0, 0.0, 0.0, 1.4064997728198771, 0.0, 0.972165475609192, 1.392144424012037, 0.0, 0.0, 0.0, 0.0, 0.0, 0.0, 0.0, 0.0], [0.0, 0.0, 0.0, 0.0, 0.0, 0.972165475609192, 0.0, 0.0, 0.0, 0.0, 0.0, 0.0, 0.0, 0.0, 0.0, 0.0], [0.0, 0.0, 0.0, 0.10277527278553106, 0.0, 1.392144424012037, 0.0, 0.0, 1.4591676854115136, 0.0, 0.0, 0.0, 0.0, 0.0, 0.9675628358127887, 0.0], [0.0, 0.0, 1.3527294879475493, 0.0, 0.11099215477513245, 0.0, 0.0, 1.4591676854115136, 0.0, 0.0, 0.0, 0.0, 0.0, 0.0, 0.0, 0.9666471000813303], [0.9799882796273856, 0.0, 0.0, 0.0, 0.0, 0.0, 0.0, 0.0, 0.0, 0.0, 0.0, 0.0, 0.0, 0.0, 0.0, 0.0], [0.9779039374043698, 0.0, 0.0, 0.0, 0.0, 0.0, 0.0, 0.0, 0.0, 0.0, 0.0, 0.0, 0.0, 0.0, 0.0, 0.0], [0.9779007710077813, 0.0, 0.0, 0.0, 0.0, 0.0, 0.0, 0.0, 0.0, 0.0, 0.0, 0.0, 0.0, 0.0, 0.0, 0.0], [0.0, 0.0, 0.0, 0.9653479763307172, 0.0, 0.0, 0.0, 0.0, 0.0, 0.0, 0.0, 0.0, 0.0, 0.0, 0.0, 0.0], [0.0, 0.0, 0.0, 0.0, 0.9683238894056767, 0.0, 0.0, 0.0, 0.0, 0.0, 0.0, 0.0, 0.0, 0.0, 0.0, 0.0], [0.0, 0.0, 0.0, 0.0, 0.0, 0.0, 0.0, 0.9675628358127887, 0.0, 0.0, 0.0, 0.0, 0.0, 0.0, 0.0, 0.0], [0.0, 0.0, 0.0, 0.0, 0.0, 0.0, 0.0, 0.0, 0.9666471000813303, 0.0, 0.0, 0.0, 0.0, 0.0, 0.0, 0.0]], "Born radii": [], "Atomic SASAs": [], "Solvent H bonds": [], "Total SASA": NaN, "Total FOD": 0.0, "FOD": [0.0, 0.0, 0.0, 0.0, 0.0, 0.0, 0.0, 0.0, 0.0, 0.0, 0.0, 0.0, 0.0, 0.0, 0.0, 0.0], "FOD s proportion": [0.0, 0.0, 0.0, 0.0, 0.0, 0.0, 0.0, 0.0, 0.0, 0.0, 0.0, 0.0, 0.0, 0.0, 0.0, 0.0], "FOD p proportion": [0.0, 0.0, 0.0, 0.0, 0.0, 0.0, 0.0, 0.0, 0.0, 0.0, 0.0, 0.0, 0.0, 0.0, 0.0, 0.0], "FOD d proportion": [0.0, 0.0, 0.0, 0.0, 0.0, 0.0, 0.0, 0.0, 0.0, 0.0, 0.0, 0.0, 0.0, 0.0, 0.0, 0.0],