{"total energy": -21.06789953, "HOMO-LUMO gap/eV": 6.06622462, "electronic energy": -21.27710924, "dipole": [0.04776972, 1.16665942, 0.40716305], "partial charges": [-0.1137199, 0.08684904, -0.29397906, 0.4073416, -0.46751503, -0.28420113, 0.05459083, 0.05096524, 0.0545861, 0.05136011, 0.0513656, 0.1979774, 0.2043792], "atomic dipole moments": [[0.09336869, -0.10083567, -0.02431578], [0.18307859, 0.15708372, 0.07452021], [-0.0203072, -0.22525136, -0.07983846], [-0.10809459, 0.09895421, 0.02202883], [0.00467253, 0.19833544, 0.06882377], [-0.04040865, -0.02454127, -0.01294106], [0.01958192, 0.10665333, -0.06780801], [-0.11571292, -0.04875875, -0.02970116], [-0.00145883, 0.04167014, 0.12091413], [-0.02016068, -0.09954579, 0.07656866], [0.00216349, -0.03066645, -0.12341488], [-0.01728117, 0.1303125, 0.04295959], [0.1181824, -0.07276682, -0.01187627]], "atomic quadrupole moments": [[0.09225236, -0.20129822, 0.04194631, -0.04301615, 0.04146346, -0.13419867], [0.41602468, 0.11070581, -0.06826098, 0.12991119, 0.12889014, -0.3477637], [0.10729431, 0.02059361, -0.00793268, 0.0320709, 0.03973129, -0.09936163], [-0.08530187, -0.08836025, -0.22062994, -0.08357417, -0.22056102, 0.30593181], [-0.0991391, 0.01674262, -0.01524432, -0.02019951, -0.04941327, 0.11438342], [0.02251869, 0.07371315, -0.03325515, 0.02677685, -0.00669903, 0.01073646], [-0.03754846, 0.01191085, 0.03084821, -0.0258092, -0.05559663, 0.00670025], [0.05590157, 0.04505143, -0.01295779, 0.0275922, 0.01861318, -0.04294378], [-0.04555417, -0.01049058, -0.03107177, 0.00620517, 0.02226544, 0.07662594], [2.145e-05, 0.00667493, 0.00769976, 0.00134305, -0.03482615, -0.0077212], [0.00031599, 0.00064952, -0.03240629, -0.00220353, 0.01655328, 0.0320903], [-0.00644196, 0.00448292, 0.04986409, 0.00719222, 0.0373352, -0.04342213], [0.05605426, -0.02564826, -0.00582027, 0.00361618, 0.01426618, -0.05023399]], "number of molecular orbitals": 31, "number of electrons": 36, "number of unpaired electrons": 0, "orbital energies/eV": [-20.00733324, -19.14659185, -18.49845841, -17.51298336, -16.55684664, -16.2425306, -15.87589396, -15.83241764, -15.14005681, -14.50637981, -14.22941676, -13.69723875, -13.06742391, -12.81690191, -12.66956448, -11.77346148, -11.50485156, -11.32741412, -5.26118951, -0.50728993, 1.38483744, 2.94120898, 3.55120209, 3.86247307, 4.44091793, 5.01406717, 6.21171541, 6.74842303, 7.02296231, 9.10425924, 17.50218777], "fractional occupation": [2.0, 2.0, 2.0, 2.0, 2.0, 2.0, 2.0, 2.0, 2.0, 2.0, 2.0, 2.0, 2.0, 2.0, 2.0, 2.0, 2.0, 2.0, 0.0, 0.0, 0.0, 0.0, 0.0, 0.0, 0.0, 0.0, 0.0, 0.0, 0.0, 0.0, 0.0], "program call": "xtb /home/svss/Project-DBcg-Debug/aqme2_20220329/End-to-End-workflows-final/example-3/QDESCP/mol_254_rdkit_conf_1/mol_254_rdkit_conf_1.xyz --pop --wbo --acc 0.2 --gfn 2 --chrg 0 --uhf 0 --etemp 300 --input /home/svss/Project-DBcg-Debug/aqme2_20220329/End-to-End-workflows-final/example-3/QDESCP/mol_254_rdkit_conf_1/mol_254_rdkit_conf_1_xtb.inp", "method": "GFN2-xTB", "xtb version": "6.3.3 (7355c4f)", "Dipole module/D": 3.143, "Total charge": 0, "Transition dipole module/D": NaN, "HOMO": -11.3274, "LUMO": -5.2612, "HOMO occupancy": 2.0, "LUMO occupancy": 0, "mulliken charges": [-0.09565, 0.20752, -0.43839, 0.66332, -0.57826, -0.4284, 0.04055, 0.03342, 0.04054, 0.03688, 0.03688, 0.23885, 0.24274], "cm5 charges": [-0.24231, 0.12553, -0.51598, 0.7863, -0.62064, -0.87867, 0.09379, 0.08462, 0.09378, 0.10174, 0.10175, 0.43417, 0.43592], "FUKUI+": [0.018, 0.027, -0.112, -0.191, -0.27, -0.085, -0.029, -0.046, -0.029, -0.041, -0.041, -0.105, -0.096], "FUKUI-": [0.019, 0.016, -0.1, -0.003, -0.16, -0.098, -0.109, -0.076, -0.109, -0.122, -0.122, -0.066, -0.069], "FUKUIrad": [0.018, 0.022, -0.106, -0.097, -0.215, -0.091, -0.069, -0.061, -0.069, -0.082, -0.082, -0.086, -0.082], "s proportion": [1.011, 0.993, 1.693, 0.911, 1.721, 1.401, 0.959, 0.967, 0.959, 0.963, 0.963, 0.761, 0.757], "p proportion": [3.085, 2.8, 4.746, 2.425, 4.857, 4.027, 0.0, 0.0, 0.0, 0.0, 0.0, 0.0, 0.0], "d proportion": [0.0, 0.0, 0.0, 0.0, 0.0, 0.0, 0.0, 0.0, 0.0, 0.0, 0.0, 0.0, 0.0], "Fermi-level/eV": -8.2943, "Coordination numbers": [3.748, 3.708, 1.707, 2.657, 0.858, 2.638, 0.924, 0.924, 0.924, 0.924, 0.924, 0.86, 0.86], "Dispersion coefficient C6": [22.743, 19.271, 18.887, 20.134, 23.077, 27.338, 2.264, 2.308, 2.264, 2.303, 2.303, 1.116, 1.084], "Total dispersion C6": 1412.283106, "Total dispersion C8": 29651.382829, "Polarizability alpha": [6.802, 6.274, 5.868, 7.341, 6.441, 7.765, 2.353, 2.376, 2.353, 2.373, 2.373, 1.655, 1.631], "Total polarizability alpha": 55.605224, "Wiberg matrix": [[0.0, 1.0201131194382556, 0.0, 0.0, 0.0, 0.0, 0.9855842961583613, 0.9840185340500754, 0.9855840083315279, 0.0, 0.0, 0.0, 0.0], [1.0201131194382556, 0.0, 0.939889611861378, 0.0, 0.0, 0.0, 0.0, 0.0, 0.0, 0.9710585770250719, 0.9710606098651037, 0.0, 0.0], [0.0, 0.939889611861378, 0.0, 1.069261184306849, 0.13353806298307527, 0.0, 0.0, 0.0, 0.0, 0.0, 0.0, 0.0, 0.0], [0.0, 0.0, 1.069261184306849, 0.0, 1.6363971442391452, 1.215855125246806, 0.0, 0.0, 0.0, 0.0, 0.0, 0.0, 0.0], [0.0, 0.0, 0.13353806298307527, 1.6363971442391452, 0.0, 0.16977912342646892, 0.0, 0.0, 0.0, 0.0, 0.0, 0.0, 0.0], [0.0, 0.0, 0.0, 1.215855125246806, 0.16977912342646892, 0.0, 0.0, 0.0, 0.0, 0.0, 0.0, 0.9430231651698368, 0.941657843771488], [0.9855842961583613, 0.0, 0.0, 0.0, 0.0, 0.0, 0.0, 0.0, 0.0, 0.0, 0.0, 0.0, 0.0], [0.9840185340500754, 0.0, 0.0, 0.0, 0.0, 0.0, 0.0, 0.0, 0.0, 0.0, 0.0, 0.0, 0.0], [0.9855840083315279, 0.0, 0.0, 0.0, 0.0, 0.0, 0.0, 0.0, 0.0, 0.0, 0.0, 0.0, 0.0], [0.0, 0.9710585770250719, 0.0, 0.0, 0.0, 0.0, 0.0, 0.0, 0.0, 0.0, 0.0, 0.0, 0.0], [0.0, 0.9710606098651037, 0.0, 0.0, 0.0, 0.0, 0.0, 0.0, 0.0, 0.0, 0.0, 0.0, 0.0], [0.0, 0.0, 0.0, 0.0, 0.0, 0.9430231651698368, 0.0, 0.0, 0.0, 0.0, 0.0, 0.0, 0.0], [0.0, 0.0, 0.0, 0.0, 0.0, 0.941657843771488, 0.0, 0.0, 0.0, 0.0, 0.0, 0.0, 0.0]], "Born radii": [], "Atomic SASAs": [], "Solvent H bonds": [], "Total SASA": NaN, "Total FOD": 0.0, "FOD": [0.0, 0.0, 0.0, 0.0, 0.0, 0.0, 0.0, 0.0, 0.0, 0.0, 0.0, 0.0, 0.0], "FOD s proportion": [0.0, 0.0, 0.0, 0.0, 0.0, 0.0, 0.0, 0.0, 0.0, 0.0, 0.0, 0.0, 0.0], "FOD p proportion": [0.0, 0.0, 0.0, 0.0, 0.0, 0.0, 0.0, 0.0, 0.0, 0.0, 0.0, 0.0, 0.0], "FOD d proportion": [0.0, 0.0, 0.0, 0.0, 0.0, 0.0, 0.0, 0.0, 0.0, 0.0, 0.0, 0.0, 0.0], "coordinates": [["-2.00280", "0.65150", "-0.03660"], ["-0.89320", "-0.35750", "-0.26030"], ["0.35050", "0.25980", "0.09100"], ["1.42520", "-0.54390", "-0.06590"], ["1.41850", "-1.69710", "-0.46380"], ["2.54840", "0.11800", "0.28730"], ["-1.83850", "1.54660", "-0.64560"], ["-2.97630", "0.22400", "-0.29240"], ["-2.02300", "0.97690", "1.00880"], ["-1.06140", "-1.23750", "0.37080"], ["-0.87340", "-0.65720", "-1.31420"], ["2.48930", "1.07110", "0.60900"], ["3.43670", "-0.35470", "0.22360"]],