{"total energy": -23.02437855, "HOMO-LUMO gap/eV": 3.70548443, "electronic energy": -23.32064074, "dipole": [-0.05210838, 0.05378206, -1.29536331], "partial charges": [-0.10128645, -0.05080171, -0.03432028, -0.09610159, 0.23188441, -0.36551228, -0.13393188, 0.03146051, 0.03578503, 0.03609313, 0.03416456, 0.04977108, 0.04035035, 0.04670168, 0.03257179, 0.0471739, 0.06238789, 0.06752401, 0.06608584], "atomic dipole moments": [[-0.0826707, 0.00125374, 0.0653345], [-0.02398453, 0.03906891, -0.12088917], [0.01746122, 0.06222175, 0.07573262], [-0.01525322, -0.1176136, 0.0206704], [-4.359e-05, -0.00787521, 0.01681584], [-0.01422919, -0.00217423, -0.16058446], [0.07495638, 0.01546261, 0.01742265], [-0.02560124, -0.06336656, -0.10538519], [0.04126819, 0.1149243, -0.03049487], [0.09699463, -0.05855097, 0.05542216], [-0.01954037, -0.11662416, 0.04082315], [0.03579567, 0.06095936, 0.10690274], [-0.02483019, -0.06380476, -0.10424208], [0.02790154, 0.07161916, 0.10466878], [-0.10567593, 0.05071523, -0.04474501], [0.08820499, 0.02510162, -0.08798935], [0.00299957, -0.11101288, -0.07547258], [-0.09164519, -0.02089154, 0.0939573], [-0.03667876, 0.11171766, -0.06684221]], "atomic quadrupole moments": [[0.09437001, -0.01334295, -0.12143346, -0.16793505, -0.0016113, 0.02706345], [0.20215744, -0.10689504, -0.18031365, -0.04915012, -0.06339024, -0.02184379], [0.0715592, -0.02257094, 0.00239158, -0.03571665, -0.12577579, -0.07395078], [-0.09696348, 0.03056399, 0.21986686, 0.00512182, -0.07610393, -0.12290338], [-0.28902683, -0.15190077, 0.62785667, -0.00181274, 0.00046097, -0.33882985], [-0.12508058, -0.06039015, 0.26532665, 0.00367549, -0.00098022, -0.14024607], [0.12958843, 0.03926941, -0.13076194, 0.13472325, 0.02222071, 0.00117352], [-0.02152165, 0.02661656, -0.01823004, 0.02440862, 0.05207484, 0.03975169], [-0.03717616, 0.01954396, 0.07257204, -0.01737573, -0.02011769, -0.03539588], [0.02800402, -0.04285073, -0.02298197, 0.03544467, -0.03627729, -0.00502204], [-0.00296148, 0.01613786, 0.04682547, -0.01177795, -0.01633937, -0.04386399], [-0.01152515, 0.01064782, 0.00094578, 0.00836902, 0.04659144, 0.01057937], [-0.01166398, -0.00056701, -0.01215778, 0.01026149, 0.02563883, 0.02382176], [-0.04195804, 0.01355292, -0.01249285, 0.02735308, 0.03686017, 0.05445089], [0.05919989, -0.02475868, -0.02395523, 0.04259276, -0.01661075, -0.03524466], [0.02071646, 0.00153392, -0.02627515, -0.06609236, -0.00073282, 0.00555869], [-0.03294407, -0.00038129, 0.02625652, -0.01583797, 0.0687483, 0.00668755], [0.01894704, 0.01333444, -0.04691663, -0.05276389, -0.01036022, 0.02796959], [-0.03221672, -0.01973404, 0.03536633, 0.00793057, -0.06515592, -0.00314961]], "number of molecular orbitals": 40, "number of electrons": 42, "number of unpaired electrons": 0, "orbital energies/eV": [-19.06518404, -17.50788962, -17.09605823, -16.56257025, -16.21019473, -15.51470116, -15.15756307, -14.71882032, -14.47143038, -14.20988787, -13.77357773, -13.34954142, -13.27509253, -13.04988369, -12.85932241, -12.75894625, -12.45571648, -12.31570387, -11.81845689, -11.70401342, -10.63602649, -6.93054206, 1.16778826, 2.21638835, 3.0896579, 3.21103043, 3.55687429, 3.76967942, 4.27886173, 4.56126534, 4.89228373, 5.14043594, 5.29640643, 5.62761998, 6.04168965, 6.3824786, 7.02787524, 7.74003417, 7.84166787, 15.03736475], "fractional occupation": [2.0, 2.0, 2.0, 2.0, 2.0, 2.0, 2.0, 2.0, 2.0, 2.0, 2.0, 2.0, 2.0, 2.0, 2.0, 2.0, 2.0, 2.0, 2.0, 2.0, 2.0, 0.0, 0.0, 0.0, 0.0, 0.0, 0.0, 0.0, 0.0, 0.0, 0.0, 0.0, 0.0, 0.0, 0.0, 0.0, 0.0, 0.0, 0.0, 0.0], "program call": "xtb /home/svss/Project-DBcg-Debug/aqme2_20220329/End-to-End-workflows-final/example-3/QDESCP/mol_938_rdkit_conf_5/mol_938_rdkit_conf_5.xyz --pop --wbo --acc 0.2 --gfn 2 --chrg 0 --uhf 0 --etemp 300 --input /home/svss/Project-DBcg-Debug/aqme2_20220329/End-to-End-workflows-final/example-3/QDESCP/mol_938_rdkit_conf_5/mol_938_rdkit_conf_5_xtb.inp", "method": "GFN2-xTB", "xtb version": "6.3.3 (7355c4f)", "Dipole module/D": 3.298, "Total charge": 0, "Transition dipole module/D": NaN, "HOMO": -10.636, "LUMO": -6.9305, "HOMO occupancy": 2.0, "LUMO occupancy": 0, "mulliken charges": [-0.08645, -0.03416, -0.04219, -0.07853, 0.39339, -0.49424, -0.12584, 0.02589, 0.02773, 0.03381, 0.03363, 0.04056, 0.0257, 0.04506, 0.02945, 0.03674, 0.05144, 0.06358, 0.05445], "cm5 charges": [-0.23684, -0.14226, -0.10644, -0.22529, 0.41025, -0.54462, -0.26776, 0.07732, 0.07949, 0.0846, 0.09022, 0.09785, 0.0857, 0.09785, 0.0816, 0.08869, 0.10402, 0.11827, 0.10734], "FUKUI+": [0.017, 0.01, 0.006, 0.019, -0.189, -0.292, 0.048, -0.023, -0.025, -0.039, -0.017, -0.024, -0.073, -0.034, -0.031, -0.068, -0.104, -0.075, -0.106], "FUKUI-": [0.015, 0.006, -0.024, 0.021, -0.036, -0.187, 0.0, -0.076, -0.067, -0.071, -0.07, -0.066, -0.057, -0.044, -0.055, -0.082, -0.069, -0.067, -0.07], "FUKUIrad": [0.016, 0.008, -0.009, 0.02, -0.113, -0.239, 0.024, -0.049, -0.046, -0.055, -0.044, -0.045, -0.065, -0.039, -0.043, -0.075, -0.086, -0.071, -0.088], "s proportion": [1.008, 1.029, 1.063, 1.01, 1.081, 1.74, 1.022, 0.974, 0.972, 0.966, 0.966, 0.959, 0.974, 0.955, 0.971, 0.963, 0.949, 0.936, 0.946], "p proportion": [3.078, 3.005, 2.979, 3.068, 2.526, 4.754, 3.104, 0.0, 0.0, 0.0, 0.0, 0.0, 0.0, 0.0, 0.0, 0.0, 0.0, 0.0, 0.0], "d proportion": [0.0, 0.0, 0.0, 0.0, 0.0, 0.0, 0.0, 0.0, 0.0, 0.0, 0.0, 0.0, 0.0, 0.0, 0.0, 0.0, 0.0, 0.0, 0.0], "Fermi-level/eV": -8.7833, "Coordination numbers": [3.749, 3.801, 3.85, 3.754, 2.815, 0.856, 3.751, 0.924, 0.924, 0.924, 0.924, 0.924, 0.924, 0.924, 0.924, 0.924, 0.924, 0.924, 0.924], "Dispersion coefficient C6": [22.5, 21.485, 21.151, 22.393, 23.144, 21.004, 23.139, 2.566, 2.506, 2.502, 2.528, 2.323, 2.444, 2.362, 2.55, 2.356, 2.171, 2.113, 2.129], "Total dispersion C6": 2631.723587, "Total dispersion C8": 56068.955209, "Polarizability alpha": [6.765, 6.599, 6.541, 6.748, 7.882, 6.145, 6.86, 2.505, 2.476, 2.473, 2.487, 2.383, 2.445, 2.403, 2.497, 2.4, 2.304, 2.273, 2.282], "Total polarizability alpha": 76.469859,