{"total energy": -27.11333801, "HOMO-LUMO gap/eV": 4.86058912, "electronic energy": -27.41521993, "dipole": [-0.29956166, 0.78321587, -0.03520229], "partial charges": [-0.10137214, -0.05827674, 0.07748917, -0.27423522, 0.35210107, -0.40434581, -0.08250691, -0.10228167, 0.03797784, 0.04199521, 0.03748613, 0.05218625, 0.04065846, 0.05188318, 0.05252451, 0.06806575, 0.06763882, 0.04124538, 0.05099003, 0.05077671], "atomic dipole moments": [[0.03829236, -0.0963541, -0.05449298], [0.03401364, 0.10638679, -0.06721441], [0.18047175, 0.10962504, 0.13849867], [-0.021025, -0.22391027, 0.00348957], [-0.13789332, 0.04897618, -0.05130425], [-0.00789391, 0.17629154, -0.01084706], [-0.01061332, -0.10047835, 0.00138831], [-0.1115737, 0.06793744, -0.04111291], [-0.07064204, -0.03257562, 0.09803172], [0.09674985, 0.07090244, 0.04601845], [-0.07069926, 0.0731865, -0.07470927], [0.06585814, -0.0685003, 0.08626595], [-0.09952122, -0.0683307, -0.03037879], [0.03026219, -0.10490163, -0.0676819], [-0.06683554, 0.06418979, -0.081934], [0.03438037, 0.06800501, -0.10842249], [-0.03574165, 0.07840617, 0.10017882], [0.09064724, 0.08095632, 0.02645694], [0.04442188, -0.08144664, -0.09032648], [-0.02173472, -0.07130273, 0.1056518]], "atomic quadrupole moments": [[-0.08907991, -0.10205352, 0.12759588, -0.0673416, 0.13508865, -0.03851597], [-0.08588917, -0.02449116, 0.01774492, -0.21085848, 0.05597399, 0.06814425], [0.25070993, 0.33005471, -0.13944497, 0.05278691, 0.04120309, -0.11126497], [0.05550393, 0.0450414, -0.00147068, 0.03845663, 0.00936378, -0.05403325], [-0.05858784, -0.11751122, -0.36650847, -0.16734547, 0.00591648, 0.42509631], [-0.07924543, -0.0111347, -0.10040595, -0.09456655, 0.01231899, 0.17965138], [0.17613746, 0.00877955, 0.03747598, 0.14654111, -0.01211094, -0.21361344], [0.14878391, -0.1477473, -0.0404743, 0.10729777, -0.05543947, -0.1083096], [-0.01168385, 0.0213128, -0.01676779, -0.06016882, -0.02611652, 0.02845164], [0.04700616, 0.04026451, -0.00761749, 0.02591706, 0.02201271, -0.03938867], [-0.01560743, -0.03800435, -0.00290391, 0.04722021, -0.03392788, 0.01851134], [0.00171477, -0.03993191, -0.0110924, 0.02735621, -0.01273501, 0.00937763], [0.03484526, 0.0363644, -0.01337788, 0.0160931, 0.02766265, -0.02146738], [0.00380477, -0.01170327, 0.02579491, -0.01491295, 0.02110675, -0.02959968], [0.00980874, -0.02266995, 0.00483298, 0.02341879, -0.04055357, -0.01464172], [-0.0029507, 0.00067711, -0.01939668, -0.00885907, -0.05295319, 0.02234738], [-0.00397314, -0.03271102, -0.00921845, -0.00563738, 0.04619276, 0.01319159], [0.02133275, 0.05531885, 0.02771059, 0.02329862, 0.01434037, -0.04904334], [-0.02894894, -0.02589505, -0.0050165, -0.01452162, 0.05166121, 0.03396544], [-0.0192946, 0.00845681, -0.01568859, -0.02912572, -0.05244688, 0.03498319]], "number of molecular orbitals": 44, "number of electrons": 48, "number of unpaired electrons": 0, "orbital energies/eV": [-19.99650496, -19.27679966, -18.26105985, -17.27320628, -16.9552168, -16.41208025, -15.944498, -15.80338584, -15.51717009, -15.19521616, -14.94102882, -14.21272836, -14.03162986, -13.59239557, -13.48633532, -13.23717137, -12.91570192, -12.71342086, -12.52120111, -12.23129499, -12.17024682, -12.00294725, -11.83950173, -11.24932553, -6.38873641, -0.03638907, 2.34209689, 2.70330279, 3.30112534, 3.34152206, 3.77862365, 3.90568709, 3.94979904, 4.11751047, 4.63406117, 4.76091674, 5.10442423, 5.40015665, 6.63231213, 6.80360696, 7.07492849, 7.28508182, 7.52137163, 16.28262909], "fractional occupation": [2.0, 2.0, 2.0, 2.0, 2.0, 2.0, 2.0, 2.0, 2.0, 2.0, 2.0, 2.0, 2.0, 2.0, 2.0, 2.0, 2.0, 2.0, 2.0, 2.0, 2.0, 2.0, 2.0, 2.0, 0.0, 0.0, 0.0, 0.0, 0.0, 0.0, 0.0, 0.0, 0.0, 0.0, 0.0, 0.0, 0.0, 0.0, 0.0, 0.0, 0.0, 0.0, 0.0, 0.0], "program call": "xtb /home/svss/Project-DBcg-Debug/aqme2_20220329/End-to-End-workflows-final/example-3/QDESCP/mol_62_rdkit_conf_4/mol_62_rdkit_conf_4.xyz --pop --wbo --acc 0.2 --gfn 2 --chrg 0 --uhf 0 --etemp 300 --input /home/svss/Project-DBcg-Debug/aqme2_20220329/End-to-End-workflows-final/example-3/QDESCP/mol_62_rdkit_conf_4/mol_62_rdkit_conf_4_xtb.inp", "method": "GFN2-xTB", "xtb version": "6.3.3 (7355c4f)", "Dipole module/D": 2.133, "Total charge": 0, "Transition dipole module/D": NaN, "HOMO": -11.2493, "LUMO": -6.3887, "HOMO occupancy": 2.0, "LUMO occupancy": 0, "mulliken charges": [-0.08159, -0.05284, 0.19735, -0.42337, 0.57356, -0.52842, -0.0708, -0.07749, 0.02983, 0.03534, 0.02647, 0.04591, 0.02843, 0.04417, 0.03134, 0.05496, 0.05426, 0.0293, 0.04198, 0.04161], "cm5 charges": [-0.23074, -0.16174, 0.11658, -0.50704, 0.6228, -0.5791, -0.17131, -0.22538, 0.08069, 0.08913, 0.07825, 0.10447, 0.08303, 0.11022, 0.09444, 0.11314, 0.1125, 0.08024, 0.0951, 0.09473], "FUKUI+": [0.016, 0.01, 0.031, -0.121, -0.19, -0.282, 0.028, 0.033, -0.033, 0.002, -0.025, -0.0, -0.046, -0.03, -0.066, -0.099, -0.099, -0.063, -0.033, -0.033], "FUKUI-": [0.019, 0.005, 0.019, -0.062, -0.018, -0.133, -0.008, 0.017, -0.061, -0.061, -0.09, -0.086, -0.082, -0.043, -0.078, -0.07, -0.06, -0.093, -0.056, -0.058], "FUKUIrad": [0.017, 0.007, 0.025, -0.092, -0.104, -0.207, 0.01, 0.025, -0.047, -0.029, -0.057, -0.043, -0.064, -0.036, -0.072, -0.085, -0.08, -0.078, -0.045, -0.046], "s proportion": [1.006, 1.031, 0.997, 1.699, 0.991, 1.731, 1.034, 1.005, 0.97, 0.965, 0.974, 0.954, 0.972, 0.956, 0.969, 0.945, 0.946, 0.971, 0.958, 0.958], "p proportion": [3.075, 3.022, 2.806, 4.725, 2.436, 4.798, 3.037, 3.072, 0.0, 0.0, 0.0, 0.0, 0.0, 0.0, 0.0, 0.0, 0.0, 0.0, 0.0, 0.0], "d proportion": [0.0, 0.0, 0.0, 0.0, 0.0, 0.0, 0.0, 0.0, 0.0, 0.0, 0.0, 0.0, 0.0, 0.0, 0.0, 0.0, 0.0, 0.0, 0.0, 0.0], "Fermi-level/eV": -8.819, "Coordination numbers": [3.75, 3.798, 3.696, 1.702, 2.712, 0.856, 3.801, 3.751, 0.924, 0.924, 0.924, 0.924, 0.924, 0.924, 0.924, 0.924, 0.924, 0.924, 0.924, 0.924], "Dispersion coefficient C6": [22.501, 21.625, 19.45, 18.55, 21.021, 21.769, 22.074, 22.516, 2.476, 2.423, 2.483, 2.293, 2.44, 2.297, 2.289, 2.107, 2.112, 2.432, 2.308, 2.31], "Total dispersion C6": 3022.764467, "Total dispersion C8": 64050.476109, "Polarizability alpha": [6.765, 6.621, 6.309, 5.815, 7.505, 6.255, 6.689, 6.767, 2.461, 2.434, 2.464, 2.368, 2.443, 2.37, 2.366, 2.27, 2.273, 2.439, 2.376, 2.377], "Total polarizability alpha": 81.366928,