{"total energy": -28.17978495, "HOMO-LUMO gap/eV": 3.11498412, "electronic energy": -28.47597535, "dipole": [0.62608993, 1.57405519, 0.89785134], "partial charges": [-0.24137847, 0.16802994, -0.29257919, 0.33173557, -0.43624994, -0.14188788, 0.02373963, 0.11884092, -0.2155494, 0.19437756, 0.20477901, 0.20972735, 0.0764149], "atomic dipole moments": [[-0.0643004, -0.03662938, 0.1006792], [0.05750544, 0.03059733, -0.00750851], [-0.13144453, 0.22186766, 0.07261805], [-0.01394698, 0.10382789, 0.03638838], [0.13159201, 0.1623356, 0.03750793], [0.04155797, 0.01522925, 0.00156931], [-0.08122791, -0.12228736, -0.03237605], [0.17798937, 0.20250955, 0.04820371], [-0.14011067, -0.17487403, -0.04565941], [0.07341129, 0.07439376, 0.08798217], [0.02968175, -0.13315083, 0.00296016], [-0.14054776, -0.0089842, 0.01129022], [-0.07654855, 0.12483385, 0.04867442]], "atomic quadrupole moments": [[0.06744504, 0.01315217, -0.08034616, -0.02729695, -0.03959533, 0.01290112], [-0.10701508, -0.03336542, -0.27386643, 0.04701455, -0.23406227, 0.38088151], [-0.02596635, 0.04482971, -0.13800227, 0.03683992, -0.10650283, 0.16396863], [-0.24567065, -0.03766634, -0.12610867, 0.06588839, -0.17680798, 0.37177932], [-0.09394968, 0.02495726, -0.0393621, 0.03670363, -0.06663036, 0.13331178], [-0.08495156, 0.01933447, 0.04349923, 0.02021445, -0.00341571, 0.04145233], [-0.32885375, 0.11649557, -0.06950575, 0.125878, -0.19277752, 0.39835949], [-0.21688238, 0.26311923, 0.0831111, 0.13183817, -0.05994704, 0.13377128], [0.0027216, 0.03630851, 0.02191259, 0.00877973, 0.01286193, -0.02463419], [0.02217639, 0.02632828, 0.01853566, 0.02442964, 0.03951547, -0.04071205], [0.01022006, -0.03232206, 0.04168389, -0.00400229, 0.02909353, -0.05190395], [0.02736683, -0.01200001, 0.01822438, -0.01266148, 0.025402, -0.0455912], [0.03110803, 0.00988731, 0.01779358, -0.00696465, 0.02463898, -0.04890161]], "number of molecular orbitals": 40, "number of electrons": 48, "number of unpaired electrons": 0, "orbital energies/eV": [-23.01829557, -19.5414719, -19.09159326, -18.88917952, -18.2082053, -18.06528, -17.42093518, -16.97222175, -16.49990693, -16.16559903, -15.79562771, -15.51067474, -15.4194332, -14.91076385, -14.71880704, -14.61441336, -14.12178917, -13.60350285, -13.58523741, -13.42316168, -11.62455149, -11.28229311, -11.1346793, -10.80270485, -7.68772072, -6.41532293, -3.86258254, -0.63503336, 0.0350356, 0.93930536, 2.19874067, 3.58037176, 3.84327879, 5.52327572, 7.35674875, 8.56438538, 9.66827208, 13.71101674, 15.58160135, 17.43720704], "fractional occupation": [2.0, 2.0, 2.0, 2.0, 2.0, 2.0, 2.0, 2.0, 2.0, 2.0, 2.0, 2.0, 2.0, 2.0, 2.0, 2.0, 2.0, 2.0, 2.0, 2.0, 2.0, 2.0, 2.0, 2.0, 0.0, 0.0, 0.0, 0.0, 0.0, 0.0, 0.0, 0.0, 0.0, 0.0, 0.0, 0.0, 0.0, 0.0, 0.0, 0.0], "program call": "xtb /home/svss/Project-DBcg-Debug/aqme2_20220329/End-to-End-workflows-final/example-3/QDESCP/mol_928_rdkit_conf_1/mol_928_rdkit_conf_1.xyz --pop --wbo --acc 0.2 --gfn 2 --chrg 0 --uhf 0 --etemp 300 --input /home/svss/Project-DBcg-Debug/aqme2_20220329/End-to-End-workflows-final/example-3/QDESCP/mol_928_rdkit_conf_1/mol_928_rdkit_conf_1_xtb.inp", "method": "GFN2-xTB", "xtb version": "6.3.3 (7355c4f)", "Dipole module/D": 4.873, "Total charge": 0, "Transition dipole module/D": NaN, "HOMO": -10.8027, "LUMO": -7.6877, "HOMO occupancy": 2.0, "LUMO occupancy": 0, "mulliken charges": [-0.39991, 0.29986, -0.40613, 0.56527, -0.56399, -0.29332, 0.09116, 0.16983, -0.24967, 0.23157, 0.23781, 0.25649, 0.06103], "cm5 charges": [-0.83858, 0.44551, -0.57503, 0.73205, -0.59688, -0.63979, 0.11253, 0.1992, -0.2719, 0.4214, 0.43063, 0.45377, 0.1271], "FUKUI+": [-0.064, -0.082, -0.123, -0.013, -0.126, -0.074, -0.08, -0.047, -0.073, -0.069, -0.067, -0.076, -0.106], "FUKUI-": [-0.07, -0.014, -0.155, -0.009, -0.205, -0.086, -0.021, -0.057, -0.105, -0.057, -0.053, -0.07, -0.096], "FUKUIrad": [-0.067, -0.048, -0.139, -0.011, -0.165, -0.08, -0.051, -0.052, -0.089, -0.063, -0.06, -0.073, -0.101], "s proportion": [1.43, 1.024, 1.526, 0.945, 1.723, 1.426, 1.014, 1.03, 1.827, 0.768, 0.762, 0.744, 0.939], "p proportion": [3.97, 2.676, 3.88, 2.49, 4.841, 3.868, 2.894, 2.8, 5.423, 0.0, 0.0, 0.0, 0.0], "d proportion": [0.0, 0.0, 0.0, 0.0, 0.0, 0.0, 0.0, 0.0, 0.0, 0.0, 0.0, 0.0, 0.0], "Fermi-level/eV": -9.2452, "Coordination numbers": [2.646, 2.862, 1.843, 2.736, 0.86, 2.705, 2.846, 2.765, 0.786, 0.86, 0.86, 0.86, 0.925], "Dispersion coefficient C6": [26.305, 24.38, 28.433, 21.363, 22.417, 24.072, 27.468, 25.369, 11.397, 1.135, 1.082, 1.058, 2.016], "Total dispersion C6": 2275.255145, "Total dispersion C8": 52522.301158, "Polarizability alpha": [7.617, 8.093, 7.902, 7.567, 6.348, 7.287, 8.59, 8.249, 3.988, 1.669, 1.629, 1.611, 2.221], "Total polarizability alpha": 72.771204, "Wiberg matrix": [[0.0, 1.2434543468497818, 0.11682508575681165, 0.0, 0.0, 0.0, 0.0, 0.0, 0.0, 0.9409730091707597, 0.937222761703898, 0.0, 0.0], [1.2434543468497818, 0.0, 1.5218115577420441, 0.0, 0.0, 0.0, 0.0, 1.0794497125209823, 0.0, 0.0, 0.0, 0.0, 0.0], [0.11682508575681165, 1.5218115577420441, 0.0, 1.1505315877191113, 0.0, 0.0, 0.0, 0.0, 0.0, 0.0, 0.0, 0.0, 0.0], [0.0, 0.0, 1.1505315877191113, 0.0, 1.650668874214309, 1.0823519662553291, 0.0, 0.0, 0.0, 0.0, 0.0, 0.0, 0.0], [0.0, 0.0, 0.0, 1.650668874214309, 0.0, 0.13567302816027943, 0.0, 0.0, 0.0, 0.0, 0.0, 0.0, 0.0], [0.0, 0.0, 0.0, 1.0823519662553291, 0.13567302816027943, 0.0, 1.2176045857187616, 0.0, 0.0, 0.0, 0.0, 0.9263571776464471, 0.0], [0.0, 0.0, 0.0, 0.0, 0.0, 1.2176045857187616, 0.0, 1.6205547836184082, 0.0, 0.0, 0.0, 0.0, 0.9572461228119828], [0.0, 1.0794497125209823, 0.0, 0.0, 0.0, 0.0, 1.6205547836184082, 0.0, 0.9603896808825815, 0.0, 0.0, 0.0, 0.0], [0.0, 0.0, 0.0, 0.0, 0.0, 0.0, 0.0, 0.9603896808825815, 0.0, 0.0, 0.0, 0.0, 0.0], [0.9409730091707597, 0.0, 0.0, 0.0, 0.0, 0.0, 0.0, 0.0, 0.0, 0.0, 0.0, 0.0, 0.0], [0.937222761703898, 0.0, 0.0, 0.0, 0.0, 0.0, 0.0, 0.0, 0.0, 0.0, 0.0, 0.0, 0.0], [0.0, 0.0, 0.0, 0.0, 0.0, 0.9263571776464471, 0.0, 0.0, 0.0, 0.0, 0.0, 0.0, 0.0], [0.0, 0.0, 0.0, 0.0, 0.0, 0.0, 0.9572461228119828, 0.0, 0.0, 0.0, 0.0, 0.0, 0.0]], "Born radii": [], "Atomic SASAs": [], "Solvent H bonds": [], "Total SASA": NaN, "Total FOD": 0.0, "FOD": [0.0, 0.0, 0.0, 0.0, 0.0, 0.0, 0.0, 0.0, 0.0, 0.0, 0.0, 0.0, 0.0], "FOD s proportion": [0.0, 0.0, 0.0, 0.0, 0.0, 0.0, 0.0, 0.0, 0.0, 0.0, 0.0, 0.0, 0.0], "FOD p proportion": [0.0, 0.0, 0.0, 0.0, 0.0, 0.0, 0.0, 0.0, 0.0, 0.0, 0.0, 0.0, 0.0], "FOD d proportion": [0.0, 0.0, 0.0, 0.0, 0.0, 0.0, 0.0, 0.0, 0.0, 0.0, 0.0, 0.0, 0.0], "coordinates": [["2.25290", "-0.32600", "-0.40680"], ["0.89860", "-0.21190", "-0.22390"], ["0.17600", "-1.26430", "-0.48310"], ["-1.18860", "-1.20160", "-0.32180"], ["-1.93090", "-2.15270", "-0.54740"], ["-1.74410", "-0.01840", "0.11830"], ["-1.01270", "1.09750", "0.40850"], ["0.30730", "1.06300", "0.26030"], ["1.12800", "2.09240", "0.52770"], ["2.84270", "0.26710", "0.16550"], ["2.56510", "-1.28960", "-0.46960"], ["-2.75110", "-0.03130", "0.21770"], ["-1.54320", "1.97560", "0.75450"]],