{"total energy": -20.77251621, "HOMO-LUMO gap/eV": 4.77657098, "electronic energy": -20.98022234, "dipole": [-0.63139915, 0.78724671, -0.1610987], "partial charges": [-0.10824315, -0.06061714, 0.07648546, -0.2497441, 0.32558579, -0.37051572, 0.04742894, 0.04156132, 0.04156937, 0.05049837, 0.0504991, 0.05659719, 0.05660212, 0.04229244], "atomic dipole moments": [[0.11084237, 0.02453792, -0.04397057], [0.00038268, -0.13389368, 0.0593266], [0.19657727, 0.12053167, -0.11213147], [-0.05014513, -0.19354424, 0.10086903], [-0.18112621, 0.06257453, 0.02626491], [0.01816088, 0.15807644, -0.07558674], [-0.08012046, 0.09590418, -0.01867405], [0.00431046, -0.0217925, 0.12505957], [-0.04981395, -0.10233641, -0.05637304], [0.04125501, 0.10733133, 0.05048464], [-0.00998489, 0.03108734, -0.12125619], [-0.04008969, -0.10466827, -0.06322552], [0.01633116, -0.02069859, 0.12595385], [0.11860302, 0.05173556, -0.05835141]], "atomic quadrupole moments": [[0.18528142, 0.07365779, -0.10499912, -0.12791501, -0.03479942, -0.0802823], [0.1974504, -0.12404931, -0.0008177, -0.07955686, -0.07529897, -0.1966327], [0.40151509, 0.02207, -0.12287811, -0.25322268, -0.1360646, -0.27863698], [0.06036997, 0.01494208, -0.02404508, -0.0417314, -0.01921596, -0.03632489], [-0.1870848, -0.11105535, -0.1547558, 0.27994324, 0.36195752, 0.3418406], [-0.10059668, 0.03545392, -0.05714727, 0.08470781, 0.11958937, 0.15774394], [0.00779298, -0.05286913, 0.03688705, 0.00500029, -0.02463214, -0.04468003], [-0.02707931, 0.00455133, -0.04608171, 0.01730244, -0.02183374, 0.07316101], [-0.02593867, 0.0330095, 0.03609143, 0.00680257, 0.05222623, -0.01015276], [-0.01036202, 0.02095787, 0.01559525, 0.0175926, 0.04035173, -0.00523323], [-0.02195206, -0.00468188, -0.03505798, 0.00744784, -0.00289277, 0.05701004], [0.00109534, 0.0133493, 0.01154832, 0.00213011, 0.03093725, -0.01264365], [-0.00195101, -0.00397377, -0.0332582, 0.00417862, -0.00891118, 0.0352092], [0.01011066, -0.0374522, 0.04044842, -0.00707526, -0.03756027, -0.05055907]], "number of molecular orbitals": 32, "number of electrons": 36, "number of unpaired electrons": 0, "orbital energies/eV": [-20.40085103, -19.67935517, -18.50662151, -17.2315318, -16.76413854, -16.29534314, -16.11033671, -15.65258453, -15.38477775, -14.54236937, -14.1211569, -13.63885811, -13.40068808, -13.07358263, -12.53308586, -12.45274657, -12.01340852, -11.77280763, -6.99623665, -0.13329507, 2.3394623, 3.01350452, 3.19467546, 3.52459288, 3.83188709, 4.37576313, 5.12055274, 5.46966511, 5.97442485, 6.54664904, 7.42653495, 15.19335213], "fractional occupation": [2.0, 2.0, 2.0, 2.0, 2.0, 2.0, 2.0, 2.0, 2.0, 2.0, 2.0, 2.0, 2.0, 2.0, 2.0, 2.0, 2.0, 2.0, 0.0, 0.0, 0.0, 0.0, 0.0, 0.0, 0.0, 0.0, 0.0, 0.0, 0.0, 0.0, 0.0, 0.0], "program call": "xtb /home/svss/Project-DBcg-Debug/aqme2_20220329/End-to-End-workflows-final/example-3/QDESCP/mol_333_rdkit_conf_1/mol_333_rdkit_conf_1.xyz --pop --wbo --acc 0.2 --gfn 2 --chrg 0 --uhf 0 --etemp 300 --input /home/svss/Project-DBcg-Debug/aqme2_20220329/End-to-End-workflows-final/example-3/QDESCP/mol_333_rdkit_conf_1/mol_333_rdkit_conf_1_xtb.inp", "method": "GFN2-xTB", "xtb version": "6.3.3 (7355c4f)", "Dipole module/D": 2.598, "Total charge": 0, "Transition dipole module/D": NaN, "HOMO": -11.7728, "LUMO": -6.9962, "HOMO occupancy": 2.0, "LUMO occupancy": 0, "mulliken charges": [-0.08778, -0.05115, 0.19646, -0.41072, 0.56775, -0.51192, 0.03725, 0.03163, 0.03164, 0.0377, 0.0377, 0.04076, 0.04076, 0.03991], "cm5 charges": [-0.23779, -0.16, 0.1157, -0.49856, 0.58007, -0.56471, 0.08808, 0.08299, 0.083, 0.09435, 0.09436, 0.10606, 0.10607, 0.11038], "FUKUI+": [0.015, 0.005, 0.034, -0.151, -0.165, -0.324, -0.034, -0.018, -0.018, -0.026, -0.026, -0.046, -0.046, -0.201], "FUKUI-": [0.022, 0.003, 0.022, -0.073, -0.001, -0.171, -0.074, -0.102, -0.102, -0.12, -0.12, -0.078, -0.078, -0.128], "FUKUIrad": [0.018, 0.004, 0.028, -0.112, -0.083, -0.247, -0.054, -0.06, -0.06, -0.073, -0.073, -0.062, -0.062, -0.164], "s proportion": [1.008, 1.03, 0.999, 1.699, 0.975, 1.729, 0.963, 0.968, 0.968, 0.962, 0.962, 0.959, 0.959, 0.96], "p proportion": [3.08, 3.021, 2.804, 4.712, 2.458, 4.783, 0.0, 0.0, 0.0, 0.0, 0.0, 0.0, 0.0, 0.0], "d proportion": [0.0, 0.0, 0.0, 0.0, 0.0, 0.0, 0.0, 0.0, 0.0, 0.0, 0.0, 0.0, 0.0, 0.0], "Fermi-level/eV": -9.3845, "Coordination numbers": [3.75, 3.799, 3.708, 1.701, 2.667, 0.856, 0.924, 0.924, 0.924, 0.924, 0.924, 0.924, 0.924, 0.923], "Dispersion coefficient C6": [22.632, 21.668, 19.439, 18.139, 21.468, 21.101, 2.352, 2.428, 2.428, 2.314, 2.314, 2.239, 2.239, 2.419], "Total dispersion C6": 1555.094707, "Total dispersion C8": 32796.344333, "Polarizability alpha": [6.785, 6.628, 6.302, 5.75, 7.581, 6.159, 2.399, 2.437, 2.437, 2.379, 2.379, 2.34, 2.34, 2.432], "Total polarizability alpha": 58.347201, "Wiberg matrix": [[0.0, 1.0198561693109105, 0.0, 0.0, 0.0, 0.0, 0.9860084185435655, 0.9867872364244494, 0.9867869873554037, 0.0, 0.0, 0.0, 0.0, 0.0], [1.0198561693109105, 0.0, 1.0053464996852395, 0.0, 0.0, 0.0, 0.0, 0.0, 0.0, 0.9757550714763139, 0.9757558293013131, 0.0, 0.0, 0.0], [0.0, 1.0053464996852395, 0.0, 0.9349235803585733, 0.0, 0.0, 0.0, 0.0, 0.0, 0.0, 0.0, 0.9678926868486467, 0.9678939117735111, 0.0], [0.0, 0.0, 0.9349235803585733, 0.0, 1.1648256341770005, 0.19518185809451238, 0.0, 0.0, 0.0, 0.0, 0.0, 0.0, 0.0, 0.0], [0.0, 0.0, 0.0, 1.1648256341770005, 0.0, 1.803762323190367, 0.0, 0.0, 0.0, 0.0, 0.0, 0.0, 0.0, 0.9235795147080077], [0.0, 0.0, 0.0, 0.19518185809451238, 1.803762323190367, 0.0, 0.0, 0.0, 0.0, 0.0, 0.0, 0.0, 0.0, 0.0], [0.9860084185435655, 0.0, 0.0, 0.0, 0.0, 0.0, 0.0, 0.0, 0.0, 0.0, 0.0, 0.0, 0.0, 0.0], [0.9867872364244494, 0.0, 0.0, 0.0, 0.0, 0.0, 0.0, 0.0, 0.0, 0.0, 0.0, 0.0, 0.0, 0.0], [0.9867869873554037, 0.0, 0.0, 0.0, 0.0, 0.0, 0.0, 0.0, 0.0, 0.0, 0.0, 0.0, 0.0, 0.0], [0.0, 0.9757550714763139, 0.0, 0.0, 0.0, 0.0, 0.0, 0.0, 0.0, 0.0, 0.0, 0.0, 0.0, 0.0], [0.0, 0.9757558293013131, 0.0, 0.0, 0.0, 0.0, 0.0, 0.0, 0.0, 0.0, 0.0, 0.0, 0.0, 0.0], [0.0, 0.0, 0.9678926868486467, 0.0, 0.0, 0.0, 0.0, 0.0, 0.0, 0.0, 0.0, 0.0, 0.0, 0.0], [0.0, 0.0, 0.9678939117735111, 0.0, 0.0, 0.0, 0.0, 0.0, 0.0, 0.0, 0.0, 0.0, 0.0, 0.0], [0.0, 0.0, 0.0, 0.0, 0.9235795147080077, 0.0, 0.0, 0.0, 0.0, 0.0, 0.0, 0.0, 0.0, 0.0]], "Born radii": [], "Atomic SASAs": [], "Solvent H bonds": [], "Total SASA": NaN, "Total FOD": 0.0, "FOD": [0.0, 0.0, 0.0, 0.0, 0.0, 0.0, 0.0, 0.0, 0.0, 0.0, 0.0, 0.0, 0.0, 0.0], "FOD s proportion": [0.0, 0.0, 0.0, 0.0, 0.0, 0.0, 0.0, 0.0, 0.0, 0.0, 0.0, 0.0, 0.0, 0.0], "FOD p proportion": [0.0, 0.0, 0.0, 0.0, 0.0, 0.0, 0.0, 0.0, 0.0, 0.0, 0.0, 0.0, 0.0, 0.0], "FOD d proportion": [0.0, 0.0, 0.0, 0.0, 0.0, 0.0, 0.0, 0.0, 0.0, 0.0, 0.0, 0.0, 0.0, 0.0], "coordinates": [["-2.03490", "0.47030", "0.51320"], ["-0.66630", "0.81310", "-0.04720"], ["0.33100", "-0.32050", "0.15850"], ["1.58840", "0.08680", "-0.39740"], ["2.57090", "-0.84000", "-0.27910"], ["2.47590", "-1.94110", "0.23800"], ["-2.72970", "1.30030", "0.35200"], ["-1.98080", "0.27670", "1.58930"], ["-2.44760", "-0.41800", "0.02440"], ["-0.28780", "1.72640", "0.42730"], ["-0.74840", "1.04100", "-1.11670"], ["-0.01770", "-1.22650", "-0.35110"], ["0.45350", "-0.52530", "1.22860"], ["3.49340", "-0.44310", "-0.73050"]],