{"total energy": -10.57098504, "HOMO-LUMO gap/eV": 4.30536412, "electronic energy": -10.68559986, "dipole": [0.00827423, 0.5571146, -0.79279123], "partial charges": [-0.04601812, -0.20101651, -0.04601674, 0.04535405, 0.04534473, 0.05582667, 0.0453328, 0.0558324, 0.04536072], "atomic dipole moments": [[0.10007268, -0.04442081, 0.07340714], [0.00374514, 0.25224875, -0.35891388], [-0.10150086, -0.05306484, 0.06522116], [0.01189115, -0.04596051, -0.11856996], [-0.00045221, 0.12769493, 0.00333852], [-0.11274266, -0.04244863, 0.0489957], [-0.01070186, 0.12726642, 0.00291506], [0.11161644, -0.0328315, 0.05813796], [0.00164826, -0.04638079, -0.11900154]], "atomic quadrupole moments": [[0.14634541, -0.14491132, -0.13664861, 0.24309439, -0.1272567, -0.0096968], [0.4845347, 0.05448915, -0.39220661, 0.04129309, -0.41465787, -0.09232809], [0.1560117, 0.17900353, -0.10893031, -0.21733873, -0.13381657, -0.04708139], [-0.03344167, -0.02768981, -0.02934561, 0.00103946, 0.02871372, 0.06278728], [-0.03768906, -0.00138162, 0.07115261, 0.02694129, -0.00455981, -0.03346355], [0.05939672, 0.0322575, -0.03575087, -0.03431891, -0.02473074, -0.02364585], [-0.03284081, -0.0072545, 0.07062578, -0.02641968, -0.00708146, -0.03778497], [0.05779549, -0.02199986, -0.04037409, 0.04279456, -0.02362468, -0.01742139], [-0.03690535, 0.024573, -0.02484497, -0.01152432, 0.03030701, 0.06175032]], "number of molecular orbitals": 23, "number of electrons": 20, "number of unpaired electrons": 0, "orbital energies/eV": [-19.25641457, -16.49050848, -16.31299866, -13.81445804, -13.80711855, -13.65081881, -13.31522781, -12.65536428, -12.17931132, -9.66322515, -5.35786104, -3.52735144, 0.07492949, 0.07934032, 0.65340291, 3.25175598, 4.29503638, 5.22301329, 5.2805748, 5.3175898, 6.44822432, 6.52541095, 11.6198193], "fractional occupation": [2.0, 2.0, 2.0, 2.0, 2.0, 2.0, 2.0, 2.0, 2.0, 2.0, 0.0, 0.0, 0.0, 0.0, 0.0, 0.0, 0.0, 0.0, 0.0, 0.0, 0.0, 0.0, 0.0], "program call": "xtb /home/svss/Project-DBcg-Debug/aqme2_20220329/End-to-End-workflows-final/example-3/QDESCP/mol_252_rdkit_conf_1/mol_252_rdkit_conf_1.xyz --pop --wbo --acc 0.2 --gfn 2 --chrg 0 --uhf 0 --etemp 300 --input /home/svss/Project-DBcg-Debug/aqme2_20220329/End-to-End-workflows-final/example-3/QDESCP/mol_252_rdkit_conf_1/mol_252_rdkit_conf_1_xtb.inp", "method": "GFN2-xTB", "xtb version": "6.3.3 (7355c4f)", "Dipole module/D": 2.463, "Total charge": 0, "Transition dipole module/D": NaN, "HOMO": -9.6632, "LUMO": -5.3579, "HOMO occupancy": 2.0, "LUMO occupancy": 0, "mulliken charges": [-0.02152, -0.12886, -0.02151, 0.02536, 0.02535, 0.03524, 0.02534, 0.03524, 0.02536], "cm5 charges": [-0.15349, -0.1792, -0.15347, 0.07784, 0.07782, 0.08742, 0.07781, 0.08743, 0.07784], "FUKUI+": [0.064, -0.542, 0.064, -0.103, -0.103, -0.087, -0.103, -0.087, -0.103], "FUKUI-": [0.104, -0.658, 0.104, -0.1, -0.1, -0.076, -0.1, -0.076, -0.1], "FUKUIrad": [0.084, -0.6, 0.084, -0.101, -0.101, -0.082, -0.101, -0.082, -0.101], "s proportion": [1.01, 1.928, 1.01, 0.975, 0.975, 0.965, 0.975, 0.965, 0.975], "p proportion": [3.011, 4.202, 3.011, 0.0, 0.0, 0.0, 0.0, 0.0, 0.0], "d proportion": [0.0, -0.001, 0.0, 0.0, 0.0, 0.0, 0.0, 0.0, 0.0], "Fermi-level/eV": -7.5105, "Coordination numbers": [3.742, 1.941, 3.742, 0.924, 0.924, 0.924, 0.924, 0.924, 0.924], "Dispersion coefficient C6": [21.473, 149.604, 21.473, 2.379, 2.379, 2.249, 2.379, 2.249, 2.379], "Total dispersion C6": 936.17228, "Total dispersion C8": 27861.299194, "Polarizability alpha": [6.611, 20.586, 6.611, 2.412, 2.412, 2.345, 2.412, 2.345, 2.412], "Total polarizability alpha": 48.146203, "Wiberg matrix": [[0.0, 1.013108264526311, 0.0, 0.9846982262022709, 0.9846974985453216, 0.9819624736716317, 0.0, 0.0, 0.0], [1.013108264526311, 0.0, 1.013105976255823, 0.0, 0.0, 0.0, 0.0, 0.0, 0.0], [0.0, 1.013105976255823, 0.0, 0.0, 0.0, 0.0, 0.9846951521045076, 0.9819637829011935, 0.9847004873664724], [0.9846982262022709, 0.0, 0.0, 0.0, 0.0, 0.0, 0.0, 0.0, 0.0], [0.9846974985453216, 0.0, 0.0, 0.0, 0.0, 0.0, 0.0, 0.0, 0.0], [0.9819624736716317, 0.0, 0.0, 0.0, 0.0, 0.0, 0.0, 0.0, 0.0], [0.0, 0.0, 0.9846951521045076, 0.0, 0.0, 0.0, 0.0, 0.0, 0.0], [0.0, 0.0, 0.9819637829011935, 0.0, 0.0, 0.0, 0.0, 0.0, 0.0], [0.0, 0.0, 0.9847004873664724, 0.0, 0.0, 0.0, 0.0, 0.0, 0.0]], "Born radii": [], "Atomic SASAs": [], "Solvent H bonds": [], "Total SASA": NaN, "Total FOD": 0.0, "FOD": [0.0, 0.0, 0.0, 0.0, 0.0, 0.0, 0.0, 0.0, 0.0], "FOD s proportion": [0.0, 0.0, 0.0, 0.0, 0.0, 0.0, 0.0, 0.0, 0.0], "FOD p proportion": [0.0, 0.0, 0.0, 0.0, 0.0, 0.0, 0.0, 0.0, 0.0], "FOD d proportion": [0.0, 0.0, 0.0, 0.0, 0.0, 0.0, 0.0, 0.0, 0.0], "coordinates": [["-1.36850", "-0.07380", "-0.03380"], ["-0.01030", "-0.69350", "0.98680"], ["1.36810", "0.04330", "0.07710"], ["-1.27310", "-0.44130", "-1.05880"], ["-1.37710", "1.01930", "-0.03340"], ["-2.31790", "-0.42890", "0.37560"], ["1.28340", "1.13320", "0.07440"], ["2.30810", "-0.23090", "0.56320"], ["1.38740", "-0.32740", "-0.95100"]], "bond_dist": [[0.0, 1.8084135837799937, 2.741348350720864, 1.0930610275734836, 1.0931339030512228, 1.0931901618657203, 2.9156697086604306, 3.728066116634736, 2.9155708892084924], [1.8084135837799937, 0.0, 1.808428845711105, 2.417177701369926, 2.4171541365829365, 2.401790240633016, 2.41722285691659, 2.4017523352752255, 2.417160180873415], [2.741348350720864, 1.808428845711105, 0.0, 2.915654885270203, 2.915631885200874, 3.728092151489821, 1.0931895489804138, 1.0931966200094108, 1.0930601950487449], [1.0930610275734836, 2.417177701369926, 2.915654885270203, 0.0, 1.7876279031163058, 1.7746166233865837, 3.209187551390538, 3.9370224281809723, 2.6651180649269555], [1.0931339030512228, 2.4171541365829365, 2.915631885200874, 1.7876279031163058, 0.0, 1.774730649986076, 2.6651180649269555, 3.9369570279595383, 3.209057634259628], [1.0931901618657203, 2.401790240633016, 3.728092151489821, 1.7746166233865837, 1.774730649986076, 0.0, 3.9370343584987926, 4.634034285587451, 3.9369300095378885], [2.9156697086604306, 2.41722285691659, 1.0931895489804138, 3.209187551390538, 2.6651180649269555, 3.9370343584987926, 0.0, 1.7747406402063373, 1.7876279031163056], [3.728066116634736, 2.4017523352752255, 1.0931966200094108, 3.9370224281809723, 3.9369570279595383, 4.634034285587451, 1.7747406402063373, 0.0, 1.7747682609287332], [2.9155708892084924, 2.417160180873415, 1.0930601950487449, 2.6651180649269555, 3.209057634259628, 3.9369300095378885, 1.7876279031163056, 1.7747682609287332, 0.0]]}