{"total energy": -29.52418267, "HOMO-LUMO gap/eV": 2.86054398, "electronic energy": -29.99745964, "dipole": [-0.70592261, 0.34155796, -0.06607177], "partial charges": [-0.17928422, 0.09830011, -0.04071204, -0.03469418, 0.0161191, -0.03405142, -0.02896107, -0.02764863, -0.03455223, 0.02071945, -0.04849492, 0.05269031, 0.04523511, 0.03573909, 0.03450858, 0.03524065, 0.03708183, 0.0527645], "atomic dipole moments": [[0.01631483, -0.0203452, 0.00375307], [0.23695518, -0.09942213, 0.0194358], [0.01129565, -0.05817938, 0.01051271], [-0.02836405, -0.01477239, 0.00244817], [0.01054819, -0.02511615, 0.00458398], [0.04741539, -0.01028631, 0.00216795], [-0.01127704, -0.02317102, 0.00407229], [-0.01210973, 0.0219547, -0.00400014], [0.0493341, 0.01359908, -0.00208156], [0.0145686, 0.01684664, -0.00294068], [-0.00965774, 0.02692162, -0.00487641], [0.13101541, 0.08126768, -0.01367189], [0.00593303, 0.14993772, -0.02681195], [-0.0107106, 0.14892987, -0.02674759], [-0.13181851, 0.07319379, -0.01401663], [-0.13058589, -0.07585492, 0.01266744], [-0.00809698, -0.14936203, 0.02667703], [0.00545259, -0.15233433, 0.0273029]], "atomic quadrupole moments": [[0.28149927, -0.28207262, -0.08066334, 0.0538513, -0.02430136, -0.20083593], [0.0046743, -0.29724275, -0.26935416, 0.05131182, 0.09660266, 0.26467985], [-0.29120421, 9.12e-06, -0.19570726, -0.00548027, 0.12632076, 0.48691148], [-0.2369301, 0.01085804, -0.25777862, -0.00715483, 0.1393212, 0.49470871], [-0.19063864, 0.00535211, -0.19060441, -0.00502974, 0.10581521, 0.38124305], [-0.24310334, -0.02186931, -0.24699447, -0.00130725, 0.13623091, 0.49009781], [-0.30088986, -0.00563314, -0.20897748, -0.0047446, 0.132966, 0.50986734], [-0.30364756, 0.00184727, -0.20998231, -0.0061462, 0.13386788, 0.51362987], [-0.24203429, 0.02098244, -0.24505533, -0.00891929, 0.13557878, 0.48708962], [-0.19169261, -0.01425829, -0.19375446, -0.00154905, 0.10703984, 0.38544707], [-0.215709, -0.01693423, -0.24492678, -0.00181061, 0.13037987, 0.46063578], [0.03401159, -0.00729654, 0.02518186, 0.00197463, -0.01565903, -0.05919346], [0.03698493, -0.00448043, 0.02591677, 0.00151013, -0.01646525, -0.0629017], [0.03656727, 0.00735796, 0.02695994, -0.00060787, -0.01668548, -0.06352721], [0.03072685, 0.00600025, 0.0347824, -0.00038859, -0.0185117, -0.06550925], [0.03074333, -0.00592458, 0.03463563, 0.00173839, -0.01855032, -0.06537895], [0.03689105, -0.00733767, 0.02632347, 0.00202168, -0.01662221, -0.06321453], [0.03117355, 1.533e-05, 0.02573575, 0.00062451, -0.01529241, -0.0569093]], "number of molecular orbitals": 56, "number of electrons": 54, "number of unpaired electrons": 0, "orbital energies/eV": [-28.71142263, -18.04290508, -17.68995349, -17.25619143, -17.04049139, -16.77317649, -16.10701729, -15.95390485, -15.75883951, -14.64281488, -14.51506324, -14.44748, -13.79437363, -13.70726084, -13.67044186, -13.23029862, -13.15767259, -12.94203856, -12.88824687, -12.47022423, -11.99824794, -11.74721737, -11.69983513, -11.66546437, -11.31994467, -10.96680078, -10.3969398, -7.53639582, -6.46575688, -5.52981827, -4.41840984, -3.63080703, -1.91215832, 0.42902234, 0.58019193, 0.58290732, 0.95551796, 2.51983908, 3.04675379, 3.33474371, 3.62014776, 4.17632122, 4.32844275, 4.471494, 5.36847116, 5.86676969, 7.87239808, 9.03013705, 10.21841878, 10.6742422, 12.08314023, 12.94003577, 13.97288373, 14.36488365, 17.47305569, 18.50759667], "fractional occupation": [2.0, 2.0, 2.0, 2.0, 2.0, 2.0, 2.0, 2.0, 2.0, 2.0, 2.0, 2.0, 2.0, 2.0, 2.0, 2.0, 2.0, 2.0, 2.0, 2.0, 2.0, 2.0, 2.0, 2.0, 2.0, 2.0, 2.0, 0.0, 0.0, 0.0, 0.0, 0.0, 0.0, 0.0, 0.0, 0.0, 0.0, 0.0, 0.0, 0.0, 0.0, 0.0, 0.0, 0.0, 0.0, 0.0, 0.0, 0.0, 0.0, 0.0, 0.0, 0.0, 0.0, 0.0, 0.0, 0.0], "program call": "xtb /home/svss/Project-DBcg-Debug/aqme2_20220329/End-to-End-workflows-final/example-3/QDESCP/mol_12_rdkit_conf_1/mol_12_rdkit_conf_1.xyz --pop --wbo --acc 0.2 --gfn 2 --chrg 0 --uhf 0 --etemp 300 --input /home/svss/Project-DBcg-Debug/aqme2_20220329/End-to-End-workflows-final/example-3/QDESCP/mol_12_rdkit_conf_1/mol_12_rdkit_conf_1_xtb.inp", "method": "GFN2-xTB", "xtb version": "6.3.3 (7355c4f)", "Dipole module/D": 2.0, "Total charge": 0, "Transition dipole module/D": NaN, "HOMO": -10.3969, "LUMO": -7.5364, "HOMO occupancy": 2.0, "LUMO occupancy": 0, "mulliken charges": [-0.11762, 0.11401, -0.04851, -0.02956, 0.00418, -0.03443, -0.02801, -0.02504, -0.03697, 0.01511, -0.06218, 0.04112, 0.03636, 0.03247, 0.03188, 0.03218, 0.03353, 0.04147], "cm5 charges": [-0.11968, 0.10671, -0.10041, -0.08199, -0.0031, -0.08701, -0.0833, -0.08033, -0.08954, 0.00792, -0.11142, 0.09765, 0.09251, 0.08864, 0.08725, 0.08755, 0.08969, 0.09887], "FUKUI+": [-0.115, -0.035, -0.032, -0.057, -0.018, -0.052, -0.033, -0.034, -0.051, -0.019, -0.053, -0.072, -0.073, -0.07, -0.072, -0.072, -0.07, -0.07], "FUKUI-": [-0.219, -0.026, -0.019, -0.042, -0.02, -0.044, -0.04, -0.026, -0.048, -0.021, -0.05, -0.059, -0.062, -0.064, -0.069, -0.065, -0.063, -0.063], "FUKUIrad": [-0.167, -0.031, -0.025, -0.049, -0.019, -0.048, -0.037, -0.03, -0.05, -0.02, -0.052, -0.065, -0.067, -0.067, -0.07, -0.069, -0.066, -0.067], "s proportion": [1.944, 1.078, 1.062, 1.066, 1.071, 1.065, 1.06, 1.061, 1.064, 1.071, 1.065, 0.959, 0.964, 0.968, 0.968, 0.968, 0.966, 0.959], "p proportion": [5.184, 2.808, 2.986, 2.964, 2.925, 2.97, 2.968, 2.964, 2.973, 2.914, 2.997, 0.0, 0.0, 0.0, 0.0, 0.0, 0.0, 0.0], "d proportion": [-0.01, 0.0, 0.0, 0.0, 0.0, 0.0, 0.0, 0.0, 0.0, 0.0, 0.0, 0.0, 0.0, 0.0, 0.0, 0.0, 0.0, 0.0], "Fermi-level/eV": -8.9667, "Coordination numbers": [0.966, 2.877, 2.947, 2.918, 2.982, 2.918, 2.91, 2.91, 2.918, 2.983, 2.954, 0.925, 0.925, 0.925, 0.925, 0.925, 0.925, 0.925], "Dispersion coefficient C6": [104.785, 25.818, 29.011, 28.864, 27.645, 28.848, 28.723, 28.692, 28.86, 27.538, 29.203, 2.287, 2.38, 2.506, 2.523, 2.513, 2.488, 2.286], "Total dispersion C6": 5524.499262, "Total dispersion C8": 152162.637767, "Polarizability alpha": [15.661, 8.33, 8.834, 8.81, 8.625, 8.808, 8.788, 8.783, 8.81, 8.608, 8.864, 2.365, 2.413, 2.476, 2.484, 2.479, 2.467, 2.364], "Total polarizability alpha": 119.966479,