{"total energy": -24.04829212, "HOMO-LUMO gap/eV": 11.99186471, "electronic energy": -24.34599757, "dipole": [-0.3671288, -0.13589738, 0.49916858], "partial charges": [-0.10001747, -0.05230781, -0.06210946, -0.01312467, -0.1026093, 0.08447969, -0.44121709, 0.03059453, 0.0311535, 0.0337262, 0.02591821, 0.03253088, 0.04940212, 0.03049212, 0.02720639, 0.03214763, 0.05060275, 0.03328717, 0.0129882, 0.01486208, 0.28199434], "atomic dipole moments": [[-0.0708628, 0.06592837, 0.02883282], [-0.02359918, -0.10392552, -0.03874769], [0.0132987, 0.10718195, 0.05874818], [-0.04285473, -0.03066201, -0.07457927], [0.00751836, -0.09410937, 0.06482798], [0.01320185, -0.01542233, -0.19515005], [-0.06378077, -0.00732851, 0.23610729], [0.11293597, 0.04979014, 0.01615101], [-0.00470395, -0.10544125, 0.06808359], [-0.01121999, -0.03068246, -0.12195986], [0.02117745, 0.03001394, 0.11740877], [0.01783271, 0.10277483, -0.06685248], [-0.01709313, -0.02929245, -0.12396701], [-0.00659564, -0.1090417, 0.05613603], [0.0236702, 0.02924182, 0.11626671], [-0.09604467, 0.07151956, 0.03734041], [-0.01355516, -0.01654965, -0.12849517], [0.10043566, 0.07190576, 0.01721958], [-0.00077816, -0.10142611, 0.0566081], [-0.08893988, 0.06484783, 0.03793558], [-0.06972943, -0.0350227, 0.01617935]], "atomic quadrupole moments": [[0.06674032, -0.15443701, 0.03483564, -0.06887663, 0.06711374, -0.10157596], [0.20359249, -0.04592087, -0.00714606, -0.02601554, 0.09275985, -0.19644643], [0.21791434, -0.02244054, -0.02148913, -0.05023589, 0.08764016, -0.19642521], [0.1014631, 0.01365794, 0.07935069, -0.05206729, -0.05776192, -0.18081379], [-0.08436642, -0.01917204, 0.1302108, -0.00061954, -0.15751042, -0.04584438], [-0.07371192, 0.15279761, -0.22719209, 0.15845323, 0.15267241, 0.30090401], [-0.06101017, 0.03840989, -0.0994416, 0.0388117, 0.0525782, 0.16045178], [0.05837367, 0.04380007, -0.00910936, 0.01358445, 0.01623937, -0.04926431], [-0.03892965, 0.00541617, 0.03937489, -0.01971179, -0.05575708, -0.00044524], [-0.03613964, -0.00792877, -0.03506606, 0.02380782, 0.02366831, 0.0712057], [-0.01792213, -0.00304433, -0.03740921, 0.0064515, 0.01450527, 0.05533135], [-0.01729089, -0.00426778, 0.02124261, -0.00271361, -0.04554183, -0.00395172], [-0.01428357, 0.00207845, -0.0387271, 0.01259626, 0.00245709, 0.05301067], [-0.01410652, -0.00016889, 0.02499351, -0.00606038, -0.04880942, -0.01088699], [-0.02070734, 0.00416958, -0.01283295, 0.01662626, 0.01114206, 0.03354029], [0.03715674, -0.04755216, -0.00936709, -0.04385823, 0.01166815, -0.02778965], [-0.04779406, 0.00320407, -0.01911808, 0.01326454, 0.03092126, 0.06691214], [0.05402289, 0.04969704, -0.01484118, 0.02681161, -0.00114472, -0.03918171], [-0.03503002, -0.0005362, 0.02675385, 0.02589024, -0.02607006, 0.00827617], [0.00669594, -0.03262503, -0.00181666, -0.00071199, 0.03496364, -0.00487928], [0.08552401, 0.09405022, -0.04234313, -0.00172821, 0.00456382, -0.04318088]], "number of molecular orbitals": 42, "number of electrons": 44, "number of unpaired electrons": 0, "orbital energies/eV": [-18.52750498, -17.12855283, -16.64556046, -16.20433209, -15.82494453, -15.40299285, -15.21101321, -14.83688223, -14.21755995, -13.84554502, -13.73398567, -13.3223134, -13.00469387, -12.85801753, -12.48607251, -12.34364563, -12.02732802, -11.78852167, -11.51075921, -11.41195723, -11.27327616, -11.0090222, 0.98284251, 1.66555744, 2.51139961, 2.84680546, 3.42984834, 3.54938255, 3.88662363, 4.08166371, 4.67641594, 4.79645585, 4.8237426, 5.38994395, 5.94606806, 6.17833142, 6.47112336, 6.75442249, 7.10829683, 7.3227085, 7.84943304, 8.39548708], "fractional occupation": [2.0, 2.0, 2.0, 2.0, 2.0, 2.0, 2.0, 2.0, 2.0, 2.0, 2.0, 2.0, 2.0, 2.0, 2.0, 2.0, 2.0, 2.0, 2.0, 2.0, 2.0, 2.0, 0.0, 0.0, 0.0, 0.0, 0.0, 0.0, 0.0, 0.0, 0.0, 0.0, 0.0, 0.0, 0.0, 0.0, 0.0, 0.0, 0.0, 0.0, 0.0, 0.0], "program call": "xtb /home/svss/Project-DBcg-Debug/aqme2_20220329/End-to-End-workflows-final/example-3/QDESCP/mol_896_rdkit_conf_4/mol_896_rdkit_conf_4.xyz --pop --wbo --acc 0.2 --gfn 2 --chrg 0 --uhf 0 --etemp 300 --input /home/svss/Project-DBcg-Debug/aqme2_20220329/End-to-End-workflows-final/example-3/QDESCP/mol_896_rdkit_conf_4/mol_896_rdkit_conf_4_xtb.inp", "method": "GFN2-xTB", "xtb version": "6.3.3 (7355c4f)", "Dipole module/D": 1.612, "Total charge": 0, "Transition dipole module/D": NaN, "HOMO": -11.009, "LUMO": 0.9828, "HOMO occupancy": 2.0, "LUMO occupancy": 0, "mulliken charges": [-0.0829, -0.04011, -0.04908, -0.00965, -0.08486, 0.19369, -0.56886, 0.02687, 0.02547, 0.02787, 0.01908, 0.02297, 0.03798, 0.02169, 0.01575, 0.02611, 0.04132, 0.02491, 0.00786, 0.00848, 0.33541], "cm5 charges": [-0.23336, -0.15284, -0.15641, -0.07914, -0.23215, 0.10844, -0.7843, 0.07764, 0.07675, 0.07917, 0.07392, 0.07832, 0.09605, 0.07802, 0.07438, 0.07818, 0.0953, 0.07687, 0.07047, 0.07109, 0.5036], "FUKUI+": [0.013, -0.005, -0.021, -0.02, 0.024, -0.007, -0.105, -0.068, -0.034, -0.035, -0.044, -0.04, -0.05, -0.05, -0.1, -0.057, -0.042, -0.052, -0.083, -0.106, -0.116], "FUKUI-": [0.021, 0.006, 0.008, -0.001, 0.018, 0.02, -0.108, -0.063, -0.081, -0.067, -0.091, -0.1, -0.069, -0.066, -0.048, -0.047, -0.034, -0.048, -0.087, -0.107, -0.057], "FUKUIrad": [0.017, 0.001, -0.007, -0.01, 0.021, 0.007, -0.107, -0.066, -0.058, -0.051, -0.067, -0.07, -0.059, -0.058, -0.074, -0.052, -0.038, -0.05, -0.085, -0.106, -0.087], "s proportion": [1.008, 1.027, 1.035, 1.056, 1.01, 0.994, 1.694, 0.973, 0.975, 0.972, 0.981, 0.977, 0.962, 0.978, 0.984, 0.974, 0.959, 0.975, 0.992, 0.992, 0.665], "p proportion": [3.075, 3.013, 3.014, 2.953, 3.075, 2.812, 4.874, 0.0, 0.0, 0.0, 0.0, 0.0, 0.0, 0.0, 0.0, 0.0, 0.0, 0.0, 0.0, 0.0, 0.0], "d proportion": [0.0, 0.0, 0.0, 0.0, 0.0, 0.0, 0.0, 0.0, 0.0, 0.0, 0.0, 0.0, 0.0, 0.0, 0.0, 0.0, 0.0, 0.0, 0.0, 0.0, 0.0], "Fermi-level/eV": -5.0131, "Coordination numbers": [3.75, 3.799, 3.802, 3.847, 3.751, 3.676, 1.653, 0.924, 0.924, 0.924, 0.924, 0.924, 0.924, 0.924, 0.924, 0.924, 0.924, 0.924, 0.924, 0.924, 0.804], "Dispersion coefficient C6": [22.474, 21.515, 21.692, 20.777, 22.522, 19.391, 21.667, 2.578, 2.57, 2.534, 2.645, 2.551, 2.328, 2.58, 2.627, 2.556, 2.313, 2.54, 2.842, 2.813, 0.778], "Total dispersion C6": 2918.441865, "Total dispersion C8": 60142.266266, "Polarizability alpha": [6.761, 6.604, 6.631, 6.484, 6.768, 6.309, 6.284, 2.511, 2.507, 2.49, 2.544, 2.498, 2.386, 2.512, 2.535, 2.5, 2.378, 2.492, 2.637, 2.623, 1.385], "Total polarizability alpha": 79.837178,