{"total energy": -33.01841721, "HOMO-LUMO gap/eV": 3.05730389, "electronic energy": -33.58455414, "dipole": [-0.00365958, 0.21871953, -0.4619328], "partial charges": [-0.02868209, -0.03406135, -0.03402365, -0.00488619, 0.04113046, -0.04181873, -0.07929096, 0.04114093, -0.04180354, -0.0286835, -0.03407639, -0.03403404, -0.00488273, 0.03534739, 0.03410933, 0.03385086, 0.03867974, 0.03867122, 0.03534358, 0.03412495, 0.03384474], "atomic dipole moments": [[0.00289487, 0.00339936, -0.0075451], [-0.01280878, -0.00476314, 0.01125971], [0.00690663, -0.00588459, 0.01178019], [0.03450963, -0.01025723, 0.01858092], [0.10944771, -0.04749948, 0.09054689], [0.02163549, -0.00109944, 0.00041891], [-0.00263765, 0.15638447, -0.33032606], [-0.1079299, -0.04059697, 0.09552653], [-0.02166279, 0.00025957, 0.00138802], [-0.00301799, 0.00362586, -0.00731761], [0.01303393, -0.00560387, 0.01060769], [-0.00672763, -0.00544001, 0.01211216], [-0.03424019, -0.0081044, 0.02020743], [-0.14922868, -0.00525566, 0.0246286], [-0.09805477, 0.05308064, -0.10335969], [0.04489937, 0.06073247, -0.13239781], [-0.0555029, -0.06015873, 0.13213564], [0.05762941, -0.06373396, 0.1295379], [0.14958611, -0.01477393, 0.01769869], [0.09636701, 0.04693123, -0.10783777], [-0.04700625, 0.06364888, -0.13029542]], "atomic quadrupole moments": [[-0.27165275, 0.03170585, 0.38452513, 0.00523285, 0.30369047, -0.11287237], [-0.28000517, 0.03360674, 0.37980461, 0.00109987, 0.29319765, -0.09979943], [-0.30087093, 0.03033884, 0.39330447, 0.01120224, 0.29624779, -0.09243353], [-0.19073024, 0.01599001, 0.26169301, 0.01568356, 0.20227744, -0.07096277], [-0.14154476, -0.08348296, 0.19356511, 0.21215624, 0.135851, -0.05202035], [-0.23900757, 0.0287615, 0.36667085, 0.0066927, 0.30165455, -0.12766328], [0.23578427, -0.02264168, -0.3081411, -0.01116948, -0.23188819, 0.07235682], [-0.14815188, 0.11108493, 0.18121763, -0.1985703, 0.14439437, -0.03306575], [-0.23890103, 0.02361266, 0.36700172, 0.0175527, 0.30142519, -0.12810069], [-0.27142715, 0.02401698, 0.38503656, 0.02142639, 0.3033557, -0.11360941], [-0.27962817, 0.02183591, 0.38061933, 0.02583775, 0.29268998, -0.10099116], [-0.30084017, 0.02745623, 0.39352023, 0.01729128, 0.29613361, -0.09268005], [-0.19100608, 0.02212895, 0.26130598, 0.00273351, 0.20255855, -0.0702999], [0.02767702, -0.00360607, -0.04854383, -0.00102908, -0.04234795, 0.0208668], [0.03377481, -0.00046936, -0.04964823, -0.00821637, -0.0395015, 0.01587342], [0.03644465, -0.00188438, -0.0474378, -0.00509735, -0.03537689, 0.01099315], [0.03580207, -0.00680943, -0.0465471, 0.00543385, -0.03538282, 0.01074503], [0.03556288, -4.038e-05, -0.04696008, -0.0088438, -0.03508679, 0.01139721], [0.02763217, -0.00317681, -0.04856155, -0.00193288, -0.04232665, 0.02092938], [0.03397952, -0.00665774, -0.04925711, 0.00484007, -0.03975931, 0.01527759], [0.03655073, -0.00507726, -0.04722372, 0.00165059, -0.03551068, 0.01067298]], "number of molecular orbitals": 65, "number of electrons": 62, "number of unpaired electrons": 0, "orbital energies/eV": [-19.82060151, -17.82171501, -17.7175033, -17.26910411, -16.85607579, -16.78598362, -16.69004817, -16.04604608, -15.74629111, -15.56619546, -15.42990236, -14.59459231, -14.30030313, -14.00494083, -13.76033407, -13.67222866, -13.56773745, -13.24709327, -13.15802495, -13.07556938, -12.93568839, -12.82951049, -12.07773732, -12.01208125, -11.80321366, -11.65372907, -11.63375149, -11.62382527, -11.19824499, -10.61453192, -10.0998606, -7.04255671, -6.52104655, -6.19692933, -5.40137268, -5.3405786, -3.38062629, -3.22792397, -2.47567462, -0.22020914, 1.12383834, 1.30136388, 2.10938509, 3.12209524, 3.44143605, 3.52453132, 3.64314706, 4.32965027, 4.76795817, 4.85975034, 5.2872073, 6.43852328, 8.71374041, 8.96949559, 8.97121696, 10.72343272, 10.91106027, 11.04609619, 12.67151797, 12.77514708, 15.72163286, 15.91692467, 16.32431824, 16.93578083, 19.34439577], "fractional occupation": [2.0, 2.0, 2.0, 2.0, 2.0, 2.0, 2.0, 2.0, 2.0, 2.0, 2.0, 2.0, 2.0, 2.0, 2.0, 2.0, 2.0, 2.0, 2.0, 2.0, 2.0, 2.0, 2.0, 2.0, 2.0, 2.0, 2.0, 2.0, 2.0, 2.0, 2.0, 0.0, 0.0, 0.0, 0.0, 0.0, 0.0, 0.0, 0.0, 0.0, 0.0, 0.0, 0.0, 0.0, 0.0, 0.0, 0.0, 0.0, 0.0, 0.0, 0.0, 0.0, 0.0, 0.0, 0.0, 0.0, 0.0, 0.0, 0.0, 0.0, 0.0, 0.0, 0.0, 0.0, 0.0], "program call": "xtb /home/svss/Project-DBcg-Debug/aqme2_20220329/End-to-End-workflows-final/example-3/QDESCP/mol_559_rdkit_conf_1/mol_559_rdkit_conf_1.xyz --pop --wbo --acc 0.2 --gfn 2 --chrg 0 --uhf 0 --etemp 300 --input /home/svss/Project-DBcg-Debug/aqme2_20220329/End-to-End-workflows-final/example-3/QDESCP/mol_559_rdkit_conf_1/mol_559_rdkit_conf_1_xtb.inp", "method": "GFN2-xTB", "xtb version": "6.3.3 (7355c4f)", "Dipole module/D": 1.299, "Total charge": 0, "Transition dipole module/D": NaN, "HOMO": -10.0999, "LUMO": -7.0426, "HOMO occupancy": 2.0, "LUMO occupancy": 0, "mulliken charges": [-0.02536, -0.03728, -0.03134, -0.02125, 0.06382, -0.05001, -0.05388, 0.06382, -0.05, -0.02537, -0.03729, -0.03135, -0.02125, 0.03105, 0.03094, 0.03102, 0.03536, 0.03535, 0.03105, 0.03095, 0.03102], "cm5 charges": [-0.08045, -0.0925, -0.08337, -0.02369, 0.07447, -0.10088, -0.09022, 0.07448, -0.10085, -0.08044, -0.09252, -0.08338, -0.02368, 0.08645, 0.08632, 0.08715, 0.09162, 0.0916, 0.08644, 0.08633, 0.08714], "FUKUI+": [-0.049, -0.017, -0.039, -0.037, -0.005, -0.03, -0.154, -0.005, -0.03, -0.049, -0.017, -0.039, -0.037, -0.069, -0.061, -0.057, -0.059, -0.059, -0.069, -0.061, -0.057], "FUKUI-": [-0.019, -0.038, -0.026, -0.018, 0.017, -0.033, -0.337, 0.017, -0.033, -0.019, -0.038, -0.026, -0.018, -0.056, -0.06, -0.049, -0.049, -0.049, -0.056, -0.06, -0.049], "FUKUIrad": [-0.034, -0.028, -0.033, -0.027, 0.006, -0.032, -0.246, 0.006, -0.032, -0.034, -0.028, -0.033, -0.027, -0.062, -0.06, -0.053, -0.054, -0.054, -0.062, -0.06, -0.053], "s proportion": [1.058, 1.056, 1.064, 1.08, 1.077, 1.058, 1.909, 1.077, 1.058, 1.058, 1.056, 1.064, 1.08, 0.969, 0.969, 0.969, 0.965, 0.965, 0.969, 0.969, 0.969], "p proportion": [2.967, 2.981, 2.967, 2.942, 2.859, 2.992, 4.133, 2.859, 2.992, 2.967, 2.981, 2.967, 2.942, 0.0, 0.0, 0.0, 0.0, 0.0, 0.0, 0.0, 0.0], "d proportion": [0.0, 0.0, 0.0, 0.0, 0.0, 0.0, 0.012, 0.0, 0.0, 0.0, 0.0, 0.0, 0.0, 0.0, 0.0, 0.0, 0.0, 0.0, 0.0, 0.0, 0.0], "Fermi-level/eV": -8.5712, "Coordination numbers": [2.912, 2.907, 2.914, 3.144, 2.995, 2.931, 2.318, 2.995, 2.931, 2.912, 2.907, 2.914, 3.144, 0.925, 0.925, 0.925, 0.925, 0.925, 0.925, 0.925, 0.925], "Dispersion coefficient C6": [28.717, 28.848, 28.847, 27.886, 27.067, 29.039, 144.355, 27.067, 29.039, 28.717, 28.848, 28.847, 27.886, 2.512, 2.529, 2.532, 2.466, 2.467, 2.512, 2.529, 2.532], "Total dispersion C6": 7849.952807, "Total dispersion C8": 222653.246286, "Polarizability alpha": [8.787, 8.807, 8.807, 8.64, 8.534, 8.838, 20.222, 8.534, 8.837, 8.787, 8.807, 8.807, 8.64, 2.478, 2.487, 2.489, 2.456, 2.456, 2.478, 2.487, 2.489], "Total polarizability alpha": 144.867818,