{"total energy": -24.05189232, "HOMO-LUMO gap/eV": 11.69601753, "electronic energy": -24.35119776, "dipole": [0.29776149, 0.55382843, 0.34753776], "partial charges": [-0.10078336, -0.05026541, -0.07329413, 0.11549151, -0.45429434, -0.06064427, -0.1039697, 0.03310237, 0.03539618, 0.03244671, 0.03053961, 0.02370331, 0.03573998, 0.04464735, 0.00995452, 0.28414488, 0.04505629, 0.04596762, 0.03481417, 0.03852566, 0.03372104], "atomic dipole moments": [[-0.07828957, -0.05410972, 0.03815433], [-0.00704088, 0.05671177, -0.09424837], [-0.0061504, -0.05108284, 0.10432913], [0.05052841, -0.16108945, -0.05426241], [0.04029608, 0.21822801, 0.08034787], [0.06261668, 0.09876229, 0.06222232], [0.04116228, -0.09883991, 0.01214121], [-0.02890102, 0.12244387, -0.00935505], [0.03448599, -0.04172254, -0.1145378], [0.09945407, -0.00937514, 0.07528487], [0.04078176, -0.1156044, 0.01232953], [-0.02349612, 0.04177595, 0.11299849], [-0.0245493, 0.12066906, -0.02043279], [0.03240881, -0.04919239, -0.11321516], [-0.02598613, 0.0318308, 0.11314218], [0.04594715, 0.00312198, 0.06304152], [0.01821927, -0.05037689, -0.11439179], [-0.09071456, -0.07419957, 0.04154307], [0.07624155, 0.07540332, -0.06522272], [-0.10768259, -0.00252245, -0.06323469], [-0.02409402, 0.05258685, 0.11205]], "atomic quadrupole moments": [[0.09537369, 0.14460983, -0.02450042, -0.0909484, -0.07658244, -0.07087327], [0.16784362, 0.12800571, -0.12400277, 0.05699858, -0.09018879, -0.04384085], [0.18489939, 0.10630306, -0.13611324, 0.06056524, -0.10531218, -0.04878615], [-0.03838763, -0.06801265, 0.30313676, 0.0732527, -0.11810635, -0.26474913], [-0.07246792, -0.04283631, 0.16144346, 0.03760459, -0.01119837, -0.08897554], [0.03487902, -0.11907956, 0.07438034, 0.17738954, -0.04217117, -0.10925936], [-0.06457817, -0.11224014, 0.1864072, 0.01701539, -0.02518977, -0.12182904], [-0.02032666, -0.03600469, 0.06699284, -0.00826179, -0.00944328, -0.04666618], [-0.03756454, 0.00232007, -0.01805792, -0.02492631, 0.04360668, 0.05562245], [0.03414575, -0.00224514, -0.04327349, 0.05752676, -0.01891002, 0.00912773], [-0.01356528, -0.01572054, 0.05220573, 0.00310363, 0.002775, -0.03864045], [-0.01301005, -0.00494992, -0.02104843, -0.02117939, 0.03681149, 0.03405847], [-0.012361, -0.020524, 0.05704003, 0.00947573, -0.00467914, -0.04467902], [-0.01330405, -0.01021373, -0.01875461, -0.00909356, 0.04207704, 0.03205867], [-0.02168884, -0.01045584, 0.01310443, -0.00316963, 0.01399243, 0.00858441], [-0.00256151, -0.02876474, -0.03905722, 0.11203597, -0.01009383, 0.04161874], [-0.02141488, -0.01685914, -0.02474307, -0.02749977, 0.01727072, 0.04615795], [0.01982606, 0.02350995, -0.0070813, -0.02866228, -0.03424967, -0.01274476], [0.02261505, 0.03669555, -0.00028754, -0.04879185, -0.02842377, -0.02232751], [0.04524712, 0.00933505, -0.02479891, 0.06006371, 0.00482102, -0.02044821], [-0.04964555, -0.01083714, -0.01852762, -0.01468616, 0.03306932, 0.06817318]], "number of molecular orbitals": 42, "number of electrons": 44, "number of unpaired electrons": 0, "orbital energies/eV": [-18.45063941, -17.14665562, -16.90146766, -16.36380737, -16.04301505, -15.31359929, -15.2740496, -14.9879641, -14.26850008, -14.06113014, -13.8201233, -13.32496669, -13.04273791, -12.91564921, -12.55299649, -12.44211404, -12.36417923, -12.04307836, -11.78454243, -11.63303287, -11.52108034, -10.9149184, 0.78109913, 1.52664756, 2.66305026, 3.00123265, 3.17568942, 3.5097764, 3.92654969, 4.16356885, 4.41781121, 4.50249086, 4.66924878, 5.25822686, 5.44491893, 5.72644203, 6.58994717, 6.97695443, 7.10415522, 7.35729733, 7.92015369, 8.1813784], "fractional occupation": [2.0, 2.0, 2.0, 2.0, 2.0, 2.0, 2.0, 2.0, 2.0, 2.0, 2.0, 2.0, 2.0, 2.0, 2.0, 2.0, 2.0, 2.0, 2.0, 2.0, 2.0, 2.0, 0.0, 0.0, 0.0, 0.0, 0.0, 0.0, 0.0, 0.0, 0.0, 0.0, 0.0, 0.0, 0.0, 0.0, 0.0, 0.0, 0.0, 0.0, 0.0, 0.0], "program call": "xtb /home/svss/Project-DBcg-Debug/aqme2_20220329/End-to-End-workflows-final/example-3/QDESCP/mol_389_rdkit_conf_16/mol_389_rdkit_conf_16.xyz --pop --wbo --acc 0.2 --gfn 2 --chrg 0 --uhf 0 --etemp 300 --input /home/svss/Project-DBcg-Debug/aqme2_20220329/End-to-End-workflows-final/example-3/QDESCP/mol_389_rdkit_conf_16/mol_389_rdkit_conf_16_xtb.inp", "method": "GFN2-xTB", "xtb version": "6.3.3 (7355c4f)", "Dipole module/D": 1.826, "Total charge": 0, "Transition dipole module/D": NaN, "HOMO": -10.9149, "LUMO": 0.7811, "HOMO occupancy": 2.0, "LUMO occupancy": 0, "mulliken charges": [-0.0827, -0.03772, -0.07325, 0.21906, -0.57125, -0.04985, -0.08954, 0.02681, 0.02947, 0.02877, 0.02356, 0.0172, 0.02457, 0.03653, 0.0067, 0.33362, 0.03531, 0.03803, 0.02624, 0.03263, 0.0258], "cm5 charges": [-0.23314, -0.15011, -0.17946, 0.17147, -0.78231, -0.1567, -0.2398, 0.0781, 0.08078, 0.07955, 0.08057, 0.07242, 0.08123, 0.09429, 0.07316, 0.50362, 0.09227, 0.09531, 0.07802, 0.08344, 0.0773], "FUKUI+": [0.007, -0.011, 0.012, -0.041, -0.146, 0.0, 0.003, -0.039, -0.038, -0.057, -0.03, -0.038, -0.08, -0.057, -0.082, -0.123, -0.057, -0.07, -0.042, -0.066, -0.045], "FUKUI-": [0.012, 0.008, -0.01, -0.002, -0.105, 0.008, 0.022, -0.058, -0.06, -0.077, -0.056, -0.06, -0.059, -0.053, -0.081, -0.05, -0.077, -0.107, -0.073, -0.069, -0.051], "FUKUIrad": [0.01, -0.001, 0.001, -0.022, -0.126, 0.004, 0.013, -0.049, -0.049, -0.067, -0.043, -0.049, -0.07, -0.055, -0.082, -0.087, -0.067, -0.088, -0.058, -0.067, -0.048], "s proportion": [1.008, 1.027, 1.041, 1.02, 1.698, 1.032, 1.008, 0.973, 0.971, 0.971, 0.976, 0.983, 0.975, 0.963, 0.993, 0.666, 0.965, 0.962, 0.974, 0.967, 0.974], "p proportion": [3.075, 3.011, 3.032, 2.761, 4.873, 3.018, 3.081, 0.0, 0.0, 0.0, 0.0, 0.0, 0.0, 0.0, 0.0, 0.0, 0.0, 0.0, 0.0, 0.0, 0.0], "d proportion": [0.0, 0.0, 0.0, 0.0, 0.0, 0.0, 0.0, 0.0, 0.0, 0.0, 0.0, 0.0, 0.0, 0.0, 0.0, 0.0, 0.0, 0.0, 0.0, 0.0, 0.0], "Fermi-level/eV": -5.0669, "Coordination numbers": [3.75, 3.799, 3.801, 3.723, 1.653, 3.799, 3.749, 0.924, 0.924, 0.924, 0.924, 0.924, 0.924, 0.924, 0.924, 0.804, 0.924, 0.924, 0.924, 0.924, 0.924], "Dispersion coefficient C6": [22.489, 21.478, 21.902, 18.792, 21.933, 21.668, 22.552, 2.543, 2.511, 2.552, 2.579, 2.678, 2.506, 2.388, 2.891, 0.771, 2.383, 2.371, 2.519, 2.469, 2.534], "Total dispersion C6": 2908.107988, "Total dispersion C8": 60041.180233, "Polarizability alpha": [6.763, 6.599, 6.663, 6.19, 6.322, 6.628, 6.773, 2.494, 2.478, 2.498, 2.511, 2.559, 2.476, 2.417, 2.659, 1.379, 2.414, 2.408, 2.482, 2.457, 2.49], "Total polarizability alpha": 79.660144,