{"total energy": -21.03887571, "HOMO-LUMO gap/eV": 6.86399985, "electronic energy": -21.42143938, "dipole": [-0.22379318, 0.02420435, 0.1814302], "partial charges": [-0.09986065, -0.05168386, -0.05726803, -0.05097837, -0.03848073, -0.02810112, -0.11387159, 0.0318008, 0.03244046, 0.03242548, 0.02879891, 0.02879023, 0.02955032, 0.0295587, 0.03183403, 0.03181096, 0.04705695, 0.04704887, 0.06912863], "atomic dipole moments": [[0.07469001, -0.01505542, -0.06685351], [0.00047388, 0.0818072, 0.07340217], [0.00021523, -0.08179269, -0.0739055], [0.00351562, 0.08569222, 0.07476198], [-0.05703011, -0.0687793, -0.02134731], [-0.31550197, 0.06261038, 0.28141274], [0.24277178, -0.052686, -0.22060121], [-0.08890363, -0.08664504, -0.01469204], [-0.05370889, 0.11282676, -0.01550982], [0.04186437, -0.00794959, 0.11849946], [0.04329265, -0.11486126, 0.01628905], [-0.04927276, 0.0021628, -0.11358344], [0.04571822, -0.00272361, 0.1153409], [-0.0467009, 0.11410112, -0.01425364], [0.0465625, -0.11652554, 0.01297007], [-0.04636023, 0.00090279, -0.11733547], [-0.05088799, 0.11897971, -0.01274032], [0.04513928, -0.0023839, 0.12192389], [0.15727729, -0.03355102, -0.14235367]], "atomic quadrupole moments": [[0.07719102, -0.02953233, -0.10796071, -0.17343503, 0.03975304, 0.0307697], [0.12930706, 0.12262898, -0.06238988, -0.14986803, 0.06899019, -0.06691718], [0.1296969, 0.13116324, -0.05804775, -0.14789235, 0.0736388, -0.07164915], [0.13316388, 0.14121976, -0.05366036, -0.14083118, 0.06975873, -0.07950352], [0.09032607, 0.14932751, 0.00090329, -0.04994425, 0.04613012, -0.09122936], [-0.28957585, 0.17592804, 0.45079502, 0.707618, -0.15219401, -0.16121917], [-0.34426114, 0.19900999, 0.52673902, 0.82405745, -0.17182322, -0.18247788], [0.01788778, 0.06097366, 0.01869069, 0.00323081, 0.02261622, -0.03657847], [-0.02846473, -0.04187482, 0.05942387, -0.00288799, -0.02510329, -0.03095914], [-0.00943027, -0.01056159, -0.0501503, 0.04271098, -0.0051002, 0.05958057], [-0.00389515, -0.03015972, 0.03577933, 0.00191971, -0.02132111, -0.03188418], [-0.00787033, 0.00057259, -0.03551713, 0.02597115, -0.01567988, 0.04338746], [-0.00865648, -0.00128596, -0.0331319, 0.02983638, -0.01462535, 0.04178838], [-0.00856217, -0.02947729, 0.03799397, 0.00451701, -0.02201329, -0.0294318], [-0.00580446, -0.02861847, 0.03450518, 0.00434062, -0.02290673, -0.02870072], [-0.00730596, -0.00118682, -0.03243308, 0.02766322, -0.01659929, 0.03973904], [-0.00734031, -0.0258242, 0.0423967, 0.00909212, -0.02227028, -0.03505639], [-0.00975043, 0.00462115, -0.0307219, 0.03431823, -0.01572555, 0.04047233], [-0.0124446, 0.00656969, 0.01851407, 0.02891808, -0.00586214, -0.00606946]], "number of molecular orbitals": 40, "number of electrons": 40, "number of unpaired electrons": 0, "orbital energies/eV": [-17.04525625, -16.76683705, -16.36447738, -15.97937749, -15.33103707, -15.17909824, -14.22738014, -14.13736394, -13.58639519, -13.46572691, -13.32216171, -12.74557572, -12.68285902, -12.43555799, -11.8719165, -11.8649, -11.75468396, -11.50957116, -10.87887643, -10.83334222, -3.96934236, -3.86415241, 0.99337909, 2.59354491, 2.91913488, 2.94479474, 3.66961714, 4.00852529, 4.44290901, 4.55996126, 4.75579418, 5.34236305, 5.77968981, 6.13206282, 6.69594962, 7.17699934, 7.46945432, 8.31460947, 8.54015275, 38.01669943], "fractional occupation": [2.0, 2.0, 2.0, 2.0, 2.0, 2.0, 2.0, 2.0, 2.0, 2.0, 2.0, 2.0, 2.0, 2.0, 2.0, 2.0, 2.0, 2.0, 2.0, 2.0, 0.0, 0.0, 0.0, 0.0, 0.0, 0.0, 0.0, 0.0, 0.0, 0.0, 0.0, 0.0, 0.0, 0.0, 0.0, 0.0, 0.0, 0.0, 0.0, 0.0], "program call": "xtb /home/svss/Project-DBcg-Debug/aqme2_20220329/End-to-End-workflows-final/example-3/QDESCP/mol_812_rdkit_conf_1/mol_812_rdkit_conf_1.xyz --pop --wbo --acc 0.2 --gfn 2 --chrg 0 --uhf 0 --etemp 300 --input /home/svss/Project-DBcg-Debug/aqme2_20220329/End-to-End-workflows-final/example-3/QDESCP/mol_812_rdkit_conf_1/mol_812_rdkit_conf_1_xtb.inp", "method": "GFN2-xTB", "xtb version": "6.3.3 (7355c4f)", "Dipole module/D": 0.735, "Total charge": 0, "Transition dipole module/D": NaN, "HOMO": -10.8333, "LUMO": -3.9693, "HOMO occupancy": 2.0, "LUMO occupancy": 0, "mulliken charges": [-0.08344, -0.03798, -0.04819, -0.04107, -0.02099, -0.02698, -0.10616, 0.02912, 0.02716, 0.02715, 0.02314, 0.02313, 0.0234, 0.02341, 0.02739, 0.02738, 0.03742, 0.03742, 0.05869], "cm5 charges": [-0.23377, -0.15049, -0.15874, -0.14993, -0.12349, -0.03909, -0.1576, 0.0799, 0.07846, 0.07844, 0.07784, 0.07783, 0.07874, 0.07875, 0.08279, 0.08276, 0.09275, 0.09274, 0.1121], "FUKUI+": [0.009, 0.002, 0.004, -0.007, 0.017, -0.227, -0.196, -0.028, -0.016, -0.016, -0.017, -0.017, -0.028, -0.028, -0.038, -0.038, -0.096, -0.096, -0.185], "FUKUI-": [0.02, 0.009, 0.016, 0.015, 0.009, -0.072, -0.094, -0.057, -0.072, -0.072, -0.086, -0.086, -0.067, -0.067, -0.064, -0.064, -0.089, -0.089, -0.09], "FUKUIrad": [0.015, 0.005, 0.01, 0.004, 0.013, -0.149, -0.145, -0.042, -0.044, -0.044, -0.052, -0.052, -0.048, -0.048, -0.051, -0.051, -0.092, -0.092, -0.137], "s proportion": [1.008, 1.027, 1.033, 1.032, 1.021, 1.113, 1.088, 0.971, 0.973, 0.973, 0.977, 0.977, 0.977, 0.977, 0.973, 0.973, 0.963, 0.963, 0.941], "p proportion": [3.076, 3.011, 3.015, 3.009, 3.0, 2.914, 3.018, 0.0, 0.0, 0.0, 0.0, 0.0, 0.0, 0.0, 0.0, 0.0, 0.0, 0.0, 0.0], "d proportion": [0.0, 0.0, 0.0, 0.0, 0.0, 0.0, 0.0, 0.0, 0.0, 0.0, 0.0, 0.0, 0.0, 0.0, 0.0, 0.0, 0.0, 0.0, 0.0], "Fermi-level/eV": -7.4013, "Coordination numbers": [3.75, 3.8, 3.802, 3.805, 3.803, 1.965, 1.908, 0.924, 0.924, 0.924, 0.924, 0.924, 0.924, 0.924, 0.924, 0.924, 0.924, 0.924, 0.927], "Dispersion coefficient C6": [22.47, 21.502, 21.603, 21.485, 21.26, 31.817, 34.277, 2.561, 2.552, 2.552, 2.604, 2.604, 2.593, 2.593, 2.561, 2.561, 2.357, 2.357, 2.095], "Total dispersion C6": 2877.713285, "Total dispersion C8": 63756.377182, "Polarizability alpha": [6.76, 6.602, 6.617, 6.599, 6.564, 9.109, 9.455, 2.503, 2.498, 2.498, 2.523, 2.523, 2.518, 2.518, 2.503, 2.503, 2.401, 2.401, 2.263], "Total polarizability alpha": 81.360249,