{"total energy": -21.0863631, "HOMO-LUMO gap/eV": 4.98666926, "electronic energy": -21.41195277, "dipole": [-0.0036073, -0.14134487, 0.02812427], "partial charges": [-0.05207412, -0.05040722, -0.05025956, -0.04258604, -0.04259346, -0.0502626, -0.05039332, 0.02393611, 0.02393659, 0.03140256, 0.02414124, 0.03037296, 0.04008579, 0.01934479, 0.01934904, 0.03036314, 0.04009694, 0.02414288, 0.03140428], "atomic dipole moments": [[0.0027599, 0.10977653, -0.02186585], [-0.04365412, 0.00609072, -0.09704761], [-0.07135884, -0.01866803, 0.05764142], [0.1287341, -0.07955682, -0.01404232], [-0.13234908, -0.06168606, 0.04217955], [0.06977272, -0.04284048, -0.04540103], [0.04489988, 0.0405897, 0.08776431], [-0.04236661, -0.05585135, 0.09790729], [0.03862144, -0.0910646, -0.06866232], [-0.02383293, 0.05148744, 0.11162548], [0.09288809, -0.07283648, 0.02501387], [0.10891863, 0.0394592, 0.03355129], [0.01750233, -0.05396239, -0.11541643], [0.06338222, 0.12512933, -0.03794387], [-0.05676341, 0.13308169, -0.01347373], [-0.10717834, 0.02894517, -0.04717585], [-0.0189754, -0.00472326, 0.12710534], [-0.09659732, -0.07218099, 0.00384845], [0.02523098, 0.00359653, -0.12258974]], "atomic quadrupole moments": [[0.14389666, 0.03063891, -0.031809, 0.17593995, -0.02148304, -0.11208766], [0.0149514, 0.20112667, 0.04133815, -0.00231693, -0.10098031, -0.05628955], [-0.05220843, -0.04165975, 0.10406585, -0.06382571, -0.15349167, -0.05185741], [-0.32764567, -0.082789, -0.11566442, 0.19904547, 0.15053767, 0.44331009], [-0.31517147, 0.16034606, -0.15563578, 0.14875057, 0.0854916, 0.47080725], [-0.04882353, 0.02531843, 0.18784975, -0.07137491, 0.05707842, -0.13902622], [-0.00469561, -0.18196766, 0.1166397, 0.07770408, 0.03124141, -0.11194409], [0.00013325, 0.0256733, -0.0416062, -0.01598841, -0.02368375, 0.04147295], [-0.00278524, -0.03078344, -0.00967527, -0.00280226, 0.04601671, 0.01246051], [-0.02195425, 0.00201096, 0.01159032, -0.03532701, 0.03735812, 0.01036393], [0.03084734, -0.03074545, 0.01924922, 0.00662495, -0.00567359, -0.05009656], [0.03515114, 0.02710376, 0.00442344, 0.03689989, -0.01849877, -0.03957457], [-0.03851728, 0.00255364, -0.00553053, 0.00643332, 0.03795992, 0.04404781], [0.05657507, -0.01148906, 0.01612305, -0.01724056, -0.02536749, -0.07269813], [0.05729462, 0.0023474, 0.02072142, -0.01964636, -0.01246527, -0.07801603], [0.03314048, -0.01195999, 0.01219205, 0.04505421, -0.00479069, -0.04533253], [-0.03858927, 0.0008618, -0.02516799, 0.00543192, -0.00961586, 0.06375726], [0.03396804, 0.03012037, 0.01009472, -0.00589998, -0.01993963, -0.04406276], [-0.02279011, -0.01473378, -0.01353893, -0.03373337, -0.02538717, 0.03632904]], "number of molecular orbitals": 40, "number of electrons": 40, "number of unpaired electrons": 0, "orbital energies/eV": [-17.01752202, -16.58597505, -16.55500891, -15.81090982, -15.76011432, -14.72636405, -14.45917805, -14.15312731, -13.72973325, -13.24132141, -13.13189954, -13.0517137, -12.94754304, -12.47240227, -11.80515145, -11.73371878, -11.37690046, -11.33286502, -11.1678692, -10.25834395, -5.27167469, 2.32548769, 2.46747366, 2.72174002, 2.77386199, 3.05895579, 3.28406348, 3.34467801, 4.09841666, 4.93566704, 4.9680493, 5.9431509, 6.22650714, 6.3937302, 7.1993287, 7.37517656, 7.76443422, 8.54158911, 10.85960847, 16.30080028], "fractional occupation": [2.0, 2.0, 2.0, 2.0, 2.0, 2.0, 2.0, 2.0, 2.0, 2.0, 2.0, 2.0, 2.0, 2.0, 2.0, 2.0, 2.0, 2.0, 2.0, 2.0, 0.0, 0.0, 0.0, 0.0, 0.0, 0.0, 0.0, 0.0, 0.0, 0.0, 0.0, 0.0, 0.0, 0.0, 0.0, 0.0, 0.0, 0.0, 0.0, 0.0], "program call": "xtb /home/svss/Project-DBcg-Debug/aqme2_20220329/End-to-End-workflows-final/example-3/QDESCP/mol_1060_rdkit_conf_1/mol_1060_rdkit_conf_1.xyz --pop --wbo --acc 0.2 --gfn 2 --chrg 0 --uhf 0 --etemp 300 --input /home/svss/Project-DBcg-Debug/aqme2_20220329/End-to-End-workflows-final/example-3/QDESCP/mol_1060_rdkit_conf_1/mol_1060_rdkit_conf_1_xtb.inp", "method": "GFN2-xTB", "xtb version": "6.3.3 (7355c4f)", "Dipole module/D": 0.366, "Total charge": 0, "Transition dipole module/D": NaN, "HOMO": -10.2583, "LUMO": -5.2717, "HOMO occupancy": 2.0, "LUMO occupancy": 0, "mulliken charges": [-0.04727, -0.04337, -0.04097, -0.04695, -0.04696, -0.04097, -0.04335, 0.02243, 0.02243, 0.02455, 0.02364, 0.02656, 0.03256, 0.02517, 0.02517, 0.02656, 0.03257, 0.02364, 0.02455], "cm5 charges": [-0.15689, -0.15212, -0.14617, -0.10832, -0.10833, -0.14617, -0.1521, 0.07701, 0.07701, 0.08032, 0.07792, 0.08138, 0.08794, 0.08047, 0.08047, 0.08137, 0.08795, 0.07793, 0.08033], "FUKUI+": [0.023, 0.017, 0.027, -0.152, -0.152, 0.027, 0.017, -0.04, -0.04, -0.02, -0.055, -0.074, -0.086, -0.128, -0.128, -0.074, -0.086, -0.055, -0.02], "FUKUI-": [0.012, 0.012, 0.014, -0.058, -0.058, 0.014, 0.012, -0.064, -0.064, -0.062, -0.063, -0.089, -0.114, -0.082, -0.082, -0.089, -0.114, -0.063, -0.062], "FUKUIrad": [0.017, 0.014, 0.02, -0.105, -0.105, 0.02, 0.014, -0.052, -0.052, -0.041, -0.059, -0.081, -0.1, -0.105, -0.105, -0.081, -0.1, -0.059, -0.041], "s proportion": [1.029, 1.029, 1.024, 1.067, 1.067, 1.024, 1.029, 0.978, 0.978, 0.975, 0.976, 0.973, 0.967, 0.975, 0.975, 0.973, 0.967, 0.976, 0.975], "p proportion": [3.018, 3.014, 3.017, 2.98, 2.98, 3.017, 3.014, 0.0, 0.0, 0.0, 0.0, 0.0, 0.0, 0.0, 0.0, 0.0, 0.0, 0.0, 0.0], "d proportion": [0.0, 0.0, 0.0, 0.0, 0.0, 0.0, 0.0, 0.0, 0.0, 0.0, 0.0, 0.0, 0.0, 0.0, 0.0, 0.0, 0.0, 0.0, 0.0], "Fermi-level/eV": -7.765, "Coordination numbers": [3.799, 3.799, 3.802, 2.885, 2.885, 3.802, 3.799, 0.924, 0.924, 0.924, 0.924, 0.924, 0.924, 0.925, 0.925, 0.924, 0.924, 0.924, 0.924], "Dispersion coefficient C6": [21.51, 21.48, 21.475, 29.055, 29.056, 21.475, 21.48, 2.675, 2.675, 2.567, 2.672, 2.581, 2.448, 2.743, 2.743, 2.581, 2.448, 2.671, 2.567], "Total dispersion C6": 2837.794025, "Total dispersion C8": 62334.466887, "Polarizability alpha": [6.603, 6.599, 6.598, 8.837, 8.837, 6.598, 6.599, 2.558, 2.558, 2.505, 2.556, 2.513, 2.447, 2.59, 2.59, 2.513, 2.447, 2.556, 2.505], "Total polarizability alpha": 81.007646,