{"total energy": -29.61253839, "HOMO-LUMO gap/eV": 3.29441776, "electronic energy": -30.00421943, "dipole": [0.1189869, -1.76122717, 0.16007594], "partial charges": [-0.26976768, 0.28206934, -0.45510118, -0.05736622, -0.03443998, -0.04209182, -0.02537479, -0.05039794, 0.16145005, -0.39970402, 0.18192707, 0.19355614, 0.03588537, 0.0364133, 0.04294213, 0.05904928, 0.34095097], "atomic dipole moments": [[-0.01365464, 0.01633401, -0.06403797], [0.07786739, -0.01335385, 0.0205202], [-0.08974192, -0.19057078, 0.02867258], [0.05579353, 0.0393007, -0.00823547], [0.02465057, 0.01919936, -0.00094395], [0.00224013, 0.01419568, -0.00561147], [0.00517149, 0.00095426, 0.00091422], [0.04847867, 0.00353402, 0.00288275], [0.10722984, 0.16517445, -0.06253998], [0.04425456, -0.16861473, 0.08751526], [-0.04476887, -0.12747977, -0.03100302], [0.13353371, 0.028021, -0.01837125], [0.07258012, -0.11388686, 0.0672208], [-0.06764905, -0.12508972, 0.05177585], [-0.150448, -0.0145404, -0.0080715], [-0.08999016, 0.11340346, -0.05904672], [0.06868516, -0.00267868, 0.01938304]], "atomic quadrupole moments": [[-0.04624943, -0.04238641, 0.00998947, 0.00204185, -0.0254464, 0.03625996], [-0.32159329, -0.01477344, -0.18549561, -0.01913452, 0.07053899, 0.5070889], [-0.0956766, 0.02088545, -0.04819025, -0.0011031, 0.02891072, 0.14386685], [-0.06392738, 0.03644812, -0.12460209, -0.0376876, 0.22060265, 0.18852947], [-0.25554443, -0.03830231, -0.10932549, -0.068601, 0.31177382, 0.36486992], [-0.2467111, -0.03764515, -0.11586834, -0.05744032, 0.28148649, 0.36257944], [-0.28292879, -0.0322919, -0.12789283, -0.06954482, 0.30583763, 0.41082162], [-0.21043197, 0.01391263, -0.14094147, -0.07305855, 0.27682843, 0.35137344], [-0.35064118, 0.17922558, 0.07043518, -0.15461561, 0.14444381, 0.280206], [-0.01642772, 0.02684873, 0.04788383, -0.01392527, -0.04053256, -0.03145611], [0.00531246, 0.02296637, 0.05340785, 0.005186, 0.0058175, -0.05872031], [0.06247025, 0.00253081, -0.00643659, -0.00074123, 0.00057941, -0.05603367], [0.04795539, 0.00332342, 0.0065132, 0.00893703, -0.03335556, -0.05446859], [0.03575706, -0.00110732, 0.0140319, 0.01178874, -0.03867086, -0.04978896], [0.02753234, 0.00358405, 0.02194095, 0.00824647, -0.04065488, -0.04947329], [0.02434482, 0.00628436, 0.01866146, 0.0055075, -0.03341801, -0.04300628], [0.08946929, 0.02301312, -0.02391498, 0.02270062, -0.01495569, -0.06555431]], "number of molecular orbitals": 47, "number of electrons": 52, "number of unpaired electrons": 0, "orbital energies/eV": [-19.30956066, -18.97239443, -18.11702011, -17.91033217, -17.37541237, -17.08523801, -16.51985336, -16.31900138, -15.97865542, -15.65416702, -14.95529873, -14.9130363, -14.73487194, -14.49442658, -14.02782931, -13.97112215, -13.63777596, -13.35204816, -13.00651535, -12.62828612, -12.39257625, -11.95846587, -11.75589861, -11.31424344, -10.93630467, -10.5903967, -7.29597893, -6.19394044, -5.20808644, -2.58143143, -0.06177909, 1.97529121, 2.37446602, 3.37956763, 4.10561521, 4.40646145, 4.76391133, 5.19854222, 5.76979036, 7.99414415, 9.92051907, 10.43480442, 11.29398987, 11.91753234, 15.04549087, 16.89288069, 17.39032699], "fractional occupation": [2.0, 2.0, 2.0, 2.0, 2.0, 2.0, 2.0, 2.0, 2.0, 2.0, 2.0, 2.0, 2.0, 2.0, 2.0, 2.0, 2.0, 2.0, 2.0, 2.0, 2.0, 2.0, 2.0, 2.0, 2.0, 2.0, 0.0, 0.0, 0.0, 0.0, 0.0, 0.0, 0.0, 0.0, 0.0, 0.0, 0.0, 0.0, 0.0, 0.0, 0.0, 0.0, 0.0, 0.0, 0.0, 0.0, 0.0], "program call": "xtb /home/svss/Project-DBcg-Debug/aqme2_20220329/End-to-End-workflows-final/example-3/QDESCP/mol_281_rdkit_conf_1/mol_281_rdkit_conf_1.xyz --pop --wbo --acc 0.2 --gfn 2 --chrg 0 --uhf 0 --etemp 300 --input /home/svss/Project-DBcg-Debug/aqme2_20220329/End-to-End-workflows-final/example-3/QDESCP/mol_281_rdkit_conf_1/mol_281_rdkit_conf_1_xtb.inp", "method": "GFN2-xTB", "xtb version": "6.3.3 (7355c4f)", "Dipole module/D": 4.505, "Total charge": 0, "Transition dipole module/D": NaN, "HOMO": -10.5904, "LUMO": -7.296, "HOMO occupancy": 2.0, "LUMO occupancy": 0, "mulliken charges": [-0.42227, 0.47942, -0.56531, -0.10403, -0.02524, -0.04861, -0.01528, -0.06382, 0.28305, -0.52672, 0.22678, 0.2444, 0.02929, 0.03312, 0.03589, 0.05482, 0.38452], "cm5 charges": [-0.87223, 0.57337, -0.62834, -0.10178, -0.07647, -0.10377, -0.07033, -0.11367, 0.29845, -0.7167, 0.41726, 0.43594, 0.08903, 0.08839, 0.09125, 0.11345, 0.57613], "FUKUI+": [-0.049, -0.058, -0.135, -0.051, -0.046, -0.022, -0.064, -0.036, -0.032, -0.059, -0.051, -0.06, -0.071, -0.076, -0.086, -0.078, -0.024], "FUKUI-": [-0.048, -0.009, -0.119, -0.045, -0.03, -0.061, -0.026, -0.044, -0.04, -0.134, -0.04, -0.052, -0.07, -0.083, -0.08, -0.076, -0.043], "FUKUIrad": [-0.049, -0.034, -0.127, -0.048, -0.038, -0.041, -0.045, -0.04, -0.036, -0.096, -0.046, -0.056, -0.071, -0.08, -0.083, -0.077, -0.033], "s proportion": [1.418, 0.995, 1.726, 1.085, 1.064, 1.056, 1.065, 1.06, 1.024, 1.706, 0.773, 0.756, 0.971, 0.967, 0.964, 0.945, 0.615], "p proportion": [4.004, 2.526, 4.839, 3.019, 2.962, 2.993, 2.95, 3.004, 2.693, 4.821, 0.0, 0.0, 0.0, 0.0, 0.0, 0.0, 0.0], "d proportion": [0.0, 0.0, 0.0, 0.0, 0.0, 0.0, 0.0, 0.0, 0.0, 0.0, 0.0, 0.0, 0.0, 0.0, 0.0, 0.0, 0.0], "Fermi-level/eV": -8.9432, "Coordination numbers": [2.635, 2.75, 0.859, 2.964, 2.914, 2.91, 2.912, 2.911, 2.844, 1.657, 0.86, 0.86, 0.925, 0.925, 0.925, 0.925, 0.802], "Dispersion coefficient C6": [26.985, 22.223, 22.812, 29.423, 28.857, 29.045, 28.636, 29.251, 24.509, 20.843, 1.203, 1.139, 2.504, 2.497, 2.41, 2.21, 0.61], "Total dispersion C6": 3618.512915, "Total dispersion C8": 86686.013205, "Polarizability alpha": [7.715, 7.719, 6.404, 8.897, 8.809, 8.837, 8.775, 8.869, 8.113, 6.163, 1.718, 1.672, 2.475, 2.471, 2.428, 2.325, 1.227], "Total polarizability alpha": 94.617243, "Wiberg matrix": [[0.0, 1.2358018809166973, 0.17740907228917455, 0.0, 0.0, 0.0, 0.0, 0.0, 0.0, 0.0, 0.9438945540352184, 0.9424451483984527, 0.0, 0.0, 0.0, 0.0, 0.0], [1.2358018809166973, 0.0, 1.625303815419131, 1.0267504441838367, 0.0, 0.0, 0.0, 0.0, 0.0, 0.0, 0.0, 0.0, 0.0, 0.0, 0.0, 0.0, 0.0], [0.17740907228917455, 1.625303815419131, 0.0, 0.0, 0.0, 0.0, 0.0, 0.0, 0.0, 0.0, 0.0, 0.0, 0.0, 0.0, 0.0, 0.0, 0.0], [0.0, 1.0267504441838367, 0.0, 0.0, 1.3826964621747502, 0.0, 0.0, 0.0, 1.3112341382789314, 0.0, 0.0, 0.0, 0.0, 0.0, 0.0, 0.0, 0.0], [0.0, 0.0, 0.0, 1.3826964621747502, 0.0, 1.456811167232368, 0.0, 0.11083712259255726, 0.0, 0.0, 0.0, 0.0, 0.9662503896142832, 0.0, 0.0, 0.0, 0.0], [0.0, 0.0, 0.0, 0.0, 1.456811167232368, 0.0, 1.4134050109890428, 0.0, 0.0, 0.0, 0.0, 0.0, 0.0, 0.9710021845797948, 0.0, 0.0, 0.0], [0.0, 0.0, 0.0, 0.0, 0.0, 1.4134050109890428, 0.0, 1.461863331859515, 0.0, 0.0, 0.0, 0.0, 0.0, 0.0, 0.9706304257155783, 0.0, 0.0], [0.0, 0.0, 0.0, 0.0, 0.11083712259255726, 0.0, 1.461863331859515, 0.0, 1.3578074527810475, 0.0, 0.0, 0.0, 0.0, 0.0, 0.0, 0.9668275824153045, 0.0], [0.0, 0.0, 0.0, 1.3112341382789314, 0.0, 0.0, 0.0, 1.3578074527810475, 0.0, 1.123642122392072, 0.0, 0.0, 0.0, 0.0, 0.0, 0.0, 0.0], [0.0, 0.0, 0.0, 0.0, 0.0, 0.0, 0.0, 0.0, 1.123642122392072, 0.0, 0.0, 0.0, 0.0, 0.0, 0.0, 0.0, 0.8128861393923701], [0.9438945540352184, 0.0, 0.0, 0.0, 0.0, 0.0, 0.0, 0.0, 0.0, 0.0, 0.0, 0.0, 0.0, 0.0, 0.0, 0.0, 0.0], [0.9424451483984527, 0.0, 0.0, 0.0, 0.0, 0.0, 0.0, 0.0, 0.0, 0.0, 0.0, 0.0, 0.0, 0.0, 0.0, 0.0, 0.0], [0.0, 0.0, 0.0, 0.0, 0.9662503896142832, 0.0, 0.0, 0.0, 0.0, 0.0, 0.0, 0.0, 0.0, 0.0, 0.0, 0.0, 0.0], [0.0, 0.0, 0.0, 0.0, 0.0, 0.9710021845797948, 0.0, 0.0, 0.0, 0.0, 0.0, 0.0, 0.0, 0.0, 0.0, 0.0, 0.0], [0.0, 0.0, 0.0, 0.0, 0.0, 0.0, 0.9706304257155783, 0.0, 0.0, 0.0, 0.0, 0.0, 0.0, 0.0, 0.0, 0.0, 0.0], [0.0, 0.0, 0.0, 0.0, 0.0, 0.0, 0.0, 0.9668275824153045, 0.0, 0.0, 0.0, 0.0, 0.0, 0.0, 0.0, 0.0, 0.0], [0.0, 0.0, 0.0, 0.0, 0.0, 0.0, 0.0, 0.0, 0.0, 0.8128861393923701, 0.0, 0.0, 0.0, 0.0, 0.0, 0.0, 0.0]], "Born radii": [], "Atomic SASAs": [], "Solvent H bonds": [], "Total SASA": NaN, "Total FOD": 0.0, "FOD": [0.0, 0.0, 0.0, 0.0, 0.0, 0.0, 0.0, 0.0, 0.0, 0.0, 0.0, 0.0, 0.0, 0.0, 0.0, 0.0, 0.0],