{"total energy": -24.05058984, "HOMO-LUMO gap/eV": 11.85734873, "electronic energy": -24.3483419, "dipole": [-0.19277257, 0.5099248, -0.57976669], "partial charges": [-0.10071612, -0.05421509, -0.06687579, -0.02736329, -0.10340025, 0.0770384, -0.44720088, 0.03298595, 0.03350509, 0.03330065, 0.03256503, 0.02875857, 0.03720036, 0.03063551, 0.04334956, 0.03590576, 0.03537265, 0.02963096, 0.01647719, 0.04608723, 0.28695852], "atomic dipole moments": [[0.09737293, -0.01634205, 0.03306157], [-0.02329937, 0.08147221, -0.07369797], [0.03526852, -0.07562347, 0.07692693], [0.01218883, -0.01949856, -0.10087499], [-0.05598135, -0.07822919, 0.03528478], [0.15805138, 0.07017274, 0.09955655], [-0.13463869, 0.09600564, -0.17122628], [-0.00781754, -0.0110274, -0.12531759], [-0.07721204, -0.08454044, 0.05041405], [-0.04229153, 0.11379698, 0.03254352], [-0.00156757, 0.00583469, 0.124105], [0.02900519, -0.11679663, -0.03020164], [-0.04432778, 0.1132382, 0.01787749], [-8.815e-05, -0.01111276, -0.12440217], [-0.00182828, 0.016524, 0.12610072], [0.11237167, 0.00757936, 0.05528865], [-0.05478769, 0.11199373, 0.02498957], [0.01862541, -0.00390815, -0.12455945], [0.02145346, -0.02271401, -0.11590512], [-0.06388275, -0.09927956, 0.04452563], [0.04129113, 0.04457754, -0.05060163]], "atomic quadrupole moments": [[0.19400528, -0.04558702, -0.10643686, 0.10648276, -0.02624165, -0.08756842], [0.20085954, 0.07207642, -0.06418086, 0.02980042, -0.11948706, -0.13667868], [0.18392727, 0.11769051, -0.06093735, 0.0433088, -0.10960219, -0.12298992], [0.11196214, -0.01248701, 0.10865623, 0.0172203, -0.03593205, -0.22061837], [0.00285111, 0.12809596, 0.07524898, -0.06645444, -0.0971781, -0.07810009], [0.32540521, -0.1037296, -0.12644629, 0.24586021, 0.05674069, -0.19895893], [0.12125358, -0.00621802, -0.08142385, 0.10123159, -0.03730874, -0.03982973], [-0.03000954, -0.00809636, -0.04907633, -0.00458099, 0.0121248, 0.07908587], [0.00791484, 0.04638156, 0.01594206, -0.02354804, -0.04556894, -0.0238569], [-0.02732161, -0.02804648, 0.06199781, 0.00238129, 0.03702271, -0.0346762], [-0.01842292, 0.00634445, -0.03536747, 0.00174832, 0.01713093, 0.05379039], [-0.0055645, -0.02195975, 0.03470023, -0.01174215, 0.02765235, -0.02913573], [-0.00521304, -0.01819168, 0.04251462, -0.01110955, 0.02683157, -0.03730158], [-0.02421544, 0.00750059, -0.02861483, -0.01099375, 0.02339245, 0.05283027], [-0.01897063, 0.00560823, -0.01342034, -0.00726134, -0.00192553, 0.03239097], [0.05308467, -0.00371918, -0.03838686, 0.05158853, -0.01694947, -0.01469781], [-0.00154876, -0.0468775, 0.0434894, -0.02339211, 0.02012672, -0.04194064], [-0.04500855, 0.00868169, -0.0350164, -0.0111359, 0.01971407, 0.08002495], [-0.00078864, -0.00633545, -0.04788802, 0.00342705, -0.0048485, 0.04867666], [0.01524788, 0.02410467, 0.00752028, -0.02129171, -0.03146984, -0.02276815], [0.02861724, 0.07984289, -0.02258298, -0.04498797, -0.07338953, -0.00603426]], "number of molecular orbitals": 42, "number of electrons": 44, "number of unpaired electrons": 0, "orbital energies/eV": [-18.50689701, -17.22116629, -16.77907292, -16.50592388, -16.04803359, -15.3555111, -15.2206502, -15.18157496, -14.22895633, -14.10486084, -13.78689032, -13.55030745, -13.10364327, -12.9778687, -12.718565, -12.54293257, -12.16911891, -12.14590382, -11.70357998, -11.61641237, -11.51992824, -10.98691463, 0.8704341, 1.65290979, 2.24644574, 2.58201502, 3.0942425, 3.37633743, 3.83767944, 4.31356406, 4.34470152, 4.50391705, 4.68260121, 5.23996401, 5.56331521, 5.99545204, 6.50784632, 6.72491453, 6.95517153, 7.15842041, 7.84548449, 8.18993055], "fractional occupation": [2.0, 2.0, 2.0, 2.0, 2.0, 2.0, 2.0, 2.0, 2.0, 2.0, 2.0, 2.0, 2.0, 2.0, 2.0, 2.0, 2.0, 2.0, 2.0, 2.0, 2.0, 2.0, 0.0, 0.0, 0.0, 0.0, 0.0, 0.0, 0.0, 0.0, 0.0, 0.0, 0.0, 0.0, 0.0, 0.0, 0.0, 0.0, 0.0, 0.0, 0.0, 0.0], "program call": "xtb /home/svss/Project-DBcg-Debug/aqme2_20220329/End-to-End-workflows-final/example-3/QDESCP/mol_896_rdkit_conf_17/mol_896_rdkit_conf_17.xyz --pop --wbo --acc 0.2 --gfn 2 --chrg 0 --uhf 0 --etemp 300 --input /home/svss/Project-DBcg-Debug/aqme2_20220329/End-to-End-workflows-final/example-3/QDESCP/mol_896_rdkit_conf_17/mol_896_rdkit_conf_17_xtb.inp", "method": "GFN2-xTB", "xtb version": "6.3.3 (7355c4f)", "Dipole module/D": 2.023, "Total charge": 0, "Transition dipole module/D": NaN, "HOMO": -10.9869, "LUMO": 0.8704, "HOMO occupancy": 2.0, "LUMO occupancy": 0, "mulliken charges": [-0.08287, -0.04035, -0.05758, -0.02879, -0.09016, 0.18924, -0.56473, 0.02694, 0.02986, 0.02751, 0.0255, 0.02172, 0.02828, 0.02201, 0.03405, 0.03128, 0.03182, 0.02288, 0.00895, 0.03121, 0.33323], "cm5 charges": [-0.23334, -0.15312, -0.16588, -0.09876, -0.23835, 0.10398, -0.77976, 0.07823, 0.08063, 0.07879, 0.08037, 0.0771, 0.08406, 0.0778, 0.09461, 0.08502, 0.08332, 0.07517, 0.07182, 0.09536, 0.50294], "FUKUI+": [0.008, -0.002, -0.034, -0.033, 0.032, -0.016, -0.127, -0.042, -0.073, -0.043, -0.048, -0.039, -0.068, -0.061, -0.067, -0.046, -0.055, -0.041, -0.081, -0.075, -0.09], "FUKUI-": [0.022, 0.01, 0.018, -0.012, 0.026, 0.006, -0.131, -0.064, -0.056, -0.078, -0.077, -0.093, -0.096, -0.073, -0.065, -0.04, -0.058, -0.048, -0.076, -0.061, -0.056], "FUKUIrad": [0.015, 0.004, -0.008, -0.023, 0.029, -0.005, -0.129, -0.053, -0.065, -0.06, -0.063, -0.066, -0.082, -0.067, -0.066, -0.043, -0.056, -0.045, -0.078, -0.068, -0.073], "s proportion": [1.008, 1.027, 1.038, 1.063, 1.013, 0.996, 1.696, 0.973, 0.97, 0.972, 0.974, 0.978, 0.972, 0.978, 0.966, 0.969, 0.968, 0.977, 0.991, 0.969, 0.667], "p proportion": [3.075, 3.013, 3.02, 2.965, 3.077, 2.815, 4.869, 0.0, 0.0, 0.0, 0.0, 0.0, 0.0, 0.0, 0.0, 0.0, 0.0, 0.0, 0.0, 0.0, 0.0], "d proportion": [0.0, 0.0, 0.0, 0.0, 0.0, 0.0, 0.0, 0.0, 0.0, 0.0, 0.0, 0.0, 0.0, 0.0, 0.0, 0.0, 0.0, 0.0, 0.0, 0.0, 0.0], "Fermi-level/eV": -5.0582, "Coordination numbers": [3.75, 3.799, 3.803, 3.847, 3.752, 3.675, 1.653, 0.924, 0.924, 0.924, 0.924, 0.924, 0.924, 0.924, 0.923, 0.924, 0.924, 0.924, 0.924, 0.924, 0.804], "Dispersion coefficient C6": [22.487, 21.55, 21.78, 21.029, 22.536, 19.515, 21.788, 2.545, 2.537, 2.54, 2.55, 2.604, 2.487, 2.578, 2.405, 2.504, 2.512, 2.592, 2.788, 2.369, 0.762], "Total dispersion C6": 2909.828093, "Total dispersion C8": 60066.613097, "Polarizability alpha": [6.763, 6.61, 6.644, 6.523, 6.77, 6.33, 6.301, 2.495, 2.491, 2.492, 2.497, 2.524, 2.466, 2.511, 2.425, 2.475, 2.478, 2.518, 2.611, 2.407, 1.371], "Total polarizability alpha": 79.701444,