{"total energy": -14.61973693, "HOMO-LUMO gap/eV": 3.47096332, "electronic energy": -14.70653036, "dipole": [-1.6334399, -0.08850657, 0.02824388], "partial charges": [-0.12449004, 0.5391262, -0.36764274, -0.36764904, 0.10486041, 0.10486618, 0.11092902], "atomic dipole moments": [[0.17137058, 0.00522653, 0.01499808], [0.06571717, 0.00352244, -0.00098809], [-0.11782169, 0.21418772, 0.05041303], [-0.09573316, -0.22521641, -0.04912956], [-0.03737074, -0.09840873, -0.09519258], [-0.04863582, 0.12570337, -0.04442791], [-0.03700101, -0.03262043, 0.13581887]], "atomic quadrupole moments": [[0.43224939, 0.03411763, -0.17747156, -0.01578763, 0.01720789, -0.25477783], [-0.19537534, -0.00715698, -0.06040573, 0.00536461, -0.0751335, 0.25578107], [-0.15258377, -0.11317399, 0.01070152, -0.02388153, -0.03013594, 0.14188225], [-0.17360152, 0.09536105, 0.03154694, 0.02345909, -0.0273865, 0.14205459], [-0.01270369, 0.01509539, 0.02116682, 0.0155487, 0.05133065, -0.00846314], [-0.0086531, -0.02601161, 0.05115318, 0.01018721, -0.02041251, -0.04250008], [-0.01680607, 0.00632136, -0.03146712, -0.02355476, -0.02036283, 0.04827319]], "number of molecular orbitals": 19, "number of electrons": 24, "number of unpaired electrons": 0, "orbital energies/eV": [-21.20360674, -20.66465917, -19.29417009, -17.75198149, -17.2681055, -16.48300318, -16.2961378, -14.45728742, -14.43739655, -13.12643976, -12.66447013, -12.39305578, -8.92209246, -1.68627389, 2.5684657, 3.76321803, 4.49982335, 4.6574022, 9.87869144], "fractional occupation": [2.0, 2.0, 2.0, 2.0, 2.0, 2.0, 2.0, 2.0, 2.0, 2.0, 2.0, 2.0, 0.0, 0.0, 0.0, 0.0, 0.0, 0.0, 0.0], "program call": "xtb /home/svss/Project-DBcg-Debug/aqme2_20220329/End-to-End-workflows-final/example-3/QDESCP/mol_941_rdkit_conf_1/mol_941_rdkit_conf_1.xyz --pop --wbo --acc 0.2 --gfn 2 --chrg 0 --uhf 0 --etemp 300 --input /home/svss/Project-DBcg-Debug/aqme2_20220329/End-to-End-workflows-final/example-3/QDESCP/mol_941_rdkit_conf_1/mol_941_rdkit_conf_1_xtb.inp", "method": "GFN2-xTB", "xtb version": "6.3.3 (7355c4f)", "Dipole module/D": 4.159, "Total charge": 0, "Transition dipole module/D": NaN, "HOMO": -12.3931, "LUMO": -8.9221, "HOMO occupancy": 2.0, "LUMO occupancy": 0, "mulliken charges": [-0.0321, 0.6876, -0.45295, -0.45296, 0.08098, 0.08098, 0.08846], "cm5 charges": [-0.11818, 0.50685, -0.41598, -0.41599, 0.14555, 0.14556, 0.15219], "FUKUI+": [0.07, -0.246, -0.263, -0.263, -0.095, -0.095, -0.109], "FUKUI-": [-0.0, -0.109, -0.281, -0.281, -0.105, -0.105, -0.118], "FUKUIrad": [0.035, -0.178, -0.272, -0.272, -0.1, -0.1, -0.114], "s proportion": [1.025, 1.334, 1.746, 1.746, 0.919, 0.919, 0.912], "p proportion": [3.007, 2.978, 4.707, 4.707, 0.0, 0.0, 0.0], "d proportion": [0.0, 0.0, 0.0, 0.0, 0.0, 0.0, 0.0], "Fermi-level/eV": -10.6576, "Coordination numbers": [3.682, 2.75, 0.925, 0.925, 0.924, 0.924, 0.924], "Dispersion coefficient C6": [23.116, 13.597, 21.013, 21.014, 1.741, 1.741, 1.689], "Total dispersion C6": 464.285024, "Total dispersion C8": 9572.886329, "Polarizability alpha": [6.885, 5.477, 6.148, 6.148, 2.064, 2.064, 2.032], "Total polarizability alpha": 30.816271, "Wiberg matrix": [[0.0, 0.9443247244211563, 0.0, 0.0, 0.9733947250617051, 0.9733923779515032, 0.950735594366991], [0.9443247244211563, 0.0, 1.4779807782385115, 1.4779769014053419, 0.0, 0.0, 0.0], [0.0, 1.4779807782385115, 0.0, 0.3844840864668532, 0.0, 0.0, 0.0], [0.0, 1.4779769014053419, 0.3844840864668532, 0.0, 0.0, 0.0, 0.0], [0.9733947250617051, 0.0, 0.0, 0.0, 0.0, 0.0, 0.0], [0.9733923779515032, 0.0, 0.0, 0.0, 0.0, 0.0, 0.0], [0.950735594366991, 0.0, 0.0, 0.0, 0.0, 0.0, 0.0]], "Born radii": [], "Atomic SASAs": [], "Solvent H bonds": [], "Total SASA": NaN, "Total FOD": 0.0, "FOD": [0.0, 0.0, 0.0, 0.0, 0.0, 0.0, 0.0], "FOD s proportion": [0.0, 0.0, 0.0, 0.0, 0.0, 0.0, 0.0], "FOD p proportion": [0.0, 0.0, 0.0, 0.0, 0.0, 0.0, 0.0], "FOD d proportion": [0.0, 0.0, 0.0, 0.0, 0.0, 0.0, 0.0], "coordinates": [["-0.65270", "-0.03380", "0.00440"], ["0.83250", "0.04480", "-0.01310"], ["1.44780", "-1.00080", "-0.25300"], ["1.33990", "1.14540", "0.23320"], ["-0.96450", "-0.81130", "-0.69630"], ["-1.05230", "0.93570", "-0.30060"], ["-0.95060", "-0.28000", "1.02530"]], "bond_dist": [[0.0, 1.4873813398049607, 2.3266808999087085, 2.326653571118829, 1.0921107910830294, 1.092078481612013, 1.091602336018021], [1.4873813398049607, 0.0, 1.2366994218483325, 1.2367048192677184, 2.104490068876544, 2.1044785815018408, 2.0888310630589544], [2.3266808999087085, 1.2366994218483325, 0.0, 2.2032265634745785, 2.460003339428628, 3.1627200350331357, 2.811747870987013], [2.326653571118829, 1.2367048192677184, 2.2032265634745785, 0.0, 3.162736868599726, 2.459987270292267, 2.8116859390764115], [1.0921107910830294, 2.104490068876544, 2.460003339428628, 3.162736868599726, 0.0, 1.7934035602730356, 1.8017712007910438], [1.092078481612013, 2.1044785815018408, 3.1627200350331357, 2.459987270292267, 1.7934035602730356, 0.0, 1.8017436526875847], [1.091602336018021, 2.0888310630589544, 2.811747870987013, 2.8116859390764115, 1.8017712007910438, 1.8017436526875847, 0.0]]}