{"total energy": -16.96525797, "HOMO-LUMO gap/eV": 4.81601548, "electronic energy": -17.14175633, "dipole": [-1.39722891, -0.51003634, -0.65898201], "partial charges": [-0.09699975, -0.04914585, -0.052824, 0.00547241, -0.14682757, 0.03628759, 0.03632369, 0.03607276, 0.02852979, 0.02855339, 0.04177344, 0.04175283, 0.04551613, 0.04551513], "atomic dipole moments": [[0.08634417, -0.01644031, -0.05621621], [0.00924754, 0.0492855, 0.09733123], [0.01589365, -0.05102639, -0.10754312], [0.0499821, 0.05963095, 0.10728701], [-0.73919843, -0.29489683, -0.39939851], [-0.01539946, 0.13181853, 0.01890683], [0.01061696, -0.06551007, 0.11642691], [-0.10391501, -0.047262, -0.06790349], [-0.01733895, 0.06224654, -0.11335462], [0.00784026, -0.1288556, -0.01890896], [-0.00555947, 0.13176086, 0.01969114], [0.02008563, -0.06285368, 0.11587589], [-0.00455028, 0.07001426, -0.11622383], [0.02220318, -0.13298695, -0.01586259]], "atomic quadrupole moments": [[0.13970395, -0.04549931, -0.12607741, -0.16670697, 0.04051708, -0.01362653], [0.22346142, 0.04974006, -0.18715014, -0.02360738, 0.0988072, -0.03631127], [0.24947491, 0.05390977, -0.21151799, -0.03058853, 0.11282115, -0.03795692], [0.2797312, 0.12062766, -0.22655769, 0.08645147, 0.13892079, -0.05317351], [0.83745694, 0.64560896, -0.55342644, 0.86196268, 0.38230802, -0.28403051], [-0.03061991, -0.00548862, 0.06429202, -0.01348876, 0.01489297, -0.03367211], [-0.02670808, -0.01512349, -0.01674503, 0.00420182, -0.04308482, 0.04345311], [0.03627543, 0.02810811, -0.03131496, 0.03446701, 0.02567142, -0.00496047], [-0.01269995, -7.097e-05, -0.0122908, 0.00231641, -0.03495382, 0.02499074], [-0.0112752, -0.00921212, 0.04343238, -0.00261922, 0.00906003, -0.03215718], [0.00334144, -0.00750665, 0.03281695, -0.00026884, 0.00732115, -0.03615839], [0.00090846, 0.00497509, -0.01579447, 0.00196638, -0.03227685, 0.01488601], [0.00478811, 0.01149375, -0.01720215, 0.01484949, -0.02215429, 0.01241404], [0.00655509, 0.00205511, 0.02430335, 0.01238126, 0.01136208, -0.03085844]], "number of molecular orbitals": 34, "number of electrons": 32, "number of unpaired electrons": 0, "orbital energies/eV": [-20.01459956, -17.54194324, -16.90011724, -16.01050301, -15.61554454, -14.75661425, -14.07449088, -13.82971435, -13.80323348, -13.00634948, -12.68601286, -12.57225204, -12.21409536, -12.06038745, -11.03220219, -11.01487686, -6.19886138, 0.43534905, 0.56855626, 0.84752724, 1.23327632, 2.21011305, 2.30396434, 2.391478, 3.12182614, 3.31644602, 3.69334879, 3.92360158, 4.43206207, 5.2373688, 5.98391263, 5.99309813, 7.31790521, 10.51790166], "fractional occupation": [2.0, 2.0, 2.0, 2.0, 2.0, 2.0, 2.0, 2.0, 2.0, 2.0, 2.0, 2.0, 2.0, 2.0, 2.0, 2.0, 0.0, 0.0, 0.0, 0.0, 0.0, 0.0, 0.0, 0.0, 0.0, 0.0, 0.0, 0.0, 0.0, 0.0, 0.0, 0.0, 0.0, 0.0], "program call": "xtb /home/svss/Project-DBcg-Debug/aqme2_20220329/End-to-End-workflows-final/example-3/QDESCP/mol_554_rdkit_conf_1/mol_554_rdkit_conf_1.xyz --pop --wbo --acc 0.2 --gfn 2 --chrg 0 --uhf 0 --etemp 300 --input /home/svss/Project-DBcg-Debug/aqme2_20220329/End-to-End-workflows-final/example-3/QDESCP/mol_554_rdkit_conf_1/mol_554_rdkit_conf_1_xtb.inp", "method": "GFN2-xTB", "xtb version": "6.3.3 (7355c4f)", "Dipole module/D": 4.135, "Total charge": 0, "Transition dipole module/D": NaN, "HOMO": -11.0149, "LUMO": -6.1989, "HOMO occupancy": 2.0, "LUMO occupancy": 0, "mulliken charges": [-0.07789, -0.0369, -0.04487, -0.01314, -0.03035, 0.02592, 0.02594, 0.02681, 0.02064, 0.02066, 0.02029, 0.02028, 0.0213, 0.0213], "cm5 charges": [-0.22242, -0.1453, -0.1523, -0.13332, -0.01269, 0.07527, 0.07532, 0.0757, 0.07331, 0.07333, 0.07368, 0.07366, 0.07287, 0.07287], "FUKUI+": [0.018, 0.013, 0.031, -0.066, -0.431, -0.023, -0.023, -0.04, -0.034, -0.034, -0.062, -0.062, -0.144, -0.144], "FUKUI-": [0.02, 0.01, 0.02, 0.024, -0.353, -0.082, -0.082, -0.076, -0.09, -0.09, -0.065, -0.065, -0.085, -0.085], "FUKUIrad": [0.019, 0.012, 0.025, -0.021, -0.392, -0.053, -0.053, -0.058, -0.062, -0.062, -0.064, -0.064, -0.114, -0.114], "s proportion": [1.015, 1.034, 1.043, 1.055, 1.992, 0.974, 0.974, 0.973, 0.979, 0.979, 0.98, 0.98, 0.979, 0.979], "p proportion": [3.063, 3.003, 3.002, 2.958, 5.051, 0.0, 0.0, 0.0, 0.0, 0.0, 0.0, 0.0, 0.0, 0.0], "d proportion": [0.0, 0.0, 0.0, 0.0, -0.012, 0.0, 0.0, 0.0, 0.0, 0.0, 0.0, 0.0, 0.0, 0.0], "Fermi-level/eV": -8.6069, "Coordination numbers": [3.742, 3.795, 3.943, 3.777, 1.117, 0.921, 0.921, 0.922, 0.921, 0.921, 0.921, 0.921, 0.927, 0.927], "Dispersion coefficient C6": [22.429, 21.461, 21.452, 20.511, 382.862, 2.499, 2.499, 2.502, 2.608, 2.608, 2.426, 2.426, 2.376, 2.376], "Total dispersion C6": 2715.696097, "Total dispersion C8": 112504.864308, "Polarizability alpha": [6.757, 6.597, 6.582, 6.452, 33.777, 2.472, 2.472, 2.474, 2.526, 2.525, 2.436, 2.436, 2.411, 2.411], "Total polarizability alpha": 82.32748, "Wiberg matrix": [[0.0, 1.018498612379396, 0.0, 0.0, 0.0, 0.9872619909987792, 0.9872629224280961, 0.9865253454203685, 0.0, 0.0, 0.0, 0.0, 0.0, 0.0], [1.018498612379396, 0.0, 1.0007646371881043, 0.0, 0.0, 0.0, 0.0, 0.0, 0.9771757169671174, 0.9771767324802165, 0.0, 0.0, 0.0, 0.0], [0.0, 1.0007646371881043, 0.0, 1.0215410253998778, 0.0, 0.0, 0.0, 0.0, 0.0, 0.0, 0.9769976596073786, 0.9769934022329276, 0.0, 0.0], [0.0, 0.0, 1.0215410253998778, 0.0, 0.9627530321977286, 0.0, 0.0, 0.0, 0.0, 0.0, 0.0, 0.0, 0.9819575084482195, 0.9819594580061969], [0.0, 0.0, 0.0, 0.9627530321977286, 0.0, 0.0, 0.0, 0.0, 0.0, 0.0, 0.0, 0.0, 0.0, 0.0], [0.9872619909987792, 0.0, 0.0, 0.0, 0.0, 0.0, 0.0, 0.0, 0.0, 0.0, 0.0, 0.0, 0.0, 0.0], [0.9872629224280961, 0.0, 0.0, 0.0, 0.0, 0.0, 0.0, 0.0, 0.0, 0.0, 0.0, 0.0, 0.0, 0.0], [0.9865253454203685, 0.0, 0.0, 0.0, 0.0, 0.0, 0.0, 0.0, 0.0, 0.0, 0.0, 0.0, 0.0, 0.0], [0.0, 0.9771757169671174, 0.0, 0.0, 0.0, 0.0, 0.0, 0.0, 0.0, 0.0, 0.0, 0.0, 0.0, 0.0], [0.0, 0.9771767324802165, 0.0, 0.0, 0.0, 0.0, 0.0, 0.0, 0.0, 0.0, 0.0, 0.0, 0.0, 0.0], [0.0, 0.0, 0.9769976596073786, 0.0, 0.0, 0.0, 0.0, 0.0, 0.0, 0.0, 0.0, 0.0, 0.0, 0.0], [0.0, 0.0, 0.9769934022329276, 0.0, 0.0, 0.0, 0.0, 0.0, 0.0, 0.0, 0.0, 0.0, 0.0, 0.0], [0.0, 0.0, 0.0, 0.9819575084482195, 0.0, 0.0, 0.0, 0.0, 0.0, 0.0, 0.0, 0.0, 0.0, 0.0], [0.0, 0.0, 0.0, 0.9819594580061969, 0.0, 0.0, 0.0, 0.0, 0.0, 0.0, 0.0, 0.0, 0.0, 0.0]], "Born radii": [], "Atomic SASAs": [], "Solvent H bonds": [], "Total SASA": NaN, "Total FOD": 0.0, "FOD": [0.0, 0.0, 0.0, 0.0, 0.0, 0.0, 0.0, 0.0, 0.0, 0.0, 0.0, 0.0, 0.0, 0.0], "FOD s proportion": [0.0, 0.0, 0.0, 0.0, 0.0, 0.0, 0.0, 0.0, 0.0, 0.0, 0.0, 0.0, 0.0, 0.0], "FOD p proportion": [0.0, 0.0, 0.0, 0.0, 0.0, 0.0, 0.0, 0.0, 0.0, 0.0, 0.0, 0.0, 0.0, 0.0], "FOD d proportion": [0.0, 0.0, 0.0, 0.0, 0.0, 0.0, 0.0, 0.0, 0.0, 0.0, 0.0, 0.0, 0.0, 0.0], "coordinates": [["-1.93740", "-0.03480", "0.40400"], ["-0.68560", "-0.28320", "-0.43240"], ["0.56800", "0.23480", "0.28090"], ["1.81940", "-0.01490", "-0.55800"], ["3.54900", "0.71700", "0.46130"], ["-2.07270", "1.05340", "0.58240"], ["-1.86000", "-0.55990", "1.37980"], ["-2.82790", "-0.41930", "-0.13640"], ["-0.79950", "0.23130", "-1.41160"], ["-0.58770", "-1.37520", "-0.61750"], ["0.46670", "1.32670", "0.46490"], ["0.67870", "-0.28120", "1.25970"], ["1.73830", "0.50870", "-1.53440"], ["1.95080", "-1.10330", "-0.73750"]],