{"total energy": -17.87155996, "HOMO-LUMO gap/eV": 5.18357951, "electronic energy": -18.17506936, "dipole": [-7.52e-06, -4.359e-05, -3.089e-05], "partial charges": [-0.09714067, -0.03081494, -0.05589703, -0.05589805, -0.03080205, -0.09713238, 0.03108481, 0.0349651, 0.02830897, 0.04474423, 0.04474643, 0.04474364, 0.0447492, 0.02829156, 0.03496462, 0.03108658], "atomic dipole moments": [[0.0488674, 0.05919614, -0.0090657], [-0.14022209, -0.07232, -0.00272008], [0.0250773, 0.09122672, -0.02263974], [-0.0250829, -0.0912147, 0.02263425], [0.14022743, 0.07227782, 0.00275671], [-0.04887739, -0.05917624, 0.00907787], [0.14674931, -0.01581746, 0.02986911], [-0.05536836, 0.13390819, -0.04903325], [0.07142497, -0.11917544, 0.04741929], [-0.05256409, -0.03731492, 0.1089444], [-0.0196506, -0.09387426, -0.08262687], [0.05256696, 0.03731541, -0.10894511], [0.01965839, 0.09387601, 0.0826291], [-0.07142504, 0.11916235, -0.04745807], [0.05538005, -0.13389946, 0.04902002], [-0.14674814, 0.01582394, -0.02988985]], "atomic quadrupole moments": [[-0.27519059, -0.0854232, -0.25246421, -0.1288368, 0.24326217, 0.5276548], [-0.12750807, -0.08946165, -0.34413551, -0.0920355, 0.25194754, 0.47164359], [0.0949958, -0.05198508, 0.07425047, 0.06741022, -0.09228291, -0.16924626], [0.09498969, -0.05200901, 0.07425317, 0.0674204, -0.09229142, -0.16924287], [-0.12752847, -0.08950052, -0.34403205, -0.09208, 0.25200857, 0.47156052], [-0.27522166, -0.0854218, -0.25239729, -0.12888556, 0.24325642, 0.52761895], [0.04388838, 0.00886639, 0.01477428, 0.01666596, -0.02299679, -0.05866266], [0.02216801, -0.01018929, 0.02916962, 0.01761874, -0.02891537, -0.05133763], [0.03159499, 0.01925546, 0.03174114, 0.01241451, -0.02780688, -0.06333613], [-0.00801517, -0.00856241, -0.02953428, -0.0369869, -0.02575084, 0.03754945], [-0.02834732, -0.00395419, 0.01459635, 0.02423502, 0.04551339, 0.01375098], [-0.00801702, -0.00856314, -0.02953423, -0.03698087, -0.02575084, 0.03755125], [-0.02835339, -0.00395777, 0.01459902, 0.02422321, 0.04551205, 0.01375437], [0.03160326, 0.01927125, 0.03174108, 0.01240142, -0.02780032, -0.06334434], [0.02214801, -0.01017068, 0.02917995, 0.01762269, -0.02893597, -0.05132796], [0.04387819, 0.00888013, 0.01478197, 0.01666019, -0.02299892, -0.05866016]], "number of molecular orbitals": 34, "number of electrons": 34, "number of unpaired electrons": 0, "orbital energies/eV": [-16.9702529, -16.64688387, -16.15449114, -15.7742723, -14.80019328, -14.32952427, -13.96693466, -13.8209711, -13.42758659, -12.97769574, -12.57695356, -12.39569052, -11.85590046, -11.7543135, -11.4216972, -10.75931109, -10.67914149, -5.49556197, -5.47423018, 1.44727868, 2.91571475, 3.0478553, 3.68812156, 3.99857074, 4.34634408, 4.84303083, 5.51254709, 5.87799062, 6.2551503, 7.326066, 10.95688679, 11.1014671, 15.44547186, 15.79209073], "fractional occupation": [2.0, 2.0, 2.0, 2.0, 2.0, 2.0, 2.0, 2.0, 2.0, 2.0, 2.0, 2.0, 2.0, 2.0, 2.0, 2.0, 2.0, 0.0, 0.0, 0.0, 0.0, 0.0, 0.0, 0.0, 0.0, 0.0, 0.0, 0.0, 0.0, 0.0, 0.0, 0.0, 0.0, 0.0], "program call": "xtb /home/svss/Project-DBcg-Debug/aqme2_20220329/End-to-End-workflows-final/example-3/QDESCP/mol_943_rdkit_conf_7/mol_943_rdkit_conf_7.xyz --pop --wbo --acc 0.2 --gfn 2 --chrg 0 --uhf 0 --etemp 300 --input /home/svss/Project-DBcg-Debug/aqme2_20220329/End-to-End-workflows-final/example-3/QDESCP/mol_943_rdkit_conf_7/mol_943_rdkit_conf_7_xtb.inp", "method": "GFN2-xTB", "xtb version": "6.3.3 (7355c4f)", "Dipole module/D": 0.0, "Total charge": 0, "Transition dipole module/D": NaN, "HOMO": -10.6791, "LUMO": -5.4956, "HOMO occupancy": 2.0, "LUMO occupancy": 0, "mulliken charges": [-0.09103, -0.02169, -0.04359, -0.04359, -0.02168, -0.09102, 0.03161, 0.02824, 0.02647, 0.035, 0.035, 0.035, 0.035, 0.02646, 0.02823, 0.03161], "cm5 charges": [-0.19316, -0.08589, -0.14886, -0.14886, -0.08588, -0.19315, 0.0838, 0.08171, 0.08157, 0.09042, 0.09042, 0.09042, 0.09042, 0.08155, 0.0817, 0.0838], "FUKUI+": [-0.064, -0.079, 0.022, 0.022, -0.079, -0.064, -0.096, -0.083, -0.09, -0.055, -0.055, -0.055, -0.055, -0.09, -0.083, -0.096], "FUKUI-": [-0.057, -0.041, 0.016, 0.016, -0.041, -0.057, -0.086, -0.066, -0.074, -0.096, -0.096, -0.096, -0.096, -0.074, -0.066, -0.086], "FUKUIrad": [-0.061, -0.06, 0.019, 0.019, -0.06, -0.061, -0.091, -0.074, -0.082, -0.075, -0.075, -0.075, -0.075, -0.082, -0.074, -0.091], "s proportion": [1.045, 1.072, 1.028, 1.028, 1.072, 1.045, 0.968, 0.972, 0.974, 0.965, 0.965, 0.965, 0.965, 0.974, 0.972, 0.968], "p proportion": [3.046, 2.949, 3.016, 3.016, 2.949, 3.046, 0.0, 0.0, 0.0, 0.0, 0.0, 0.0, 0.0, 0.0, 0.0, 0.0], "d proportion": [0.0, 0.0, 0.0, 0.0, 0.0, 0.0, 0.0, 0.0, 0.0, 0.0, 0.0, 0.0, 0.0, 0.0, 0.0, 0.0], "Fermi-level/eV": -8.0874, "Coordination numbers": [2.832, 2.882, 3.8, 3.8, 2.882, 2.832, 0.925, 0.925, 0.925, 0.924, 0.924, 0.924, 0.924, 0.925, 0.925, 0.925], "Dispersion coefficient C6": [30.433, 28.766, 21.58, 21.58, 28.766, 30.433, 2.571, 2.517, 2.611, 2.387, 2.387, 2.387, 2.387, 2.611, 2.517, 2.571], "Total dispersion C6": 2189.235483, "Total dispersion C8": 49121.429283, "Polarizability alpha": [9.04, 8.793, 6.614, 6.614, 8.793, 9.04, 2.507, 2.481, 2.527, 2.416, 2.416, 2.416, 2.416, 2.527, 2.481, 2.507], "Total polarizability alpha": 73.588472, "Wiberg matrix": [[0.0, 1.9719439286217824, 0.0, 0.0, 0.0, 0.0, 0.9780186362388255, 0.9759507192936534, 0.0, 0.0, 0.0, 0.0, 0.0, 0.0, 0.0, 0.0], [1.9719439286217824, 0.0, 1.026456109284382, 0.0, 0.0, 0.0, 0.0, 0.0, 0.9675517203320523, 0.0, 0.0, 0.0, 0.0, 0.0, 0.0, 0.0], [0.0, 1.026456109284382, 0.0, 1.0063379418562266, 0.0, 0.0, 0.0, 0.0, 0.0, 0.9587997531213129, 0.9588044492387773, 0.0, 0.0, 0.0, 0.0, 0.0], [0.0, 0.0, 1.0063379418562266, 0.0, 1.0264450898557194, 0.0, 0.0, 0.0, 0.0, 0.0, 0.0, 0.9588043975711797, 0.9588066522300152, 0.0, 0.0, 0.0], [0.0, 0.0, 0.0, 1.0264450898557194, 0.0, 1.9719685279348864, 0.0, 0.0, 0.0, 0.0, 0.0, 0.0, 0.0, 0.9675425456734539, 0.0, 0.0], [0.0, 0.0, 0.0, 0.0, 1.9719685279348864, 0.0, 0.0, 0.0, 0.0, 0.0, 0.0, 0.0, 0.0, 0.0, 0.97594377819914, 0.9780116268812513], [0.9780186362388255, 0.0, 0.0, 0.0, 0.0, 0.0, 0.0, 0.0, 0.0, 0.0, 0.0, 0.0, 0.0, 0.0, 0.0, 0.0], [0.9759507192936534, 0.0, 0.0, 0.0, 0.0, 0.0, 0.0, 0.0, 0.0, 0.0, 0.0, 0.0, 0.0, 0.0, 0.0, 0.0], [0.0, 0.9675517203320523, 0.0, 0.0, 0.0, 0.0, 0.0, 0.0, 0.0, 0.0, 0.0, 0.0, 0.0, 0.0, 0.0, 0.0], [0.0, 0.0, 0.9587997531213129, 0.0, 0.0, 0.0, 0.0, 0.0, 0.0, 0.0, 0.0, 0.0, 0.0, 0.0, 0.0, 0.0], [0.0, 0.0, 0.9588044492387773, 0.0, 0.0, 0.0, 0.0, 0.0, 0.0, 0.0, 0.0, 0.0, 0.0, 0.0, 0.0, 0.0], [0.0, 0.0, 0.0, 0.9588043975711797, 0.0, 0.0, 0.0, 0.0, 0.0, 0.0, 0.0, 0.0, 0.0, 0.0, 0.0, 0.0], [0.0, 0.0, 0.0, 0.9588066522300152, 0.0, 0.0, 0.0, 0.0, 0.0, 0.0, 0.0, 0.0, 0.0, 0.0, 0.0, 0.0], [0.0, 0.0, 0.0, 0.0, 0.9675425456734539, 0.0, 0.0, 0.0, 0.0, 0.0, 0.0, 0.0, 0.0, 0.0, 0.0, 0.0], [0.0, 0.0, 0.0, 0.0, 0.0, 0.97594377819914, 0.0, 0.0, 0.0, 0.0, 0.0, 0.0, 0.0, 0.0, 0.0, 0.0], [0.0, 0.0, 0.0, 0.0, 0.0, 0.9780116268812513, 0.0, 0.0, 0.0, 0.0, 0.0, 0.0, 0.0, 0.0, 0.0, 0.0]], "Born radii": [], "Atomic SASAs": [], "Solvent H bonds": [], "Total SASA": NaN, "Total FOD": 0.0, "FOD": [0.0, 0.0, 0.0, 0.0, 0.0, 0.0, 0.0, 0.0, 0.0, 0.0, 0.0, 0.0, 0.0, 0.0, 0.0, 0.0], "FOD s proportion": [0.0, 0.0, 0.0, 0.0, 0.0, 0.0, 0.0, 0.0, 0.0, 0.0, 0.0, 0.0, 0.0, 0.0, 0.0, 0.0], "FOD p proportion": [0.0, 0.0, 0.0, 0.0, 0.0, 0.0, 0.0, 0.0, 0.0, 0.0, 0.0, 0.0, 0.0, 0.0, 0.0, 0.0], "FOD d proportion": [0.0, 0.0, 0.0, 0.0, 0.0, 0.0, 0.0, 0.0, 0.0, 0.0, 0.0, 0.0, 0.0, 0.0, 0.0, 0.0],