{"total energy": -23.22808997, "HOMO-LUMO gap/eV": 4.20020266, "electronic energy": -23.52459525, "dipole": [0.17068139, -0.72855278, 0.46607771], "partial charges": [-0.10088214, -0.04923765, 0.0026029, -0.22391612, 0.00244258, -0.05102468, -0.10173534, 0.04704912, 0.03455077, 0.03547948, 0.04263049, 0.03330651, 0.03194598, 0.03544737, 0.03383605, 0.03440177, 0.04245181, 0.04232874, 0.03946902, 0.03440902, 0.03444432], "atomic dipole moments": [[0.03871518, 0.00966411, 0.10602836], [0.07819285, -0.04476633, -0.07725971], [0.00918523, 0.10519183, -0.07495759], [0.09114501, -0.36244603, 0.24740682], [-0.04941443, 0.09779871, -0.06218536], [-0.00727976, -0.1009026, 0.07152819], [-0.09473978, 0.04829948, -0.02230962], [0.05520247, 0.07861321, -0.08654967], [-0.12151847, 0.028197, -0.0005222], [0.00978827, -0.11859956, -0.04189143], [-0.01705189, 0.11976167, 0.0390984], [-0.07065505, -0.06517913, 0.07339042], [0.03008569, 0.00425897, 0.11829609], [0.01439621, -0.11638452, -0.04203615], [0.01161593, 0.00051533, 0.12390364], [-0.00841494, -0.11641776, -0.04327104], [-0.01105269, 0.00410658, -0.12575907], [0.00888002, 0.11967632, 0.03950912], [0.09574768, 0.0614718, -0.05450332], [0.02209165, -0.00208054, 0.12402855], [0.00200757, -0.11855067, -0.04256801]], "atomic quadrupole moments": [[-0.05986011, 0.00271418, -0.12530432, 0.12151762, 0.04384333, 0.18516444], [0.13400455, -0.0759387, -0.19473228, 0.11297454, 0.01381909, 0.06072773], [0.19021008, 0.11377917, -0.05345949, -0.14084531, -0.19679633, -0.13675059], [0.49509886, -0.0272162, -0.09149983, -0.12842238, -0.4364547, -0.40359903], [0.30685119, -0.12286938, -0.08770999, 0.0102313, -0.15014811, -0.2191412], [0.23871541, -0.01636734, -0.07764112, -0.04730997, -0.11806394, -0.16107429], [0.15564861, -0.14144186, -0.04673631, 0.06446497, -0.04103595, -0.1089123], [-0.00770701, 0.04818925, 0.00283574, -0.03060174, -0.03650075, 0.00487127], [0.07497197, -0.03247044, -0.04761987, -0.00614712, 0.00448682, -0.02735209], [-0.04790527, -0.02174972, 0.07185658, 0.00228362, 0.0261833, -0.0239513], [-0.02404651, -0.0007878, 0.04973762, 0.01422126, 0.01622582, -0.02569111], [0.0016697, 0.03464182, -0.00726222, -0.01192064, -0.04230873, 0.00559252], [-0.01305975, 0.02153473, -0.03534402, 0.00980333, -0.00545282, 0.04840377], [-0.02188948, 0.00912574, 0.04069045, -0.01984717, 0.02504402, -0.01880096], [-0.012039, -0.01375007, -0.03293564, 0.01568617, 0.00161513, 0.04497464], [-0.01268671, -0.00925246, 0.03808894, 0.008783, 0.02788944, -0.02540223], [-0.00920554, 0.00070146, -0.03958018, 0.01081346, 0.00752091, 0.04878572], [-0.01134097, 0.00075586, 0.03450089, -0.0025445, 0.03536977, -0.02315992], [0.02763626, 0.03938443, -0.00534236, -0.03736343, -0.03864172, -0.0222939], [-0.0359163, -0.01211503, -0.04375106, 0.00921668, 0.00412735, 0.07966737], [-0.03314794, 0.00519226, 0.06333436, 0.01415898, 0.04231554, -0.03018643]], "number of molecular orbitals": 47, "number of electrons": 44, "number of unpaired electrons": 0, "orbital energies/eV": [-19.04715175, -17.09610363, -16.97172389, -16.18073016, -16.12419843, -15.43367033, -15.24398229, -14.25602491, -14.06771245, -13.95003444, -13.60695361, -13.33476012, -13.22174983, -12.97577098, -12.5007675, -12.32165372, -12.22278146, -12.03595494, -11.83473186, -11.7897045, -11.58345755, -9.45648783, -5.25628517, -3.55222661, -0.28752766, 0.26909491, 0.79553184, 2.32450247, 2.84998664, 3.28314833, 3.48225247, 3.50190969, 3.90194917, 3.95548187, 4.31679913, 4.59281221, 4.92054432, 4.97863217, 5.81059154, 5.84739496, 6.19298229, 6.70224798, 6.87087607, 6.93066191, 7.57612381, 8.26324638, 11.67849006], "fractional occupation": [2.0, 2.0, 2.0, 2.0, 2.0, 2.0, 2.0, 2.0, 2.0, 2.0, 2.0, 2.0, 2.0, 2.0, 2.0, 2.0, 2.0, 2.0, 2.0, 2.0, 2.0, 2.0, 0.0, 0.0, 0.0, 0.0, 0.0, 0.0, 0.0, 0.0, 0.0, 0.0, 0.0, 0.0, 0.0, 0.0, 0.0, 0.0, 0.0, 0.0, 0.0, 0.0, 0.0, 0.0, 0.0, 0.0, 0.0], "program call": "xtb /home/svss/Project-DBcg-Debug/aqme2_20220329/End-to-End-workflows-final/example-3/QDESCP/mol_819_rdkit_conf_11/mol_819_rdkit_conf_11.xyz --pop --wbo --acc 0.2 --gfn 2 --chrg 0 --uhf 0 --etemp 300 --input /home/svss/Project-DBcg-Debug/aqme2_20220329/End-to-End-workflows-final/example-3/QDESCP/mol_819_rdkit_conf_11/mol_819_rdkit_conf_11_xtb.inp", "method": "GFN2-xTB", "xtb version": "6.3.3 (7355c4f)", "Dipole module/D": 2.241, "Total charge": 0, "Transition dipole module/D": NaN, "HOMO": -9.4565, "LUMO": -5.2563, "HOMO occupancy": 2.0, "LUMO occupancy": 0, "mulliken charges": [-0.08349, -0.03666, 0.01215, -0.14135, 0.01319, -0.03713, -0.08492, 0.03078, 0.02741, 0.02638, 0.02753, 0.02405, 0.02131, 0.02126, 0.02071, 0.02082, 0.02693, 0.02693, 0.03041, 0.02684, 0.02686], "cm5 charges": [-0.23289, -0.14636, -0.0806, -0.18969, -0.07958, -0.14671, -0.23518, 0.08298, 0.07818, 0.0778, 0.08244, 0.07835, 0.07741, 0.0777, 0.07722, 0.07735, 0.08205, 0.08205, 0.08118, 0.07814, 0.07815], "FUKUI+": [0.022, 0.022, 0.036, -0.514, 0.036, 0.014, 0.021, 0.001, -0.042, -0.024, -0.027, -0.056, -0.085, -0.087, -0.087, -0.087, -0.025, -0.025, -0.04, -0.025, -0.025], "FUKUI-": [0.018, 0.018, 0.068, -0.528, 0.069, 0.016, 0.017, -0.022, -0.045, -0.028, -0.029, -0.059, -0.08, -0.075, -0.083, -0.08, -0.037, -0.037, -0.039, -0.033, -0.032], "FUKUIrad": [0.02, 0.02, 0.052, -0.521, 0.052, 0.015, 0.019, -0.011, -0.044, -0.026, -0.028, -0.057, -0.083, -0.081, -0.085, -0.084, -0.031, -0.031, -0.039, -0.029, -0.029], "s proportion": [1.007, 1.027, 1.038, 1.932, 1.038, 1.027, 1.008, 0.969, 0.973, 0.974, 0.972, 0.976, 0.979, 0.979, 0.979, 0.979, 0.973, 0.973, 0.97, 0.973, 0.973], "p proportion": [3.077, 3.01, 2.95, 4.213, 2.948, 3.01, 3.076, 0.0, 0.0, 0.0, 0.0, 0.0, 0.0, 0.0, 0.0, 0.0, 0.0, 0.0, 0.0, 0.0, 0.0], "d proportion": [0.0, 0.0, 0.0, -0.003, 0.0, 0.0, 0.0, 0.0, 0.0, 0.0, 0.0, 0.0, 0.0, 0.0, 0.0, 0.0, 0.0, 0.0, 0.0, 0.0, 0.0], "Fermi-level/eV": -7.3564, "Coordination numbers": [3.749, 3.824, 3.793, 2.005, 3.795, 3.838, 3.75, 0.924, 0.924, 0.924, 0.924, 0.924, 0.924, 0.924, 0.924, 0.924, 0.924, 0.924, 0.924, 0.924, 0.924], "Dispersion coefficient C6": [22.493, 21.437, 20.544, 150.621, 20.545, 21.461, 22.506, 2.357, 2.523, 2.51, 2.414, 2.54, 2.559, 2.51, 2.533, 2.525, 2.417, 2.418, 2.456, 2.525, 2.524], "Total dispersion C6": 3846.582296, "Total dispersion C8": 96990.357005, "Polarizability alpha": [6.764, 6.589, 6.455, 20.656, 6.454, 6.59, 6.766, 2.401, 2.484, 2.478, 2.43, 2.492, 2.502, 2.478, 2.489, 2.485, 2.431, 2.432, 2.451, 2.485, 2.485], "Total polarizability alpha": 94.795231,