{"total energy": -24.04699344, "HOMO-LUMO gap/eV": 12.0963352, "electronic energy": -24.34460361, "dipole": [0.28797119, 0.18410977, -0.57980168], "partial charges": [-0.09931876, -0.0567834, -0.01461774, -0.10207362, -0.06184238, 0.08739293, -0.44461499, 0.03484453, 0.02926312, 0.03093798, 0.02993726, 0.02812729, 0.04679683, 0.03258468, 0.03264581, 0.03174951, 0.03508104, 0.04581383, 0.01839884, 0.01407726, 0.28159998], "atomic dipole moments": [[0.06033996, 0.01354603, 0.08112682], [0.03056565, 0.02988986, -0.10148509], [-0.0408007, -0.02012196, -0.09440137], [0.01469651, -0.09254273, 0.03945391], [0.05980884, 0.09980316, 0.0340492], [0.0241451, -0.01668952, 0.19614775], [0.02291677, 0.03531491, -0.23937292], [-0.03409464, 0.10715814, -0.05761725], [-0.10547802, -0.05419767, 0.03631706], [0.05137575, -0.07830154, -0.08458257], [-0.063674, 0.06343087, 0.08278166], [0.01749837, -0.10694272, 0.05663611], [0.05429622, 0.01460162, 0.11201833], [0.1060604, 0.06711702, 0.00142805], [-0.08119248, 0.06784056, 0.06839518], [-0.04172535, 0.00081807, -0.11904047], [-0.04818699, -0.01314068, -0.11378058], [0.00463707, -0.115608, 0.04754154], [0.01051324, 0.1082975, -0.04599264], [0.06552607, -0.07319929, -0.05991487], [0.07086484, 0.02615152, -0.02486777]], "atomic quadrupole moments": [[0.00472265, 0.03809736, -0.11277527, 0.1441654, 0.03443807, 0.10805262], [0.12084564, 0.13814574, -0.13054624, 0.09368299, 0.01101911, 0.0097006], [0.02287541, -0.01724226, 0.11722824, -0.13642602, -0.02759947, -0.14010364], [-0.08419271, -0.04428716, 0.1478267, 0.00930464, -0.11686883, -0.06363399], [0.17735878, 0.04194523, -0.06982385, -0.11776011, 0.09615767, -0.10753494], [0.0458866, 0.10622099, -0.30442338, 0.24917334, 0.02389723, 0.25853678], [-0.02447293, 0.02445757, -0.11862373, 0.08660229, -0.00142411, 0.14309666], [-0.04551452, -0.01149207, 0.06411626, 0.01619019, -0.03906424, -0.01860174], [0.04253008, 0.05011446, -0.02968593, -0.03142114, -0.02051164, -0.01284415], [0.00055382, -0.04496294, -0.00893582, -0.0319598, 0.04515234, 0.00838199], [0.00671225, -0.02297589, 0.00073487, -0.01501928, 0.04688308, -0.00744712], [-0.0146828, -0.0118546, 0.04520902, 0.02387179, -0.02635647, -0.03052622], [-0.00067109, 0.00805782, -0.01284916, 0.02061494, -0.00082971, 0.01352025], [0.0629908, 0.04178902, -0.01638612, 0.00830847, -0.01046941, -0.04660469], [0.00920206, -0.0366602, -0.0119957, -0.0576528, 0.02421633, 0.00279363], [-0.03458009, 0.00781675, -0.02781994, 0.04466148, 0.01770676, 0.06240004], [0.00177852, -0.00555718, -0.0481133, 0.03748318, -0.00117455, 0.04633478], [-0.01975432, -0.01350567, 0.03714827, -0.01657345, -0.0398041, -0.01739395], [-0.02360165, -0.0025561, 0.03454649, 0.02730229, -0.02274711, -0.01094484], [-0.00290375, -0.02381803, -0.00323174, -0.00258714, 0.03899093, 0.00613549], [0.10997928, 0.06917039, -0.06843369, -0.01582308, -0.01098691, -0.0415456]], "number of molecular orbitals": 42, "number of electrons": 44, "number of unpaired electrons": 0, "orbital energies/eV": [-18.56368183, -17.0702427, -16.70909578, -16.15344489, -15.79467642, -15.45904414, -15.36419709, -14.68514182, -14.26377052, -13.87670926, -13.70153961, -13.27094275, -13.13536221, -12.72204353, -12.53681716, -12.37605837, -12.23897981, -11.84320031, -11.44523813, -11.33382433, -11.27244678, -10.95782054, 1.13851466, 1.71042719, 2.37120045, 2.71296353, 3.46122658, 3.55692567, 3.83609233, 3.92413906, 4.25633561, 4.45909952, 5.0886744, 5.56057907, 5.77089777, 6.29718958, 6.50800932, 6.94294593, 7.41831316, 7.63481641, 7.90626058, 8.12973997], "fractional occupation": [2.0, 2.0, 2.0, 2.0, 2.0, 2.0, 2.0, 2.0, 2.0, 2.0, 2.0, 2.0, 2.0, 2.0, 2.0, 2.0, 2.0, 2.0, 2.0, 2.0, 2.0, 2.0, 0.0, 0.0, 0.0, 0.0, 0.0, 0.0, 0.0, 0.0, 0.0, 0.0, 0.0, 0.0, 0.0, 0.0, 0.0, 0.0, 0.0, 0.0, 0.0, 0.0], "program call": "xtb /home/svss/Project-DBcg-Debug/aqme2_20220329/End-to-End-workflows-final/example-3/QDESCP/mol_551_rdkit_conf_18/mol_551_rdkit_conf_18.xyz --pop --wbo --acc 0.2 --gfn 2 --chrg 0 --uhf 0 --etemp 300 --input /home/svss/Project-DBcg-Debug/aqme2_20220329/End-to-End-workflows-final/example-3/QDESCP/mol_551_rdkit_conf_18/mol_551_rdkit_conf_18_xtb.inp", "method": "GFN2-xTB", "xtb version": "6.3.3 (7355c4f)", "Dipole module/D": 1.711, "Total charge": 0, "Transition dipole module/D": NaN, "HOMO": -10.9578, "LUMO": 1.1385, "HOMO occupancy": 2.0, "LUMO occupancy": 0, "mulliken charges": [-0.08546, -0.04733, -0.00349, -0.09321, -0.05793, 0.19972, -0.56937, 0.02626, 0.02764, 0.02492, 0.02397, 0.02474, 0.03704, 0.03033, 0.02944, 0.02333, 0.02095, 0.03714, 0.00753, 0.00844, 0.33532], "cm5 charges": [-0.23605, -0.15779, -0.07485, -0.2416, -0.1634, 0.11243, -0.7846, 0.07821, 0.07841, 0.07681, 0.07871, 0.07949, 0.09835, 0.0827, 0.08109, 0.0757, 0.07714, 0.09472, 0.07045, 0.07058, 0.50349], "FUKUI+": [0.021, -0.008, -0.042, 0.027, 0.001, -0.012, -0.115, -0.032, -0.062, -0.024, -0.067, -0.043, -0.047, -0.028, -0.048, -0.038, -0.103, -0.062, -0.08, -0.113, -0.124], "FUKUI-": [0.017, 0.008, -0.01, 0.021, 0.007, 0.022, -0.106, -0.063, -0.059, -0.062, -0.09, -0.076, -0.077, -0.05, -0.052, -0.06, -0.054, -0.057, -0.091, -0.111, -0.057], "FUKUIrad": [0.019, 0.0, -0.026, 0.024, 0.004, 0.005, -0.111, -0.047, -0.061, -0.043, -0.078, -0.06, -0.062, -0.039, -0.05, -0.049, -0.079, -0.059, -0.086, -0.112, -0.09], "s proportion": [1.006, 1.033, 1.056, 1.012, 1.036, 0.99, 1.694, 0.974, 0.972, 0.975, 0.976, 0.975, 0.963, 0.97, 0.971, 0.977, 0.979, 0.963, 0.992, 0.992, 0.665], "p proportion": [3.079, 3.015, 2.948, 3.081, 3.022, 2.811, 4.875, 0.0, 0.0, 0.0, 0.0, 0.0, 0.0, 0.0, 0.0, 0.0, 0.0, 0.0, 0.0, 0.0, 0.0], "d proportion": [0.0, 0.0, 0.0, 0.0, 0.0, 0.0, 0.0, 0.0, 0.0, 0.0, 0.0, 0.0, 0.0, 0.0, 0.0, 0.0, 0.0, 0.0, 0.0, 0.0, 0.0], "Fermi-level/eV": -4.9097, "Coordination numbers": [3.748, 3.799, 3.846, 3.75, 3.799, 3.673, 1.653, 0.924, 0.924, 0.924, 0.924, 0.924, 0.923, 0.924, 0.924, 0.924, 0.924, 0.924, 0.924, 0.924, 0.804], "Dispersion coefficient C6": [22.463, 21.597, 20.804, 22.513, 21.69, 19.354, 21.735, 2.519, 2.597, 2.573, 2.588, 2.613, 2.36, 2.55, 2.549, 2.562, 2.516, 2.373, 2.758, 2.825, 0.779], "Total dispersion C6": 2916.978668, "Total dispersion C8": 60127.674675, "Polarizability alpha": [6.76, 6.617, 6.488, 6.767, 6.631, 6.305, 6.294, 2.482, 2.52, 2.509, 2.516, 2.528, 2.403, 2.497, 2.497, 2.503, 2.48, 2.409, 2.597, 2.629, 1.387], "Total polarizability alpha": 79.81647,