{"total energy": -32.49782803, "HOMO-LUMO gap/eV": 3.68327078, "electronic energy": -32.93926469, "dipole": [0.19208192, 0.96069332, 0.21481243], "partial charges": [-0.112733, 0.0861404, -0.2701484, 0.34679622, -0.41616881, -0.01611045, -0.0211601, -0.02731093, -0.02146854, -0.02665039, -0.0186734, 0.05022063, 0.05438732, 0.05439309, 0.05111712, 0.05110935, 0.05340027, 0.03995158, 0.03991307, 0.04185286, 0.06114212], "atomic dipole moments": [[0.05748678, -0.1238028, -0.02154648], [0.22149036, 0.10083941, 0.03757195], [-0.10041028, -0.19729359, -0.04868173], [-0.15746094, 0.09189617, 0.0074095], [0.06278194, 0.1681583, 0.03978477], [-0.08880265, -0.01779125, -0.01036235], [-0.00864827, -0.02814354, -0.0065095], [-0.00527141, -0.00682121, -0.00182049], [-0.00601912, -0.00149925, -0.00075175], [-0.0093808, 0.00387608, 0.00011526], [-0.02311009, 0.02708698, 0.00393054], [-0.12759492, -0.01593953, -0.01284877], [0.03978393, 0.09100555, -0.08097377], [0.02511791, 0.05003194, 0.115261], [-0.02204597, -0.03956995, -0.119588], [-0.03766395, -0.0832009, 0.08951342], [-0.09925415, 0.11778911, 0.01717373], [0.0451038, 0.14113774, 0.03282755], [0.14685572, 0.03078436, 0.01738176], [0.10326221, -0.11031322, -0.01531904], [-0.04011394, -0.14676897, -0.03362748]], "atomic quadrupole moments": [[-0.02738368, -0.17907825, 0.16272454, -0.0286743, 0.05060158, -0.13534086], [0.46027028, -0.02047937, -0.07628782, 0.06016706, 0.06652735, -0.38398246], [0.09808675, 0.01119214, -0.02023571, 0.01577654, 0.01370256, -0.07785104], [-0.24850533, -0.1767045, -0.17324198, -0.08967634, -0.14508371, 0.42174731], [-0.11005353, 0.01329665, -0.08027267, -0.02067253, -0.05834062, 0.19032621], [-0.07427713, 0.05728993, -0.26487009, -0.02106163, -0.12770236, 0.33914722], [-0.27139085, 0.01645978, -0.24660809, -0.05845582, -0.1665726, 0.51799894], [-0.25597466, 0.00415178, -0.23963292, -0.05810526, -0.16107269, 0.49560757], [-0.28033728, 0.00896933, -0.23571571, -0.06048301, -0.16433306, 0.516053], [-0.26313145, 0.02279572, -0.2360342, -0.05497556, -0.15957028, 0.49916565], [-0.25850888, 0.00089535, -0.26353781, -0.06117431, -0.17234362, 0.52204669], [0.080248, 0.02182278, -0.03034732, 0.0144622, 0.00620825, -0.04990068], [-0.03497045, 0.01926611, 0.01108109, -0.03669218, -0.04889451, 0.02388936], [-0.04479631, -0.00051602, -0.02279805, 0.02744541, 0.02768704, 0.06759435], [-0.0007339, -0.0060869, -0.02671889, 0.00704079, 0.02224815, 0.02745279], [0.00196988, 0.00216109, -0.00170484, -0.01000794, -0.03473648, -0.00026504], [0.04193806, 0.00613011, 0.01854895, 0.00926202, 0.01788036, -0.06048702], [0.03931008, -0.00649011, 0.02484534, 0.006707, 0.01902726, -0.06415542], [0.02849089, -0.00374263, 0.03527628, 0.00648461, 0.02142872, -0.06376717], [0.03387693, 0.00570727, 0.02943779, 0.00882818, 0.02082686, -0.06331471], [0.04009261, -0.00267759, 0.01782815, 0.00706143, 0.01643857, -0.05792075]], "number of molecular orbitals": 54, "number of electrons": 58, "number of unpaired electrons": 0, "orbital energies/eV": [-20.01193624, -19.23337247, -18.31111347, -17.79662809, -17.19096744, -16.931656, -16.61679914, -16.37049168, -16.0618349, -15.77676964, -15.72720917, -15.20048138, -15.01406457, -14.28257033, -14.21449265, -13.75452521, -13.64736657, -13.35926936, -13.21508676, -13.18313166, -13.12270569, -12.84062238, -12.71513644, -12.16320427, -11.90846233, -11.76163252, -11.32810609, -11.27154248, -11.13480857, -7.45153779, -6.45774426, -5.22617979, -2.65753212, 0.13732532, 2.58323365, 2.94670439, 3.08616163, 3.49664058, 3.79054793, 4.00370033, 4.21720258, 4.44807029, 4.58641512, 4.77285306, 6.07807992, 6.52112489, 6.95388221, 9.83649699, 10.36956449, 10.72787465, 11.36668201, 14.98842113, 16.87396324, 17.93117156], "fractional occupation": [2.0, 2.0, 2.0, 2.0, 2.0, 2.0, 2.0, 2.0, 2.0, 2.0, 2.0, 2.0, 2.0, 2.0, 2.0, 2.0, 2.0, 2.0, 2.0, 2.0, 2.0, 2.0, 2.0, 2.0, 2.0, 2.0, 2.0, 2.0, 2.0, 0.0, 0.0, 0.0, 0.0, 0.0, 0.0, 0.0, 0.0, 0.0, 0.0, 0.0, 0.0, 0.0, 0.0, 0.0, 0.0, 0.0, 0.0, 0.0, 0.0, 0.0, 0.0, 0.0, 0.0, 0.0], "program call": "xtb /home/svss/Project-DBcg-Debug/aqme2_20220329/End-to-End-workflows-final/example-3/QDESCP/mol_815_rdkit_conf_1/mol_815_rdkit_conf_1.xyz --pop --wbo --acc 0.2 --gfn 2 --chrg 0 --uhf 0 --etemp 300 --input /home/svss/Project-DBcg-Debug/aqme2_20220329/End-to-End-workflows-final/example-3/QDESCP/mol_815_rdkit_conf_1/mol_815_rdkit_conf_1_xtb.inp", "method": "GFN2-xTB", "xtb version": "6.3.3 (7355c4f)", "Dipole module/D": 2.549, "Total charge": 0, "Transition dipole module/D": NaN, "HOMO": -11.1348, "LUMO": -7.4515, "HOMO occupancy": 2.0, "LUMO occupancy": 0, "mulliken charges": [-0.09571, 0.20623, -0.42236, 0.5697, -0.53472, -0.03323, -0.0116, -0.0288, -0.01584, -0.02802, -0.00819, 0.03437, 0.0417, 0.04171, 0.03936, 0.03936, 0.04636, 0.03482, 0.0345, 0.03609, 0.05425], "cm5 charges": [-0.2424, 0.12388, -0.50557, 0.62673, -0.58268, -0.03611, -0.06257, -0.08399, -0.07108, -0.08319, -0.05917, 0.08557, 0.09494, 0.09495, 0.10414, 0.10413, 0.10726, 0.09012, 0.0898, 0.0914, 0.11383], "FUKUI+": [0.012, 0.017, -0.068, -0.064, -0.154, -0.057, -0.038, -0.026, -0.065, -0.028, -0.033, -0.032, -0.017, -0.017, -0.028, -0.028, -0.07, -0.076, -0.086, -0.076, -0.065], "FUKUI-": [0.013, 0.013, -0.061, -0.013, -0.124, -0.037, -0.03, -0.035, -0.031, -0.036, -0.03, -0.055, -0.059, -0.059, -0.067, -0.067, -0.057, -0.066, -0.076, -0.073, -0.052], "FUKUIrad": [0.013, 0.015, -0.065, -0.038, -0.139, -0.047, -0.034, -0.031, -0.048, -0.032, -0.031, -0.043, -0.038, -0.038, -0.047, -0.047, -0.064, -0.071, -0.081, -0.075, -0.059], "s proportion": [1.011, 0.994, 1.698, 0.979, 1.73, 1.086, 1.068, 1.062, 1.065, 1.062, 1.07, 0.966, 0.958, 0.958, 0.961, 0.961, 0.954, 0.965, 0.966, 0.964, 0.946], "p proportion": [3.085, 2.8, 4.724, 2.451, 4.805, 2.947, 2.944, 2.967, 2.951, 2.966, 2.938, 0.0, 0.0, 0.0, 0.0, 0.0, 0.0, 0.0, 0.0, 0.0, 0.0], "d proportion": [0.0, 0.0, 0.0, 0.0, 0.0, 0.0, 0.0, 0.0, 0.0, 0.0, 0.0, 0.0, 0.0, 0.0, 0.0, 0.0, 0.0, 0.0, 0.0, 0.0, 0.0], "Fermi-level/eV": -9.2932, "Coordination numbers": [3.748, 3.705, 1.703, 2.728, 0.856, 2.963, 2.913, 2.91, 2.911, 2.91, 2.916, 0.924, 0.924, 0.924, 0.924, 0.924, 0.925, 0.925, 0.925, 0.925, 0.925], "Dispersion coefficient C6": [22.723, 19.29, 18.48, 21.11, 22.007, 28.41, 28.534, 28.683, 28.542, 28.667, 28.475, 2.317, 2.266, 2.266, 2.306, 2.306, 2.278, 2.449, 2.45, 2.424, 2.186], "Total dispersion C6": 4884.819607, "Total dispersion C8": 114956.815709, "Polarizability alpha": [6.799, 6.279, 5.804, 7.522, 6.29, 8.743, 8.759, 8.782, 8.76, 8.78, 8.75, 2.381, 2.354, 2.354, 2.375, 2.375, 2.36, 2.447, 2.448, 2.435, 2.312], "Total polarizability alpha": 109.108257,