{"total energy": -23.01169285, "HOMO-LUMO gap/eV": 3.64597962, "electronic energy": -23.30620181, "dipole": [-0.1596956, -1.17455116, 0.06551779], "partial charges": [-0.1004944, -0.05223125, -0.05859619, -0.05386198, -0.07964202, 0.20725737, -0.32894711, 0.03517924, 0.03145412, 0.0322759, 0.03312085, 0.02712513, 0.02665395, 0.04420984, 0.03236971, 0.05120854, 0.06624592, 0.06423347, 0.0224389], "atomic dipole moments": [[-0.07706943, -0.0247947, -0.06358584], [-0.01540214, 0.00791214, 0.11192974], [0.00449384, -0.018057, -0.11705156], [-0.04085714, 0.0015014, 0.12149742], [0.03220994, 0.07805537, -0.01261017], [0.05292887, 0.02063245, -0.02960794], [-0.05690476, -0.14504227, 0.0305971], [-0.02295478, 0.10761181, 0.06260499], [0.02006698, -0.09107958, 0.08409091], [0.10561142, 0.01559855, -0.06458633], [-0.00951064, 0.09083265, -0.08447283], [0.03190976, -0.10091529, -0.06201744], [0.01380322, -0.08848017, 0.08421534], [-0.02692083, 0.10543795, 0.0669641], [0.02799443, -0.10163639, -0.05990521], [-0.0097898, 0.09081014, -0.09202616], [-0.07806091, -0.0592187, -0.08573659], [0.01891769, -0.07934209, 0.10357064], [-0.11567673, -0.01077474, 0.07119785]], "atomic quadrupole moments": [[0.08911325, 0.06524238, -0.11016882, 0.15848006, 0.04874209, 0.02105557], [0.2067625, 0.09772245, -0.21141957, 0.01998112, 0.03521264, 0.00465708], [0.20802388, 0.10176568, -0.22257076, 0.02045246, 0.02398117, 0.01454687], [0.22262006, 0.10192345, -0.20950444, -0.01459171, 0.03687249, -0.01311562], [0.06944714, -0.04048303, 0.05185761, -0.15754238, 0.0558843, -0.12130475], [-0.11769556, -0.02732958, -0.28623673, 0.53903126, -0.01145617, 0.40393229], [-0.01700395, -0.00355111, -0.15740125, 0.20288577, -0.00934824, 0.1744052], [-0.02609999, -0.03306418, 0.04255122, -0.0045957, 0.04932057, -0.01645123], [-0.04117196, 0.00161645, 0.03345031, 0.01504088, -0.05856802, 0.00772165], [0.04530454, 0.01603704, -0.05189747, -0.05125452, -0.00451944, 0.00659292], [-0.01576876, -0.00708292, 0.02165689, 0.01124232, -0.04364949, -0.00588813], [-0.01450978, -0.01321654, 0.03828822, -0.00616589, 0.0358393, -0.02377844], [-0.0216591, -0.00533772, 0.02620737, 0.00879149, -0.044715, -0.00454827], [-0.01262203, -0.0182959, 0.03599392, -0.00903892, 0.02960657, -0.02337189], [-0.0059232, -0.01733778, 0.03539066, -0.0052809, 0.04003252, -0.02946746], [-0.01543099, -0.00752403, 0.02287216, 0.01196814, -0.0413051, -0.00744117], [0.02326269, 0.03420997, -0.03648154, 0.02403652, 0.0418031, 0.01321886], [-0.00655078, -0.01883373, -0.01445338, 0.00158422, -0.05793292, 0.02100416], [-0.01717275, 0.00378704, 0.0684564, -0.03790275, 0.00064691, -0.05128365]], "number of molecular orbitals": 40, "number of electrons": 42, "number of unpaired electrons": 0, "orbital energies/eV": [-19.36609613, -17.57707073, -16.93474687, -16.58301928, -16.05173555, -15.43313861, -15.22463441, -15.17607265, -14.68747493, -14.19362772, -13.88615908, -13.66710899, -13.3201713, -13.02616483, -12.89693001, -12.45435263, -11.9676624, -11.88073757, -11.7076594, -11.47463743, -10.98688682, -7.3409072, 1.54182864, 1.91055637, 2.78018931, 3.24403583, 3.59689002, 3.8538386, 4.23665606, 4.40672094, 4.65924491, 4.89050413, 5.22677073, 6.12229731, 6.31257598, 6.88641527, 7.22415155, 7.32201795, 8.30990069, 14.45076881], "fractional occupation": [2.0, 2.0, 2.0, 2.0, 2.0, 2.0, 2.0, 2.0, 2.0, 2.0, 2.0, 2.0, 2.0, 2.0, 2.0, 2.0, 2.0, 2.0, 2.0, 2.0, 2.0, 0.0, 0.0, 0.0, 0.0, 0.0, 0.0, 0.0, 0.0, 0.0, 0.0, 0.0, 0.0, 0.0, 0.0, 0.0, 0.0, 0.0, 0.0, 0.0], "program call": "xtb /home/svss/Project-DBcg-Debug/aqme2_20220329/End-to-End-workflows-final/example-3/QDESCP/mol_163_rdkit_conf_2/mol_163_rdkit_conf_2.xyz --pop --wbo --acc 0.2 --gfn 2 --chrg 0 --uhf 0 --etemp 300 --input /home/svss/Project-DBcg-Debug/aqme2_20220329/End-to-End-workflows-final/example-3/QDESCP/mol_163_rdkit_conf_2/mol_163_rdkit_conf_2_xtb.inp", "method": "GFN2-xTB", "xtb version": "6.3.3 (7355c4f)", "Dipole module/D": 3.017, "Total charge": 0, "Transition dipole module/D": NaN, "HOMO": -10.9869, "LUMO": -7.3409, "HOMO occupancy": 2.0, "LUMO occupancy": 0, "mulliken charges": [-0.08317, -0.03762, -0.04797, -0.03498, -0.08249, 0.38601, -0.47375, 0.03001, 0.02541, 0.02854, 0.02672, 0.01952, 0.01807, 0.03802, 0.02377, 0.04204, 0.05427, 0.04873, 0.01885], "cm5 charges": [-0.2335, -0.15014, -0.15791, -0.14343, -0.18633, 0.36574, -0.53028, 0.08131, 0.0767, 0.07931, 0.08147, 0.07422, 0.07355, 0.09616, 0.0788, 0.09983, 0.10974, 0.10454, 0.08022], "FUKUI+": [0.009, 0.005, 0.009, 0.024, 0.031, -0.172, -0.336, -0.006, -0.012, -0.023, -0.011, -0.019, -0.021, 0.011, -0.059, -0.025, -0.11, -0.108, -0.187], "FUKUI-": [0.022, 0.01, 0.014, 0.017, -0.001, -0.01, -0.145, -0.074, -0.072, -0.057, -0.087, -0.098, -0.071, -0.077, -0.081, -0.047, -0.066, -0.056, -0.12], "FUKUIrad": [0.016, 0.007, 0.012, 0.021, 0.015, -0.091, -0.24, -0.04, -0.042, -0.04, -0.049, -0.059, -0.046, -0.033, -0.07, -0.036, -0.088, -0.082, -0.154], "s proportion": [1.007, 1.027, 1.032, 1.028, 1.041, 1.057, 1.737, 0.97, 0.975, 0.971, 0.973, 0.98, 0.982, 0.962, 0.976, 0.958, 0.946, 0.951, 0.981], "p proportion": [3.076, 3.011, 3.016, 3.007, 3.041, 2.557, 4.736, 0.0, 0.0, 0.0, 0.0, 0.0, 0.0, 0.0, 0.0, 0.0, 0.0, 0.0, 0.0], "d proportion": [0.0, 0.0, 0.0, 0.0, 0.0, 0.0, 0.0, 0.0, 0.0, 0.0, 0.0, 0.0, 0.0, 0.0, 0.0, 0.0, 0.0, 0.0, 0.0], "Fermi-level/eV": -9.1639, "Coordination numbers": [3.75, 3.8, 3.801, 3.801, 3.801, 2.756, 0.856, 0.924, 0.924, 0.924, 0.924, 0.924, 0.924, 0.924, 0.924, 0.924, 0.924, 0.924, 0.923], "Dispersion coefficient C6": [22.483, 21.512, 21.628, 21.541, 22.02, 23.601, 20.312, 2.514, 2.566, 2.554, 2.543, 2.628, 2.635, 2.394, 2.553, 2.305, 2.127, 2.15, 2.697], "Total dispersion C6": 2649.294074, "Total dispersion C8": 56215.861229, "Polarizability alpha": [6.762, 6.604, 6.621, 6.608, 6.681, 7.955, 6.043, 2.48, 2.505, 2.499, 2.494, 2.535, 2.538, 2.42, 2.499, 2.374, 2.281, 2.293, 2.568], "Total polarizability alpha": 76.760359,