{"total energy": -20.16894343, "HOMO-LUMO gap/eV": 3.48207431, "electronic energy": -20.38003416, "dipole": [-0.34921035, -0.37131876, -0.95499362], "partial charges": [-0.09614373, -0.00519128, -0.12229209, -0.1218343, -0.00415268, -0.10025581, 0.04232761, 0.03864899, 0.04418937, 0.0469291, 0.05071194, 0.04490909, 0.04878703, 0.04853117, 0.04705193, 0.03778367], "atomic dipole moments": [[0.00831125, 0.06072043, 0.09449456], [0.12859728, -0.02684901, -0.03450938], [-0.22253898, -0.36475038, 0.02150112], [0.07891512, 0.22299888, -0.34917023], [0.00586486, 0.09144186, 0.1026439], [-0.09461101, -0.06151426, 0.02294566], [0.03316603, -0.12199702, 0.01494189], [-0.12066817, -0.00511385, -0.03826785], [0.06710969, 0.05209209, -0.09717854], [-0.06348979, -0.05504805, 0.09810681], [-0.05849751, 0.11052012, -0.01930064], [-0.08107923, 0.00254637, -0.09839619], [0.03317547, -0.12168252, 0.01173408], [-0.02284427, 0.12421603, -0.02800407], [0.08653805, -0.00546406, 0.09692961], [0.05795843, -0.0465161, -0.10148445]], "atomic quadrupole moments": [[-0.08620946, 0.01076414, -0.03550165, 0.03434439, 0.16866281, 0.12171111], [0.23655299, 0.07600884, -0.17067192, 0.1575878, 0.15579868, -0.06588107], [0.20059092, -0.14063954, 0.31147392, 0.28694317, -0.15264525, -0.51206484], [-0.32828694, -0.41260187, 0.2862007, -0.23636682, -0.08338179, 0.04208624], [0.00125667, 0.0333449, -0.12322725, -0.25352469, 0.12658836, 0.12197058], [0.1251434, 0.15449647, -0.03663224, -0.08786503, -0.01967407, -0.08851116], [-0.03343895, -0.04254106, 0.05449307, 0.01452866, -0.02086424, -0.02105413], [0.0759089, -0.00662948, -0.04083612, 0.02729513, 0.01161488, -0.03507278], [-0.00736987, 0.04012134, -0.00978653, -0.04398815, -0.02710514, 0.0171564], [-0.00498685, 0.03833249, -0.01082443, -0.00570833, -0.02455887, 0.01581128], [-0.01875954, -0.03133046, 0.04309212, 0.02686381, -0.00851687, -0.02433257], [0.01524782, -0.01090906, -0.04535703, 0.02059101, -0.01467567, 0.03010921], [-0.01281064, -0.0273299, 0.04828491, -0.01158899, -0.01878307, -0.03547427], [-0.01441288, -0.031632, 0.06095375, 0.00211494, -0.01784872, -0.04654088], [0.00236364, 0.00527863, -0.04076112, 0.04939568, -0.01622655, 0.03839748], [-0.02228083, -0.01206924, -0.01494156, -0.04472089, 0.04820246, 0.03722239]], "number of molecular orbitals": 44, "number of electrons": 38, "number of unpaired electrons": 0, "orbital energies/eV": [-19.58126999, -19.25622676, -17.12215909, -17.00853302, -15.87077712, -15.78098833, -14.35270155, -14.13142832, -13.94933761, -13.83869286, -13.44544476, -13.20522922, -12.77657102, -12.50469139, -12.39349535, -12.29002028, -11.85250631, -10.2115411, -10.0776465, -6.59557219, -4.95489444, -4.83445908, -0.56089129, -0.45314706, -0.10141001, 0.14786512, 0.70183225, 1.64775283, 1.69818766, 2.88516564, 3.15632421, 3.69892906, 3.84040022, 4.18238241, 4.51626306, 4.82269931, 5.24536438, 5.3613623, 5.99046754, 6.49281116, 7.18893432, 7.70720991, 8.72677743, 13.66921642], "fractional occupation": [2.0, 2.0, 2.0, 2.0, 2.0, 2.0, 2.0, 2.0, 2.0, 2.0, 2.0, 2.0, 2.0, 2.0, 2.0, 2.0, 2.0, 2.0, 2.0, 0.0, 0.0, 0.0, 0.0, 0.0, 0.0, 0.0, 0.0, 0.0, 0.0, 0.0, 0.0, 0.0, 0.0, 0.0, 0.0, 0.0, 0.0, 0.0, 0.0, 0.0, 0.0, 0.0, 0.0, 0.0], "program call": "xtb /home/svss/Project-DBcg-Debug/aqme2_20220329/End-to-End-workflows-final/example-3/QDESCP/mol_566_rdkit_conf_2/mol_566_rdkit_conf_2.xyz --pop --wbo --acc 0.2 --gfn 2 --chrg 0 --uhf 0 --etemp 300 --input /home/svss/Project-DBcg-Debug/aqme2_20220329/End-to-End-workflows-final/example-3/QDESCP/mol_566_rdkit_conf_2/mol_566_rdkit_conf_2_xtb.inp", "method": "GFN2-xTB", "xtb version": "6.3.3 (7355c4f)", "Dipole module/D": 2.751, "Total charge": 0, "Transition dipole module/D": NaN, "HOMO": -10.0776, "LUMO": -6.5956, "HOMO occupancy": 2.0, "LUMO occupancy": 0, "mulliken charges": [-0.08675, 0.01501, -0.07297, -0.07312, 0.01523, -0.08639, 0.02947, 0.03004, 0.02835, 0.02639, 0.03218, 0.02381, 0.03131, 0.0301, 0.02943, 0.0279], "cm5 charges": [-0.23474, -0.07808, -0.09896, -0.09902, -0.07829, -0.23372, 0.08206, 0.08086, 0.08019, 0.08219, 0.08792, 0.08026, 0.08699, 0.08248, 0.08114, 0.07872], "FUKUI+": [0.035, 0.051, -0.371, -0.373, 0.052, 0.032, -0.019, -0.055, -0.027, -0.054, -0.058, -0.054, -0.058, -0.018, -0.028, -0.053], "FUKUI-": [0.027, 0.043, -0.329, -0.335, 0.044, 0.025, -0.023, -0.069, -0.033, -0.056, -0.063, -0.059, -0.062, -0.02, -0.035, -0.056], "FUKUIrad": [0.031, 0.047, -0.35, -0.354, 0.048, 0.029, -0.021, -0.062, -0.03, -0.055, -0.06, -0.057, -0.06, -0.019, -0.032, -0.055], "s proportion": [1.01, 1.037, 1.942, 1.942, 1.037, 1.01, 0.971, 0.97, 0.972, 0.974, 0.968, 0.976, 0.969, 0.97, 0.971, 0.972], "p proportion": [3.076, 2.948, 4.097, 4.097, 2.947, 3.076, 0.0, 0.0, 0.0, 0.0, 0.0, 0.0, 0.0, 0.0, 0.0, 0.0], "d proportion": [0.0, 0.0, 0.034, 0.034, 0.0, 0.0, 0.0, 0.0, 0.0, 0.0, 0.0, 0.0, 0.0, 0.0, 0.0, 0.0], "Fermi-level/eV": -8.3366, "Coordination numbers": [3.77, 3.793, 1.968, 1.974, 3.793, 3.776, 0.924, 0.924, 0.924, 0.924, 0.924, 0.924, 0.924, 0.924, 0.924, 0.924], "Dispersion coefficient C6": [22.369, 20.68, 146.181, 146.161, 20.661, 22.441, 2.418, 2.467, 2.394, 2.359, 2.311, 2.385, 2.335, 2.338, 2.357, 2.479], "Total dispersion C6": 3368.449112, "Total dispersion C8": 103626.765649, "Polarizability alpha": [6.74, 6.476, 20.349, 20.348, 6.473, 6.75, 2.432, 2.456, 2.42, 2.402, 2.377, 2.415, 2.39, 2.391, 2.401, 2.462], "Total polarizability alpha": 91.281796, "Wiberg matrix": [[0.0, 1.027141470250606, 0.0, 0.0, 0.0, 0.0, 0.9843992467910825, 0.9794875118271809, 0.9860401667607563, 0.0, 0.0, 0.0, 0.0, 0.0, 0.0, 0.0], [1.027141470250606, 0.0, 0.9701134199128453, 0.0, 0.0, 0.0, 0.0, 0.0, 0.0, 0.9756628349042997, 0.9680453492590506, 0.0, 0.0, 0.0, 0.0, 0.0], [0.0, 0.9701134199128453, 0.0, 1.2103884557162459, 0.0, 0.0, 0.0, 0.0, 0.0, 0.0, 0.0, 0.0, 0.0, 0.0, 0.0, 0.0], [0.0, 0.0, 1.2103884557162459, 0.0, 0.9694363442250146, 0.0, 0.0, 0.0, 0.0, 0.0, 0.0, 0.0, 0.0, 0.0, 0.0, 0.0], [0.0, 0.0, 0.0, 0.9694363442250146, 0.0, 1.0271465919400478, 0.0, 0.0, 0.0, 0.0, 0.0, 0.973322383339436, 0.9685677846740384, 0.0, 0.0, 0.0], [0.0, 0.0, 0.0, 0.0, 1.0271465919400478, 0.0, 0.0, 0.0, 0.0, 0.0, 0.0, 0.0, 0.0, 0.9849301080775329, 0.9864331443819835, 0.9797373967328569], [0.9843992467910825, 0.0, 0.0, 0.0, 0.0, 0.0, 0.0, 0.0, 0.0, 0.0, 0.0, 0.0, 0.0, 0.0, 0.0, 0.0], [0.9794875118271809, 0.0, 0.0, 0.0, 0.0, 0.0, 0.0, 0.0, 0.0, 0.0, 0.0, 0.0, 0.0, 0.0, 0.0, 0.0], [0.9860401667607563, 0.0, 0.0, 0.0, 0.0, 0.0, 0.0, 0.0, 0.0, 0.0, 0.0, 0.0, 0.0, 0.0, 0.0, 0.0], [0.0, 0.9756628349042997, 0.0, 0.0, 0.0, 0.0, 0.0, 0.0, 0.0, 0.0, 0.0, 0.0, 0.0, 0.0, 0.0, 0.0], [0.0, 0.9680453492590506, 0.0, 0.0, 0.0, 0.0, 0.0, 0.0, 0.0, 0.0, 0.0, 0.0, 0.0, 0.0, 0.0, 0.0], [0.0, 0.0, 0.0, 0.0, 0.973322383339436, 0.0, 0.0, 0.0, 0.0, 0.0, 0.0, 0.0, 0.0, 0.0, 0.0, 0.0], [0.0, 0.0, 0.0, 0.0, 0.9685677846740384, 0.0, 0.0, 0.0, 0.0, 0.0, 0.0, 0.0, 0.0, 0.0, 0.0, 0.0], [0.0, 0.0, 0.0, 0.0, 0.0, 0.9849301080775329, 0.0, 0.0, 0.0, 0.0, 0.0, 0.0, 0.0, 0.0, 0.0, 0.0], [0.0, 0.0, 0.0, 0.0, 0.0, 0.9864331443819835, 0.0, 0.0, 0.0, 0.0, 0.0, 0.0, 0.0, 0.0, 0.0, 0.0], [0.0, 0.0, 0.0, 0.0, 0.0, 0.9797373967328569, 0.0, 0.0, 0.0, 0.0, 0.0, 0.0, 0.0, 0.0, 0.0, 0.0]], "Born radii": [], "Atomic SASAs": [], "Solvent H bonds": [], "Total SASA": NaN, "Total FOD": 0.0, "FOD": [0.0, 0.0, 0.0, 0.0, 0.0, 0.0, 0.0, 0.0, 0.0, 0.0, 0.0, 0.0, 0.0, 0.0, 0.0, 0.0], "FOD s proportion": [0.0, 0.0, 0.0, 0.0, 0.0, 0.0, 0.0, 0.0, 0.0, 0.0, 0.0, 0.0, 0.0, 0.0, 0.0, 0.0], "FOD p proportion": [0.0, 0.0, 0.0, 0.0, 0.0, 0.0, 0.0, 0.0, 0.0, 0.0, 0.0, 0.0, 0.0, 0.0, 0.0, 0.0], "FOD d proportion": [0.0, 0.0, 0.0, 0.0, 0.0, 0.0, 0.0, 0.0, 0.0, 0.0, 0.0, 0.0, 0.0, 0.0, 0.0, 0.0],