{"total energy": -20.79004597, "HOMO-LUMO gap/eV": 4.6487806, "electronic energy": -20.91042153, "dipole": [-0.72370621, 0.01244772, 0.00143536], "partial charges": [-0.07735471, 0.23424398, -0.07735257, -0.077401, 0.1172716, -0.1194073], "atomic dipole moments": [[-0.03074199, -0.01799962, -0.02577456], [-0.18057672, 0.00311974, 0.00031649], [-0.02982842, 0.03214596, -0.00302512], [-0.0305971, -0.01272989, 0.02923411], [-0.41064364, 0.00710875, 0.00077473], [-0.03283499, 0.00055578, 6.517e-05]], "atomic quadrupole moments": [[-0.20506329, 0.17078145, -0.02553546, 0.24028872, 0.36434304, 0.23059875], [-0.29254633, 0.00753194, 0.14622872, 0.00085454, 6.42e-06, 0.14631761], [-0.2213101, -0.27325394, 0.49767476, 0.02652088, -0.07549987, -0.27636467], [-0.20873469, 0.11890041, -0.15471609, -0.2649699, -0.28889865, 0.36345078], [-0.97431029, 0.02520455, 0.48694687, 0.00277372, -4.545e-05, 0.48736342], [-0.69586627, 0.01801695, 0.34777682, 0.0019776, -3.29e-05, 0.34808945]], "number of molecular orbitals": 39, "number of electrons": 34, "number of unpaired electrons": 0, "orbital energies/eV": [-30.10312872, -29.96335997, -29.96322534, -19.24388703, -18.68877553, -16.68950608, -16.10278524, -16.10274562, -14.42135528, -14.42134615, -13.58770985, -13.10678766, -13.10675495, -12.72352974, -12.72347635, -12.63541601, -12.5726505, -7.9238699, -7.92361534, -7.0393432, -4.77076132, -4.7700927, -1.6548293, -0.97660552, -0.97657942, -0.92757808, -0.9209635, -0.92093917, -0.89819116, -0.89001708, -0.88993084, -0.87504189, -0.8749208, -0.86462648, 1.79912647, 2.5879791, 2.58952025, 2.99931423, 26.22651682], "fractional occupation": [2.0, 2.0, 2.0, 2.0, 2.0, 2.0, 2.0, 2.0, 2.0, 2.0, 2.0, 2.0, 2.0, 2.0, 2.0, 2.0, 2.0, 0.0, 0.0, 0.0, 0.0, 0.0, 0.0, 0.0, 0.0, 0.0, 0.0, 0.0, 0.0, 0.0, 0.0, 0.0, 0.0, 0.0, 0.0, 0.0, 0.0, 0.0, 0.0], "program call": "xtb /home/svss/Project-DBcg-Debug/aqme2_20220329/End-to-End-workflows-final/example-3/QDESCP/mol_243_rdkit_conf_1/mol_243_rdkit_conf_1.xyz --pop --wbo --acc 0.2 --gfn 2 --chrg 0 --uhf 0 --etemp 300 --input /home/svss/Project-DBcg-Debug/aqme2_20220329/End-to-End-workflows-final/example-3/QDESCP/mol_243_rdkit_conf_1/mol_243_rdkit_conf_1_xtb.inp", "method": "GFN2-xTB", "xtb version": "6.3.3 (7355c4f)", "Dipole module/D": 1.84, "Total charge": 0, "Transition dipole module/D": NaN, "HOMO": -12.5727, "LUMO": -7.9239, "HOMO occupancy": 2.0, "LUMO occupancy": 0, "mulliken charges": [-0.07091, 0.25927, -0.07091, -0.07096, 0.19069, -0.23718], "cm5 charges": [-0.07017, 0.26175, -0.07017, -0.07022, 0.30627, -0.35746], "FUKUI+": [-0.216, -0.031, -0.216, -0.216, -0.077, -0.245], "FUKUI-": [-0.27, 0.028, -0.27, -0.27, -0.02, -0.198], "FUKUIrad": [-0.243, -0.001, -0.243, -0.243, -0.048, -0.222], "s proportion": [1.954, 1.119, 1.954, 1.954, 1.073, 1.678], "p proportion": [5.129, 2.622, 5.129, 5.129, 2.736, 3.559], "d proportion": [-0.012, 0.0, -0.012, -0.012, 0.0, 0.0], "Fermi-level/eV": -10.2483, "Coordination numbers": [1.21, 3.641, 1.21, 1.21, 2.047, 0.911], "Dispersion coefficient C6": [101.591, 17.269, 101.591, 101.593, 28.102, 23.604], "Total dispersion C6": 1982.58802, "Total dispersion C8": 72283.834662, "Polarizability alpha": [15.42, 5.975, 15.42, 15.421, 8.562, 7.027], "Total polarizability alpha": 67.825917, "Wiberg matrix": [[0.0, 0.9567101524066739, 0.0, 0.0, 0.0, 0.0], [0.9567101524066739, 0.0, 0.9567138645272764, 0.9566140157236507, 1.0198345185869155, 0.0], [0.0, 0.9567138645272764, 0.0, 0.0, 0.0, 0.0], [0.0, 0.9566140157236507, 0.0, 0.0, 0.0, 0.0], [0.0, 1.0198345185869155, 0.0, 0.0, 0.0, 2.8709531677523605], [0.0, 0.0, 0.0, 0.0, 2.8709531677523605, 0.0]], "Born radii": [], "Atomic SASAs": [], "Solvent H bonds": [], "Total SASA": NaN, "Total FOD": 0.0, "FOD": [0.0, 0.0, 0.0, 0.0, 0.0, 0.0], "FOD s proportion": [0.0, 0.0, 0.0, 0.0, 0.0, 0.0], "FOD p proportion": [0.0, 0.0, 0.0, 0.0, 0.0, 0.0], "FOD d proportion": [0.0, 0.0, 0.0, 0.0, 0.0, 0.0], "coordinates": [["-1.00010", "-0.96130", "-1.36500"], ["-0.38770", "0.00670", "0.00070"], ["-0.95210", "1.68960", "-0.16200"], ["-0.98960", "-0.67770", "1.53270"], ["1.08290", "-0.01860", "-0.00210"], ["2.24670", "-0.03870", "-0.00430"]], "bond_dist": [[0.0, 1.7824685831733473, 2.9114916812520693, 2.9115639268269553, 2.661779235774447, 3.639286398457808], [1.7824685831733473, 0.0, 1.7824620781379896, 1.7826135223317479, 1.4708202779401702, 2.6347959161954084], [2.9114916812520693, 1.7824620781379896, 0.0, 2.911618730191163, 2.6617175376061226, 3.6392597626440466], [2.9115639268269553, 1.7826135223317479, 2.911618730191163, 0.0, 2.661818945758708, 3.639275709533423], [2.661779235774447, 1.4708202779401702, 2.6617175376061226, 2.661818945758708, 0.0, 1.1639756397794587], [3.639286398457808, 2.6347959161954084, 3.6392597626440466, 3.639275709533423, 1.1639756397794587, 0.0]]}