{"total energy": -23.97907371, "HOMO-LUMO gap/eV": 3.97509244, "electronic energy": -24.25129432, "dipole": [-0.98489673, 0.1492549, 0.00129472], "partial charges": [-0.14647586, 0.08990272, -0.0377184, -0.03055011, -0.03055955, -0.03772103, 0.08989985, -0.14650859, 0.06857256, 0.05627957, 0.05629173, 0.0685871], "atomic dipole moments": [[0.05181374, -0.0210756, -0.00032432], [0.19434622, -0.12093307, -0.00198711], [0.05045359, 0.02548748, 0.00058557], [0.02401671, -0.00202051, -3.161e-05], [0.02352993, -0.00516468, -4.737e-05], [0.04064609, -0.0392739, -0.00066153], [0.22140179, 0.05788686, 0.00141656], [0.05574163, 0.00479523, 0.00019775], [-0.03003017, -0.15267139, -0.00294697], [-0.1421937, -0.05449917, -0.00123103], [-0.11963392, 0.09417848, 0.00158722], [0.01654818, 0.15469102, 0.00292955]], "atomic quadrupole moments": [[0.15878843, -0.34354614, 0.0465122, -0.00594461, 0.00424253, -0.20530063], [-0.07402293, -0.31971187, -0.20312822, -0.00655469, -0.00953714, 0.27715115], [-0.23430371, -0.00575005, -0.28028603, -0.00127652, -0.01502647, 0.51458973], [-0.27980437, -0.01593076, -0.25613, -0.00156183, -0.01498383, 0.53593437], [-0.26868455, 0.01981345, -0.26721907, -0.00087579, -0.01516028, 0.53590362], [-0.23505205, -0.008252, -0.27951426, -0.00127704, -0.01499948, 0.51456631], [0.09570425, 0.22703258, -0.37280939, 0.00403272, -0.01192889, 0.27710514], [0.34345537, 0.25143146, -0.13809794, 0.00561474, 0.00166711, -0.20535743], [0.03403699, -0.0103921, 0.02773125, -5.155e-05, 0.00166386, -0.06176825], [0.02843924, -0.00248883, 0.03902811, 0.00011079, 0.00201172, -0.06746735], [0.03079626, 0.00502837, 0.03669174, 0.00024247, 0.00197941, -0.06748801], [0.03936015, 0.00681473, 0.02243215, 0.00028292, 0.00161167, -0.0617923]], "number of molecular orbitals": 46, "number of electrons": 42, "number of unpaired electrons": 0, "orbital energies/eV": [-28.9055864, -28.88258787, -18.46251263, -17.48661624, -17.47026756, -16.39212241, -16.25411553, -15.08252073, -14.50338102, -14.24762527, -14.18089875, -13.8335506, -13.74058036, -12.59083591, -12.5400911, -12.51403133, -12.46975623, -11.5886208, -11.55170478, -11.35716046, -10.93207814, -6.9569857, -6.91399316, -4.22880964, -3.80198492, -3.61996911, 0.09575651, 0.25675757, 0.35179408, 0.3548057, 0.36013053, 0.36369955, 0.55171145, 0.83105351, 2.84405195, 2.84632011, 3.68389744, 3.9396532, 4.54756431, 4.62128247, 9.12174619, 9.5889138, 10.78612394, 10.96408772, 15.47692283, 16.07539805], "fractional occupation": [2.0, 2.0, 2.0, 2.0, 2.0, 2.0, 2.0, 2.0, 2.0, 2.0, 2.0, 2.0, 2.0, 2.0, 2.0, 2.0, 2.0, 2.0, 2.0, 2.0, 2.0, 0.0, 0.0, 0.0, 0.0, 0.0, 0.0, 0.0, 0.0, 0.0, 0.0, 0.0, 0.0, 0.0, 0.0, 0.0, 0.0, 0.0, 0.0, 0.0, 0.0, 0.0, 0.0, 0.0, 0.0, 0.0], "program call": "xtb /home/svss/Project-DBcg-Debug/aqme2_20220329/End-to-End-workflows-final/example-3/QDESCP/mol_602_rdkit_conf_1/mol_602_rdkit_conf_1.xyz --pop --wbo --acc 0.2 --gfn 2 --chrg 0 --uhf 0 --etemp 300 --input /home/svss/Project-DBcg-Debug/aqme2_20220329/End-to-End-workflows-final/example-3/QDESCP/mol_602_rdkit_conf_1/mol_602_rdkit_conf_1_xtb.inp", "method": "GFN2-xTB", "xtb version": "6.3.3 (7355c4f)", "Dipole module/D": 2.532, "Total charge": 0, "Transition dipole module/D": NaN, "HOMO": -10.9321, "LUMO": -6.957, "HOMO occupancy": 2.0, "LUMO occupancy": 0, "mulliken charges": [-0.10078, 0.09091, -0.0446, -0.02851, -0.02852, -0.0446, 0.09091, -0.10082, 0.04471, 0.0383, 0.03831, 0.04472], "cm5 charges": [-0.10179, 0.08696, -0.09632, -0.08361, -0.08363, -0.09633, 0.08696, -0.10182, 0.10121, 0.09355, 0.09357, 0.10124], "FUKUI+": [-0.149, -0.055, -0.053, -0.056, -0.056, -0.053, -0.055, -0.149, -0.092, -0.095, -0.095, -0.092], "FUKUI-": [-0.269, -0.03, -0.019, -0.046, -0.046, -0.019, -0.03, -0.269, -0.062, -0.074, -0.074, -0.062], "FUKUIrad": [-0.209, -0.043, -0.036, -0.051, -0.051, -0.036, -0.043, -0.209, -0.077, -0.084, -0.084, -0.077], "s proportion": [1.945, 1.081, 1.064, 1.06, 1.06, 1.064, 1.081, 1.945, 0.955, 0.962, 0.962, 0.955], "p proportion": [5.166, 2.828, 2.981, 2.968, 2.968, 2.981, 2.828, 5.166, 0.0, 0.0, 0.0, 0.0], "d proportion": [-0.01, 0.0, 0.0, 0.0, 0.0, 0.0, 0.0, -0.01, 0.0, 0.0, 0.0, 0.0], "Fermi-level/eV": -8.9445, "Coordination numbers": [0.964, 2.899, 2.955, 2.911, 2.911, 2.955, 2.899, 0.964, 0.925, 0.925, 0.925, 0.925], "Dispersion coefficient C6": [103.735, 26.0, 28.936, 28.762, 28.762, 28.936, 26.0, 103.736, 2.101, 2.243, 2.243, 2.101], "Total dispersion C6": 3355.902204, "Total dispersion C8": 103920.727473, "Polarizability alpha": [15.582, 8.36, 8.823, 8.794, 8.794, 8.823, 8.36, 15.582, 2.267, 2.342, 2.342, 2.267], "Total polarizability alpha": 92.337112, "Wiberg matrix": [[0.0, 0.99200157098304, 0.0, 0.0, 0.0, 0.0, 0.0, 0.0, 0.0, 0.0, 0.0, 0.0], [0.99200157098304, 0.0, 1.3970313927523101, 0.0, 0.0, 0.0, 1.3650848918224099, 0.0, 0.0, 0.0, 0.0, 0.0], [0.0, 1.3970313927523101, 0.0, 1.4403335522413427, 0.0, 0.10888244387892868, 0.0, 0.0, 0.9657727885057148, 0.0, 0.0, 0.0], [0.0, 0.0, 1.4403335522413427, 0.0, 1.4312952926035152, 0.0, 0.0, 0.0, 0.0, 0.9684538560851719, 0.0, 0.0], [0.0, 0.0, 0.0, 1.4312952926035152, 0.0, 1.4403065146647878, 0.0, 0.0, 0.0, 0.0, 0.9684594179915751, 0.0], [0.0, 0.0, 0.10888244387892868, 0.0, 1.4403065146647878, 0.0, 1.397074442369881, 0.0, 0.0, 0.0, 0.0, 0.965775040170044], [0.0, 1.3650848918224099, 0.0, 0.0, 0.0, 1.397074442369881, 0.0, 0.9919644768387444, 0.0, 0.0, 0.0, 0.0], [0.0, 0.0, 0.0, 0.0, 0.0, 0.0, 0.9919644768387444, 0.0, 0.0, 0.0, 0.0, 0.0], [0.0, 0.0, 0.9657727885057148, 0.0, 0.0, 0.0, 0.0, 0.0, 0.0, 0.0, 0.0, 0.0], [0.0, 0.0, 0.0, 0.9684538560851719, 0.0, 0.0, 0.0, 0.0, 0.0, 0.0, 0.0, 0.0], [0.0, 0.0, 0.0, 0.0, 0.9684594179915751, 0.0, 0.0, 0.0, 0.0, 0.0, 0.0, 0.0], [0.0, 0.0, 0.0, 0.0, 0.0, 0.965775040170044, 0.0, 0.0, 0.0, 0.0, 0.0, 0.0]], "Born radii": [], "Atomic SASAs": [], "Solvent H bonds": [], "Total SASA": NaN, "Total FOD": 0.0, "FOD": [0.0, 0.0, 0.0, 0.0, 0.0, 0.0, 0.0, 0.0, 0.0, 0.0, 0.0, 0.0], "FOD s proportion": [0.0, 0.0, 0.0, 0.0, 0.0, 0.0, 0.0, 0.0, 0.0, 0.0, 0.0, 0.0], "FOD p proportion": [0.0, 0.0, 0.0, 0.0, 0.0, 0.0, 0.0, 0.0, 0.0, 0.0, 0.0, 0.0], "FOD d proportion": [0.0, 0.0, 0.0, 0.0, 0.0, 0.0, 0.0, 0.0, 0.0, 0.0, 0.0, 0.0], "coordinates": [["2.31260", "-1.99630", "-0.03420"], ["1.01040", "-0.86080", "-0.01470"], ["-0.29400", "-1.36590", "-0.02620"], ["-1.38500", "-0.49480", "-0.01150"], ["-1.17610", "0.88310", "0.01490"], ["0.12410", "1.39170", "0.02650"], ["1.22010", "0.52270", "0.01170"], ["2.80040", "1.22130", "0.02740"], ["-0.46680", "-2.43940", "-0.04680"], ["-2.39760", "-0.89200", "-0.02050"], ["-2.02540", "1.56250", "0.02640"], ["0.27720", "2.46810", "0.04700"]],