{"total energy": -20.88744211, "HOMO-LUMO gap/eV": 11.70588859, "electronic energy": -21.14138224, "dipole": [-0.17789683, -0.59839802, -0.3548064], "partial charges": [-0.1041296, -0.06093482, 0.11564849, -0.45477748, -0.06721225, -0.09942091, 0.03449882, 0.03862821, 0.03378908, 0.04472919, 0.04613016, 0.011185, 0.28572861, 0.03406356, 0.04396553, 0.02868312, 0.03498113, 0.03444414], "atomic dipole moments": [[-0.07035458, 0.08111453, 0.00479334], [-0.03965393, -0.11031431, -0.06095288], [-0.08533063, 0.13291744, 0.07937219], [0.01287946, -0.21658397, -0.09326951], [-0.02915979, 0.0564466, -0.0986229], [0.08949659, 0.01862559, 0.04425001], [-0.0374973, -0.09871041, 0.06803], [0.11145707, 0.03276526, 0.04584383], [0.0183639, -0.03666017, -0.11920043], [-0.01166349, 0.03641718, 0.12043272], [0.05536479, 0.10075866, -0.04729038], [0.01369975, -0.01615369, -0.11854282], [-0.05414651, -0.01438141, -0.053872], [0.05824844, -0.10971799, 0.00250376], [-0.02792059, 0.0290742, 0.1207848], [0.01390041, -0.03004915, -0.12100219], [-0.05746482, -0.09704999, 0.05643252], [-0.07856422, 0.09765339, 0.00956578]], "atomic quadrupole moments": [[0.02721162, -0.16455576, 0.09652225, -0.01154754, 0.02206382, -0.12373386], [0.16449391, -0.1111212, -0.00194243, 0.12618255, 0.04153236, -0.16255147], [0.06189341, -0.1691031, 0.23655145, 0.03835232, -0.03447144, -0.29844486], [-0.01385168, -0.10207964, 0.11321216, 0.0197866, 0.0303582, -0.09936048], [0.12691921, 0.15095769, -0.03970905, 0.07314061, -0.10082776, -0.08721016], [0.14384427, 0.05648129, -0.10314518, 0.14129789, 0.02077914, -0.04069909], [-0.01458215, 0.03039328, 0.02780942, -0.03760526, -0.04583501, -0.01322727], [0.0512207, 0.02923787, -0.01485169, 0.04436536, 0.01878043, -0.03636901], [-0.04552101, -0.01255447, -0.03048579, -0.00412443, 0.02446389, 0.0760068], [-0.02111739, -0.01016732, -0.03500157, -0.01967544, 0.0056834, 0.05611896], [-0.002799, 0.02014772, 0.01361883, -0.01777496, -0.04447465, -0.01081983], [-0.01452787, -0.01607951, 0.00224654, -0.0041007, 0.01537488, 0.01228134], [0.05398755, -0.01183962, -0.05498456, 0.10708304, 0.02377799, 0.00099701], [0.01385447, -0.03530524, 0.0357473, -0.00012881, 0.00885125, -0.04960177], [-0.01354739, 0.00355388, -0.02829657, -0.01090438, 0.03592341, 0.04184395], [-0.0232819, -0.00641496, -0.0483304, -0.0224243, 0.02724563, 0.07161231], [-0.01085033, 0.03980022, 0.02595099, -0.01344428, -0.05205416, -0.01510066], [-0.00565523, -0.05085929, 0.04762659, 0.00561361, 0.0179548, -0.04197135]], "number of molecular orbitals": 36, "number of electrons": 38, "number of unpaired electrons": 0, "orbital energies/eV": [-18.4401457, -17.13708153, -16.7471055, -16.25299161, -15.61085723, -15.28570544, -14.98410848, -14.25498741, -13.9542358, -13.59915633, -13.35846734, -12.79768281, -12.66620447, -12.55584972, -12.26201326, -11.94666789, -11.71304457, -11.58757434, -10.91504118, 0.79084741, 1.82538829, 2.94261458, 3.20478617, 3.32746392, 3.69499035, 3.92537452, 4.47695638, 4.88323091, 4.97473456, 5.41802093, 5.77840709, 6.769131, 6.83596631, 7.24132815, 7.8853897, 7.99317265], "fractional occupation": [2.0, 2.0, 2.0, 2.0, 2.0, 2.0, 2.0, 2.0, 2.0, 2.0, 2.0, 2.0, 2.0, 2.0, 2.0, 2.0, 2.0, 2.0, 2.0, 0.0, 0.0, 0.0, 0.0, 0.0, 0.0, 0.0, 0.0, 0.0, 0.0, 0.0, 0.0, 0.0, 0.0, 0.0, 0.0, 0.0], "program call": "xtb /home/svss/Project-DBcg-Debug/aqme2_20220329/End-to-End-workflows-final/example-3/QDESCP/mol_993_rdkit_conf_6/mol_993_rdkit_conf_6.xyz --pop --wbo --acc 0.2 --gfn 2 --chrg 0 --uhf 0 --etemp 300 --input /home/svss/Project-DBcg-Debug/aqme2_20220329/End-to-End-workflows-final/example-3/QDESCP/mol_993_rdkit_conf_6/mol_993_rdkit_conf_6_xtb.inp", "method": "GFN2-xTB", "xtb version": "6.3.3 (7355c4f)", "Dipole module/D": 1.825, "Total charge": 0, "Transition dipole module/D": NaN, "HOMO": -10.915, "LUMO": 0.7908, "HOMO occupancy": 2.0, "LUMO occupancy": 0, "mulliken charges": [-0.08957, -0.05006, 0.21814, -0.57153, -0.06502, -0.08299, 0.02607, 0.03265, 0.02583, 0.03515, 0.03809, 0.00693, 0.33396, 0.02394, 0.03615, 0.02245, 0.03139, 0.02842], "cm5 charges": [-0.23983, -0.15689, 0.17058, -0.78248, -0.17311, -0.23319, 0.07786, 0.08344, 0.07733, 0.09212, 0.09536, 0.07339, 0.50404, 0.07986, 0.09329, 0.07423, 0.08223, 0.08176], "FUKUI+": [0.001, -0.002, -0.042, -0.166, 0.02, 0.022, -0.049, -0.075, -0.05, -0.063, -0.067, -0.09, -0.144, -0.084, -0.059, -0.042, -0.077, -0.032], "FUKUI-": [0.024, 0.011, -0.005, -0.121, -0.011, 0.024, -0.086, -0.074, -0.06, -0.091, -0.118, -0.099, -0.057, -0.072, -0.058, -0.052, -0.101, -0.054], "FUKUIrad": [0.013, 0.005, -0.024, -0.144, 0.004, 0.023, -0.068, -0.075, -0.055, -0.077, -0.093, -0.095, -0.101, -0.078, -0.058, -0.047, -0.089, -0.043], "s proportion": [1.008, 1.032, 1.02, 1.698, 1.036, 1.008, 0.974, 0.967, 0.974, 0.965, 0.962, 0.993, 0.666, 0.976, 0.964, 0.978, 0.969, 0.972], "p proportion": [3.081, 3.018, 2.762, 4.873, 3.029, 3.075, 0.0, 0.0, 0.0, 0.0, 0.0, 0.0, 0.0, 0.0, 0.0, 0.0, 0.0, 0.0], "d proportion": [0.0, 0.0, 0.0, 0.0, 0.0, 0.0, 0.0, 0.0, 0.0, 0.0, 0.0, 0.0, 0.0, 0.0, 0.0, 0.0, 0.0, 0.0], "Fermi-level/eV": -5.0621, "Coordination numbers": [3.749, 3.799, 3.724, 1.653, 3.799, 3.749, 0.924, 0.924, 0.924, 0.924, 0.924, 0.924, 0.804, 0.924, 0.924, 0.924, 0.924, 0.924], "Dispersion coefficient C6": [22.555, 21.673, 18.789, 21.943, 21.79, 22.464, 2.524, 2.467, 2.533, 2.387, 2.369, 2.871, 0.766, 2.53, 2.397, 2.605, 2.517, 2.524], "Total dispersion C6": 2121.967658, "Total dispersion C8": 43626.436428, "Polarizability alpha": [6.773, 6.628, 6.19, 6.323, 6.646, 6.76, 2.484, 2.456, 2.489, 2.416, 2.407, 2.65, 1.375, 2.487, 2.421, 2.524, 2.481, 2.485], "Total polarizability alpha": 67.99681, "Wiberg matrix": [[0.0, 1.0206850492671717, 0.0, 0.0, 0.0, 0.0, 0.985467105952475, 0.9867107327810154, 0.987257746520975, 0.0, 0.0, 0.0, 0.0, 0.0, 0.0, 0.0, 0.0, 0.0], [1.0206850492671717, 0.0, 0.9930600801714096, 0.0, 0.0, 0.0, 0.0, 0.0, 0.0, 0.9757715909835528, 0.9750824687598675, 0.0, 0.0, 0.0, 0.0, 0.0, 0.0, 0.0], [0.0, 0.9930600801714096, 0.0, 0.9787948501465475, 0.9890532824447547, 0.0, 0.0, 0.0, 0.0, 0.0, 0.0, 0.9649364027955929, 0.0, 0.0, 0.0, 0.0, 0.0, 0.0], [0.0, 0.0, 0.9787948501465475, 0.0, 0.0, 0.0, 0.0, 0.0, 0.0, 0.0, 0.0, 0.0, 0.9008349676348752, 0.0, 0.0, 0.0, 0.0, 0.0], [0.0, 0.0, 0.9890532824447547, 0.0, 0.0, 1.0192544493075597, 0.0, 0.0, 0.0, 0.0, 0.0, 0.0, 0.0, 0.9739819572310939, 0.9761730839751019, 0.0, 0.0, 0.0], [0.0, 0.0, 0.0, 0.0, 1.0192544493075597, 0.0, 0.0, 0.0, 0.0, 0.0, 0.0, 0.0, 0.0, 0.0, 0.0, 0.9875508738185206, 0.9867164609167911, 0.9848121410919494], [0.985467105952475, 0.0, 0.0, 0.0, 0.0, 0.0, 0.0, 0.0, 0.0, 0.0, 0.0, 0.0, 0.0, 0.0, 0.0, 0.0, 0.0, 0.0], [0.9867107327810154, 0.0, 0.0, 0.0, 0.0, 0.0, 0.0, 0.0, 0.0, 0.0, 0.0, 0.0, 0.0, 0.0, 0.0, 0.0, 0.0, 0.0], [0.987257746520975, 0.0, 0.0, 0.0, 0.0, 0.0, 0.0, 0.0, 0.0, 0.0, 0.0, 0.0, 0.0, 0.0, 0.0, 0.0, 0.0, 0.0], [0.0, 0.9757715909835528, 0.0, 0.0, 0.0, 0.0, 0.0, 0.0, 0.0, 0.0, 0.0, 0.0, 0.0, 0.0, 0.0, 0.0, 0.0, 0.0], [0.0, 0.9750824687598675, 0.0, 0.0, 0.0, 0.0, 0.0, 0.0, 0.0, 0.0, 0.0, 0.0, 0.0, 0.0, 0.0, 0.0, 0.0, 0.0], [0.0, 0.0, 0.9649364027955929, 0.0, 0.0, 0.0, 0.0, 0.0, 0.0, 0.0, 0.0, 0.0, 0.0, 0.0, 0.0, 0.0, 0.0, 0.0], [0.0, 0.0, 0.0, 0.9008349676348752, 0.0, 0.0, 0.0, 0.0, 0.0, 0.0, 0.0, 0.0, 0.0, 0.0, 0.0, 0.0, 0.0, 0.0], [0.0, 0.0, 0.0, 0.0, 0.9739819572310939, 0.0, 0.0, 0.0, 0.0, 0.0, 0.0, 0.0, 0.0, 0.0, 0.0, 0.0, 0.0, 0.0], [0.0, 0.0, 0.0, 0.0, 0.9761730839751019, 0.0, 0.0, 0.0, 0.0, 0.0, 0.0, 0.0, 0.0, 0.0, 0.0, 0.0, 0.0, 0.0], [0.0, 0.0, 0.0, 0.0, 0.0, 0.9875508738185206, 0.0, 0.0, 0.0, 0.0, 0.0, 0.0, 0.0, 0.0, 0.0, 0.0, 0.0, 0.0], [0.0, 0.0, 0.0, 0.0, 0.0, 0.9867164609167911, 0.0, 0.0, 0.0, 0.0, 0.0, 0.0, 0.0, 0.0, 0.0, 0.0, 0.0, 0.0], [0.0, 0.0, 0.0, 0.0, 0.0, 0.9848121410919494, 0.0, 0.0, 0.0, 0.0, 0.0, 0.0, 0.0, 0.0, 0.0, 0.0, 0.0, 0.0]], "Born radii": [], "Atomic SASAs": [], "Solvent H bonds": [], "Total SASA": NaN, "Total FOD": 0.0,