{"total energy": -23.51087528, "HOMO-LUMO gap/eV": 3.80024296, "electronic energy": -23.78730406, "dipole": [-0.74376681, -0.14170018, -0.02237929], "partial charges": [-0.15906555, 0.09959689, -0.03750428, -0.03284434, 0.08209847, -0.14783848, -0.0328385, -0.03749565, 0.06684181, 0.0661135, 0.06610621, 0.06682991], "atomic dipole moments": [[-0.05448525, -0.01037543, -0.00163313], [-0.24016169, -0.04574524, -0.0072381], [-0.01732635, 0.03606772, -0.00087601], [-0.0091506, 0.02594143, -0.00056969], [0.17689927, 0.03369538, 0.00534056], [-0.58388124, -0.11123014, -0.01756297], [0.0010047, -0.02749271, 0.00028225], [-0.00286278, -0.03994757, 0.00031402], [-0.04854193, -0.1487018, -0.00013413], [0.10183334, -0.11730999, 0.00438418], [0.05168421, 0.14658724, 0.00024297], [-0.09970406, 0.120469, -0.00434845]], "atomic quadrupole moments": [[0.42209611, 0.12686377, -0.21973806, 0.01872642, 0.00420831, -0.20235805], [0.16142295, 0.12123586, -0.45380916, -0.00537306, 0.0110085, 0.29238621], [-0.24181225, -0.01203317, -0.27726775, -0.0241724, 0.00725245, 0.51908], [-0.23338002, 0.02790116, -0.28389384, -0.0242366, 0.00855121, 0.51727386], [0.10924204, 0.103915, -0.41830873, -0.00741368, 0.01026531, 0.30906669], [0.74130272, 0.2141494, -0.34188316, 0.0343708, 0.00627022, -0.39941955], [-0.22085613, -0.00380108, -0.29646912, -0.02353341, 0.00771295, 0.51732525], [-0.25454288, 0.0202121, -0.26451249, -0.02490832, 0.00816337, 0.51905537], [0.03777294, -0.00016464, 0.02229951, 0.00312481, -0.00079889, -0.06007245], [0.03730584, 0.01630967, 0.02974669, 0.00317229, -0.00039981, -0.06705253], [0.04739736, -0.00925313, 0.01960254, 0.00374348, -0.00112633, -0.0669999], [0.03554324, 0.0055046, 0.02452364, 0.00299742, -0.0006308, -0.06006688]], "number of molecular orbitals": 46, "number of electrons": 42, "number of unpaired electrons": 0, "orbital energies/eV": [-29.1054983, -23.02244655, -18.63110362, -17.71329722, -17.68071955, -16.66789021, -16.36993974, -15.24197012, -14.68887598, -14.39002944, -14.26900535, -13.98578512, -13.93430715, -13.07120431, -12.75970542, -12.7318938, -12.00115125, -11.8018468, -11.77638529, -11.44352236, -11.01317589, -7.21293293, -7.20307535, -5.78099809, -4.07369541, -3.92284784, -0.02499383, 0.15421522, 0.15588333, 0.51521696, 0.71140882, 0.8249158, 0.86449937, 1.9529238, 2.62595268, 2.81388753, 3.69944369, 4.08234023, 4.92865775, 7.77273136, 9.51459306, 9.83505092, 11.26905546, 13.21563284, 15.41189569, 16.16047458], "fractional occupation": [2.0, 2.0, 2.0, 2.0, 2.0, 2.0, 2.0, 2.0, 2.0, 2.0, 2.0, 2.0, 2.0, 2.0, 2.0, 2.0, 2.0, 2.0, 2.0, 2.0, 2.0, 0.0, 0.0, 0.0, 0.0, 0.0, 0.0, 0.0, 0.0, 0.0, 0.0, 0.0, 0.0, 0.0, 0.0, 0.0, 0.0, 0.0, 0.0, 0.0, 0.0, 0.0, 0.0, 0.0, 0.0, 0.0], "program call": "xtb /home/svss/Project-DBcg-Debug/aqme2_20220329/End-to-End-workflows-final/example-3/QDESCP/mol_666_rdkit_conf_1/mol_666_rdkit_conf_1.xyz --pop --wbo --acc 0.2 --gfn 2 --chrg 0 --uhf 0 --etemp 300 --input /home/svss/Project-DBcg-Debug/aqme2_20220329/End-to-End-workflows-final/example-3/QDESCP/mol_666_rdkit_conf_1/mol_666_rdkit_conf_1_xtb.inp", "method": "GFN2-xTB", "xtb version": "6.3.3 (7355c4f)", "Dipole module/D": 1.925, "Total charge": 0, "Transition dipole module/D": NaN, "HOMO": -11.0132, "LUMO": -7.2129, "HOMO occupancy": 2.0, "LUMO occupancy": 0, "mulliken charges": [-0.11315, 0.10862, -0.0458, -0.03807, 0.06918, -0.06782, -0.03807, -0.04579, 0.04387, 0.04159, 0.04158, 0.04386], "cm5 charges": [-0.11516, 0.10129, -0.09767, -0.09118, 0.04782, -0.05262, -0.09116, -0.09765, 0.10034, 0.09785, 0.09784, 0.10032], "FUKUI+": [-0.154, -0.062, -0.05, -0.051, -0.06, -0.16, -0.051, -0.05, -0.092, -0.09, -0.09, -0.092], "FUKUI-": [-0.283, -0.033, -0.029, -0.027, -0.04, -0.277, -0.027, -0.029, -0.065, -0.064, -0.064, -0.065], "FUKUIrad": [-0.218, -0.047, -0.039, -0.039, -0.05, -0.218, -0.039, -0.039, -0.078, -0.077, -0.077, -0.078], "s proportion": [1.943, 1.078, 1.063, 1.066, 1.101, 1.947, 1.066, 1.063, 0.956, 0.958, 0.958, 0.956], "p proportion": [5.18, 2.813, 2.983, 2.972, 2.83, 5.115, 2.972, 2.983, 0.0, 0.0, 0.0, 0.0], "d proportion": [-0.01, 0.0, 0.0, 0.0, 0.0, 0.005, 0.0, 0.0, 0.0, 0.0, 0.0, 0.0], "Fermi-level/eV": -9.1131, "Coordination numbers": [0.965, 2.879, 2.948, 2.986, 2.906, 1.068, 2.986, 2.948, 0.925, 0.925, 0.925, 0.925], "Dispersion coefficient C6": [104.137, 25.791, 28.932, 28.81, 26.169, 189.126, 28.81, 28.932, 2.121, 2.129, 2.129, 2.121], "Total dispersion C6": 3776.868786, "Total dispersion C8": 133841.1213, "Polarizability alpha": [15.612, 8.325, 8.822, 8.805, 8.388, 22.174, 8.805, 8.822, 2.277, 2.282, 2.282, 2.277], "Total polarizability alpha": 98.870622, "Wiberg matrix": [[0.0, 0.9890173205905821, 0.0, 0.0, 0.0, 0.0, 0.0, 0.0, 0.0, 0.0, 0.0, 0.0], [0.9890173205905821, 0.0, 1.3971997873632809, 0.0, 0.0, 0.0, 0.0, 1.3972222759662638, 0.0, 0.0, 0.0, 0.0], [0.0, 1.3971997873632809, 0.0, 1.4412982089877717, 0.0, 0.0, 0.1078771772526715, 0.0, 0.9654356799384762, 0.0, 0.0, 0.0], [0.0, 0.0, 1.4412982089877717, 0.0, 1.4036400040686172, 0.0, 0.0, 0.1078625820312824, 0.0, 0.9667030030051285, 0.0, 0.0], [0.0, 0.0, 0.0, 1.4036400040686172, 0.0, 0.9964573569055721, 1.4036179602695353, 0.0, 0.0, 0.0, 0.0, 0.0], [0.0, 0.0, 0.0, 0.0, 0.9964573569055721, 0.0, 0.0, 0.0, 0.0, 0.0, 0.0, 0.0], [0.0, 0.0, 0.1078771772526715, 0.0, 1.4036179602695353, 0.0, 0.0, 1.441302971965892, 0.0, 0.0, 0.9666995631040413, 0.0], [0.0, 1.3972222759662638, 0.0, 0.1078625820312824, 0.0, 0.0, 1.441302971965892, 0.0, 0.0, 0.0, 0.0, 0.9654290315011852], [0.0, 0.0, 0.9654356799384762, 0.0, 0.0, 0.0, 0.0, 0.0, 0.0, 0.0, 0.0, 0.0], [0.0, 0.0, 0.0, 0.9667030030051285, 0.0, 0.0, 0.0, 0.0, 0.0, 0.0, 0.0, 0.0], [0.0, 0.0, 0.0, 0.0, 0.0, 0.0, 0.9666995631040413, 0.0, 0.0, 0.0, 0.0, 0.0], [0.0, 0.0, 0.0, 0.0, 0.0, 0.0, 0.0, 0.9654290315011852, 0.0, 0.0, 0.0, 0.0]], "Born radii": [], "Atomic SASAs": [], "Solvent H bonds": [], "Total SASA": NaN, "Total FOD": 0.0, "FOD": [0.0, 0.0, 0.0, 0.0, 0.0, 0.0, 0.0, 0.0, 0.0, 0.0, 0.0, 0.0], "FOD s proportion": [0.0, 0.0, 0.0, 0.0, 0.0, 0.0, 0.0, 0.0, 0.0, 0.0, 0.0, 0.0], "FOD p proportion": [0.0, 0.0, 0.0, 0.0, 0.0, 0.0, 0.0, 0.0, 0.0, 0.0, 0.0, 0.0], "FOD d proportion": [0.0, 0.0, 0.0, 0.0, 0.0, 0.0, 0.0, 0.0, 0.0, 0.0, 0.0, 0.0], "coordinates": [["-3.06790", "-0.58450", "-0.09230"], ["-1.37880", "-0.26270", "-0.04150"], ["-0.47290", "-1.32270", "-0.00240"], ["0.89890", "-1.06210", "0.03880"], ["1.35170", "0.25750", "0.04070"], ["3.20770", "0.61110", "0.09650"], ["0.44650", "1.31840", "0.00160"], ["-0.92500", "1.05630", "-0.03960"], ["-0.82710", "-2.35020", "-0.00390"], ["1.60190", "-1.89050", "0.06920"], ["0.79650", "2.34750", "0.00290"], ["-1.63140", "1.88180", "-0.07010"]],