{"total energy": -20.88350852, "HOMO-LUMO gap/eV": 12.00226021, "electronic energy": -21.13588758, "dipole": [0.01731088, 0.37266274, 0.52414012], "partial charges": [-0.09957076, -0.05493504, -0.01298433, -0.10410861, 0.08583335, -0.4407537, 0.0285111, 0.03519036, 0.03196358, 0.04855654, 0.02981658, 0.02814195, 0.04978277, 0.03201481, 0.03174787, 0.01394842, 0.0162974, 0.28054768], "atomic dipole moments": [[-0.08883888, -0.04682991, -0.01983722], [0.00653289, 0.0649514, 0.10234526], [-0.03132444, 0.05172875, -0.07018287], [0.09307216, 0.05596156, 0.03100794], [-0.03955462, -0.00086709, -0.19175821], [0.0333256, 0.05319436, 0.23659821], [0.03830231, -0.02620977, 0.11629026], [-0.00556818, 0.12540189, -0.01465831], [0.08812461, -0.04023161, -0.07780807], [-0.03064579, 0.02901678, -0.12115759], [0.0223446, -0.11926995, -0.00495411], [0.03329494, -0.03927437, 0.11073142], [-0.04701061, 0.02640011, -0.11855044], [-0.09275878, 0.01952836, 0.08171862], [0.02265302, -0.12250674, 0.00267703], [-0.09191875, 0.02512827, 0.06703342], [0.08791656, 0.06868231, 0.03434808], [-0.01402905, 0.07574864, 0.02138832]], "atomic quadrupole moments": [[0.14399131, 0.12799762, -0.05066482, 0.06011328, 0.04579525, -0.09332649], [0.19820942, 0.09965068, -0.12392635, -0.09052131, 0.08920581, -0.07428306], [0.05614642, 0.02355691, 0.09734716, -0.06989315, 0.08774571, -0.15349358], [0.12836462, 0.14172948, -0.01120312, 0.05039938, 0.05760164, -0.11716149], [-0.26625839, -0.11208618, 0.00748281, 0.16138286, -0.20436445, 0.25877557], [-0.1053146, -0.03227064, -0.03906315, 0.06634878, -0.05753318, 0.14437775], [-0.03276016, 0.00507416, -0.03529123, 0.02592314, -0.03269594, 0.06805139], [-0.02558799, -0.02067709, 0.07377825, 0.01099118, -0.0101192, -0.04819026], [0.01878648, -0.02062573, -0.0248761, -0.0535908, 0.03954922, 0.00608962], [-0.00586867, -0.00503957, -0.02261208, 0.02365434, -0.03533557, 0.02848076], [-0.01095892, -0.00861047, 0.05648634, -0.00751033, -0.01224417, -0.04552742], [-0.0143863, -0.00569904, -0.01318785, 0.0205161, -0.01464841, 0.02757415], [-0.02925848, -0.00043871, -0.02797915, 0.02713288, -0.03772223, 0.05723764], [0.02061624, -0.01292813, -0.03739847, -0.05699662, 0.0301248, 0.01678223], [-0.02182135, -0.03222955, 0.07412034, 0.00863966, -0.00192903, -0.05229899], [0.01625903, -0.01192023, -0.02931177, -0.03370477, -0.01801274, 0.01305274], [0.02510862, 0.02746496, -0.01093437, 0.03127373, -0.01309502, -0.01417425], [-0.07950274, -0.04926271, 0.12301403, 0.00651571, 0.01348532, -0.04351129]], "number of molecular orbitals": 36, "number of electrons": 38, "number of unpaired electrons": 0, "orbital energies/eV": [-18.51047403, -17.11746439, -16.43341453, -16.16932151, -15.42398317, -15.34574113, -14.94040231, -14.24459791, -13.81216301, -13.46767924, -13.12426284, -12.95377249, -12.79114353, -12.27397374, -11.87655616, -11.73513474, -11.46075006, -11.38378604, -10.97807305, 1.02418716, 2.17315321, 2.49151956, 2.64888169, 3.54955423, 3.8535863, 4.08005961, 4.85554712, 5.01393342, 5.20630545, 5.94680553, 6.04132887, 6.59029874, 6.72263256, 7.25944447, 7.63426539, 8.11655829], "fractional occupation": [2.0, 2.0, 2.0, 2.0, 2.0, 2.0, 2.0, 2.0, 2.0, 2.0, 2.0, 2.0, 2.0, 2.0, 2.0, 2.0, 2.0, 2.0, 2.0, 0.0, 0.0, 0.0, 0.0, 0.0, 0.0, 0.0, 0.0, 0.0, 0.0, 0.0, 0.0, 0.0, 0.0, 0.0, 0.0, 0.0], "program call": "xtb /home/svss/Project-DBcg-Debug/aqme2_20220329/End-to-End-workflows-final/example-3/QDESCP/mol_17_rdkit_conf_1/mol_17_rdkit_conf_1.xyz --pop --wbo --acc 0.2 --gfn 2 --chrg 0 --uhf 0 --etemp 300 --input /home/svss/Project-DBcg-Debug/aqme2_20220329/End-to-End-workflows-final/example-3/QDESCP/mol_17_rdkit_conf_1/mol_17_rdkit_conf_1_xtb.inp", "method": "GFN2-xTB", "xtb version": "6.3.3 (7355c4f)", "Dipole module/D": 1.635, "Total charge": 0, "Transition dipole module/D": NaN, "HOMO": -10.9781, "LUMO": 1.0242, "HOMO occupancy": 2.0, "LUMO occupancy": 0, "mulliken charges": [-0.08523, -0.03934, -0.01068, -0.08514, 0.19324, -0.56892, 0.02165, 0.02948, 0.02836, 0.03766, 0.02034, 0.016, 0.04107, 0.02477, 0.02505, 0.00835, 0.00814, 0.3352], "cm5 charges": [-0.2355, -0.14856, -0.08012, -0.2325, 0.10806, -0.78457, 0.07315, 0.08196, 0.07916, 0.09514, 0.07537, 0.07458, 0.09499, 0.0766, 0.0765, 0.07106, 0.07128, 0.50341], "FUKUI+": [0.017, -0.013, -0.02, 0.019, -0.008, -0.124, -0.041, -0.029, -0.066, -0.047, -0.06, -0.11, -0.047, -0.073, -0.063, -0.101, -0.094, -0.141], "FUKUI-": [0.022, 0.004, -0.004, 0.021, 0.023, -0.114, -0.087, -0.069, -0.075, -0.098, -0.09, -0.077, -0.057, -0.065, -0.059, -0.108, -0.105, -0.062], "FUKUIrad": [0.02, -0.004, -0.012, 0.02, 0.007, -0.119, -0.064, -0.049, -0.071, -0.073, -0.075, -0.094, -0.052, -0.069, -0.061, -0.104, -0.1, -0.101], "s proportion": [1.007, 1.03, 1.056, 1.011, 0.993, 1.694, 0.978, 0.971, 0.972, 0.962, 0.98, 0.984, 0.959, 0.975, 0.975, 0.992, 0.992, 0.665], "p proportion": [3.078, 3.01, 2.955, 3.074, 2.814, 4.875, 0.0, 0.0, 0.0, 0.0, 0.0, 0.0, 0.0, 0.0, 0.0, 0.0, 0.0, 0.0], "d proportion": [0.0, 0.0, 0.0, 0.0, 0.0, 0.0, 0.0, 0.0, 0.0, 0.0, 0.0, 0.0, 0.0, 0.0, 0.0, 0.0, 0.0, 0.0], "Fermi-level/eV": -4.9769, "Coordination numbers": [3.749, 3.801, 3.847, 3.752, 3.675, 1.653, 0.924, 0.924, 0.924, 0.924, 0.924, 0.924, 0.924, 0.924, 0.924, 0.924, 0.924, 0.804], "Dispersion coefficient C6": [22.467, 21.561, 20.774, 22.549, 19.372, 21.657, 2.608, 2.514, 2.559, 2.338, 2.589, 2.613, 2.323, 2.558, 2.562, 2.827, 2.79, 0.783], "Total dispersion C6": 2130.861425, "Total dispersion C8": 43709.172997, "Polarizability alpha": [6.76, 6.611, 6.483, 6.772, 6.306, 6.282, 2.525, 2.48, 2.502, 2.391, 2.516, 2.528, 2.383, 2.501, 2.503, 2.629, 2.612, 1.39], "Total polarizability alpha": 68.176178, "Wiberg matrix": [[0.0, 1.020641486224717, 0.0, 0.0, 0.0, 0.0, 0.9876166925956258, 0.9861869113725772, 0.9870408838301494, 0.0, 0.0, 0.0, 0.0, 0.0, 0.0, 0.0, 0.0, 0.0], [1.020641486224717, 0.0, 0.9954417169143571, 0.0, 0.0, 0.0, 0.0, 0.0, 0.0, 0.9761583699916858, 0.9771833888368793, 0.0, 0.0, 0.0, 0.0, 0.0, 0.0, 0.0], [0.0, 0.9954417169143571, 0.0, 1.0082164554991704, 0.9938652921806234, 0.0, 0.0, 0.0, 0.0, 0.0, 0.0, 0.967458666325367, 0.0, 0.0, 0.0, 0.0, 0.0, 0.0], [0.0, 0.0, 1.0082164554991704, 0.0, 0.0, 0.0, 0.0, 0.0, 0.0, 0.0, 0.0, 0.0, 0.9861261208427746, 0.9865403409348081, 0.9870260452817714, 0.0, 0.0, 0.0], [0.0, 0.0, 0.9938652921806234, 0.0, 0.0, 0.9906054655903864, 0.0, 0.0, 0.0, 0.0, 0.0, 0.0, 0.0, 0.0, 0.0, 0.9722570530684611, 0.9711674460611784, 0.0], [0.0, 0.0, 0.0, 0.0, 0.9906054655903864, 0.0, 0.0, 0.0, 0.0, 0.0, 0.0, 0.0, 0.0, 0.0, 0.0, 0.0, 0.0, 0.9085829532536853], [0.9876166925956258, 0.0, 0.0, 0.0, 0.0, 0.0, 0.0, 0.0, 0.0, 0.0, 0.0, 0.0, 0.0, 0.0, 0.0, 0.0, 0.0, 0.0], [0.9861869113725772, 0.0, 0.0, 0.0, 0.0, 0.0, 0.0, 0.0, 0.0, 0.0, 0.0, 0.0, 0.0, 0.0, 0.0, 0.0, 0.0, 0.0], [0.9870408838301494, 0.0, 0.0, 0.0, 0.0, 0.0, 0.0, 0.0, 0.0, 0.0, 0.0, 0.0, 0.0, 0.0, 0.0, 0.0, 0.0, 0.0], [0.0, 0.9761583699916858, 0.0, 0.0, 0.0, 0.0, 0.0, 0.0, 0.0, 0.0, 0.0, 0.0, 0.0, 0.0, 0.0, 0.0, 0.0, 0.0], [0.0, 0.9771833888368793, 0.0, 0.0, 0.0, 0.0, 0.0, 0.0, 0.0, 0.0, 0.0, 0.0, 0.0, 0.0, 0.0, 0.0, 0.0, 0.0], [0.0, 0.0, 0.967458666325367, 0.0, 0.0, 0.0, 0.0, 0.0, 0.0, 0.0, 0.0, 0.0, 0.0, 0.0, 0.0, 0.0, 0.0, 0.0], [0.0, 0.0, 0.0, 0.9861261208427746, 0.0, 0.0, 0.0, 0.0, 0.0, 0.0, 0.0, 0.0, 0.0, 0.0, 0.0, 0.0, 0.0, 0.0], [0.0, 0.0, 0.0, 0.9865403409348081, 0.0, 0.0, 0.0, 0.0, 0.0, 0.0, 0.0, 0.0, 0.0, 0.0, 0.0, 0.0, 0.0, 0.0], [0.0, 0.0, 0.0, 0.9870260452817714, 0.0, 0.0, 0.0, 0.0, 0.0, 0.0, 0.0, 0.0, 0.0, 0.0, 0.0, 0.0, 0.0, 0.0], [0.0, 0.0, 0.0, 0.0, 0.9722570530684611, 0.0, 0.0, 0.0, 0.0, 0.0, 0.0, 0.0, 0.0, 0.0, 0.0, 0.0, 0.0, 0.0], [0.0, 0.0, 0.0, 0.0, 0.9711674460611784, 0.0, 0.0, 0.0, 0.0, 0.0, 0.0, 0.0, 0.0, 0.0, 0.0, 0.0, 0.0, 0.0], [0.0, 0.0, 0.0, 0.0, 0.0, 0.9085829532536853, 0.0, 0.0, 0.0, 0.0, 0.0, 0.0, 0.0, 0.0, 0.0, 0.0, 0.0, 0.0]], "Born radii": [], "Atomic SASAs": [], "Solvent H bonds": [], "Total SASA": NaN, "Total FOD": 0.0,