{"total energy": -17.70555819, "HOMO-LUMO gap/eV": 6.99089506, "electronic energy": -17.89648789, "dipole": [-0.38405389, 0.05311768, -0.78931457], "partial charges": [-0.10191564, -0.05206967, -0.06034818, 0.03438649, -0.21295195, 0.0359877, 0.03234258, 0.03764973, 0.03371859, 0.04529951, 0.04751324, 0.04335764, 0.05506858, 0.06196139], "atomic dipole moments": [[0.05797129, 0.08870742, 0.01216043], [0.04544223, -0.08213178, -0.08276522], [0.00424005, -0.1035081, 0.07275386], [0.02114737, 0.06849243, 0.19113782], [-0.02052457, -0.00684146, -0.1082204], [-0.10918189, 0.0118561, 0.06159646], [-0.02779049, -0.0203745, -0.121088], [0.05627454, -0.10326287, 0.0470404], [-0.06884686, 0.09545479, -0.0303832], [0.02042773, 0.01805788, 0.12393226], [0.05472963, 0.11169597, 0.01474314], [-0.03136071, 0.00224824, -0.11950036], [0.10199409, 0.00998475, -0.07776207], [-0.0494177, -0.11950492, -0.02443404]], "atomic quadrupole moments": [[-0.00809048, 0.1562349, 0.12151597, 0.01714213, 0.0464185, -0.11342549], [0.10538009, 0.14429936, 0.01657101, -0.13583115, 0.03088968, -0.1219511], [0.11129828, -0.15592653, -0.02129974, -0.09129616, -0.05314581, -0.08999854], [-0.14775914, -0.12281263, -0.18187128, 0.24240022, -0.00998089, 0.32963042], [-0.18866525, -0.0009612, -0.27686606, 0.26636348, 0.02288218, 0.46553131], [0.04512734, -0.00999375, -0.02599917, -0.05713931, 0.01535338, -0.01912817], [-0.04637153, 0.01082245, -0.03261817, 0.01760671, 0.00703924, 0.0789897], [0.00276327, -0.04451592, 0.02985766, 0.03344274, -0.02884483, -0.03262092], [0.00997051, -0.02815914, 0.02204469, 0.01240465, -0.03343046, -0.03201519], [-0.01584259, 0.01615677, -0.03096852, 0.02683527, -0.00735662, 0.04681111], [0.01062647, 0.02913159, 0.0291508, 0.00158897, 0.02840073, -0.03977726], [-0.0105616, -0.00896884, -0.04426214, 0.02378926, 0.01992331, 0.05482374], [0.02965523, 0.00604608, -0.03526555, -0.02046484, -0.01635899, 0.00561032], [-0.00820983, 0.03376245, 0.02326434, 0.01721522, -0.01108659, -0.01505451]], "number of molecular orbitals": 34, "number of electrons": 32, "number of unpaired electrons": 0, "orbital energies/eV": [-28.46731431, -17.41390733, -16.75385818, -16.11716514, -15.27553936, -14.48936542, -14.37726098, -13.73317417, -13.42074703, -13.25674054, -12.80945498, -12.12095053, -12.08116716, -11.82110318, -11.12484551, -11.07053067, -4.07963561, 0.52684497, 0.6984251, 0.87532879, 0.88194359, 1.90920461, 2.65673135, 3.0284514, 3.51510539, 3.59445369, 3.99237216, 4.41148154, 4.98639627, 5.80939039, 6.11848071, 6.70985887, 7.21326652, 7.67884531], "fractional occupation": [2.0, 2.0, 2.0, 2.0, 2.0, 2.0, 2.0, 2.0, 2.0, 2.0, 2.0, 2.0, 2.0, 2.0, 2.0, 2.0, 0.0, 0.0, 0.0, 0.0, 0.0, 0.0, 0.0, 0.0, 0.0, 0.0, 0.0, 0.0, 0.0, 0.0, 0.0, 0.0, 0.0, 0.0], "program call": "xtb /home/svss/Project-DBcg-Debug/aqme2_20220329/End-to-End-workflows-final/example-3/QDESCP/mol_621_rdkit_conf_3/mol_621_rdkit_conf_3.xyz --pop --wbo --acc 0.2 --gfn 2 --chrg 0 --uhf 0 --etemp 300 --input /home/svss/Project-DBcg-Debug/aqme2_20220329/End-to-End-workflows-final/example-3/QDESCP/mol_621_rdkit_conf_3/mol_621_rdkit_conf_3_xtb.inp", "method": "GFN2-xTB", "xtb version": "6.3.3 (7355c4f)", "Dipole module/D": 2.235, "Total charge": 0, "Transition dipole module/D": NaN, "HOMO": -11.0705, "LUMO": -4.0796, "HOMO occupancy": 2.0, "LUMO occupancy": 0, "mulliken charges": [-0.08638, -0.03852, -0.05321, 0.07081, -0.16712, 0.03213, 0.0261, 0.02968, 0.02626, 0.02931, 0.03382, 0.03172, 0.03287, 0.03254], "cm5 charges": [-0.23668, -0.15027, -0.16188, -0.03245, -0.17702, 0.08291, 0.07755, 0.08162, 0.08048, 0.08475, 0.08871, 0.08648, 0.08762, 0.08817], "FUKUI+": [0.027, 0.021, 0.043, -0.043, -0.459, -0.039, -0.026, -0.001, -0.053, -0.009, -0.063, -0.098, -0.148, -0.152], "FUKUI-": [0.024, 0.01, 0.02, 0.035, -0.326, -0.071, -0.088, -0.081, -0.109, -0.086, -0.064, -0.074, -0.098, -0.092], "FUKUIrad": [0.025, 0.016, 0.032, -0.004, -0.393, -0.055, -0.057, -0.041, -0.081, -0.047, -0.063, -0.086, -0.123, -0.122], "s proportion": [1.007, 1.026, 1.034, 1.041, 1.949, 0.968, 0.974, 0.97, 0.974, 0.971, 0.966, 0.968, 0.967, 0.967], "p proportion": [3.079, 3.012, 3.019, 2.888, 5.234, 0.0, 0.0, 0.0, 0.0, 0.0, 0.0, 0.0, 0.0, 0.0], "d proportion": [0.0, 0.0, 0.0, 0.0, -0.016, 0.0, 0.0, 0.0, 0.0, 0.0, 0.0, 0.0, 0.0, 0.0], "Fermi-level/eV": -7.5751, "Coordination numbers": [3.749, 3.798, 3.822, 3.712, 0.911, 0.924, 0.924, 0.924, 0.924, 0.924, 0.924, 0.924, 0.924, 0.924], "Dispersion coefficient C6": [22.512, 21.511, 21.643, 20.123, 105.855, 2.503, 2.553, 2.48, 2.534, 2.38, 2.351, 2.405, 2.258, 2.176], "Total dispersion C6": 1823.952695, "Total dispersion C8": 45936.167586, "Polarizability alpha": [6.767, 6.604, 6.62, 6.41, 15.74, 2.474, 2.499, 2.463, 2.49, 2.412, 2.398, 2.425, 2.35, 2.307], "Total polarizability alpha": 63.959669, "Wiberg matrix": [[0.0, 1.0214209396506102, 0.0, 0.0, 0.0, 0.9867870976800329, 0.9873744425560751, 0.9858988199951706, 0.0, 0.0, 0.0, 0.0, 0.0, 0.0], [1.0214209396506102, 0.0, 1.006832248873631, 0.0, 0.0, 0.0, 0.0, 0.0, 0.9772016409507569, 0.9762902270814907, 0.0, 0.0, 0.0, 0.0], [0.0, 1.006832248873631, 0.0, 1.0148742610546935, 0.0, 0.0, 0.0, 0.0, 0.0, 0.0, 0.9755990494790969, 0.9684124369492255, 0.0, 0.0], [0.0, 0.0, 1.0148742610546935, 0.0, 0.9471796992148939, 0.0, 0.0, 0.0, 0.0, 0.0, 0.0, 0.0, 0.9793332587127839, 0.9763661247210851], [0.0, 0.0, 0.0, 0.9471796992148939, 0.0, 0.0, 0.0, 0.0, 0.0, 0.0, 0.0, 0.0, 0.0, 0.0], [0.9867870976800329, 0.0, 0.0, 0.0, 0.0, 0.0, 0.0, 0.0, 0.0, 0.0, 0.0, 0.0, 0.0, 0.0], [0.9873744425560751, 0.0, 0.0, 0.0, 0.0, 0.0, 0.0, 0.0, 0.0, 0.0, 0.0, 0.0, 0.0, 0.0], [0.9858988199951706, 0.0, 0.0, 0.0, 0.0, 0.0, 0.0, 0.0, 0.0, 0.0, 0.0, 0.0, 0.0, 0.0], [0.0, 0.9772016409507569, 0.0, 0.0, 0.0, 0.0, 0.0, 0.0, 0.0, 0.0, 0.0, 0.0, 0.0, 0.0], [0.0, 0.9762902270814907, 0.0, 0.0, 0.0, 0.0, 0.0, 0.0, 0.0, 0.0, 0.0, 0.0, 0.0, 0.0], [0.0, 0.0, 0.9755990494790969, 0.0, 0.0, 0.0, 0.0, 0.0, 0.0, 0.0, 0.0, 0.0, 0.0, 0.0], [0.0, 0.0, 0.9684124369492255, 0.0, 0.0, 0.0, 0.0, 0.0, 0.0, 0.0, 0.0, 0.0, 0.0, 0.0], [0.0, 0.0, 0.0, 0.9793332587127839, 0.0, 0.0, 0.0, 0.0, 0.0, 0.0, 0.0, 0.0, 0.0, 0.0], [0.0, 0.0, 0.0, 0.9763661247210851, 0.0, 0.0, 0.0, 0.0, 0.0, 0.0, 0.0, 0.0, 0.0, 0.0]], "Born radii": [], "Atomic SASAs": [], "Solvent H bonds": [], "Total SASA": NaN, "Total FOD": 0.0, "FOD": [0.0, 0.0, 0.0, 0.0, 0.0, 0.0, 0.0, 0.0, 0.0, 0.0, 0.0, 0.0, 0.0, 0.0], "FOD s proportion": [0.0, 0.0, 0.0, 0.0, 0.0, 0.0, 0.0, 0.0, 0.0, 0.0, 0.0, 0.0, 0.0, 0.0], "FOD p proportion": [0.0, 0.0, 0.0, 0.0, 0.0, 0.0, 0.0, 0.0, 0.0, 0.0, 0.0, 0.0, 0.0, 0.0], "FOD d proportion": [0.0, 0.0, 0.0, 0.0, 0.0, 0.0, 0.0, 0.0, 0.0, 0.0, 0.0, 0.0, 0.0, 0.0], "coordinates": [["-1.53650", "-0.58760", "-0.07480"], ["-0.69980", "0.66790", "0.11580"], ["0.58470", "0.68010", "-0.71890"], ["1.56800", "-0.45170", "-0.43520"], ["2.17240", "-0.41110", "1.23640"], ["-2.48650", "-0.49020", "0.46070"], ["-1.76010", "-0.75450", "-1.13310"], ["-1.02630", "-1.47270", "0.31620"], ["-1.30490", "1.53560", "-0.17410"], ["-0.46950", "0.79460", "1.17920"], ["1.08940", "1.64250", "-0.56660"], ["0.31330", "0.64180", "-1.78140"], ["2.43710", "-0.36170", "-1.09420"], ["1.11870", "-1.43300", "-0.60990"]],