{"total energy": -24.04952466, "HOMO-LUMO gap/eV": 11.79415421, "electronic energy": -24.34662412, "dipole": [0.39868188, -0.54274308, 0.41910527], "partial charges": [-0.10040324, -0.05766812, -0.02993261, -0.06057078, -0.1025044, 0.07508874, -0.4468516, 0.03106141, 0.03159938, 0.03332041, 0.03237887, 0.04459225, 0.02730177, 0.0396831, 0.0314537, 0.03309098, 0.03099611, 0.03507133, 0.02239062, 0.04534403, 0.28455804], "atomic dipole moments": [[0.03345829, 0.08133458, -0.04843927], [0.07892485, -0.07226729, 0.05860169], [-0.01293912, 0.00715786, -0.09365882], [0.04698544, 0.09593986, 0.04857124], [-0.10143884, -0.0072296, -0.00989843], [-0.12653003, 0.08276817, 0.13449469], [0.15238728, -0.17990235, 0.03230462], [0.03497411, 0.00025081, 0.12099694], [0.03703138, -0.10715085, -0.05423302], [-0.12501686, -0.00288774, -0.00197479], [-0.03774815, -0.00901543, -0.11988828], [-0.06830751, 0.0943668, 0.04516312], [0.02293181, 0.00691941, 0.1209869], [-0.02510396, -0.10752163, 0.05308274], [-0.02529743, -0.01872946, -0.12157668], [0.03447505, 0.02109643, 0.11954539], [0.04633659, 0.09145043, -0.07425747], [0.05612898, -0.10512231, -0.03629489], [0.11154483, 0.03673975, 0.01490473], [-0.02307921, 0.00200179, -0.12740259], [0.02397043, -0.00558033, 0.07435695]], "atomic quadrupole moments": [[-0.06750527, 0.07794983, 0.10739845, -0.05205702, -0.14158762, -0.03989318], [0.11249703, 0.1275676, 0.02800717, -0.00212795, -0.1383183, -0.14050419], [0.05882305, -0.01048515, 0.1284377, -0.05730519, -0.0256199, -0.18726075], [0.19738848, -0.05729715, -0.02830923, -0.03250847, 0.10774504, -0.16907925], [0.21699423, 0.03701859, -0.09350583, 0.03600095, 0.00967657, -0.1234884], [-0.10854551, -0.23074603, 0.24678863, -0.2118247, 0.12291656, -0.13824312], [-0.0286335, -0.12054559, 0.05378341, -0.04151494, 0.06706756, -0.02514991], [-0.03337002, 0.01217955, -0.03210631, 0.04260498, 0.00718196, 0.06547633], [-0.02691842, -0.03690276, 0.03526212, -0.03422794, 0.03702299, -0.0083437], [0.0806203, -0.00510276, -0.02887088, 0.00628186, -0.01115498, -0.05174942], [-0.02887591, 0.01493348, -0.02675484, 0.0085598, 0.01165739, 0.05563075], [-0.01073618, -0.01227014, 0.03528065, -0.02576399, 0.02978454, -0.02454447], [-0.01122342, 0.00183812, -0.02321256, 0.01543877, 0.0023559, 0.03443598], [-0.00182892, 0.01180446, 0.01824935, -0.02511656, -0.04302833, -0.01642043], [-0.01256466, -0.00662712, -0.0420607, 0.0168598, -0.00366254, 0.05462536], [-0.02731042, 0.00708842, -0.04748869, 0.01585304, 0.02405685, 0.07479911], [-0.02193422, 0.02138295, 0.02956258, -0.00819582, -0.05939324, -0.00762835], [-0.01000541, -0.03430056, 0.0546136, -0.01494117, 0.03625708, -0.04460818], [0.04964065, -0.01416808, -0.0103706, 0.01048866, 0.01664129, -0.03927005], [-0.02371411, -0.00338971, -0.01910041, 0.02978941, 0.00709754, 0.04281452], [-0.05995384, -0.02336156, -0.06904456, 0.04016359, 0.01243948, 0.1289984]], "number of molecular orbitals": 42, "number of electrons": 44, "number of unpaired electrons": 0, "orbital energies/eV": [-18.52206174, -17.20643322, -16.60976705, -16.58892819, -16.01632955, -15.45621018, -15.36913785, -14.73602925, -14.30414496, -14.10134109, -13.66840341, -13.51702086, -13.42454449, -12.8614335, -12.63000645, -12.3700473, -12.27001682, -12.09377238, -11.86153851, -11.54806661, -11.4124399, -10.92131928, 0.87283494, 1.49244845, 1.95018187, 2.79473044, 3.39937557, 3.50401185, 3.80108495, 4.04221649, 4.50448466, 4.621508, 4.96970692, 5.05865876, 5.36419686, 5.94285537, 6.1985582, 6.72954654, 7.04212763, 7.44627792, 7.96549579, 8.02151878], "fractional occupation": [2.0, 2.0, 2.0, 2.0, 2.0, 2.0, 2.0, 2.0, 2.0, 2.0, 2.0, 2.0, 2.0, 2.0, 2.0, 2.0, 2.0, 2.0, 2.0, 2.0, 2.0, 2.0, 0.0, 0.0, 0.0, 0.0, 0.0, 0.0, 0.0, 0.0, 0.0, 0.0, 0.0, 0.0, 0.0, 0.0, 0.0, 0.0, 0.0, 0.0, 0.0, 0.0], "program call": "xtb /home/svss/Project-DBcg-Debug/aqme2_20220329/End-to-End-workflows-final/example-3/QDESCP/mol_1100_rdkit_conf_9/mol_1100_rdkit_conf_9.xyz --pop --wbo --acc 0.2 --gfn 2 --chrg 0 --uhf 0 --etemp 300 --input /home/svss/Project-DBcg-Debug/aqme2_20220329/End-to-End-workflows-final/example-3/QDESCP/mol_1100_rdkit_conf_9/mol_1100_rdkit_conf_9_xtb.inp", "method": "GFN2-xTB", "xtb version": "6.3.3 (7355c4f)", "Dipole module/D": 2.016, "Total charge": 0, "Transition dipole module/D": NaN, "HOMO": -10.9213, "LUMO": 0.8728, "HOMO occupancy": 2.0, "LUMO occupancy": 0, "mulliken charges": [-0.08528, -0.04176, -0.03847, -0.0491, -0.0862, 0.18886, -0.56319, 0.02567, 0.02536, 0.0302, 0.02405, 0.03527, 0.01923, 0.029, 0.02457, 0.02747, 0.02592, 0.03184, 0.01281, 0.0301, 0.33365], "cm5 charges": [-0.23601, -0.15122, -0.10676, -0.15944, -0.23691, 0.10342, -0.7791, 0.07714, 0.0771, 0.08095, 0.07964, 0.09384, 0.08026, 0.08489, 0.07986, 0.07897, 0.07773, 0.0826, 0.07671, 0.09339, 0.50293], "FUKUI+": [0.013, -0.011, -0.032, -0.015, 0.024, -0.012, -0.128, -0.04, -0.041, -0.071, -0.051, -0.046, -0.056, -0.06, -0.054, -0.034, -0.027, -0.06, -0.104, -0.088, -0.108], "FUKUI-": [0.016, 0.006, -0.011, 0.007, 0.019, 0.01, -0.123, -0.053, -0.07, -0.07, -0.06, -0.073, -0.047, -0.093, -0.052, -0.045, -0.075, -0.073, -0.099, -0.061, -0.052], "FUKUIrad": [0.015, -0.002, -0.022, -0.004, 0.022, -0.001, -0.126, -0.047, -0.055, -0.071, -0.055, -0.059, -0.051, -0.077, -0.053, -0.04, -0.051, -0.066, -0.101, -0.075, -0.08], "s proportion": [1.008, 1.031, 1.068, 1.032, 1.008, 0.997, 1.697, 0.974, 0.975, 0.97, 0.976, 0.965, 0.981, 0.971, 0.975, 0.973, 0.974, 0.968, 0.987, 0.97, 0.666], "p proportion": [3.077, 3.011, 2.97, 3.017, 3.078, 2.814, 4.867, 0.0, 0.0, 0.0, 0.0, 0.0, 0.0, 0.0, 0.0, 0.0, 0.0, 0.0, 0.0, 0.0, 0.0], "d proportion": [0.0, 0.0, 0.0, 0.0, 0.0, 0.0, 0.0, 0.0, 0.0, 0.0, 0.0, 0.0, 0.0, 0.0, 0.0, 0.0, 0.0, 0.0, 0.0, 0.0, 0.0], "Fermi-level/eV": -5.0242, "Coordination numbers": [3.748, 3.8, 3.846, 3.8, 3.748, 3.675, 1.653, 0.924, 0.924, 0.924, 0.924, 0.924, 0.923, 0.924, 0.924, 0.924, 0.924, 0.924, 0.924, 0.924, 0.804], "Dispersion coefficient C6": [22.484, 21.613, 21.075, 21.666, 22.524, 19.547, 21.781, 2.572, 2.564, 2.54, 2.553, 2.389, 2.625, 2.453, 2.566, 2.543, 2.572, 2.516, 2.697, 2.379, 0.77], "Total dispersion C6": 2909.111056, "Total dispersion C8": 60056.485401, "Polarizability alpha": [6.763, 6.619, 6.53, 6.627, 6.769, 6.335, 6.3, 2.508, 2.504, 2.492, 2.499, 2.417, 2.534, 2.449, 2.505, 2.494, 2.508, 2.48, 2.568, 2.412, 1.378], "Total polarizability alpha": 79.693012,