{"total energy": -17.87316841, "HOMO-LUMO gap/eV": 5.13571445, "electronic energy": -18.17757337, "dipole": [0.00142058, -0.0680195, 0.09907206], "partial charges": [-0.0963861, -0.03051745, -0.05203804, -0.05610558, -0.03006834, -0.0951192, 0.03626357, 0.03181813, 0.02852801, 0.04205962, 0.04193205, 0.04149982, 0.040274, 0.02972173, 0.03545795, 0.03267984], "atomic dipole moments": [[0.03658894, 0.00610695, -0.0670175], [-0.12789788, -0.00995538, 0.09490906], [0.00034881, 0.00919173, -0.0944236], [-0.00201488, -0.01394547, 0.10413385], [0.1433756, -0.05209124, -0.0156776], [-0.0560337, 0.05507836, -0.01189676], [-0.08328828, 0.0073874, -0.12826628], [0.15041233, 0.00479726, -0.00617699], [0.09620465, -0.00559023, 0.11066239], [-0.02037347, -0.1058519, 0.06468045], [-0.02673497, 0.09352391, 0.08133153], [0.0211577, -0.09271241, -0.08274303], [0.01983571, 0.10633238, -0.06780879], [-0.05038803, -0.12491321, 0.06662576], [0.0371142, 0.13092262, -0.06856778], [-0.13945256, -0.02596965, 0.05064388]], "atomic quadrupole moments": [[-0.28305068, -0.02824914, 0.61767772, 0.03528698, 0.07281414, -0.33462704], [-0.12801617, -0.01972591, 0.55303681, 0.00436627, 0.0745146, -0.42502064], [0.14245257, 0.00388422, -0.20265349, 0.08466378, -0.02355466, 0.06020092], [0.15679119, -0.01323447, -0.19477056, 0.06334025, -0.02367198, 0.03797937], [-0.11879593, 0.17362234, -0.28023078, 0.11295656, 0.32123937, 0.39902671], [-0.25192222, 0.12593331, -0.17854211, 0.18559954, 0.32510546, 0.43046433], [0.03018506, 0.00114341, -0.06187317, 0.01663004, -0.00653026, 0.03168811], [0.04444196, 0.0037524, -0.06761699, -0.00831689, -0.0071063, 0.02317503], [0.02844483, 0.00376312, -0.07271159, -0.01230476, -0.00912454, 0.04426677], [-0.02022797, 0.02182548, 0.03960303, 0.01005248, -0.04104046, -0.01937506], [-0.01605221, -0.02462647, 0.02169589, 0.00435723, 0.04739853, -0.00564368], [-0.02583771, -0.01770794, 0.03245962, -0.00825051, 0.0417482, -0.00662191], [-0.01813202, 0.00981524, 0.04230032, 0.0020253, -0.03488276, -0.0241683], [0.02460815, -0.02460016, 0.02104189, -0.01935417, -0.03305656, -0.04565004], [0.01004026, -0.00124127, 0.02810961, -0.01935811, -0.03913592, -0.03814987], [0.04215431, -0.01112335, 0.00490751, -0.02510194, -0.02865863, -0.04706182]], "number of molecular orbitals": 34, "number of electrons": 34, "number of unpaired electrons": 0, "orbital energies/eV": [-16.99599615, -16.68025164, -16.20953286, -15.68579517, -14.77830505, -14.54747005, -14.00438362, -13.72190055, -13.31040458, -13.13183723, -12.64300685, -12.11517585, -12.02476575, -11.70435317, -11.53656508, -10.78113473, -10.72297377, -5.58725933, -5.50055203, 1.91629404, 3.03053113, 3.11615383, 3.62131683, 3.82598084, 4.41674211, 4.97723387, 5.36442376, 5.85552676, 6.07666132, 7.21577753, 10.95493952, 11.27958509, 15.42034015, 15.65492794], "fractional occupation": [2.0, 2.0, 2.0, 2.0, 2.0, 2.0, 2.0, 2.0, 2.0, 2.0, 2.0, 2.0, 2.0, 2.0, 2.0, 2.0, 2.0, 0.0, 0.0, 0.0, 0.0, 0.0, 0.0, 0.0, 0.0, 0.0, 0.0, 0.0, 0.0, 0.0, 0.0, 0.0, 0.0, 0.0], "program call": "xtb /home/svss/Project-DBcg-Debug/aqme2_20220329/End-to-End-workflows-final/example-3/QDESCP/mol_943_rdkit_conf_5/mol_943_rdkit_conf_5.xyz --pop --wbo --acc 0.2 --gfn 2 --chrg 0 --uhf 0 --etemp 300 --input /home/svss/Project-DBcg-Debug/aqme2_20220329/End-to-End-workflows-final/example-3/QDESCP/mol_943_rdkit_conf_5/mol_943_rdkit_conf_5_xtb.inp", "method": "GFN2-xTB", "xtb version": "6.3.3 (7355c4f)", "Dipole module/D": 0.305, "Total charge": 0, "Transition dipole module/D": NaN, "HOMO": -10.723, "LUMO": -5.5873, "HOMO occupancy": 2.0, "LUMO occupancy": 0, "mulliken charges": [-0.09021, -0.02243, -0.03972, -0.04266, -0.02262, -0.08563, 0.029, 0.0316, 0.02657, 0.03331, 0.03413, 0.03342, 0.02947, 0.02506, 0.02929, 0.03144], "cm5 charges": [-0.1923, -0.08654, -0.1445, -0.14807, -0.08705, -0.18763, 0.08248, 0.0838, 0.08167, 0.08846, 0.08934, 0.08875, 0.08531, 0.08053, 0.08209, 0.08366], "FUKUI+": [-0.063, -0.077, 0.017, 0.019, -0.078, -0.068, -0.081, -0.095, -0.09, -0.059, -0.056, -0.054, -0.04, -0.086, -0.09, -0.097], "FUKUI-": [-0.057, -0.044, 0.009, 0.013, -0.043, -0.059, -0.072, -0.09, -0.085, -0.091, -0.098, -0.095, -0.059, -0.069, -0.074, -0.085], "FUKUIrad": [-0.06, -0.061, 0.013, 0.016, -0.061, -0.064, -0.077, -0.093, -0.087, -0.075, -0.077, -0.075, -0.05, -0.077, -0.082, -0.091], "s proportion": [1.045, 1.072, 1.029, 1.027, 1.072, 1.048, 0.971, 0.968, 0.973, 0.967, 0.966, 0.967, 0.971, 0.975, 0.971, 0.969], "p proportion": [3.045, 2.95, 3.011, 3.015, 2.951, 3.038, 0.0, 0.0, 0.0, 0.0, 0.0, 0.0, 0.0, 0.0, 0.0, 0.0], "d proportion": [0.0, 0.0, 0.0, 0.0, 0.0, 0.0, 0.0, 0.0, 0.0, 0.0, 0.0, 0.0, 0.0, 0.0, 0.0, 0.0], "Fermi-level/eV": -8.1551, "Coordination numbers": [2.832, 2.883, 3.803, 3.802, 2.885, 2.834, 0.925, 0.925, 0.925, 0.924, 0.924, 0.924, 0.924, 0.925, 0.925, 0.925], "Dispersion coefficient C6": [30.414, 28.759, 21.507, 21.581, 28.748, 30.381, 2.499, 2.561, 2.607, 2.422, 2.423, 2.429, 2.445, 2.59, 2.51, 2.549], "Total dispersion C6": 2190.520802, "Total dispersion C8": 49128.628057, "Polarizability alpha": [9.037, 8.792, 6.602, 6.614, 8.79, 9.032, 2.472, 2.502, 2.525, 2.434, 2.435, 2.437, 2.445, 2.517, 2.478, 2.497], "Total polarizability alpha": 73.609912, "Wiberg matrix": [[0.0, 1.9724771897460638, 0.0, 0.0, 0.0, 0.0, 0.9757518234626419, 0.9779550816211704, 0.0, 0.0, 0.0, 0.0, 0.0, 0.0, 0.0, 0.0], [1.9724771897460638, 0.0, 1.0256268036510503, 0.0, 0.0, 0.0, 0.0, 0.0, 0.9669589750749298, 0.0, 0.0, 0.0, 0.0, 0.0, 0.0, 0.0], [0.0, 1.0256268036510503, 0.0, 0.9922850912426616, 0.0, 0.0, 0.0, 0.0, 0.0, 0.9594240130291116, 0.9601859367369436, 0.0, 0.0, 0.0, 0.0, 0.0], [0.0, 0.0, 0.9922850912426616, 0.0, 1.025698030046267, 0.0, 0.0, 0.0, 0.0, 0.0, 0.0, 0.9614022263150157, 0.974663843818321, 0.0, 0.0, 0.0], [0.0, 0.0, 0.0, 1.025698030046267, 0.0, 1.975662914265846, 0.0, 0.0, 0.0, 0.0, 0.0, 0.0, 0.0, 0.9678672590901388, 0.0, 0.0], [0.0, 0.0, 0.0, 0.0, 1.975662914265846, 0.0, 0.0, 0.0, 0.0, 0.0, 0.0, 0.0, 0.0, 0.0, 0.9766376205738216, 0.9781615833765699], [0.9757518234626419, 0.0, 0.0, 0.0, 0.0, 0.0, 0.0, 0.0, 0.0, 0.0, 0.0, 0.0, 0.0, 0.0, 0.0, 0.0], [0.9779550816211704, 0.0, 0.0, 0.0, 0.0, 0.0, 0.0, 0.0, 0.0, 0.0, 0.0, 0.0, 0.0, 0.0, 0.0, 0.0], [0.0, 0.9669589750749298, 0.0, 0.0, 0.0, 0.0, 0.0, 0.0, 0.0, 0.0, 0.0, 0.0, 0.0, 0.0, 0.0, 0.0], [0.0, 0.0, 0.9594240130291116, 0.0, 0.0, 0.0, 0.0, 0.0, 0.0, 0.0, 0.0, 0.0, 0.0, 0.0, 0.0, 0.0], [0.0, 0.0, 0.9601859367369436, 0.0, 0.0, 0.0, 0.0, 0.0, 0.0, 0.0, 0.0, 0.0, 0.0, 0.0, 0.0, 0.0], [0.0, 0.0, 0.0, 0.9614022263150157, 0.0, 0.0, 0.0, 0.0, 0.0, 0.0, 0.0, 0.0, 0.0, 0.0, 0.0, 0.0], [0.0, 0.0, 0.0, 0.974663843818321, 0.0, 0.0, 0.0, 0.0, 0.0, 0.0, 0.0, 0.0, 0.0, 0.0, 0.0, 0.0], [0.0, 0.0, 0.0, 0.0, 0.9678672590901388, 0.0, 0.0, 0.0, 0.0, 0.0, 0.0, 0.0, 0.0, 0.0, 0.0, 0.0], [0.0, 0.0, 0.0, 0.0, 0.0, 0.9766376205738216, 0.0, 0.0, 0.0, 0.0, 0.0, 0.0, 0.0, 0.0, 0.0, 0.0], [0.0, 0.0, 0.0, 0.0, 0.0, 0.9781615833765699, 0.0, 0.0, 0.0, 0.0, 0.0, 0.0, 0.0, 0.0, 0.0, 0.0]], "Born radii": [], "Atomic SASAs": [], "Solvent H bonds": [], "Total SASA": NaN, "Total FOD": 0.0, "FOD": [0.0, 0.0, 0.0, 0.0, 0.0, 0.0, 0.0, 0.0, 0.0, 0.0, 0.0, 0.0, 0.0, 0.0, 0.0, 0.0], "FOD s proportion": [0.0, 0.0, 0.0, 0.0, 0.0, 0.0, 0.0, 0.0, 0.0, 0.0, 0.0, 0.0, 0.0, 0.0, 0.0, 0.0], "FOD p proportion": [0.0, 0.0, 0.0, 0.0, 0.0, 0.0, 0.0, 0.0, 0.0, 0.0, 0.0, 0.0, 0.0, 0.0, 0.0, 0.0], "FOD d proportion": [0.0, 0.0, 0.0, 0.0, 0.0, 0.0, 0.0, 0.0, 0.0, 0.0, 0.0, 0.0, 0.0, 0.0, 0.0, 0.0],