{"total energy": -20.88622933, "HOMO-LUMO gap/eV": 12.05163958, "electronic energy": -21.1386329, "dipole": [0.44829751, -0.08613514, 0.66440616], "partial charges": [-0.10030417, -0.05398588, -0.02721436, -0.10832237, 0.07585195, -0.44613568, 0.03568853, 0.03492257, 0.03191929, 0.02967499, 0.02649786, 0.04502319, 0.03309174, 0.04249031, 0.03373894, 0.04553366, 0.01607715, 0.28545228], "atomic dipole moments": [[-0.0894533, 0.05256167, 0.00251222], [0.00680449, -0.10294294, -0.04231526], [-0.03203544, 0.0300414, 0.09460203], [0.00971928, 0.09113998, -0.05403037], [0.09388809, 0.12620352, -0.12139001], [0.06487932, -0.09874321, 0.20752491], [0.00306268, -0.09674144, 0.08167088], [0.02625591, -0.04285341, -0.11680257], [0.09345189, 0.07584405, 0.03319869], [0.02100774, 0.10179534, -0.06212006], [-0.0173734, 0.03826664, 0.116246], [0.02648486, -0.02991242, -0.12076185], [-0.10113438, -0.06337586, -0.04132745], [0.09540907, -0.08176273, -0.01307925], [-0.01766245, 0.01882652, 0.12426667], [-0.09991098, -0.06649542, -0.03844001], [-0.03094861, 0.0489004, 0.10548005], [0.04294538, 0.04843614, 0.04496614]], "atomic quadrupole moments": [[0.14555759, -0.1422428, -0.01531405, -0.00981982, 0.01179609, -0.13024354], [0.19155958, -0.03166429, -0.02266069, 0.08309894, 0.06808819, -0.16889889], [0.0889004, -0.00639852, 0.10810462, 0.05835322, -0.08113165, -0.19700502], [-0.08711703, 0.03998883, 0.11549119, -0.01317746, -0.1551041, -0.02837416], [-0.12921784, -0.0586189, 0.20784072, -0.05883699, -0.34472989, -0.07862288], [-0.08591399, 0.02846998, 0.06663613, 0.01626768, -0.1258892, 0.01927786], [-0.02940848, 0.00517105, 0.02793289, -0.01793757, -0.06079528, 0.00147559], [-0.03521706, -0.01379941, -0.03318762, -0.00667631, 0.03577725, 0.06840468], [0.02533718, 0.04851303, 0.02116283, 0.02643229, 0.02360486, -0.04650001], [-0.01096136, 0.00486338, 0.01500979, 0.00306062, -0.05153356, -0.00404843], [-0.0129073, -0.00777462, -0.04145632, -0.01744794, 0.01374179, 0.05436361], [-0.01596613, 0.00403158, -0.01188712, -0.00994034, 0.01180935, 0.02785325], [0.03982875, 0.04154495, -0.01699732, 0.04669814, 0.00928565, -0.02283143], [0.04668642, -0.05236712, -0.0057048, -0.02196211, -0.00085281, -0.04098163], [-0.04977201, -0.00194546, -0.02085616, -0.01532002, 0.03252909, 0.07062816], [0.0083757, 0.02823543, 0.01406418, 0.03253897, 0.01185635, -0.02243988], [-0.04769309, -0.00137065, 0.00108909, -0.00418036, 0.00753838, 0.04660401], [-0.02198168, 0.09544806, 0.03224312, 0.05515224, 0.03967599, -0.01026144]], "number of molecular orbitals": 36, "number of electrons": 38, "number of unpaired electrons": 0, "orbital energies/eV": [-18.54205343, -17.22459656, -16.71056356, -16.27192978, -15.84153981, -15.22180566, -15.08867969, -14.18506789, -14.12688939, -13.87679447, -13.32024957, -12.90929002, -12.71785899, -12.54308417, -12.24892201, -12.12992149, -11.68286517, -11.55271611, -11.02075279, 1.03088679, 1.69034717, 2.30106291, 2.58297885, 3.35264211, 3.85314165, 3.89313627, 4.60353902, 4.89570574, 5.19899834, 5.32293614, 6.01358076, 6.13719773, 6.82824982, 7.16214229, 7.72835946, 7.95111835], "fractional occupation": [2.0, 2.0, 2.0, 2.0, 2.0, 2.0, 2.0, 2.0, 2.0, 2.0, 2.0, 2.0, 2.0, 2.0, 2.0, 2.0, 2.0, 2.0, 2.0, 0.0, 0.0, 0.0, 0.0, 0.0, 0.0, 0.0, 0.0, 0.0, 0.0, 0.0, 0.0, 0.0, 0.0, 0.0, 0.0, 0.0], "program call": "xtb /home/svss/Project-DBcg-Debug/aqme2_20220329/End-to-End-workflows-final/example-3/QDESCP/mol_17_rdkit_conf_15/mol_17_rdkit_conf_15.xyz --pop --wbo --acc 0.2 --gfn 2 --chrg 0 --uhf 0 --etemp 300 --input /home/svss/Project-DBcg-Debug/aqme2_20220329/End-to-End-workflows-final/example-3/QDESCP/mol_17_rdkit_conf_15/mol_17_rdkit_conf_15_xtb.inp", "method": "GFN2-xTB", "xtb version": "6.3.3 (7355c4f)", "Dipole module/D": 2.049, "Total charge": 0, "Transition dipole module/D": NaN, "HOMO": -11.0208, "LUMO": 1.0309, "HOMO occupancy": 2.0, "LUMO occupancy": 0, "mulliken charges": [-0.08247, -0.04591, -0.02997, -0.09442, 0.19016, -0.56486, 0.02726, 0.02973, 0.0291, 0.02448, 0.01841, 0.03472, 0.03041, 0.03377, 0.02698, 0.03097, 0.00875, 0.33289], "cm5 charges": [-0.23308, -0.15605, -0.09993, -0.24268, 0.10508, -0.77985, 0.07905, 0.08122, 0.07986, 0.082, 0.07395, 0.09542, 0.08194, 0.08576, 0.07899, 0.09425, 0.07151, 0.50257], "FUKUI+": [0.005, -0.01, -0.022, 0.005, -0.019, -0.146, -0.049, -0.047, -0.075, -0.037, -0.048, -0.062, -0.06, -0.073, -0.058, -0.102, -0.089, -0.112], "FUKUI-": [0.016, 0.01, -0.021, 0.023, 0.009, -0.143, -0.074, -0.069, -0.08, -0.067, -0.075, -0.079, -0.068, -0.087, -0.063, -0.08, -0.094, -0.057], "FUKUIrad": [0.01, -0.0, -0.021, 0.014, -0.005, -0.145, -0.062, -0.058, -0.077, -0.052, -0.062, -0.071, -0.064, -0.08, -0.06, -0.091, -0.091, -0.085], "s proportion": [1.007, 1.031, 1.063, 1.012, 0.997, 1.695, 0.973, 0.97, 0.971, 0.976, 0.982, 0.965, 0.97, 0.966, 0.973, 0.969, 0.991, 0.667], "p proportion": [3.075, 3.015, 2.967, 3.082, 2.813, 4.87, 0.0, 0.0, 0.0, 0.0, 0.0, 0.0, 0.0, 0.0, 0.0, 0.0, 0.0, 0.0], "d proportion": [0.0, 0.0, 0.0, 0.0, 0.0, 0.0, 0.0, 0.0, 0.0, 0.0, 0.0, 0.0, 0.0, 0.0, 0.0, 0.0, 0.0, 0.0], "Fermi-level/eV": -4.9949, "Coordination numbers": [3.748, 3.8, 3.847, 3.752, 3.676, 1.653, 0.924, 0.924, 0.924, 0.924, 0.924, 0.923, 0.924, 0.924, 0.924, 0.924, 0.924, 0.804], "Dispersion coefficient C6": [22.482, 21.545, 21.026, 22.631, 19.529, 21.766, 2.507, 2.518, 2.559, 2.591, 2.637, 2.383, 2.543, 2.416, 2.534, 2.377, 2.794, 0.767], "Total dispersion C6": 2124.147744, "Total dispersion C8": 43651.277952, "Polarizability alpha": [6.763, 6.609, 6.522, 6.784, 6.331, 6.298, 2.476, 2.481, 2.502, 2.517, 2.539, 2.414, 2.494, 2.431, 2.489, 2.411, 2.614, 1.375], "Total polarizability alpha": 68.051696, "Wiberg matrix": [[0.0, 1.0197719157725815, 0.0, 0.0, 0.0, 0.0, 0.9860820416648909, 0.9873437183466713, 0.9869293473392171, 0.0, 0.0, 0.0, 0.0, 0.0, 0.0, 0.0, 0.0, 0.0], [1.0197719157725815, 0.0, 0.9955673389295752, 0.0, 0.0, 0.0, 0.0, 0.0, 0.0, 0.9734912616040309, 0.977628924407042, 0.0, 0.0, 0.0, 0.0, 0.0, 0.0, 0.0], [0.0, 0.9955673389295752, 0.0, 1.0088697394498776, 0.98573736391227, 0.0, 0.0, 0.0, 0.0, 0.0, 0.0, 0.9668874162701089, 0.0, 0.0, 0.0, 0.0, 0.0, 0.0], [0.0, 0.0, 1.0088697394498776, 0.0, 0.0, 0.0, 0.0, 0.0, 0.0, 0.0, 0.0, 0.0, 0.9856818474305921, 0.9842212059253681, 0.987006684061398, 0.0, 0.0, 0.0], [0.0, 0.0, 0.98573736391227, 0.0, 0.0, 0.9947625401890482, 0.0, 0.0, 0.0, 0.0, 0.0, 0.0, 0.0, 0.0, 0.0, 0.9721720428239371, 0.9739254732454243, 0.0], [0.0, 0.0, 0.0, 0.0, 0.9947625401890482, 0.0, 0.0, 0.0, 0.0, 0.0, 0.0, 0.0, 0.0, 0.0, 0.0, 0.0, 0.0, 0.9021050506947975], [0.9860820416648909, 0.0, 0.0, 0.0, 0.0, 0.0, 0.0, 0.0, 0.0, 0.0, 0.0, 0.0, 0.0, 0.0, 0.0, 0.0, 0.0, 0.0], [0.9873437183466713, 0.0, 0.0, 0.0, 0.0, 0.0, 0.0, 0.0, 0.0, 0.0, 0.0, 0.0, 0.0, 0.0, 0.0, 0.0, 0.0, 0.0], [0.9869293473392171, 0.0, 0.0, 0.0, 0.0, 0.0, 0.0, 0.0, 0.0, 0.0, 0.0, 0.0, 0.0, 0.0, 0.0, 0.0, 0.0, 0.0], [0.0, 0.9734912616040309, 0.0, 0.0, 0.0, 0.0, 0.0, 0.0, 0.0, 0.0, 0.0, 0.0, 0.0, 0.0, 0.0, 0.0, 0.0, 0.0], [0.0, 0.977628924407042, 0.0, 0.0, 0.0, 0.0, 0.0, 0.0, 0.0, 0.0, 0.0, 0.0, 0.0, 0.0, 0.0, 0.0, 0.0, 0.0], [0.0, 0.0, 0.9668874162701089, 0.0, 0.0, 0.0, 0.0, 0.0, 0.0, 0.0, 0.0, 0.0, 0.0, 0.0, 0.0, 0.0, 0.0, 0.0], [0.0, 0.0, 0.0, 0.9856818474305921, 0.0, 0.0, 0.0, 0.0, 0.0, 0.0, 0.0, 0.0, 0.0, 0.0, 0.0, 0.0, 0.0, 0.0], [0.0, 0.0, 0.0, 0.9842212059253681, 0.0, 0.0, 0.0, 0.0, 0.0, 0.0, 0.0, 0.0, 0.0, 0.0, 0.0, 0.0, 0.0, 0.0], [0.0, 0.0, 0.0, 0.987006684061398, 0.0, 0.0, 0.0, 0.0, 0.0, 0.0, 0.0, 0.0, 0.0, 0.0, 0.0, 0.0, 0.0, 0.0], [0.0, 0.0, 0.0, 0.0, 0.9721720428239371, 0.0, 0.0, 0.0, 0.0, 0.0, 0.0, 0.0, 0.0, 0.0, 0.0, 0.0, 0.0, 0.0], [0.0, 0.0, 0.0, 0.0, 0.9739254732454243, 0.0, 0.0, 0.0, 0.0, 0.0, 0.0, 0.0, 0.0, 0.0, 0.0, 0.0, 0.0, 0.0], [0.0, 0.0, 0.0, 0.0, 0.0, 0.9021050506947975, 0.0, 0.0, 0.0, 0.0, 0.0, 0.0, 0.0, 0.0, 0.0, 0.0, 0.0, 0.0]], "Born radii": [], "Atomic SASAs": [], "Solvent H bonds": [], "Total SASA": NaN, "Total FOD": 0.0,