{"total energy": -17.70885898, "HOMO-LUMO gap/eV": 6.93104868, "electronic energy": -17.89840376, "dipole": [0.69556472, -0.50583235, 0.35408557], "partial charges": [-0.21314314, 0.03057518, -0.01147335, -0.11006629, -0.10628062, 0.05897081, 0.05654917, 0.0472597, 0.03929826, 0.04710365, 0.03583973, 0.03839072, 0.03957287, 0.04740332], "atomic dipole moments": [[0.10096246, -0.04010548, 0.05195282], [-0.16883851, 0.01182966, -0.10722532], [0.00788873, 0.04838012, 0.10240481], [-0.09952981, 0.04288986, -0.03814112], [0.09162531, 0.05807028, -0.04731178], [-0.00476653, 0.02678469, 0.12888937], [0.10290306, 0.06527026, -0.04517073], [-0.00191689, -0.02136678, -0.12524024], [0.01415813, 0.01154575, 0.12614499], [0.01465064, -0.12404248, -0.02730833], [0.09751833, 0.05901531, -0.0535302], [-0.00783498, 0.0132285, 0.12664118], [0.01035269, -0.12430066, -0.02154493], [-0.11530493, 0.03117426, -0.04786462]], "atomic quadrupole moments": [[0.26276618, -0.28172371, -0.12576045, 0.28807703, -0.14320881, -0.13700573], [0.16500915, -0.24537406, 0.03601057, 0.25613488, -0.06174818, -0.20101972], [0.10212099, -0.00704662, 0.11323316, 0.00658944, -0.02863184, -0.21535415], [0.16279776, -0.09977331, -0.07205584, 0.10534525, -0.05137705, -0.09074192], [0.08331861, 0.12649352, -0.01993981, -0.11764311, -0.07678425, -0.06337881], [-0.01998329, -0.01876792, -0.02343083, -0.01049216, 0.00109343, 0.04341412], [0.02394049, 0.01016089, -0.00440872, -0.02360084, -0.02714435, -0.01953177], [-0.01111212, 0.00356709, -0.01845497, 0.00338553, 0.00011431, 0.0295671], [-0.03373139, -0.00775446, -0.04479337, -0.00242281, 0.01933558, 0.07852476], [-0.03300078, -0.00024623, 0.07141573, 0.01012293, 0.03159428, -0.03841495], [0.02616806, 0.04283447, -0.00919384, -0.03498818, -0.03996889, -0.01697422], [-0.03748634, 0.0117083, -0.039245, 0.00540478, 0.02544111, 0.07673133], [-0.02998455, -0.02075564, 0.07209575, -0.01527021, 0.02643699, -0.0421112], [0.04328591, -0.03455505, -0.0256614, 0.03852529, -0.0290184, -0.01762451]], "number of molecular orbitals": 34, "number of electrons": 32, "number of unpaired electrons": 0, "orbital energies/eV": [-28.47219174, -17.52099677, -16.54628707, -16.26988511, -15.42898045, -14.49908839, -14.02016864, -13.99878354, -13.40681589, -12.97750376, -12.74235566, -12.47159858, -12.17484622, -11.99469529, -11.12098115, -11.0826716, -4.15162292, 0.47536772, 0.69473636, 0.8692686, 0.87482652, 1.90661216, 2.26292807, 2.75585821, 3.26834639, 4.04439588, 4.28879775, 4.91826304, 5.10325366, 5.5249124, 5.79752488, 6.53048044, 6.70790735, 7.53801135], "fractional occupation": [2.0, 2.0, 2.0, 2.0, 2.0, 2.0, 2.0, 2.0, 2.0, 2.0, 2.0, 2.0, 2.0, 2.0, 2.0, 2.0, 0.0, 0.0, 0.0, 0.0, 0.0, 0.0, 0.0, 0.0, 0.0, 0.0, 0.0, 0.0, 0.0, 0.0, 0.0, 0.0, 0.0, 0.0], "program call": "xtb /home/svss/Project-DBcg-Debug/aqme2_20220329/End-to-End-workflows-final/example-3/QDESCP/mol_816_rdkit_conf_2/mol_816_rdkit_conf_2.xyz --pop --wbo --acc 0.2 --gfn 2 --chrg 0 --uhf 0 --etemp 300 --input /home/svss/Project-DBcg-Debug/aqme2_20220329/End-to-End-workflows-final/example-3/QDESCP/mol_816_rdkit_conf_2/mol_816_rdkit_conf_2_xtb.inp", "method": "GFN2-xTB", "xtb version": "6.3.3 (7355c4f)", "Dipole module/D": 2.364, "Total charge": 0, "Transition dipole module/D": NaN, "HOMO": -11.0827, "LUMO": -4.1516, "HOMO occupancy": 2.0, "LUMO occupancy": 0, "mulliken charges": [-0.16514, 0.06445, -0.00562, -0.09115, -0.09051, 0.03257, 0.03311, 0.0293, 0.03007, 0.03583, 0.03088, 0.02893, 0.03191, 0.03537], "cm5 charges": [-0.17508, -0.03672, -0.07836, -0.23945, -0.23812, 0.08823, 0.08857, 0.08768, 0.08191, 0.0872, 0.08227, 0.08087, 0.08334, 0.08765], "FUKUI+": [-0.452, -0.039, 0.013, 0.03, 0.036, -0.147, -0.145, -0.056, -0.04, -0.062, -0.037, -0.035, -0.056, -0.011], "FUKUI-": [-0.353, 0.038, -0.005, 0.027, 0.024, -0.103, -0.097, -0.103, -0.078, -0.079, -0.064, -0.082, -0.074, -0.051], "FUKUIrad": [-0.402, -0.0, 0.004, 0.028, 0.03, -0.125, -0.121, -0.079, -0.059, -0.07, -0.051, -0.058, -0.065, -0.031], "s proportion": [1.949, 1.048, 1.055, 1.014, 1.012, 0.967, 0.967, 0.971, 0.97, 0.964, 0.969, 0.971, 0.968, 0.965], "p proportion": [5.231, 2.888, 2.951, 3.078, 3.079, 0.0, 0.0, 0.0, 0.0, 0.0, 0.0, 0.0, 0.0, 0.0], "d proportion": [-0.015, 0.0, 0.0, 0.0, 0.0, 0.0, 0.0, 0.0, 0.0, 0.0, 0.0, 0.0, 0.0, 0.0], "Fermi-level/eV": -7.6171, "Coordination numbers": [0.909, 3.715, 3.868, 3.754, 3.752, 0.924, 0.924, 0.924, 0.924, 0.924, 0.924, 0.924, 0.924, 0.924], "Dispersion coefficient C6": [105.86, 20.18, 20.737, 22.663, 22.592, 2.211, 2.24, 2.355, 2.458, 2.357, 2.505, 2.471, 2.455, 2.353], "Total dispersion C6": 1820.869579, "Total dispersion C8": 45914.350915, "Polarizability alpha": [15.74, 6.418, 6.475, 6.788, 6.778, 2.325, 2.34, 2.4, 2.452, 2.401, 2.475, 2.458, 2.45, 2.399], "Total polarizability alpha": 63.900418, "Wiberg matrix": [[0.0, 0.9471409693347661, 0.0, 0.0, 0.0, 0.0, 0.0, 0.0, 0.0, 0.0, 0.0, 0.0, 0.0, 0.0], [0.9471409693347661, 0.0, 1.0006323870400984, 0.0, 0.0, 0.9780481963835889, 0.9786055135575735, 0.0, 0.0, 0.0, 0.0, 0.0, 0.0, 0.0], [0.0, 1.0006323870400984, 0.0, 1.0024195020275444, 1.0097146702137056, 0.0, 0.0, 0.96725197451456, 0.0, 0.0, 0.0, 0.0, 0.0, 0.0], [0.0, 0.0, 1.0024195020275444, 0.0, 0.0, 0.0, 0.0, 0.0, 0.9866191696161457, 0.9844918780432749, 0.9864173267263736, 0.0, 0.0, 0.0], [0.0, 0.0, 1.0097146702137056, 0.0, 0.0, 0.0, 0.0, 0.0, 0.0, 0.0, 0.0, 0.9863976543762476, 0.9857470727692257, 0.9850077803709832], [0.0, 0.9780481963835889, 0.0, 0.0, 0.0, 0.0, 0.0, 0.0, 0.0, 0.0, 0.0, 0.0, 0.0, 0.0], [0.0, 0.9786055135575735, 0.0, 0.0, 0.0, 0.0, 0.0, 0.0, 0.0, 0.0, 0.0, 0.0, 0.0, 0.0], [0.0, 0.0, 0.96725197451456, 0.0, 0.0, 0.0, 0.0, 0.0, 0.0, 0.0, 0.0, 0.0, 0.0, 0.0], [0.0, 0.0, 0.0, 0.9866191696161457, 0.0, 0.0, 0.0, 0.0, 0.0, 0.0, 0.0, 0.0, 0.0, 0.0], [0.0, 0.0, 0.0, 0.9844918780432749, 0.0, 0.0, 0.0, 0.0, 0.0, 0.0, 0.0, 0.0, 0.0, 0.0], [0.0, 0.0, 0.0, 0.9864173267263736, 0.0, 0.0, 0.0, 0.0, 0.0, 0.0, 0.0, 0.0, 0.0, 0.0], [0.0, 0.0, 0.0, 0.0, 0.9863976543762476, 0.0, 0.0, 0.0, 0.0, 0.0, 0.0, 0.0, 0.0, 0.0], [0.0, 0.0, 0.0, 0.0, 0.9857470727692257, 0.0, 0.0, 0.0, 0.0, 0.0, 0.0, 0.0, 0.0, 0.0], [0.0, 0.0, 0.0, 0.0, 0.9850077803709832, 0.0, 0.0, 0.0, 0.0, 0.0, 0.0, 0.0, 0.0, 0.0]], "Born radii": [], "Atomic SASAs": [], "Solvent H bonds": [], "Total SASA": NaN, "Total FOD": 0.0, "FOD": [0.0, 0.0, 0.0, 0.0, 0.0, 0.0, 0.0, 0.0, 0.0, 0.0, 0.0, 0.0, 0.0, 0.0], "FOD s proportion": [0.0, 0.0, 0.0, 0.0, 0.0, 0.0, 0.0, 0.0, 0.0, 0.0, 0.0, 0.0, 0.0, 0.0], "FOD p proportion": [0.0, 0.0, 0.0, 0.0, 0.0, 0.0, 0.0, 0.0, 0.0, 0.0, 0.0, 0.0, 0.0, 0.0], "FOD d proportion": [0.0, 0.0, 0.0, 0.0, 0.0, 0.0, 0.0, 0.0, 0.0, 0.0, 0.0, 0.0, 0.0, 0.0], "coordinates": [["-1.51160", "2.18870", "-0.82860"], ["-0.08040", "1.43530", "-0.08320"], ["0.00920", "-0.06420", "-0.39000"], ["1.34380", "-0.61450", "0.11870"], ["-1.14370", "-0.85540", "0.23240"], ["-0.13360", "1.61840", "0.99490"], ["0.79460", "1.96380", "-0.47480"], ["-0.02010", "-0.20960", "-1.47750"], ["1.43290", "-0.50120", "1.20460"], ["1.44300", "-1.67860", "-0.12060"], ["2.18420", "-0.08920", "-0.34730"], ["-1.18020", "-0.71490", "1.31810"], ["-1.02820", "-1.92680", "0.03540"], ["-2.10990", "-0.55170", "-0.18190"]],