{"total energy": -26.29247746, "HOMO-LUMO gap/eV": 4.06942344, "electronic energy": -26.69092239, "dipole": [0.23326546, 0.35050634, 0.06771555], "partial charges": [-0.10539254, 0.00411227, -0.04705927, -0.07461493, 0.13128123, -0.39686292, -0.00283645, -0.10107013, -0.05278443, 0.04512046, 0.03915097, 0.03989579, 0.02952286, 0.02340224, 0.29469933, 0.05109751, 0.0363139, 0.05134166, 0.03468245], "atomic dipole moments": [[-0.06584927, 0.02315445, 0.00936302], [0.08057373, -0.03101461, -0.00352486], [-0.00417758, -0.00284317, 0.00097673], [-0.02614668, -0.00132004, -0.00208667], [-0.23197768, 0.07914364, -0.00479261], [0.19113628, 0.06864115, 0.01608015], [-0.07986292, -0.01631541, -0.00618366], [0.05692987, 0.05096344, 0.00838696], [-0.00785065, 0.0059366, 0.00176599], [0.03217945, -0.02838979, 0.12326425], [0.08283236, 0.08432378, -0.04980517], [0.01368561, -0.1029429, -0.07546636], [0.11216031, 0.09934252, 0.01762315], [-0.01239242, 0.14945155, 0.01491908], [0.0120792, 0.07983464, 0.00813188], [-0.07521493, 0.00222528, 0.1076672], [0.03693712, -0.1200027, -0.0123679], [-0.06763587, 0.02586409, -0.10958123], [0.0274063, -0.14887375, -0.01109211]], "atomic quadrupole moments": [[0.1567032, -0.08249292, -0.02898479, 0.01694948, 0.00153651, -0.12771841], [-0.09133164, -0.09365718, -0.30859571, -0.03383646, -0.07594049, 0.39992736], [-0.22150171, -0.00367363, -0.26134745, -0.04029762, -0.0831033, 0.48284916], [-0.18989013, -0.00373012, -0.23301536, -0.03267041, -0.06871561, 0.42290549], [0.11391294, -0.21217329, -0.38614086, -0.0299966, -0.07705805, 0.27222792], [0.09345951, -0.03625732, -0.02339224, 0.00478142, 0.00279312, -0.07006727], [-0.1807729, 0.12131791, -0.20037459, -0.01678465, -0.04997275, 0.38114749], [0.10296, 0.11997189, 0.02550644, 0.02194402, 0.02044096, -0.12846644], [-0.23151868, 0.00406939, -0.24393506, -0.03366466, -0.0626689, 0.47545375], [-0.02882266, -0.00957489, -0.04157299, 0.01959997, -0.02378221, 0.07039566], [0.00950913, 0.04494411, 0.03450467, -0.02506674, -0.03395965, -0.0440138], [-0.02479654, -7.2e-05, 0.04303138, 0.0039706, 0.06317917, -0.01823484], [0.0372386, -0.00409621, 0.02990519, 0.00451934, 0.00971015, -0.06714379], [0.02918622, -0.01263223, 0.03258227, 0.00336858, 0.00911019, -0.06176848], [-0.04305337, -0.01509923, 0.12887076, 0.00060398, 0.01992673, -0.08581739], [-0.00182688, -0.00036783, -0.03217251, -0.05876653, 0.01895957, 0.03399939], [-0.00706008, -0.04283998, 0.06425529, -0.00270845, 0.01172561, -0.05719521], [-0.00984548, -0.01117106, -0.02029196, 0.05488766, -0.03262684, 0.03013744], [0.03435488, 0.00088972, 0.03057615, 0.00468899, 0.009714, -0.06493103]], "number of molecular orbitals": 46, "number of electrons": 48, "number of unpaired electrons": 0, "orbital energies/eV": [-19.09277683, -17.50136753, -16.97958601, -16.74743095, -16.36368327, -15.9547499, -15.81722158, -15.16920342, -14.83759057, -14.31637727, -14.04292803, -13.6198459, -13.25506332, -13.22041245, -12.96566469, -12.86570814, -12.77660854, -12.50858591, -12.06233068, -11.87600704, -11.596168, -11.36540049, -10.59524519, -9.99313826, -5.92371483, -5.58743976, -2.41618967, 1.81946982, 2.5743893, 3.30564052, 3.57436405, 4.04879337, 4.68215741, 4.80396472, 5.24351201, 5.44348049, 5.76882206, 6.00906472, 6.17840074, 6.32701761, 10.39501632, 10.9366984, 11.97628053, 12.49139265, 16.82305009, 17.20636978], "fractional occupation": [2.0, 2.0, 2.0, 2.0, 2.0, 2.0, 2.0, 2.0, 2.0, 2.0, 2.0, 2.0, 2.0, 2.0, 2.0, 2.0, 2.0, 2.0, 2.0, 2.0, 2.0, 2.0, 2.0, 2.0, 0.0, 0.0, 0.0, 0.0, 0.0, 0.0, 0.0, 0.0, 0.0, 0.0, 0.0, 0.0, 0.0, 0.0, 0.0, 0.0, 0.0, 0.0, 0.0, 0.0, 0.0, 0.0], "program call": "xtb /home/svss/Project-DBcg-Debug/aqme2_20220329/End-to-End-workflows-final/example-3/QDESCP/mol_545_rdkit_conf_1/mol_545_rdkit_conf_1.xyz --pop --wbo --acc 0.2 --gfn 2 --chrg 0 --uhf 0 --etemp 300 --input /home/svss/Project-DBcg-Debug/aqme2_20220329/End-to-End-workflows-final/example-3/QDESCP/mol_545_rdkit_conf_1/mol_545_rdkit_conf_1_xtb.inp", "method": "GFN2-xTB", "xtb version": "6.3.3 (7355c4f)", "Dipole module/D": 1.084, "Total charge": 0, "Transition dipole module/D": NaN, "HOMO": -9.9931, "LUMO": -5.9237, "HOMO occupancy": 2.0, "LUMO occupancy": 0, "mulliken charges": [-0.08476, -0.00199, -0.04221, -0.09561, 0.2423, -0.52322, -0.0184, -0.07351, -0.05715, 0.03755, 0.03235, 0.03308, 0.02859, 0.02945, 0.34949, 0.04326, 0.02667, 0.04352, 0.0306], "cm5 charges": [-0.22807, -0.01948, -0.09544, -0.14753, 0.25572, -0.72169, -0.03076, -0.21536, -0.10832, 0.08925, 0.08415, 0.08487, 0.0847, 0.08752, 0.52083, 0.09657, 0.07864, 0.09694, 0.08746], "FUKUI+": [0.03, -0.053, -0.063, -0.066, -0.041, -0.054, -0.084, 0.033, -0.064, -0.053, -0.047, -0.047, -0.095, -0.093, -0.042, -0.059, -0.049, -0.058, -0.094], "FUKUI-": [0.025, -0.069, -0.043, -0.026, -0.058, -0.115, -0.053, 0.026, -0.016, -0.091, -0.063, -0.064, -0.073, -0.068, -0.057, -0.07, -0.053, -0.069, -0.064], "FUKUIrad": [0.028, -0.061, -0.053, -0.046, -0.05, -0.084, -0.069, 0.029, -0.04, -0.072, -0.055, -0.056, -0.084, -0.081, -0.05, -0.064, -0.051, -0.064, -0.079], "s proportion": [1.006, 1.081, 1.059, 1.059, 1.017, 1.692, 1.08, 1.003, 1.066, 0.962, 0.968, 0.967, 0.971, 0.971, 0.651, 0.957, 0.973, 0.956, 0.969], "p proportion": [3.078, 2.921, 2.983, 3.037, 2.741, 4.831, 2.939, 3.07, 2.991, 0.0, 0.0, 0.0, 0.0, 0.0, 0.0, 0.0, 0.0, 0.0, 0.0], "d proportion": [0.0, 0.0, 0.0, 0.0, 0.0, 0.0, 0.0, 0.0, 0.0, 0.0, 0.0, 0.0, 0.0, 0.0, 0.0, 0.0, 0.0, 0.0, 0.0], "Fermi-level/eV": -7.9584, "Coordination numbers": [3.755, 2.958, 2.916, 2.909, 2.845, 1.659, 2.959, 3.754, 2.919, 0.924, 0.924, 0.924, 0.925, 0.925, 0.804, 0.924, 0.924, 0.924, 0.925], "Dispersion coefficient C6": [22.57, 27.93, 29.168, 29.862, 25.122, 20.788, 28.094, 22.487, 29.311, 2.382, 2.46, 2.45, 2.593, 2.682, 0.737, 2.306, 2.499, 2.303, 2.521], "Total dispersion C6": 3697.812554, "Total dispersion C8": 86774.938599, "Polarizability alpha": [6.774, 8.668, 8.856, 8.961, 8.214, 6.155, 8.694, 6.762, 8.878, 2.414, 2.453, 2.448, 2.518, 2.561, 1.349, 2.375, 2.472, 2.373, 2.483], "Total polarizability alpha": 95.408304,