{"total energy": -23.94556412, "HOMO-LUMO gap/eV": 4.73889775, "electronic energy": -24.20173885, "dipole": [-0.11270952, -0.09102602, -0.87344722], "partial charges": [-0.10391895, -0.04413608, -0.08735678, 0.35054781, -0.40544642, -0.26289894, 0.03340562, 0.04037984, 0.03918359, 0.04046603, 0.04228034, 0.04158006, 0.06170438, 0.06555786, 0.06426572, 0.06235093, 0.06203499], "atomic dipole moments": [[0.11179954, -0.02210749, 0.02572331], [-0.02227148, 0.13068699, 0.00417824], [0.05159802, -0.11637426, 0.00212186], [0.11879152, -0.03424054, -0.11158991], [-0.06417063, 0.01016019, -0.16613343], [0.11216908, -0.02058139, 0.20004879], [-0.25421206, 0.05941017, -0.02742221], [-0.05956659, 0.05932241, 0.09496272], [-0.01092124, 0.07091373, -0.10409436], [-0.06175071, -0.10791034, -0.02148964], [0.00407615, -0.07810231, 0.09875856], [0.05036529, -0.06668146, -0.09339697], [-0.00114541, 0.08421281, -0.09818403], [-0.04790124, 0.069954, 0.09513221], [0.05953063, -0.01755365, -0.10971133], [0.056969, 0.10201802, 0.05863296], [0.00610004, -0.11274862, 0.06541446]], "atomic quadrupole moments": [[0.21917252, -0.06122608, -0.10195299, 0.08383139, -0.01347123, -0.11721953], [0.16526362, 0.09598592, 0.04599602, 0.10494225, 0.04593066, -0.21125963], [0.18339313, 0.05291544, -0.01429116, 0.10982985, 0.03086599, -0.16910197], [-0.19581596, 0.15582946, 0.45783827, -0.1620247, 0.01561117, -0.26202232], [-0.09630915, 0.07254357, 0.19495414, 0.00246863, -0.01092843, -0.09864499], [0.0861311, -0.03911461, -0.06499729, 0.014735, -0.0016258, -0.02113381], [0.48569387, -0.18334025, -0.26038588, 0.09587317, -0.02040275, -0.22530799], [-0.01664746, -0.02709021, -0.0215738, -0.02805442, 0.04778451, 0.03822126], [-0.02804126, -0.00164807, -0.00861669, -0.00494739, -0.0620642, 0.03665795], [-0.00895089, 0.04153142, 0.05847053, 0.01343223, 0.0167127, -0.04951964], [-0.01902681, 0.00696326, -0.01518201, 0.00641965, -0.03694338, 0.03420882], [-0.00165939, -0.00763851, -0.0235961, -0.0275789, 0.03114525, 0.02525549], [-0.03191665, 0.0011019, -0.0140917, -0.0002735, -0.03844075, 0.04600835], [-0.00728771, -0.01404814, -0.02142491, -0.03603597, 0.03171778, 0.02871262], [-0.01028214, -0.01204384, -0.05284633, -0.03873176, 0.01290843, 0.06312847], [0.00205158, 0.01414771, 0.02183057, 0.02267369, 0.04548399, -0.02388216], [-0.00551075, -0.00178627, 0.02295289, 7.562e-05, -0.05390751, -0.01744214]], "number of molecular orbitals": 38, "number of electrons": 42, "number of unpaired electrons": 0, "orbital energies/eV": [-20.16240274, -19.36675879, -18.34091631, -17.31304093, -16.68634121, -16.55911516, -15.99731089, -15.52376065, -15.30897216, -15.17234325, -14.16965233, -14.04571077, -13.87845224, -13.3135209, -13.12942643, -12.79827352, -12.73442675, -12.26934734, -12.2575182, -11.85924598, -11.27347308, -6.53457533, 0.26975986, 2.60426036, 2.99717953, 3.05028269, 3.43424628, 3.73976963, 3.90201552, 4.3781608, 4.95367427, 5.32184587, 5.42891346, 6.07393983, 6.53482572, 6.75403695, 7.76046494, 16.02785803], "fractional occupation": [2.0, 2.0, 2.0, 2.0, 2.0, 2.0, 2.0, 2.0, 2.0, 2.0, 2.0, 2.0, 2.0, 2.0, 2.0, 2.0, 2.0, 2.0, 2.0, 2.0, 2.0, 0.0, 0.0, 0.0, 0.0, 0.0, 0.0, 0.0, 0.0, 0.0, 0.0, 0.0, 0.0, 0.0, 0.0, 0.0, 0.0, 0.0], "program call": "xtb /home/svss/Project-DBcg-Debug/aqme2_20220329/End-to-End-workflows-final/example-3/QDESCP/mol_378_rdkit_conf_4/mol_378_rdkit_conf_4.xyz --pop --wbo --acc 0.2 --gfn 2 --chrg 0 --uhf 0 --etemp 300 --input /home/svss/Project-DBcg-Debug/aqme2_20220329/End-to-End-workflows-final/example-3/QDESCP/mol_378_rdkit_conf_4/mol_378_rdkit_conf_4_xtb.inp", "method": "GFN2-xTB", "xtb version": "6.3.3 (7355c4f)", "Dipole module/D": 2.25, "Total charge": 0, "Transition dipole module/D": NaN, "HOMO": -11.2735, "LUMO": -6.5346, "HOMO occupancy": 2.0, "LUMO occupancy": 0, "mulliken charges": [-0.08451, -0.02724, -0.07786, 0.57396, -0.5298, -0.41667, 0.17512, 0.03132, 0.02997, 0.03398, 0.03557, 0.03261, 0.04894, 0.051, 0.0359, 0.04414, 0.04357], "cm5 charges": [-0.23463, -0.13727, -0.17643, 0.62302, -0.57803, -0.50411, 0.05546, 0.08263, 0.08131, 0.08478, 0.09137, 0.08918, 0.10811, 0.10956, 0.09495, 0.10534, 0.10477], "FUKUI+": [0.019, -0.001, 0.022, -0.183, -0.279, -0.128, 0.047, -0.029, -0.029, -0.045, -0.028, -0.032, -0.087, -0.074, -0.076, -0.049, -0.048], "FUKUI-": [0.017, 0.005, -0.004, -0.014, -0.167, -0.079, 0.026, -0.093, -0.09, -0.081, -0.101, -0.094, -0.086, -0.066, -0.066, -0.058, -0.049], "FUKUIrad": [0.018, 0.002, 0.009, -0.099, -0.223, -0.103, 0.036, -0.061, -0.06, -0.063, -0.065, -0.063, -0.086, -0.07, -0.071, -0.054, -0.049], "s proportion": [1.009, 1.026, 1.039, 0.989, 1.731, 1.698, 0.973, 0.969, 0.97, 0.966, 0.964, 0.967, 0.951, 0.949, 0.964, 0.956, 0.956], "p proportion": [3.076, 3.001, 3.039, 2.437, 4.799, 4.719, 2.852, 0.0, 0.0, 0.0, 0.0, 0.0, 0.0, 0.0, 0.0, 0.0, 0.0], "d proportion": [0.0, 0.0, 0.0, 0.0, 0.0, 0.0, 0.0, 0.0, 0.0, 0.0, 0.0, 0.0, 0.0, 0.0, 0.0, 0.0, 0.0], "Fermi-level/eV": -8.904, "Coordination numbers": [3.75, 3.803, 3.804, 2.725, 0.856, 1.703, 3.656, 0.924, 0.924, 0.924, 0.924, 0.924, 0.924, 0.924, 0.924, 0.924, 0.924], "Dispersion coefficient C6": [22.548, 21.363, 22.163, 21.047, 21.791, 18.358, 20.303, 2.444, 2.46, 2.443, 2.419, 2.428, 2.179, 2.135, 2.15, 2.172, 2.175], "Total dispersion C6": 2223.970548, "Total dispersion C8": 47096.511894, "Polarizability alpha": [6.772, 6.58, 6.702, 7.511, 6.259, 5.785, 6.468, 2.445, 2.453, 2.444, 2.432, 2.437, 2.309, 2.285, 2.293, 2.305, 2.307], "Total polarizability alpha": 69.785297, "Wiberg matrix": [[0.0, 1.0182835639596861, 0.0, 0.0, 0.0, 0.0, 0.0, 0.9870163240559584, 0.9871354111897928, 0.9856561346982671, 0.0, 0.0, 0.0, 0.0, 0.0, 0.0, 0.0], [1.0182835639596861, 0.0, 0.9840647525792897, 0.0, 0.0, 0.0, 0.0, 0.0, 0.0, 0.0, 0.9769592439241952, 0.9768739440214553, 0.0, 0.0, 0.0, 0.0, 0.0], [0.0, 0.9840647525792897, 0.0, 0.9779261093594142, 0.0, 0.0, 0.0, 0.0, 0.0, 0.0, 0.0, 0.0, 0.965147677313599, 0.9693777081559634, 0.0, 0.0, 0.0], [0.0, 0.0, 0.9779261093594142, 0.0, 1.7608887959043307, 1.118226037089935, 0.0, 0.0, 0.0, 0.0, 0.0, 0.0, 0.0, 0.0, 0.0, 0.0, 0.0], [0.0, 0.0, 0.0, 1.7608887959043307, 0.0, 0.17107690927070704, 0.0, 0.0, 0.0, 0.0, 0.0, 0.0, 0.0, 0.0, 0.0, 0.0, 0.0], [0.0, 0.0, 0.0, 1.118226037089935, 0.17107690927070704, 0.0, 0.9607434206887784, 0.0, 0.0, 0.0, 0.0, 0.0, 0.0, 0.0, 0.0, 0.0, 0.0], [0.0, 0.0, 0.0, 0.0, 0.0, 0.9607434206887784, 0.0, 0.0, 0.0, 0.0, 0.0, 0.0, 0.0, 0.0, 0.9819339720290531, 0.9779725264287802, 0.9781757117036854], [0.9870163240559584, 0.0, 0.0, 0.0, 0.0, 0.0, 0.0, 0.0, 0.0, 0.0, 0.0, 0.0, 0.0, 0.0, 0.0, 0.0, 0.0], [0.9871354111897928, 0.0, 0.0, 0.0, 0.0, 0.0, 0.0, 0.0, 0.0, 0.0, 0.0, 0.0, 0.0, 0.0, 0.0, 0.0, 0.0], [0.9856561346982671, 0.0, 0.0, 0.0, 0.0, 0.0, 0.0, 0.0, 0.0, 0.0, 0.0, 0.0, 0.0, 0.0, 0.0, 0.0, 0.0], [0.0, 0.9769592439241952, 0.0, 0.0, 0.0, 0.0, 0.0, 0.0, 0.0, 0.0, 0.0, 0.0, 0.0, 0.0, 0.0, 0.0, 0.0], [0.0, 0.9768739440214553, 0.0, 0.0, 0.0, 0.0, 0.0, 0.0, 0.0, 0.0, 0.0, 0.0, 0.0, 0.0, 0.0, 0.0, 0.0], [0.0, 0.0, 0.965147677313599, 0.0, 0.0, 0.0, 0.0, 0.0, 0.0, 0.0, 0.0, 0.0, 0.0, 0.0, 0.0, 0.0, 0.0], [0.0, 0.0, 0.9693777081559634, 0.0, 0.0, 0.0, 0.0, 0.0, 0.0, 0.0, 0.0, 0.0, 0.0, 0.0, 0.0, 0.0, 0.0], [0.0, 0.0, 0.0, 0.0, 0.0, 0.0, 0.9819339720290531, 0.0, 0.0, 0.0, 0.0, 0.0, 0.0, 0.0, 0.0, 0.0, 0.0], [0.0, 0.0, 0.0, 0.0, 0.0, 0.0, 0.9779725264287802, 0.0, 0.0, 0.0, 0.0, 0.0, 0.0, 0.0, 0.0, 0.0, 0.0], [0.0, 0.0, 0.0, 0.0, 0.0, 0.0, 0.9781757117036854, 0.0, 0.0, 0.0, 0.0, 0.0, 0.0, 0.0, 0.0, 0.0, 0.0]], "Born radii": [], "Atomic SASAs": [], "Solvent H bonds": [], "Total SASA": NaN, "Total FOD": 0.0, "FOD": [0.0, 0.0, 0.0, 0.0, 0.0, 0.0, 0.0, 0.0, 0.0, 0.0, 0.0, 0.0, 0.0, 0.0, 0.0, 0.0, 0.0], "FOD s proportion": [0.0, 0.0, 0.0, 0.0, 0.0, 0.0, 0.0, 0.0, 0.0, 0.0, 0.0, 0.0, 0.0, 0.0, 0.0, 0.0, 0.0], "FOD p proportion": [0.0, 0.0, 0.0, 0.0, 0.0, 0.0, 0.0, 0.0, 0.0, 0.0, 0.0, 0.0, 0.0, 0.0, 0.0, 0.0, 0.0],