{"total energy": -24.04734161, "HOMO-LUMO gap/eV": 11.63228021, "electronic energy": -24.34518145, "dipole": [0.31510303, -0.44529845, 0.46470856], "partial charges": [-0.09983365, -0.05707847, -0.01870688, -0.10469778, -0.06648815, 0.08697222, -0.44962191, 0.03460021, 0.0326325, 0.03178507, 0.03168134, 0.02850065, 0.03481772, 0.03084539, 0.03699182, 0.03491673, 0.04470978, 0.04694402, 0.02043754, 0.017935, 0.28265683], "atomic dipole moments": [[-0.10279053, 0.01096854, 0.01032653], [0.04523195, -0.04390346, -0.09297946], [-0.04523341, -0.04076811, 0.07491208], [-0.01207515, 0.10194233, 0.01704234], [0.04050787, -0.08238903, 0.09501269], [-0.15614639, 0.10159734, -0.06987126], [0.15923713, -0.13734827, 0.11940182], [0.0363329, -0.12074892, -0.00440292], [0.04357371, 0.05992724, -0.1022211], [0.05723095, 0.0498764, 0.09876375], [-0.02137596, 0.11845032, 0.0240693], [-0.03243882, -0.05943203, 0.1049715], [0.04436198, 0.05459769, -0.09933009], [-0.02896716, -0.07031615, 0.10206815], [0.11665325, -0.03125629, -0.03323043], [-0.07224168, -0.04117826, -0.09514116], [-0.01148151, 0.12427138, 0.00014365], [-0.05782655, -0.02199905, -0.10847755], [-0.01369843, -0.11775661, -0.00580419], [0.03381156, 0.03646158, 0.10769835], [-0.02795175, -0.03797257, 0.06312882]], "atomic quadrupole moments": [[0.22204287, -0.03141452, -0.11861324, -0.03487162, 0.01619532, -0.10342963], [0.18351881, 0.00012055, -0.18197751, 0.0731499, 0.08591274, -0.00154131], [0.062442, -0.06596111, 0.03683072, 0.0954559, 0.113798, -0.09927272], [-0.09195427, -0.0255803, 0.20359177, 0.00510512, 0.04051767, -0.11163751], [0.15243053, -0.00799174, -0.13490381, -0.14712052, -0.09983923, -0.01752672], [0.38749092, -0.18970713, -0.21602983, -0.05702758, -0.12426318, -0.17146109], [0.1452279, -0.09236065, -0.06909321, 0.01062659, -0.04188784, -0.07613468], [-0.02595939, -0.01426827, 0.0772757, -0.00683664, 0.00955393, -0.05131631], [-0.02380751, 0.00725308, -0.01880791, -0.02454402, -0.05559759, 0.04261542], [-0.00994981, 0.01453353, -0.02848069, 0.03722126, 0.04996442, 0.0384305], [-0.01067479, -0.01686188, 0.05321987, 0.01203312, 0.00714637, -0.04254509], [-0.00515074, 0.01989945, -0.00551738, -0.01534309, -0.04529843, 0.01066811], [-0.00553472, 0.00463194, -0.0039102, -0.01850305, -0.01966773, 0.00944491], [-0.03894848, 0.01133245, -0.0132773, -0.03555964, -0.03908258, 0.05222578], [0.07473714, -0.01144528, -0.02578739, -0.0283061, 0.00153349, -0.04894975], [0.00391308, 0.00978959, -0.02642432, 0.06451768, 0.02013822, 0.02251124], [-0.02717795, 0.00492006, 0.05695244, -0.01217572, 0.02158907, -0.0297745], [-0.00767792, 0.02269986, -0.0247908, 0.02346865, 0.03347011, 0.03246872], [-0.00327888, -0.01334921, 0.04219643, -0.00849777, 0.01373363, -0.03891755], [0.01636845, 0.00702484, -0.0325267, 0.02630072, 0.02317862, 0.01615824], [0.00568372, 0.02795735, -0.0467136, -0.07927209, -0.07453014, 0.04102988]], "number of molecular orbitals": 42, "number of electrons": 44, "number of unpaired electrons": 0, "orbital energies/eV": [-18.54619408, -17.14962388, -16.78247644, -16.34798273, -15.89450365, -15.55348449, -15.23112653, -14.83139065, -14.33997958, -14.04631829, -13.56537978, -13.54797142, -13.23134453, -12.88854277, -12.60871837, -12.44461483, -12.22452474, -11.94864591, -11.6000458, -11.52507893, -11.39608903, -10.98098802, 0.65129219, 1.90671398, 2.51290681, 2.88434144, 3.18891841, 3.33450229, 3.76624172, 3.81695629, 4.17073929, 4.45911216, 5.08949588, 5.43006482, 5.74047504, 5.93421069, 6.51053357, 6.67336708, 7.38950191, 7.56883576, 7.82389111, 7.97033846], "fractional occupation": [2.0, 2.0, 2.0, 2.0, 2.0, 2.0, 2.0, 2.0, 2.0, 2.0, 2.0, 2.0, 2.0, 2.0, 2.0, 2.0, 2.0, 2.0, 2.0, 2.0, 2.0, 2.0, 0.0, 0.0, 0.0, 0.0, 0.0, 0.0, 0.0, 0.0, 0.0, 0.0, 0.0, 0.0, 0.0, 0.0, 0.0, 0.0, 0.0, 0.0, 0.0, 0.0], "program call": "xtb /home/svss/Project-DBcg-Debug/aqme2_20220329/End-to-End-workflows-final/example-3/QDESCP/mol_551_rdkit_conf_7/mol_551_rdkit_conf_7.xyz --pop --wbo --acc 0.2 --gfn 2 --chrg 0 --uhf 0 --etemp 300 --input /home/svss/Project-DBcg-Debug/aqme2_20220329/End-to-End-workflows-final/example-3/QDESCP/mol_551_rdkit_conf_7/mol_551_rdkit_conf_7_xtb.inp", "method": "GFN2-xTB", "xtb version": "6.3.3 (7355c4f)", "Dipole module/D": 1.821, "Total charge": 0, "Transition dipole module/D": NaN, "HOMO": -10.981, "LUMO": 0.6513, "HOMO occupancy": 2.0, "LUMO occupancy": 0, "mulliken charges": [-0.08275, -0.04807, -0.01278, -0.09324, -0.06151, 0.1983, -0.56984, 0.02706, 0.02768, 0.029, 0.02602, 0.02017, 0.02472, 0.0249, 0.03098, 0.0314, 0.03811, 0.03891, 0.00841, 0.00794, 0.33457], "cm5 charges": [-0.23333, -0.15854, -0.08491, -0.24174, -0.16662, 0.11076, -0.78414, 0.07882, 0.07909, 0.07977, 0.08118, 0.07591, 0.08324, 0.07728, 0.08283, 0.08306, 0.09545, 0.09628, 0.07173, 0.07128, 0.50263], "FUKUI+": [0.007, 0.0, -0.044, 0.029, -0.027, -0.015, -0.128, -0.038, -0.039, -0.061, -0.043, -0.032, -0.061, -0.029, -0.056, -0.037, -0.067, -0.068, -0.081, -0.077, -0.133], "FUKUI-": [0.019, 0.001, -0.005, 0.021, 0.016, 0.02, -0.116, -0.062, -0.071, -0.078, -0.061, -0.067, -0.067, -0.039, -0.045, -0.048, -0.07, -0.09, -0.097, -0.103, -0.057], "FUKUIrad": [0.013, 0.001, -0.025, 0.025, -0.005, 0.003, -0.122, -0.05, -0.055, -0.069, -0.052, -0.049, -0.064, -0.034, -0.051, -0.042, -0.069, -0.079, -0.089, -0.09, -0.095], "s proportion": [1.007, 1.032, 1.058, 1.012, 1.038, 0.991, 1.696, 0.973, 0.972, 0.971, 0.974, 0.98, 0.975, 0.975, 0.969, 0.969, 0.962, 0.961, 0.992, 0.992, 0.665], "p proportion": [3.075, 3.016, 2.955, 3.081, 3.024, 2.811, 4.874, 0.0, 0.0, 0.0, 0.0, 0.0, 0.0, 0.0, 0.0, 0.0, 0.0, 0.0, 0.0, 0.0, 0.0], "d proportion": [0.0, 0.0, 0.0, 0.0, 0.0, 0.0, 0.0, 0.0, 0.0, 0.0, 0.0, 0.0, 0.0, 0.0, 0.0, 0.0, 0.0, 0.0, 0.0, 0.0, 0.0], "Fermi-level/eV": -5.1648, "Coordination numbers": [3.749, 3.8, 3.847, 3.75, 3.8, 3.673, 1.653, 0.924, 0.924, 0.924, 0.924, 0.924, 0.923, 0.924, 0.924, 0.924, 0.923, 0.923, 0.924, 0.924, 0.804], "Dispersion coefficient C6": [22.472, 21.602, 20.875, 22.564, 21.775, 19.361, 21.837, 2.522, 2.549, 2.561, 2.563, 2.608, 2.519, 2.575, 2.489, 2.518, 2.387, 2.359, 2.727, 2.765, 0.776], "Total dispersion C6": 2912.615685, "Total dispersion C8": 60087.293625, "Polarizability alpha": [6.761, 6.617, 6.499, 6.774, 6.644, 6.306, 6.308, 2.484, 2.497, 2.503, 2.504, 2.525, 2.482, 2.509, 2.467, 2.481, 2.416, 2.402, 2.582, 2.6, 1.384], "Total polarizability alpha": 79.746965,