{"total energy": -24.0514193, "HOMO-LUMO gap/eV": 11.49951222, "electronic energy": -24.34664478, "dipole": [0.08074819, -0.1659899, -0.67588402], "partial charges": [-0.10824123, 0.0280406, -0.10848005, -0.10823908, -0.06932841, 0.08750401, -0.44956801, 0.03043507, 0.03675089, 0.03603142, 0.03502382, 0.03617638, 0.03501213, 0.03603473, 0.03672039, 0.03045031, 0.04809904, 0.0480705, 0.01872412, 0.01874472, 0.28203864], "atomic dipole moments": [[0.02058291, -0.06361198, 0.07655995], [0.00620042, 0.00326538, 0.00635339], [0.08718001, 0.00551343, -0.05730984], [-0.01793036, 0.09441913, 0.03317824], [0.03500564, -0.02594061, -0.12566671], [0.06647758, 0.0646623, 0.17631133], [-0.03398292, -0.07110996, -0.22865044], [0.09564919, 0.00489857, -0.08320329], [-0.09983766, -0.03320573, -0.06963418], [-0.02240689, 0.11946242, 0.03640005], [0.01133894, -0.07787074, 0.09949848], [-0.10058343, -0.04226469, -0.0644896], [-0.03506616, 0.11240146, 0.04723854], [0.0269762, -0.08308123, 0.09200314], [-0.09541621, -0.05136636, -0.06464898], [0.0975238, -0.00288476, -0.08107082], [-0.02946919, 0.10870587, 0.0560499], [0.01374943, -0.06842238, 0.10470146], [0.05031209, -0.10208966, -0.03325467], [0.00507275, 0.08333369, -0.08417119], [0.06359298, 0.00263709, -0.04686537]], "atomic quadrupole moments": [[-0.08820312, -0.02662616, 0.01762274, 0.03132484, -0.14919717, 0.07058037], [-0.01479612, -0.00362613, 0.00185938, 0.0016108, 0.00345612, 0.01293674], [0.11191587, 0.01419986, -0.10823451, -0.14531917, -0.00626611, -0.00368135], [-0.07833499, -0.06306081, 0.15094778, -0.02673327, 0.09316845, -0.07261278], [0.21766685, 0.09977321, -0.18493348, -0.02710836, 0.04530727, -0.03273338], [0.17583836, 0.18938309, -0.27021862, 0.20893249, 0.17717505, 0.09438026], [0.03003896, 0.06555099, -0.09157209, 0.09785391, 0.07607087, 0.06153314], [0.04969179, -0.01115312, -0.04282174, -0.05377637, -0.00521164, -0.00687004], [0.03701389, 0.04470134, -0.02219382, 0.04626499, 0.01183469, -0.01482007], [-0.04875569, -0.01887863, 0.05833825, -0.00593896, 0.04408701, -0.00958256], [-0.02616328, -0.0220557, 0.00226449, 0.01619775, -0.0616488, 0.02389879], [0.02077253, 0.03102976, -0.03615148, 0.04830192, 0.03029665, 0.01537894], [-0.03432839, -0.01340257, 0.0687302, -0.01432025, 0.03534133, -0.03440181], [-0.04616118, -0.01708887, -2.967e-05, 0.0203086, -0.04938024, 0.04619085], [0.04877053, 0.02133184, -0.02830804, 0.05036925, 0.02295216, -0.02046249], [0.0351312, 0.01698455, -0.02853316, -0.06187576, -0.00769239, -0.00659803], [-0.01137081, -0.02178223, 0.05166725, -0.00874041, 0.01807996, -0.04029644], [-0.01685256, -0.00612516, 0.01576528, 0.00655112, -0.0523192, 0.00108728], [-0.00979963, -0.00503995, 0.03524132, 0.00923035, 0.03117333, -0.02544169], [-0.01070785, 0.0014631, -0.00315719, 0.02618981, -0.03508664, 0.01386503], [0.09992697, 0.02761088, -0.08504685, -0.07075884, 0.00418416, -0.01488012]], "number of molecular orbitals": 42, "number of electrons": 44, "number of unpaired electrons": 0, "orbital energies/eV": [-18.53236382, -17.16802561, -16.77450019, -15.95929061, -15.94923907, -15.70845209, -15.34420249, -14.5630146, -14.33124191, -13.86841875, -13.55098347, -13.53236391, -13.19680956, -12.62538582, -12.59453654, -12.2208247, -12.16548941, -12.09119261, -11.60312018, -11.59913226, -11.51627335, -10.9709848, 0.52852742, 1.95570678, 2.1591187, 2.41262174, 2.71686587, 3.31817304, 3.8869493, 4.04223774, 4.5159075, 5.26746442, 5.37992182, 5.77125872, 5.96338413, 6.15195873, 6.40865579, 6.43641764, 7.04994201, 7.18052756, 7.44665967, 7.81062663], "fractional occupation": [2.0, 2.0, 2.0, 2.0, 2.0, 2.0, 2.0, 2.0, 2.0, 2.0, 2.0, 2.0, 2.0, 2.0, 2.0, 2.0, 2.0, 2.0, 2.0, 2.0, 2.0, 2.0, 0.0, 0.0, 0.0, 0.0, 0.0, 0.0, 0.0, 0.0, 0.0, 0.0, 0.0, 0.0, 0.0, 0.0, 0.0, 0.0, 0.0, 0.0, 0.0, 0.0], "program call": "xtb /home/svss/Project-DBcg-Debug/aqme2_20220329/End-to-End-workflows-final/example-3/QDESCP/mol_691_rdkit_conf_1/mol_691_rdkit_conf_1.xyz --pop --wbo --acc 0.2 --gfn 2 --chrg 0 --uhf 0 --etemp 300 --input /home/svss/Project-DBcg-Debug/aqme2_20220329/End-to-End-workflows-final/example-3/QDESCP/mol_691_rdkit_conf_1/mol_691_rdkit_conf_1_xtb.inp", "method": "GFN2-xTB", "xtb version": "6.3.3 (7355c4f)", "Dipole module/D": 1.781, "Total charge": 0, "Transition dipole module/D": NaN, "HOMO": -10.971, "LUMO": 0.5285, "HOMO occupancy": 2.0, "LUMO occupancy": 0, "mulliken charges": [-0.09885, 0.03221, -0.09512, -0.09886, -0.06775, 0.1993, -0.56963, 0.02632, 0.03127, 0.0315, 0.03062, 0.0295, 0.03061, 0.03151, 0.03125, 0.02633, 0.03928, 0.03927, 0.00831, 0.00832, 0.33461], "cm5 charges": [-0.24516, -0.00366, -0.24159, -0.24517, -0.17062, 0.11158, -0.78411, 0.07882, 0.08325, 0.0836, 0.08257, 0.08142, 0.08255, 0.08361, 0.08322, 0.07884, 0.09741, 0.09737, 0.07168, 0.0717, 0.50268], "FUKUI+": [0.028, -0.054, 0.025, 0.028, -0.032, -0.018, -0.126, -0.028, -0.06, -0.04, -0.042, -0.077, -0.042, -0.04, -0.06, -0.028, -0.068, -0.068, -0.081, -0.081, -0.134], "FUKUI-": [0.012, -0.023, 0.019, 0.012, 0.019, 0.022, -0.123, -0.049, -0.054, -0.05, -0.064, -0.051, -0.064, -0.05, -0.054, -0.049, -0.086, -0.086, -0.11, -0.11, -0.061], "FUKUIrad": [0.02, -0.039, 0.022, 0.02, -0.006, 0.002, -0.125, -0.039, -0.057, -0.045, -0.053, -0.064, -0.053, -0.045, -0.057, -0.039, -0.077, -0.077, -0.096, -0.096, -0.097], "s proportion": [1.017, 1.086, 1.018, 1.017, 1.042, 0.991, 1.696, 0.974, 0.969, 0.968, 0.969, 0.971, 0.969, 0.968, 0.969, 0.974, 0.961, 0.961, 0.992, 0.992, 0.665], "p proportion": [3.082, 2.882, 3.077, 3.082, 3.026, 2.809, 4.874, 0.0, 0.0, 0.0, 0.0, 0.0, 0.0, 0.0, 0.0, 0.0, 0.0, 0.0, 0.0, 0.0, 0.0], "d proportion": [0.0, 0.0, 0.0, 0.0, 0.0, 0.0, 0.0, 0.0, 0.0, 0.0, 0.0, 0.0, 0.0, 0.0, 0.0, 0.0, 0.0, 0.0, 0.0, 0.0, 0.0], "Fermi-level/eV": -5.2212, "Coordination numbers": [3.755, 3.895, 3.757, 3.755, 3.802, 3.673, 1.653, 0.924, 0.924, 0.924, 0.924, 0.924, 0.924, 0.924, 0.924, 0.924, 0.923, 0.923, 0.924, 0.924, 0.804], "Dispersion coefficient C6": [22.625, 20.05, 22.627, 22.625, 21.826, 19.353, 21.836, 2.58, 2.493, 2.503, 2.516, 2.501, 2.516, 2.502, 2.493, 2.58, 2.344, 2.344, 2.753, 2.753, 0.778], "Total dispersion C6": 2908.57209, "Total dispersion C8": 60065.375473, "Polarizability alpha": [6.782, 6.365, 6.782, 6.782, 6.651, 6.305, 6.308, 2.512, 2.469, 2.474, 2.481, 2.473, 2.481, 2.474, 2.469, 2.512, 2.394, 2.394, 2.595, 2.595, 1.385], "Total polarizability alpha": 79.684358,