{"total energy": -23.01161768, "HOMO-LUMO gap/eV": 3.56952801, "electronic energy": -23.30444661, "dipole": [0.02770709, -1.06191993, -0.65390938], "partial charges": [-0.10145879, -0.05206013, -0.03591959, -0.05146437, -0.10060205, 0.20520996, -0.3330794, 0.03161928, 0.03629366, 0.03603563, 0.04945132, 0.04377397, 0.05718513, 0.04398575, 0.0320367, 0.04319922, 0.03589177, 0.03603746, 0.02386448], "atomic dipole moments": [[0.04188938, 0.09699127, -0.00672748], [0.02028647, -0.07647875, -0.10806511], [0.05754456, 0.00638257, 0.04780838], [-0.02521144, 0.08343298, 0.09197068], [-0.07271455, 0.00689833, -0.08437024], [-0.02304179, -0.00035342, 0.06207653], [0.0179364, -0.10497729, -0.11441871], [-0.07626474, -0.0232883, -0.09763159], [-0.0703116, -0.00818012, 0.10446631], [0.08528271, -0.09216272, 0.00741796], [0.06983011, 0.02086237, 0.10579596], [-0.09247834, 0.08358731, 0.01479219], [-0.08253886, -0.01405435, -0.09401971], [-0.04114424, -0.11447738, -0.02203538], [0.06122431, 0.02653781, -0.10332735], [-0.04657104, -0.04769726, 0.10843647], [0.05421831, 0.11423121, 0.02527889], [0.09359486, -0.07594285, -0.0331896], [0.06248642, 0.04163379, -0.11472138]], "atomic quadrupole moments": [[-0.05953491, 0.13239206, 0.17169157, -0.01460951, -0.00910769, -0.11215666], [-0.10015422, 0.14574537, 0.07734381, -0.14806689, -0.05772942, 0.02281041], [-0.05076565, -0.01753362, 0.1052278, -0.14227061, 0.01850174, -0.05446215], [0.09602516, -0.17034386, -0.07395816, 0.10519974, 0.02023328, -0.02206701], [0.04616408, -0.01563862, -0.12179932, 0.17233871, 0.00454536, 0.07563524], [0.46657087, -0.27993354, -0.22075239, 0.42690707, -0.07240439, -0.24581847], [0.19418806, -0.10734397, -0.12215439, 0.15976149, -0.05489807, -0.07203367], [-0.01044846, 0.01037754, -0.02912517, 0.06100113, 0.00440628, 0.03957363], [-0.01441373, 0.00475807, -0.02700664, -0.06077629, 0.00424878, 0.04142036], [0.03812854, -0.05262942, 0.01465196, 0.00064225, 0.00074916, -0.0527805], [0.01881679, 0.01153906, -0.02703559, 0.04341682, -0.00910764, 0.0082188], [0.02029633, -0.0360501, 0.01346038, -0.00508098, -0.01708517, -0.03375671], [0.01913905, 0.00243768, -0.04356683, 0.02355209, 0.01464088, 0.02442778], [0.00152494, 0.02919426, 0.03995076, 0.01639845, -0.00669343, -0.0414757], [0.000699, 0.00571626, -0.02634977, -0.02573092, -0.03753624, 0.02565077], [-0.00055525, 0.02535615, -0.03791832, -0.04257772, -0.03166851, 0.03847356], [-0.03369124, 0.03389224, 0.06753966, 0.01338273, 0.00918622, -0.03384842], [0.01986827, -0.06005905, -0.00232712, -0.02130891, 0.03067046, -0.01754115], [-0.05093725, 0.02374667, 0.04468322, -0.02850621, 0.03762273, 0.00625403]], "number of molecular orbitals": 40, "number of electrons": 42, "number of unpaired electrons": 0, "orbital energies/eV": [-19.31242391, -17.67436838, -16.8389006, -16.78211491, -16.11550072, -15.87870925, -15.14705485, -14.93952383, -14.68365327, -14.4459819, -13.94577122, -13.55843929, -13.38190268, -13.28988515, -12.68831874, -12.6148525, -12.43888449, -12.14141835, -11.81831235, -11.71310971, -10.90145228, -7.33192428, 1.14996052, 1.9382481, 2.39529416, 2.98289943, 3.28749007, 3.52168725, 3.88747341, 4.40160037, 4.78875835, 4.99628432, 5.19595813, 5.55757549, 6.83111159, 6.89481558, 7.0685961, 7.47639087, 7.68446093, 14.39063632], "fractional occupation": [2.0, 2.0, 2.0, 2.0, 2.0, 2.0, 2.0, 2.0, 2.0, 2.0, 2.0, 2.0, 2.0, 2.0, 2.0, 2.0, 2.0, 2.0, 2.0, 2.0, 2.0, 0.0, 0.0, 0.0, 0.0, 0.0, 0.0, 0.0, 0.0, 0.0, 0.0, 0.0, 0.0, 0.0, 0.0, 0.0, 0.0, 0.0, 0.0, 0.0], "program call": "xtb /home/svss/Project-DBcg-Debug/aqme2_20220329/End-to-End-workflows-final/example-3/QDESCP/mol_782_rdkit_conf_4/mol_782_rdkit_conf_4.xyz --pop --wbo --acc 0.2 --gfn 2 --chrg 0 --uhf 0 --etemp 300 --input /home/svss/Project-DBcg-Debug/aqme2_20220329/End-to-End-workflows-final/example-3/QDESCP/mol_782_rdkit_conf_4/mol_782_rdkit_conf_4_xtb.inp", "method": "GFN2-xTB", "xtb version": "6.3.3 (7355c4f)", "Dipole module/D": 3.171, "Total charge": 0, "Transition dipole module/D": NaN, "HOMO": -10.9015, "LUMO": -7.3319, "HOMO occupancy": 2.0, "LUMO occupancy": 0, "mulliken charges": [-0.08682, -0.03599, -0.05017, -0.04045, -0.08617, 0.38089, -0.47512, 0.02688, 0.03454, 0.02732, 0.03795, 0.04001, 0.04597, 0.03317, 0.02519, 0.03477, 0.03668, 0.03325, 0.01811], "cm5 charges": [-0.23728, -0.14421, -0.11411, -0.14986, -0.23621, 0.36229, -0.53089, 0.07835, 0.08534, 0.07935, 0.09541, 0.09717, 0.10552, 0.08837, 0.08031, 0.08694, 0.08927, 0.08405, 0.0802], "FUKUI+": [0.018, 0.015, 0.006, 0.012, 0.021, -0.166, -0.327, -0.024, -0.04, -0.026, -0.026, -0.02, -0.096, -0.063, -0.031, -0.03, 0.003, -0.046, -0.182], "FUKUI-": [0.016, 0.007, -0.018, 0.014, 0.022, -0.01, -0.178, -0.068, -0.077, -0.059, -0.06, -0.066, -0.064, -0.091, -0.07, -0.051, -0.06, -0.058, -0.129], "FUKUIrad": [0.017, 0.011, -0.006, 0.013, 0.021, -0.088, -0.252, -0.046, -0.058, -0.042, -0.043, -0.043, -0.08, -0.077, -0.05, -0.041, -0.029, -0.052, -0.155], "s proportion": [1.008, 1.027, 1.068, 1.031, 1.008, 1.063, 1.738, 0.973, 0.965, 0.973, 0.962, 0.96, 0.954, 0.967, 0.975, 0.965, 0.963, 0.967, 0.982], "p proportion": [3.079, 3.009, 2.982, 3.01, 3.078, 2.556, 4.737, 0.0, 0.0, 0.0, 0.0, 0.0, 0.0, 0.0, 0.0, 0.0, 0.0, 0.0, 0.0], "d proportion": [0.0, 0.0, 0.0, 0.0, 0.0, 0.0, 0.0, 0.0, 0.0, 0.0, 0.0, 0.0, 0.0, 0.0, 0.0, 0.0, 0.0, 0.0, 0.0], "Fermi-level/eV": -9.1167, "Coordination numbers": [3.749, 3.8, 3.85, 3.801, 3.748, 2.76, 0.856, 0.924, 0.924, 0.924, 0.924, 0.924, 0.923, 0.924, 0.924, 0.924, 0.924, 0.924, 0.923], "Dispersion coefficient C6": [22.503, 21.509, 21.18, 21.497, 22.488, 23.641, 20.389, 2.564, 2.499, 2.502, 2.327, 2.399, 2.232, 2.397, 2.558, 2.407, 2.504, 2.502, 2.676], "Total dispersion C6": 2647.994514, "Total dispersion C8": 56201.283403, "Polarizability alpha": [6.766, 6.603, 6.546, 6.601, 6.764, 7.962, 6.054, 2.504, 2.472, 2.474, 2.386, 2.422, 2.337, 2.421, 2.501, 2.426, 2.475, 2.474, 2.558], "Total polarizability alpha": 76.74538,