{"total energy": -19.8256212, "HOMO-LUMO gap/eV": 5.19533273, "electronic energy": -20.08511845, "dipole": [0.67620179, 0.12398871, 0.02511589], "partial charges": [-0.44728195, 0.07922564, -0.0638197, -0.06037208, -0.03044117, -0.09396175, 0.28489632, 0.02188848, 0.0480545, 0.03127836, 0.04516233, 0.040082, 0.04158154, 0.0310385, 0.03540109, 0.03726788], "atomic dipole moments": [[0.22998173, -0.04377877, -0.04893235], [-0.07669617, 0.14657512, 0.1157701], [-0.00017228, -0.06446788, -0.09663647], [-0.04026758, 0.0895149, -0.04457182], [-0.13820104, -0.03251175, 0.07284427], [0.07471044, 0.01487203, 0.00278039], [0.04458145, 0.06530409, 0.00201202], [0.03810578, 0.03860799, -0.10664929], [-0.06031776, -0.11212472, -0.01646761], [0.05307672, 0.11096836, 0.0193151], [-0.05399273, -0.01666642, 0.11078142], [-0.05348606, -0.1133463, -0.01012234], [0.06535996, -0.0126787, 0.10471744], [-0.05418985, -0.01319772, -0.14023115], [0.07477739, 0.01993159, -0.12927787], [0.06957223, 0.01244368, 0.13484292]], "atomic quadrupole moments": [[0.06578447, -0.10835448, 0.03475156, -0.04675942, 0.05015691, -0.10053604], [0.12499346, -0.35606762, 0.00957981, 0.02090198, 0.14068673, -0.13457327], [0.09912402, -0.18962563, -0.05027644, 0.14372675, 0.02500972, -0.04884759], [0.06389422, -0.12734676, -0.02802906, -0.13771779, -0.00451946, -0.03586515], [-0.3429521, -0.210022, 0.5210781, -0.13154439, -0.02069487, -0.178126], [-0.3070739, -0.21193397, 0.58320702, -0.01379555, 0.01952473, -0.27613312], [-0.01394472, 0.07236045, 0.09872446, -0.00732892, 0.02467231, -0.08477973], [0.00258163, -0.00752802, -0.01519247, -0.03981498, -0.01535636, 0.01261084], [-0.00408699, 0.03016219, 0.03654846, 0.00271993, -0.00311253, -0.03246147], [-0.00268625, 0.04117191, 0.03737142, 0.00295547, -0.01152498, -0.03468517], [0.00197139, 0.00586715, -0.02724224, -0.03429629, -0.02840984, 0.02527086], [-0.00121826, 0.04243622, 0.02865691, 0.00504043, 0.02165813, -0.02743865], [0.01815253, -0.0082814, -0.04650611, 0.03686283, 0.0100547, 0.02835358], [0.04545495, 0.02726687, -0.06036878, 0.00403623, -0.00700539, 0.01491382], [0.02949344, 0.02292485, -0.06119279, -0.01429051, -0.00644703, 0.03169935], [0.01760199, 0.01777406, -0.05682567, 0.01517369, 0.00103962, 0.03922369]], "number of molecular orbitals": 34, "number of electrons": 36, "number of unpaired electrons": 0, "orbital energies/eV": [-18.62338128, -17.2748073, -16.84558589, -16.41944929, -15.8172545, -15.26709807, -14.76760144, -14.44346071, -14.10800992, -13.78964129, -13.42542544, -12.78666365, -12.66933555, -12.39674785, -11.937987, -11.65122991, -11.1476144, -10.94097676, -5.74564403, 0.95711615, 2.48329721, 2.60248997, 3.10758354, 3.32990786, 4.05081402, 4.28019413, 4.74750165, 5.13894658, 5.71025673, 6.00754075, 6.87379454, 7.56240469, 11.14172304, 15.29582182], "fractional occupation": [2.0, 2.0, 2.0, 2.0, 2.0, 2.0, 2.0, 2.0, 2.0, 2.0, 2.0, 2.0, 2.0, 2.0, 2.0, 2.0, 2.0, 2.0, 0.0, 0.0, 0.0, 0.0, 0.0, 0.0, 0.0, 0.0, 0.0, 0.0, 0.0, 0.0, 0.0, 0.0, 0.0, 0.0], "program call": "xtb /home/svss/Project-DBcg-Debug/aqme2_20220329/End-to-End-workflows-final/example-3/QDESCP/mol_42_rdkit_conf_12/mol_42_rdkit_conf_12.xyz --pop --wbo --acc 0.2 --gfn 2 --chrg 0 --uhf 0 --etemp 300 --input /home/svss/Project-DBcg-Debug/aqme2_20220329/End-to-End-workflows-final/example-3/QDESCP/mol_42_rdkit_conf_12/mol_42_rdkit_conf_12_xtb.inp", "method": "GFN2-xTB", "xtb version": "6.3.3 (7355c4f)", "Dipole module/D": 1.749, "Total charge": 0, "Transition dipole module/D": NaN, "HOMO": -10.941, "LUMO": -5.7456, "HOMO occupancy": 2.0, "LUMO occupancy": 0, "mulliken charges": [-0.56425, 0.19464, -0.06554, -0.04549, -0.02661, -0.08284, 0.33398, 0.01119, 0.03045, 0.02439, 0.03875, 0.03215, 0.03227, 0.02431, 0.03262, 0.02999], "cm5 charges": [-0.778, 0.1077, -0.17257, -0.15119, -0.09094, -0.18487, 0.50292, 0.07426, 0.09331, 0.08132, 0.0956, 0.08724, 0.08745, 0.08013, 0.08483, 0.0828], "FUKUI+": [-0.026, 0.012, 0.008, 0.025, -0.161, -0.126, -0.014, -0.004, -0.026, -0.026, -0.058, -0.087, -0.061, -0.146, -0.155, -0.158], "FUKUI-": [-0.147, 0.015, 0.0, 0.008, -0.044, -0.055, -0.059, -0.105, -0.071, -0.057, -0.078, -0.075, -0.083, -0.077, -0.089, -0.084], "FUKUIrad": [-0.086, 0.014, 0.004, 0.017, -0.102, -0.091, -0.036, -0.054, -0.048, -0.042, -0.068, -0.081, -0.072, -0.111, -0.122, -0.121], "s proportion": [1.696, 0.993, 1.04, 1.028, 1.071, 1.049, 0.666, 0.989, 0.97, 0.976, 0.961, 0.968, 0.968, 0.976, 0.967, 0.97], "p proportion": [4.868, 2.813, 3.026, 3.018, 2.955, 3.034, 0.0, 0.0, 0.0, 0.0, 0.0, 0.0, 0.0, 0.0, 0.0, 0.0], "d proportion": [0.0, 0.0, 0.0, 0.0, 0.0, 0.0, 0.0, 0.0, 0.0, 0.0, 0.0, 0.0, 0.0, 0.0, 0.0, 0.0], "Fermi-level/eV": -8.3433, "Coordination numbers": [1.653, 3.674, 3.8, 3.804, 2.884, 2.834, 0.804, 0.924, 0.924, 0.924, 0.924, 0.924, 0.924, 0.925, 0.925, 0.925], "Dispersion coefficient C6": [21.79, 19.483, 21.726, 21.658, 28.757, 30.351, 0.768, 2.705, 2.344, 2.569, 2.381, 2.448, 2.428, 2.572, 2.511, 2.485], "Total dispersion C6": 1958.338399, "Total dispersion C8": 42134.68897, "Polarizability alpha": [6.301, 6.325, 6.636, 6.625, 8.792, 9.028, 1.377, 2.572, 2.394, 2.506, 2.413, 2.447, 2.437, 2.508, 2.478, 2.465], "Total polarizability alpha": 67.30631, "Wiberg matrix": [[0.0, 0.99206694334234, 0.0, 0.0, 0.0, 0.0, 0.9046048501424426, 0.0, 0.0, 0.0, 0.0, 0.0, 0.0, 0.0, 0.0, 0.0], [0.99206694334234, 0.0, 1.0023604966527622, 0.0, 0.0, 0.0, 0.0, 0.9728024042502033, 0.9732090939231973, 0.0, 0.0, 0.0, 0.0, 0.0, 0.0, 0.0], [0.0, 1.0023604966527622, 0.0, 0.9906641775782261, 0.0, 0.0, 0.0, 0.0, 0.0, 0.9756252116799119, 0.9745613958764816, 0.0, 0.0, 0.0, 0.0, 0.0], [0.0, 0.0, 0.9906641775782261, 0.0, 1.0260003350587434, 0.0, 0.0, 0.0, 0.0, 0.0, 0.0, 0.9642548236807106, 0.9742181560882152, 0.0, 0.0, 0.0], [0.0, 0.0, 0.0, 1.0260003350587434, 0.0, 1.9777484282582147, 0.0, 0.0, 0.0, 0.0, 0.0, 0.0, 0.0, 0.9673371367077943, 0.0, 0.0], [0.0, 0.0, 0.0, 0.0, 1.9777484282582147, 0.0, 0.0, 0.0, 0.0, 0.0, 0.0, 0.0, 0.0, 0.0, 0.978141525774679, 0.9763839127626277], [0.9046048501424426, 0.0, 0.0, 0.0, 0.0, 0.0, 0.0, 0.0, 0.0, 0.0, 0.0, 0.0, 0.0, 0.0, 0.0, 0.0], [0.0, 0.9728024042502033, 0.0, 0.0, 0.0, 0.0, 0.0, 0.0, 0.0, 0.0, 0.0, 0.0, 0.0, 0.0, 0.0, 0.0], [0.0, 0.9732090939231973, 0.0, 0.0, 0.0, 0.0, 0.0, 0.0, 0.0, 0.0, 0.0, 0.0, 0.0, 0.0, 0.0, 0.0], [0.0, 0.0, 0.9756252116799119, 0.0, 0.0, 0.0, 0.0, 0.0, 0.0, 0.0, 0.0, 0.0, 0.0, 0.0, 0.0, 0.0], [0.0, 0.0, 0.9745613958764816, 0.0, 0.0, 0.0, 0.0, 0.0, 0.0, 0.0, 0.0, 0.0, 0.0, 0.0, 0.0, 0.0], [0.0, 0.0, 0.0, 0.9642548236807106, 0.0, 0.0, 0.0, 0.0, 0.0, 0.0, 0.0, 0.0, 0.0, 0.0, 0.0, 0.0], [0.0, 0.0, 0.0, 0.9742181560882152, 0.0, 0.0, 0.0, 0.0, 0.0, 0.0, 0.0, 0.0, 0.0, 0.0, 0.0, 0.0], [0.0, 0.0, 0.0, 0.0, 0.9673371367077943, 0.0, 0.0, 0.0, 0.0, 0.0, 0.0, 0.0, 0.0, 0.0, 0.0, 0.0], [0.0, 0.0, 0.0, 0.0, 0.0, 0.978141525774679, 0.0, 0.0, 0.0, 0.0, 0.0, 0.0, 0.0, 0.0, 0.0, 0.0], [0.0, 0.0, 0.0, 0.0, 0.0, 0.9763839127626277, 0.0, 0.0, 0.0, 0.0, 0.0, 0.0, 0.0, 0.0, 0.0, 0.0]], "Born radii": [], "Atomic SASAs": [], "Solvent H bonds": [], "Total SASA": NaN, "Total FOD": 0.0, "FOD": [0.0, 0.0, 0.0, 0.0, 0.0, 0.0, 0.0, 0.0, 0.0, 0.0, 0.0, 0.0, 0.0, 0.0, 0.0, 0.0], "FOD s proportion": [0.0, 0.0, 0.0, 0.0, 0.0, 0.0, 0.0, 0.0, 0.0, 0.0, 0.0, 0.0, 0.0, 0.0, 0.0, 0.0], "FOD p proportion": [0.0, 0.0, 0.0, 0.0, 0.0, 0.0, 0.0, 0.0, 0.0, 0.0, 0.0, 0.0, 0.0, 0.0, 0.0, 0.0], "FOD d proportion": [0.0, 0.0, 0.0, 0.0, 0.0, 0.0, 0.0, 0.0, 0.0, 0.0, 0.0, 0.0, 0.0, 0.0, 0.0, 0.0],