{"total energy": -19.85973813, "HOMO-LUMO gap/eV": 3.77279925, "electronic energy": -20.1121505, "dipole": [0.21921405, -0.46020923, 1.25953831], "partial charges": [-0.10186155, -0.045197, -0.08278532, 0.23781335, -0.36790047, -0.13381296, 0.0386687, 0.0345855, 0.04218476, 0.03826283, 0.03386671, 0.06133075, 0.04743683, 0.05873924, 0.06744208, 0.07122654], "atomic dipole moments": [[0.08122285, -0.06737766, 0.03385503], [0.00304188, 0.0283299, -0.12180208], [-0.01001249, 0.09617966, 0.05475999], [0.00364771, 0.00137728, -0.01808887], [0.03429588, -0.06103169, 0.147296], [-0.06785881, -0.03007228, -0.02803075], [0.04493698, 0.11191128, -0.04519044], [-0.07281993, 0.02805524, 0.0972127], [-0.07533982, -0.05237159, -0.08954486], [-0.05172077, -0.09784687, 0.05135971], [0.06317026, 0.05487259, 0.09187654], [-0.06741013, -0.05626853, -0.09620618], [0.07845198, -0.09206187, 0.03521632], [0.07865933, -0.10016678, 0.03870858], [0.07664889, 0.07705431, -0.07754528], [-0.04829503, 0.07693982, 0.1023954]], "atomic quadrupole moments": [[0.06944078, -0.1736105, 0.00996492, 0.06658961, -0.06585681, -0.0794057], [0.05713794, -0.19761212, -0.07986302, -0.08364696, 0.0151547, 0.02272508], [-0.03255461, 0.0552545, -0.00732165, -0.18073982, -0.05139301, 0.03987626], [0.06356102, -0.38817858, 0.10657467, -0.25309425, 0.2727825, -0.17013569], [0.02274254, -0.16887668, 0.04125035, -0.1076361, 0.11450717, -0.06399289], [0.05214062, 0.08780395, -0.07413838, 0.15222359, 0.04141456, 0.02199776], [-0.00292477, 0.04236524, 0.03414037, -0.01571524, -0.04007477, -0.0312156], [-0.00521769, -0.02360273, -0.03975518, -0.0545838, 0.01148842, 0.04497286], [-0.01205882, 0.02163897, -0.0022925, 0.04897185, 0.04207621, 0.01435133], [-0.00212493, 0.01992205, 0.03636345, -0.02281755, -0.02204294, -0.03423852], [0.01361474, 0.01825517, -0.0069551, 0.03297788, 0.03337096, -0.00665964], [0.01112098, 0.02254191, -0.0315084, 0.03502999, 0.01487049, 0.02038742], [0.01455602, -0.04175153, 0.00376312, 0.02681084, -0.02872376, -0.01831914], [-0.0007462, -0.0403952, 0.0370242, 0.02811176, -0.04656094, -0.03627801], [-0.00476522, 0.04279499, -0.00046156, -0.02817034, -0.04609609, 0.00522678], [-0.02287307, -0.01995506, -0.01299422, -0.04512246, 0.04665136, 0.03586729]], "number of molecular orbitals": 34, "number of electrons": 36, "number of unpaired electrons": 0, "orbital energies/eV": [-19.08438322, -17.50131521, -17.0637456, -16.59430046, -15.79188541, -15.26597704, -14.76167838, -14.47476347, -14.30320235, -13.69558612, -13.57012752, -13.10042842, -12.94334724, -12.75820124, -12.25504191, -12.19464416, -12.00117484, -10.7197554, -6.94695615, 1.89825218, 2.42478247, 3.0380227, 3.49201454, 3.6070541, 4.40825298, 4.67859442, 4.7176504, 5.3975714, 5.54510665, 5.92608696, 6.80724606, 7.42070005, 7.73117704, 14.97287728], "fractional occupation": [2.0, 2.0, 2.0, 2.0, 2.0, 2.0, 2.0, 2.0, 2.0, 2.0, 2.0, 2.0, 2.0, 2.0, 2.0, 2.0, 2.0, 2.0, 0.0, 0.0, 0.0, 0.0, 0.0, 0.0, 0.0, 0.0, 0.0, 0.0, 0.0, 0.0, 0.0, 0.0, 0.0, 0.0], "program call": "xtb /home/svss/Project-DBcg-Debug/aqme2_20220329/End-to-End-workflows-final/example-3/QDESCP/mol_60_rdkit_conf_3/mol_60_rdkit_conf_3.xyz --pop --wbo --acc 0.2 --gfn 2 --chrg 0 --uhf 0 --etemp 300 --input /home/svss/Project-DBcg-Debug/aqme2_20220329/End-to-End-workflows-final/example-3/QDESCP/mol_60_rdkit_conf_3/mol_60_rdkit_conf_3_xtb.inp", "method": "GFN2-xTB", "xtb version": "6.3.3 (7355c4f)", "Dipole module/D": 3.454, "Total charge": 0, "Transition dipole module/D": NaN, "HOMO": -10.7198, "LUMO": -6.947, "HOMO occupancy": 2.0, "LUMO occupancy": 0, "mulliken charges": [-0.08559, -0.02961, -0.08701, 0.39816, -0.49502, -0.12654, 0.03856, 0.03072, 0.03681, 0.03086, 0.02165, 0.05667, 0.04022, 0.04732, 0.06421, 0.05858], "cm5 charges": [-0.23523, -0.14078, -0.1889, 0.41312, -0.54492, -0.26845, 0.09146, 0.08153, 0.08843, 0.08516, 0.07704, 0.11511, 0.09603, 0.09993, 0.1188, 0.11166], "FUKUI+": [0.022, 0.01, 0.022, -0.193, -0.295, 0.05, 0.003, -0.047, -0.026, -0.063, -0.033, -0.068, -0.09, -0.103, -0.078, -0.111], "FUKUI-": [0.025, 0.011, -0.008, -0.038, -0.208, 0.003, -0.082, -0.067, -0.065, -0.132, -0.079, -0.07, -0.077, -0.073, -0.068, -0.07], "FUKUIrad": [0.023, 0.01, 0.007, -0.115, -0.252, 0.026, -0.04, -0.057, -0.046, -0.097, -0.056, -0.069, -0.083, -0.088, -0.073, -0.09], "s proportion": [1.008, 1.026, 1.043, 1.075, 1.74, 1.021, 0.961, 0.969, 0.963, 0.969, 0.978, 0.943, 0.96, 0.953, 0.936, 0.941], "p proportion": [3.077, 3.004, 3.044, 2.526, 4.755, 3.105, 0.0, 0.0, 0.0, 0.0, 0.0, 0.0, 0.0, 0.0, 0.0, 0.0], "d proportion": [0.0, 0.0, 0.0, 0.0, 0.0, 0.0, 0.0, 0.0, 0.0, 0.0, 0.0, 0.0, 0.0, 0.0, 0.0, 0.0], "Fermi-level/eV": -8.8334, "Coordination numbers": [3.749, 3.8, 3.802, 2.81, 0.857, 3.751, 0.924, 0.924, 0.924, 0.924, 0.924, 0.924, 0.924, 0.924, 0.924, 0.924], "Dispersion coefficient C6": [22.51, 21.384, 22.078, 23.033, 21.05, 23.136, 2.467, 2.522, 2.42, 2.472, 2.532, 2.184, 2.352, 2.214, 2.114, 2.072], "Total dispersion C6": 1886.65522, "Total dispersion C8": 40244.218538, "Polarizability alpha": [6.767, 6.584, 6.69, 7.863, 6.151, 6.86, 2.456, 2.484, 2.433, 2.459, 2.489, 2.311, 2.398, 2.327, 2.274, 2.251], "Total polarizability alpha": 64.795334, "Wiberg matrix": [[0.0, 1.0210325784329874, 0.0, 0.0, 0.0, 0.0, 0.9871955971479747, 0.9866545056020724, 0.9866763038874147, 0.0, 0.0, 0.0, 0.0, 0.0, 0.0, 0.0], [1.0210325784329874, 0.0, 0.9859274104378525, 0.0, 0.0, 0.0, 0.0, 0.0, 0.0, 0.9757535686322771, 0.9759622216928485, 0.0, 0.0, 0.0, 0.0, 0.0], [0.0, 0.9859274104378525, 0.0, 0.991367542464954, 0.0, 0.0, 0.0, 0.0, 0.0, 0.0, 0.0, 0.9720521839926497, 0.9596887834833423, 0.0, 0.0, 0.0], [0.0, 0.0, 0.991367542464954, 0.0, 1.857356973110087, 1.0111934019907218, 0.0, 0.0, 0.0, 0.0, 0.0, 0.0, 0.0, 0.0, 0.0, 0.0], [0.0, 0.0, 0.0, 1.857356973110087, 0.0, 0.0, 0.0, 0.0, 0.0, 0.0, 0.0, 0.0, 0.0, 0.0, 0.0, 0.0], [0.0, 0.0, 0.0, 1.0111934019907218, 0.0, 0.0, 0.0, 0.0, 0.0, 0.0, 0.0, 0.0, 0.0, 0.9695469906118489, 0.9815100327531558, 0.9541931167774258], [0.9871955971479747, 0.0, 0.0, 0.0, 0.0, 0.0, 0.0, 0.0, 0.0, 0.0, 0.0, 0.0, 0.0, 0.0, 0.0, 0.0], [0.9866545056020724, 0.0, 0.0, 0.0, 0.0, 0.0, 0.0, 0.0, 0.0, 0.0, 0.0, 0.0, 0.0, 0.0, 0.0, 0.0], [0.9866763038874147, 0.0, 0.0, 0.0, 0.0, 0.0, 0.0, 0.0, 0.0, 0.0, 0.0, 0.0, 0.0, 0.0, 0.0, 0.0], [0.0, 0.9757535686322771, 0.0, 0.0, 0.0, 0.0, 0.0, 0.0, 0.0, 0.0, 0.0, 0.0, 0.0, 0.0, 0.0, 0.0], [0.0, 0.9759622216928485, 0.0, 0.0, 0.0, 0.0, 0.0, 0.0, 0.0, 0.0, 0.0, 0.0, 0.0, 0.0, 0.0, 0.0], [0.0, 0.0, 0.9720521839926497, 0.0, 0.0, 0.0, 0.0, 0.0, 0.0, 0.0, 0.0, 0.0, 0.0, 0.0, 0.0, 0.0], [0.0, 0.0, 0.9596887834833423, 0.0, 0.0, 0.0, 0.0, 0.0, 0.0, 0.0, 0.0, 0.0, 0.0, 0.0, 0.0, 0.0], [0.0, 0.0, 0.0, 0.0, 0.0, 0.9695469906118489, 0.0, 0.0, 0.0, 0.0, 0.0, 0.0, 0.0, 0.0, 0.0, 0.0], [0.0, 0.0, 0.0, 0.0, 0.0, 0.9815100327531558, 0.0, 0.0, 0.0, 0.0, 0.0, 0.0, 0.0, 0.0, 0.0, 0.0], [0.0, 0.0, 0.0, 0.0, 0.0, 0.9541931167774258, 0.0, 0.0, 0.0, 0.0, 0.0, 0.0, 0.0, 0.0, 0.0, 0.0]], "Born radii": [], "Atomic SASAs": [], "Solvent H bonds": [], "Total SASA": NaN, "Total FOD": 0.0, "FOD": [0.0, 0.0, 0.0, 0.0, 0.0, 0.0, 0.0, 0.0, 0.0, 0.0, 0.0, 0.0, 0.0, 0.0, 0.0, 0.0], "FOD s proportion": [0.0, 0.0, 0.0, 0.0, 0.0, 0.0, 0.0, 0.0, 0.0, 0.0, 0.0, 0.0, 0.0, 0.0, 0.0, 0.0], "FOD p proportion": [0.0, 0.0, 0.0, 0.0, 0.0, 0.0, 0.0, 0.0, 0.0, 0.0, 0.0, 0.0, 0.0, 0.0, 0.0, 0.0], "FOD d proportion": [0.0, 0.0, 0.0, 0.0, 0.0, 0.0, 0.0, 0.0, 0.0, 0.0, 0.0, 0.0, 0.0, 0.0, 0.0, 0.0],