{"total energy": -14.09395856, "HOMO-LUMO gap/eV": 5.63795391, "electronic energy": -14.24995436, "dipole": [-0.17940058, -1.5966135, -0.18223002], "partial charges": [-0.31097977, 0.34856994, -0.47478046, -0.31099427, 0.18221261, 0.19188446, 0.19187961, 0.18220789], "atomic dipole moments": [[0.03818743, 0.08101985, -0.11962286], [-0.00671796, -0.05985498, -0.00681217], [-0.02418662, -0.21526583, -0.0245828], [-0.02247199, 0.05870194, 0.13559984], [-0.0173396, -0.08658693, -0.09576305], [-0.09006988, 0.0924942, 0.00998486], [0.10836601, 0.0703541, 0.00861029], [-0.00445138, -0.10736676, 0.073622]], "atomic quadrupole moments": [[0.07635479, 0.07351825, -0.01748225, -0.0133822, -0.02958029, -0.05887254], [-0.12381782, -0.03043696, -0.26947843, 0.10977035, -0.08957787, 0.39329625], [-0.10955588, 0.0054918, -0.01979988, 0.03845836, -0.02155841, 0.12935576], [0.04068436, -0.08419277, 0.0017605, -0.02342373, 0.04352541, -0.04244486], [-0.00366725, 0.0204575, 0.0406481, 0.00410127, 0.06291975, -0.03698086], [0.05490436, -0.03729571, -0.00303106, -0.02077217, 0.02502337, -0.0518733], [0.06928429, 0.02633421, -0.00963711, -0.01729188, -0.00939698, -0.05964718], [-0.00982031, -0.00524343, 0.07020901, -0.01053953, -0.03790942, -0.0603887]], "number of molecular orbitals": 20, "number of electrons": 24, "number of unpaired electrons": 0, "orbital energies/eV": [-19.08539572, -18.16083064, -17.65441374, -16.09600472, -15.68691661, -15.26293539, -14.58688839, -13.95091823, -13.56276261, -11.52896608, -11.45006588, -10.85363534, -5.21568144, 0.37776759, 2.35544163, 4.61589373, 5.01341534, 7.02930262, 10.47888304, 17.49471942], "fractional occupation": [2.0, 2.0, 2.0, 2.0, 2.0, 2.0, 2.0, 2.0, 2.0, 2.0, 2.0, 2.0, 0.0, 0.0, 0.0, 0.0, 0.0, 0.0, 0.0, 0.0], "program call": "xtb /home/svss/Project-DBcg-Debug/aqme2_20220329/End-to-End-workflows-final/example-3/QDESCP/mol_786_rdkit_conf_1/mol_786_rdkit_conf_1.xyz --pop --wbo --acc 0.2 --gfn 2 --chrg 0 --uhf 0 --etemp 300 --input /home/svss/Project-DBcg-Debug/aqme2_20220329/End-to-End-workflows-final/example-3/QDESCP/mol_786_rdkit_conf_1/mol_786_rdkit_conf_1_xtb.inp", "method": "GFN2-xTB", "xtb version": "6.3.3 (7355c4f)", "Dipole module/D": 4.11, "Total charge": 0, "Transition dipole module/D": NaN, "HOMO": -10.8536, "LUMO": -5.2157, "HOMO occupancy": 2.0, "LUMO occupancy": 0, "mulliken charges": [-0.4549, 0.58177, -0.58206, -0.45491, 0.22086, 0.2342, 0.23419, 0.22085], "cm5 charges": [-0.9037, 0.74281, -0.62144, -0.90371, 0.41576, 0.42726, 0.42726, 0.41576], "FUKUI+": [-0.071, -0.175, -0.268, -0.071, -0.116, -0.092, -0.092, -0.116], "FUKUI-": [-0.142, -0.013, -0.323, -0.142, -0.1, -0.09, -0.09, -0.1], "FUKUIrad": [-0.107, -0.094, -0.296, -0.107, -0.108, -0.091, -0.091, -0.108], "s proportion": [1.43, 0.935, 1.721, 1.43, 0.779, 0.766, 0.766, 0.779], "p proportion": [4.025, 2.483, 4.861, 4.025, 0.0, 0.0, 0.0, 0.0], "d proportion": [0.0, 0.0, 0.0, 0.0, 0.0, 0.0, 0.0, 0.0], "Fermi-level/eV": -8.0347, "Coordination numbers": [2.655, 2.676, 0.86, 2.655, 0.86, 0.86, 0.86, 0.86], "Dispersion coefficient C6": [28.004, 21.081, 23.232, 28.004, 1.201, 1.148, 1.148, 1.201], "Total dispersion C6": 589.0618, "Total dispersion C8": 12291.937352, "Polarizability alpha": [7.859, 7.513, 6.462, 7.859, 1.717, 1.679, 1.679, 1.717], "Total polarizability alpha": 36.485784, "Wiberg matrix": [[0.0, 1.1608934407906966, 0.14029930635030277, 0.0, 0.9421868015328675, 0.9449348162108083, 0.0, 0.0], [1.1608934407906966, 0.0, 1.6307229292246501, 1.1608532334724548, 0.0, 0.0, 0.0, 0.0], [0.14029930635030277, 1.6307229292246501, 0.0, 0.14028906572306094, 0.0, 0.0, 0.0, 0.0], [0.0, 1.1608532334724548, 0.14028906572306094, 0.0, 0.0, 0.0, 0.9449388806863922, 0.9421889691176335], [0.9421868015328675, 0.0, 0.0, 0.0, 0.0, 0.0, 0.0, 0.0], [0.9449348162108083, 0.0, 0.0, 0.0, 0.0, 0.0, 0.0, 0.0], [0.0, 0.0, 0.0, 0.9449388806863922, 0.0, 0.0, 0.0, 0.0], [0.0, 0.0, 0.0, 0.9421889691176335, 0.0, 0.0, 0.0, 0.0]], "Born radii": [], "Atomic SASAs": [], "Solvent H bonds": [], "Total SASA": NaN, "Total FOD": 0.0, "FOD": [0.0, 0.0, 0.0, 0.0, 0.0, 0.0, 0.0, 0.0], "FOD s proportion": [0.0, 0.0, 0.0, 0.0, 0.0, 0.0, 0.0, 0.0], "FOD p proportion": [0.0, 0.0, 0.0, 0.0, 0.0, 0.0, 0.0, 0.0], "FOD d proportion": [0.0, 0.0, 0.0, 0.0, 0.0, 0.0, 0.0, 0.0], "coordinates": [["-1.11850", "-0.17230", "0.23910"], ["0.05310", "0.47260", "0.05400"], ["0.18830", "1.67610", "0.19140"], ["1.05920", "-0.35550", "-0.29940"], ["-1.30330", "-0.92850", "-0.40440"], ["-1.89810", "0.46090", "0.36970"], ["1.96160", "0.10430", "-0.30520"], ["1.05770", "-1.25760", "0.15480"]], "bond_dist": [[0.0, 1.350112802694649, 2.264196124455653, 2.25076026710976, 1.009990955405047, 1.012805390980913, 3.140029627248762, 2.433275368716003], [1.350112802694649, 0.0, 1.2188396326014346, 1.350140133467634, 2.0032555328764223, 1.976609425253254, 1.976623833712424, 2.0032408342483436], [2.264196124455653, 1.2188396326014346, 0.0, 2.2642327640947166, 3.0600309410200413, 2.421067303897188, 2.421107120719775, 3.060031308663361], [2.25076026710976, 1.350140133467634, 2.2642327640947166, 0.0, 2.433261237516432, 3.1400361558427954, 1.012805726682072, 1.009992227692867], [1.009990955405047, 2.0032555328764223, 3.0600309410200413, 2.433261237516432, 0.0, 1.6980724984522892, 3.4257974969341083, 2.4485367977631047], [1.012805390980913, 1.976609425253254, 2.421067303897188, 3.1400361558427954, 1.6980724984522892, 0.0, 3.9344551922724955, 3.4258105464254736], [3.140029627248762, 1.976623833712424, 2.421107120719775, 1.012805726682072, 3.4257974969341083, 3.9344551922724955, 0.0, 1.6980597221534937], [2.433275368716003, 2.0032408342483436, 3.060031308663361, 1.009992227692867, 2.4485367977631047, 3.4258105464254736, 1.6980597221534937, 0.0]]}