{"total energy": -17.70813926, "HOMO-LUMO gap/eV": 6.94910764, "electronic energy": -17.89773204, "dipole": [0.27911422, -0.16397604, 0.81425729], "partial charges": [-0.20983326, 0.03080615, -0.00948271, -0.1058722, -0.10587504, 0.05528674, 0.05530826, 0.03917266, 0.03898713, 0.03618157, 0.05006021, 0.0500904, 0.03617868, 0.03899141], "atomic dipole moments": [[0.01589476, 0.01830794, 0.12194472], [-0.01035408, -0.05320517, -0.1921247], [-0.03623273, 0.02804106, -0.0874652], [0.05932937, 0.09945484, 0.02551757], [-0.10163067, 0.00213174, 0.06103491], [0.06291945, 0.109331, 0.03098091], [-0.1098218, 0.00491947, 0.06917379], [0.02672287, -0.00082331, 0.11868677], [0.06344635, -0.10020571, 0.04299272], [-0.11165716, -0.00121572, 0.05995333], [-0.02328401, -0.02591717, -0.12520899], [-0.00732673, -0.01626105, -0.12871082], [0.06599109, 0.10619072, 0.02070176], [0.07281693, -0.09451948, 0.04095932]], "atomic quadrupole moments": [[-0.23247914, -0.01728375, -0.27308966, 0.19943726, -0.04015454, 0.5055688], [-0.20811943, -0.11761685, -0.14866471, 0.18719219, -0.06200924, 0.35678413], [0.08034916, -0.01941855, 0.10838707, -0.05277835, -0.01103112, -0.18873623], [-0.00794328, 0.14839797, 0.13522092, 0.02670048, 0.04982105, -0.12727765], [0.15659253, 0.00284626, -0.10090976, -0.15352215, -0.00494645, -0.05568277], [-0.00734619, 0.03676685, 0.01894662, 0.01999107, -0.00820023, -0.01160043], [0.03671491, 0.00159865, -0.03969805, -0.01791694, -0.017453, 0.00298315], [-0.016578, 0.00186958, -0.0182271, 0.00803889, 0.00574589, 0.0348051], [0.00326071, -0.04706121, 0.02875317, 0.03596926, -0.0290545, -0.03201388], [0.05066658, -0.00577067, -0.03293486, -0.05471191, 0.01502621, -0.01773171], [-0.04193712, 0.00806865, -0.03648882, 0.01394265, -0.00099634, 0.07842595], [-0.02358753, 0.00433761, -0.04773298, 0.02808479, 0.01085568, 0.0713205], [-0.01505152, 0.04619787, 0.05388603, 0.00026071, 0.0279878, -0.0388345], [-0.00864875, -0.04972563, 0.0299038, 0.01291479, -0.04397677, -0.02125505]], "number of molecular orbitals": 34, "number of electrons": 32, "number of unpaired electrons": 0, "orbital energies/eV": [-28.42884476, -17.48646396, -16.56871882, -16.21280417, -15.27754818, -14.47570565, -14.2110176, -13.87376035, -13.25333153, -12.94078449, -12.63952195, -12.43201169, -12.14847446, -11.90905289, -11.0865445, -11.04369771, -4.09459007, 0.49386835, 0.72187516, 0.90566418, 0.90747975, 1.61381667, 2.45044783, 2.72409909, 3.38470373, 4.16806183, 4.37318971, 5.02853345, 5.05515419, 5.52649744, 6.01287262, 6.65646279, 6.87401068, 7.37573977], "fractional occupation": [2.0, 2.0, 2.0, 2.0, 2.0, 2.0, 2.0, 2.0, 2.0, 2.0, 2.0, 2.0, 2.0, 2.0, 2.0, 2.0, 0.0, 0.0, 0.0, 0.0, 0.0, 0.0, 0.0, 0.0, 0.0, 0.0, 0.0, 0.0, 0.0, 0.0, 0.0, 0.0, 0.0, 0.0], "program call": "xtb /home/svss/Project-DBcg-Debug/aqme2_20220329/End-to-End-workflows-final/example-3/QDESCP/mol_816_rdkit_conf_1/mol_816_rdkit_conf_1.xyz --pop --wbo --acc 0.2 --gfn 2 --chrg 0 --uhf 0 --etemp 300 --input /home/svss/Project-DBcg-Debug/aqme2_20220329/End-to-End-workflows-final/example-3/QDESCP/mol_816_rdkit_conf_1/mol_816_rdkit_conf_1_xtb.inp", "method": "GFN2-xTB", "xtb version": "6.3.3 (7355c4f)", "Dipole module/D": 2.227, "Total charge": 0, "Transition dipole module/D": NaN, "HOMO": -11.0437, "LUMO": -4.0946, "HOMO occupancy": 2.0, "LUMO occupancy": 0, "mulliken charges": [-0.16591, 0.06383, -0.00506, -0.09014, -0.09014, 0.03305, 0.03306, 0.02757, 0.03179, 0.0304, 0.03466, 0.03468, 0.0304, 0.03179], "cm5 charges": [-0.17598, -0.03737, -0.07787, -0.23779, -0.2378, 0.08829, 0.08832, 0.08547, 0.08314, 0.08196, 0.08725, 0.08728, 0.08195, 0.08314], "FUKUI+": [-0.459, -0.04, 0.019, 0.036, 0.036, -0.147, -0.147, -0.091, -0.058, -0.032, -0.014, -0.014, -0.032, -0.058], "FUKUI-": [-0.353, 0.037, -0.005, 0.026, 0.026, -0.098, -0.098, -0.11, -0.082, -0.061, -0.07, -0.07, -0.061, -0.082], "FUKUIrad": [-0.406, -0.001, 0.007, 0.031, 0.031, -0.123, -0.123, -0.1, -0.07, -0.046, -0.042, -0.042, -0.046, -0.07], "s proportion": [1.949, 1.047, 1.054, 1.012, 1.012, 0.967, 0.967, 0.972, 0.968, 0.97, 0.965, 0.965, 0.97, 0.968], "p proportion": [5.232, 2.889, 2.951, 3.079, 3.079, 0.0, 0.0, 0.0, 0.0, 0.0, 0.0, 0.0, 0.0, 0.0], "d proportion": [-0.015, 0.0, 0.0, 0.0, 0.0, 0.0, 0.0, 0.0, 0.0, 0.0, 0.0, 0.0, 0.0, 0.0], "Fermi-level/eV": -7.5691, "Coordination numbers": [0.904, 3.713, 3.863, 3.751, 3.751, 0.924, 0.924, 0.923, 0.924, 0.924, 0.924, 0.924, 0.924, 0.924], "Dispersion coefficient C6": [105.749, 20.181, 20.705, 22.585, 22.585, 2.255, 2.255, 2.46, 2.463, 2.5, 2.319, 2.319, 2.5, 2.462], "Total dispersion C6": 1822.960957, "Total dispersion C8": 45933.903145, "Polarizability alpha": [15.732, 6.419, 6.471, 6.777, 6.777, 2.348, 2.348, 2.453, 2.454, 2.473, 2.382, 2.381, 2.473, 2.454], "Total polarizability alpha": 63.942701, "Wiberg matrix": [[0.0, 0.9480438155022707, 0.0, 0.0, 0.0, 0.0, 0.0, 0.0, 0.0, 0.0, 0.0, 0.0, 0.0, 0.0], [0.9480438155022707, 0.0, 1.0005645063572637, 0.0, 0.0, 0.9787623362915118, 0.9787659061907213, 0.0, 0.0, 0.0, 0.0, 0.0, 0.0, 0.0], [0.0, 1.0005645063572637, 0.0, 1.0091031202230516, 1.009120872003806, 0.0, 0.0, 0.9601460641118369, 0.0, 0.0, 0.0, 0.0, 0.0, 0.0], [0.0, 0.0, 1.0091031202230516, 0.0, 0.0, 0.0, 0.0, 0.0, 0.9862554072242425, 0.9862945617952206, 0.985149131527544, 0.0, 0.0, 0.0], [0.0, 0.0, 1.009120872003806, 0.0, 0.0, 0.0, 0.0, 0.0, 0.0, 0.0, 0.0, 0.9851470285579811, 0.9862895611793316, 0.9862520065461517], [0.0, 0.9787623362915118, 0.0, 0.0, 0.0, 0.0, 0.0, 0.0, 0.0, 0.0, 0.0, 0.0, 0.0, 0.0], [0.0, 0.9787659061907213, 0.0, 0.0, 0.0, 0.0, 0.0, 0.0, 0.0, 0.0, 0.0, 0.0, 0.0, 0.0], [0.0, 0.0, 0.9601460641118369, 0.0, 0.0, 0.0, 0.0, 0.0, 0.0, 0.0, 0.0, 0.0, 0.0, 0.0], [0.0, 0.0, 0.0, 0.9862554072242425, 0.0, 0.0, 0.0, 0.0, 0.0, 0.0, 0.0, 0.0, 0.0, 0.0], [0.0, 0.0, 0.0, 0.9862945617952206, 0.0, 0.0, 0.0, 0.0, 0.0, 0.0, 0.0, 0.0, 0.0, 0.0], [0.0, 0.0, 0.0, 0.985149131527544, 0.0, 0.0, 0.0, 0.0, 0.0, 0.0, 0.0, 0.0, 0.0, 0.0], [0.0, 0.0, 0.0, 0.0, 0.9851470285579811, 0.0, 0.0, 0.0, 0.0, 0.0, 0.0, 0.0, 0.0, 0.0], [0.0, 0.0, 0.0, 0.0, 0.9862895611793316, 0.0, 0.0, 0.0, 0.0, 0.0, 0.0, 0.0, 0.0, 0.0], [0.0, 0.0, 0.0, 0.0, 0.9862520065461517, 0.0, 0.0, 0.0, 0.0, 0.0, 0.0, 0.0, 0.0, 0.0]], "Born radii": [], "Atomic SASAs": [], "Solvent H bonds": [], "Total SASA": NaN, "Total FOD": 0.0, "FOD": [0.0, 0.0, 0.0, 0.0, 0.0, 0.0, 0.0, 0.0, 0.0, 0.0, 0.0, 0.0, 0.0, 0.0], "FOD s proportion": [0.0, 0.0, 0.0, 0.0, 0.0, 0.0, 0.0, 0.0, 0.0, 0.0, 0.0, 0.0, 0.0, 0.0], "FOD p proportion": [0.0, 0.0, 0.0, 0.0, 0.0, 0.0, 0.0, 0.0, 0.0, 0.0, 0.0, 0.0, 0.0, 0.0], "FOD d proportion": [0.0, 0.0, 0.0, 0.0, 0.0, 0.0, 0.0, 0.0, 0.0, 0.0, 0.0, 0.0, 0.0, 0.0], "coordinates": [["-1.19450", "1.37240", "-1.65070"], ["-0.74860", "1.26360", "0.06950"], ["0.08040", "0.01900", "0.41550"], ["-0.68530", "-1.28050", "0.16150"], ["1.42890", "-0.00240", "-0.30590"], ["-0.19250", "2.17350", "0.31750"], ["-1.67910", "1.27480", "0.64610"], ["0.28900", "0.06770", "1.49250"], ["-0.11750", "-2.13920", "0.53600"], ["-1.65110", "-1.27010", "0.67750"], ["-0.86930", "-1.44610", "-0.90490"], ["1.31340", "-0.12660", "-1.38730"], ["1.98120", "0.92580", "-0.12540"], ["2.04490", "-0.83190", "0.05810"]],