{"total energy": -27.11282381, "HOMO-LUMO gap/eV": 4.85561526, "electronic energy": -27.41496542, "dipole": [-0.40496165, 0.81955089, 0.13508425], "partial charges": [-0.10721841, -0.0599366, 0.08103592, -0.27992638, 0.35053428, -0.40352333, -0.08301464, -0.10268598, 0.04036052, 0.04516959, 0.04035789, 0.0480169, 0.04802024, 0.05054924, 0.05054286, 0.06879497, 0.0688062, 0.0512113, 0.0512219, 0.04168354], "atomic dipole moments": [[0.10238327, 0.05798835, 0.01846975], [0.02405508, -0.13804924, -0.02576147], [0.15826077, 0.18093974, 0.04664938], [-0.01136971, -0.22101453, -0.0446231], [-0.15510215, 0.04421082, -0.0017661], [-0.01503199, 0.17267132, 0.03323718], [-0.00841998, -0.09973016, -0.02033878], [-0.12154854, 0.06518353, 0.0046842], [-0.00236905, -0.05229021, -0.1155516], [-0.09939948, 0.07673547, 0.00845759], [-0.01604183, -0.09222508, 0.08563551], [0.00747657, 0.09635228, -0.07951733], [-0.00542388, 0.05865863, 0.11040612], [0.00948115, -0.04853813, -0.11782097], [-0.00469899, -0.08990827, 0.09068751], [0.00332032, 0.09323649, -0.09385863], [-0.01133913, 0.05045563, 0.12180064], [0.02223276, -0.05469364, -0.11515065], [0.00845098, -0.0949123, 0.08754151], [0.09170756, 0.08081298, 0.02225617]], "atomic quadrupole moments": [[0.14863624, 0.15870556, -0.02533612, 0.05063295, 0.0321921, -0.12330012], [0.25151751, -0.03945268, -0.0111105, 0.02632766, 0.04494912, -0.24040701], [0.38690583, 0.1918477, -0.00101156, 0.09228103, 0.09436453, -0.38589427], [0.06847994, 0.04841853, 0.0062882, 0.019707, 0.02044383, -0.07476814], [-0.0902211, -0.09460043, -0.34960396, -0.05734905, -0.17054118, 0.43982505], [-0.10990101, -0.00231196, -0.08872263, -0.0223319, -0.05982498, 0.19862363], [0.22345339, 0.00442201, 0.02643176, 0.03398243, 0.05785241, -0.24988515], [0.19548516, -0.15269879, -0.04911986, -0.00695462, 0.0091861, -0.1463653], [-0.03397498, 0.0067157, -0.0262751, -0.0140904, 0.04406291, 0.06025008], [0.0334818, -0.05413364, 0.01914713, -0.00477365, 0.01093405, -0.05262894], [-0.03663858, 0.01023895, 0.01712009, 0.0069747, -0.06130577, 0.01951849], [-0.02063691, 0.00539192, -0.00015834, -0.00662934, -0.04599503, 0.02079525], [-0.02160546, -0.00105488, -0.02959146, -0.00058153, 0.0252028, 0.05119692], [-0.00379257, 0.00506076, -0.0245702, -0.00299154, 0.02403989, 0.02836278], [-0.00444873, 0.00825947, -0.00020415, 0.00268586, -0.03502409, 0.00465288], [-0.00488043, -0.01223299, 0.00651243, -0.00264028, -0.05619, -0.001632], [-0.00450775, -0.01852243, -0.03353233, -0.00682462, 0.04080479, 0.03804007], [-0.031276, -0.01248849, -0.02975115, -0.00173646, 0.04023862, 0.06102716], [-0.02979524, -0.00312711, 0.01227397, -0.01118414, -0.06136786, 0.01752127], [0.02473684, 0.05489214, 0.02641924, 0.01640008, 0.02014052, -0.05115608]], "number of molecular orbitals": 44, "number of electrons": 48, "number of unpaired electrons": 0, "orbital energies/eV": [-20.03094042, -19.28676593, -18.28557798, -17.32692577, -16.91318577, -16.4145314, -15.99950036, -15.83089183, -15.52233609, -15.28068536, -14.91236854, -14.47790107, -13.83349145, -13.76937539, -13.29501542, -13.18598104, -13.07948217, -12.78073815, -12.50002286, -12.29954747, -12.27697371, -12.14214976, -11.78579315, -11.25875115, -6.40313589, -0.12552272, 2.45851724, 3.1623507, 3.19069665, 3.35059359, 3.49311, 3.75492914, 3.82870741, 4.11204713, 4.45035078, 4.78120558, 5.42694431, 5.63492699, 6.26489885, 6.69338632, 6.87468801, 7.27713655, 7.59158925, 16.22121392], "fractional occupation": [2.0, 2.0, 2.0, 2.0, 2.0, 2.0, 2.0, 2.0, 2.0, 2.0, 2.0, 2.0, 2.0, 2.0, 2.0, 2.0, 2.0, 2.0, 2.0, 2.0, 2.0, 2.0, 2.0, 2.0, 0.0, 0.0, 0.0, 0.0, 0.0, 0.0, 0.0, 0.0, 0.0, 0.0, 0.0, 0.0, 0.0, 0.0, 0.0, 0.0, 0.0, 0.0, 0.0, 0.0], "program call": "xtb /home/svss/Project-DBcg-Debug/aqme2_20220329/End-to-End-workflows-final/example-3/QDESCP/mol_62_rdkit_conf_1/mol_62_rdkit_conf_1.xyz --pop --wbo --acc 0.2 --gfn 2 --chrg 0 --uhf 0 --etemp 300 --input /home/svss/Project-DBcg-Debug/aqme2_20220329/End-to-End-workflows-final/example-3/QDESCP/mol_62_rdkit_conf_1/mol_62_rdkit_conf_1_xtb.inp", "method": "GFN2-xTB", "xtb version": "6.3.3 (7355c4f)", "Dipole module/D": 2.349, "Total charge": 0, "Transition dipole module/D": NaN, "HOMO": -11.2588, "LUMO": -6.4031, "HOMO occupancy": 2.0, "LUMO occupancy": 0, "mulliken charges": [-0.08774, -0.05121, 0.19909, -0.42576, 0.57337, -0.52832, -0.07089, -0.0775, 0.03094, 0.03573, 0.03093, 0.0361, 0.0361, 0.03857, 0.03857, 0.05458, 0.05459, 0.04183, 0.04184, 0.02917], "cm5 charges": [-0.23775, -0.16005, 0.11848, -0.50897, 0.62258, -0.57777, -0.1714, -0.22539, 0.08231, 0.08655, 0.0823, 0.09276, 0.09276, 0.10402, 0.10401, 0.11276, 0.11278, 0.09494, 0.09496, 0.08012], "FUKUI+": [0.013, 0.004, 0.028, -0.122, -0.189, -0.283, 0.028, 0.033, -0.016, -0.031, -0.016, -0.023, -0.023, -0.038, -0.038, -0.099, -0.099, -0.033, -0.033, -0.063], "FUKUI-": [0.018, 0.004, 0.018, -0.06, -0.018, -0.128, -0.007, 0.016, -0.075, -0.058, -0.075, -0.088, -0.088, -0.061, -0.061, -0.065, -0.065, -0.059, -0.059, -0.091], "FUKUIrad": [0.016, 0.004, 0.023, -0.091, -0.103, -0.206, 0.01, 0.025, -0.045, -0.045, -0.045, -0.055, -0.055, -0.05, -0.05, -0.082, -0.082, -0.046, -0.046, -0.077], "s proportion": [1.008, 1.03, 0.999, 1.701, 0.991, 1.731, 1.034, 1.005, 0.969, 0.964, 0.969, 0.964, 0.964, 0.961, 0.961, 0.945, 0.945, 0.958, 0.958, 0.971], "p proportion": [3.08, 3.021, 2.802, 4.725, 2.436, 4.797, 3.037, 3.072, 0.0, 0.0, 0.0, 0.0, 0.0, 0.0, 0.0, 0.0, 0.0, 0.0, 0.0, 0.0], "d proportion": [0.0, 0.0, 0.0, 0.0, 0.0, 0.0, 0.0, 0.0, 0.0, 0.0, 0.0, 0.0, 0.0, 0.0, 0.0, 0.0, 0.0, 0.0, 0.0, 0.0], "Fermi-level/eV": -8.8309, "Coordination numbers": [3.75, 3.799, 3.704, 1.703, 2.719, 0.856, 3.801, 3.751, 0.924, 0.924, 0.924, 0.924, 0.924, 0.924, 0.924, 0.924, 0.924, 0.924, 0.924, 0.924], "Dispersion coefficient C6": [22.612, 21.655, 19.374, 18.646, 21.047, 21.752, 22.083, 22.524, 2.444, 2.381, 2.444, 2.345, 2.345, 2.313, 2.313, 2.099, 2.099, 2.305, 2.305, 2.427], "Total dispersion C6": 3019.757367, "Total dispersion C8": 64017.751484, "Polarizability alpha": [6.782, 6.626, 6.293, 5.83, 7.51, 6.253, 6.691, 6.768, 2.445, 2.413, 2.445, 2.395, 2.395, 2.378, 2.379, 2.266, 2.266, 2.374, 2.374, 2.436], "Total polarizability alpha": 81.317644,