{"total energy": -32.67246887, "HOMO-LUMO gap/eV": 3.75556055, "electronic energy": -33.04352533, "dipole": [-1.17992292, -0.69762632, -0.17104803], "partial charges": [-0.14888057, 0.09469722, -0.04833852, -0.04377266, 0.12029497, -0.23424705, 0.39188311, -0.40805469, -0.15211594, 0.05878329, -0.06334491, 0.07489016, 0.07860797, 0.20780852, 0.0717891], "atomic dipole moments": [[-0.01924032, 0.00758346, 0.00148057], [-0.18617631, -0.12008933, -0.02924108], [0.03838549, -0.03516194, -0.00746015], [0.03296937, -0.03272794, -0.00696936], [0.27236259, 0.04900759, 0.01425552], [-0.04974046, -0.178401, -0.04074779], [-0.17878983, 0.0830977, 0.01657245], [-0.19955772, -0.00664445, -0.00385953], [-0.01294153, 0.02886278, 0.00634304], [0.14630317, -0.03035183, -0.00510692], [0.01298382, 0.03844029, 0.00880434], [-0.13532056, 0.07720253, 0.01578363], [-0.0015842, 0.15429513, 0.03469844], [0.06383186, -0.13962835, -0.03067214], [0.00255612, -0.15495148, -0.0348308]], "atomic quadrupole moments": [[0.27345344, 0.29747127, -0.07369358, 0.07265211, 0.03379891, -0.19975986], [0.04326013, 0.28211641, -0.304065, 0.06057173, -0.13024605, 0.26080487], [-0.23277742, 0.01748046, -0.22799551, -0.00468976, -0.16312091, 0.46077293], [-0.21871298, -0.03416574, -0.25875234, -0.01639284, -0.17500321, 0.47746532], [0.10713235, 0.17231038, -0.25656228, 0.03803487, -0.09401597, 0.14942993], [0.06572459, 0.00689875, -0.00412555, 0.00309805, 0.01372006, -0.06159904], [-0.14183881, -0.10299353, -0.17284762, -0.02891418, -0.11696581, 0.31468643], [-0.0606887, 0.00922817, -0.09369471, -0.00063392, -0.0587102, 0.15438341], [0.07862545, 0.02507034, -0.08227577, 0.00647967, -0.02003821, 0.00365032], [-0.00387179, -0.11384139, -0.23701772, -0.02881539, -0.11480634, 0.24088951], [-0.17724709, 0.04408554, -0.23830262, 0.00249564, -0.15441158, 0.41554972], [0.03322764, 0.00716976, 0.02312696, 0.00272736, 0.0189403, -0.0563546], [0.02677755, 0.00146078, 0.02348552, 0.00128663, 0.01751521, -0.05026307], [0.00397678, -0.0008187, 0.02458412, 0.00023412, 0.0125918, -0.0285609], [0.02184342, -0.00106323, 0.02519417, 0.0006214, 0.01711864, -0.04703758]], "number of molecular orbitals": 53, "number of electrons": 56, "number of unpaired electrons": 0, "orbital energies/eV": [-29.15083249, -20.99399935, -19.95625904, -19.73026495, -18.95750877, -18.53331828, -18.07855659, -17.81414864, -17.47745176, -16.97468317, -16.73178584, -16.05899206, -15.82861674, -15.38456527, -15.0682679, -14.55281555, -14.44997049, -14.3836166, -14.38332148, -14.32617586, -13.49639813, -13.37691278, -12.90856902, -12.40021932, -12.08661493, -11.86253666, -11.66846644, -11.11834564, -7.36278509, -6.96374781, -6.03362455, -4.24702301, -3.54180856, -0.74413303, -0.06937182, 0.08384465, 0.09198048, 0.4478791, 0.64709625, 1.55955979, 2.65192017, 3.11747743, 3.8299258, 4.29178024, 5.91911051, 6.05237316, 8.59460239, 9.91838352, 11.00633032, 12.1914565, 15.27760233, 15.89566223, 18.1751228], "fractional occupation": [2.0, 2.0, 2.0, 2.0, 2.0, 2.0, 2.0, 2.0, 2.0, 2.0, 2.0, 2.0, 2.0, 2.0, 2.0, 2.0, 2.0, 2.0, 2.0, 2.0, 2.0, 2.0, 2.0, 2.0, 2.0, 2.0, 2.0, 2.0, 0.0, 0.0, 0.0, 0.0, 0.0, 0.0, 0.0, 0.0, 0.0, 0.0, 0.0, 0.0, 0.0, 0.0, 0.0, 0.0, 0.0, 0.0, 0.0, 0.0, 0.0, 0.0, 0.0, 0.0, 0.0], "program call": "xtb /home/svss/Project-DBcg-Debug/aqme2_20220329/End-to-End-workflows-final/example-3/QDESCP/mol_661_rdkit_conf_1/mol_661_rdkit_conf_1.xyz --pop --wbo --acc 0.2 --gfn 2 --chrg 0 --uhf 0 --etemp 300 --input /home/svss/Project-DBcg-Debug/aqme2_20220329/End-to-End-workflows-final/example-3/QDESCP/mol_661_rdkit_conf_1/mol_661_rdkit_conf_1_xtb.inp", "method": "GFN2-xTB", "xtb version": "6.3.3 (7355c4f)", "Dipole module/D": 3.511, "Total charge": 0, "Transition dipole module/D": NaN, "HOMO": -11.1183, "LUMO": -7.3628, "HOMO occupancy": 2.0, "LUMO occupancy": 0, "mulliken charges": [-0.09707, 0.10737, -0.0626, -0.04552, 0.21057, -0.37675, 0.64584, -0.52823, -0.31372, 0.11121, -0.08721, 0.05101, 0.06395, 0.26663, 0.0545], "cm5 charges": [-0.09902, 0.10064, -0.1139, -0.09544, 0.23943, -0.4267, 0.76866, -0.56342, -0.66045, 0.17707, -0.13214, 0.1073, 0.12151, 0.46314, 0.11332], "FUKUI+": [-0.127, -0.035, -0.033, -0.078, -0.027, -0.068, -0.047, -0.136, -0.037, -0.035, -0.075, -0.079, -0.087, -0.052, -0.085], "FUKUI-": [-0.259, -0.029, -0.048, -0.024, -0.053, -0.085, -0.007, -0.146, -0.055, -0.034, -0.016, -0.068, -0.065, -0.052, -0.057], "FUKUIrad": [-0.193, -0.032, -0.04, -0.051, -0.04, -0.077, -0.027, -0.141, -0.046, -0.035, -0.046, -0.074, -0.076, -0.052, -0.071], "s proportion": [1.944, 1.08, 1.062, 1.056, 1.013, 1.707, 0.928, 1.718, 1.416, 1.03, 1.051, 0.949, 0.936, 0.733, 0.946], "p proportion": [5.164, 2.812, 3.0, 2.989, 2.776, 4.67, 2.426, 4.811, 3.898, 2.858, 3.036, 0.0, 0.0, 0.0, 0.0], "d proportion": [-0.011, 0.0, 0.0, 0.0, 0.0, 0.0, 0.0, 0.0, 0.0, 0.0, 0.0, 0.0, 0.0, 0.0, 0.0], "Fermi-level/eV": -9.2406, "Coordination numbers": [0.963, 2.891, 2.952, 2.911, 3.111, 1.707, 2.923, 0.857, 2.764, 3.045, 2.946, 0.925, 0.925, 0.86, 0.925], "Dispersion coefficient C6": [103.811, 25.897, 29.199, 29.087, 25.218, 17.882, 20.392, 21.843, 24.286, 26.64, 29.575, 2.033, 1.993, 1.067, 2.066], "Total dispersion C6": 4253.372525, "Total dispersion C8": 115954.798759, "Polarizability alpha": [15.588, 8.343, 8.863, 8.844, 8.227, 5.709, 7.405, 6.266, 7.319, 8.465, 8.92, 2.23, 2.208, 1.618, 2.248], "Total polarizability alpha": 102.252438, "Wiberg matrix": [[0.0, 0.9949838757900298, 0.0, 0.0, 0.0, 0.0, 0.0, 0.0, 0.0, 0.0, 0.0, 0.0, 0.0, 0.0, 0.0], [0.9949838757900298, 0.0, 1.3892051023604641, 0.0, 0.0, 0.0, 0.0, 0.0, 0.0, 0.0, 1.4012181628529223, 0.0, 0.0, 0.0, 0.0], [0.0, 1.3892051023604641, 0.0, 1.4348887193768889, 0.0, 0.0, 0.0, 0.0, 0.0, 0.0, 0.0, 0.9666195035935786, 0.0, 0.0, 0.0], [0.0, 0.0, 1.4348887193768889, 0.0, 1.3972249191698278, 0.0, 0.0, 0.0, 0.0, 0.0, 0.10227064548176401, 0.0, 0.9638180130942701, 0.0, 0.0], [0.0, 0.0, 0.0, 1.3972249191698278, 0.0, 1.032795688273862, 0.0, 0.0, 0.0, 1.2930771866598267, 0.0, 0.0, 0.0, 0.0, 0.0], [0.0, 0.0, 0.0, 0.0, 1.032795688273862, 0.0, 1.0323947621941716, 0.13154744531758758, 0.0, 0.0, 0.0, 0.0, 0.0, 0.0, 0.0], [0.0, 0.0, 0.0, 0.0, 0.0, 1.0323947621941716, 0.0, 1.682882790111858, 1.1543664642661655, 0.0, 0.0, 0.0, 0.0, 0.0, 0.0], [0.0, 0.0, 0.0, 0.0, 0.0, 0.13154744531758758, 1.682882790111858, 0.0, 0.15250613481176398, 0.0, 0.0, 0.0, 0.0, 0.0, 0.0], [0.0, 0.0, 0.0, 0.0, 0.0, 0.0, 1.1543664642661655, 0.15250613481176398, 0.0, 1.1221129473042806, 0.0, 0.0, 0.0, 0.9283592518927298, 0.0], [0.0, 0.0, 0.0, 0.0, 1.2930771866598267, 0.0, 0.0, 0.0, 1.1221129473042806, 0.0, 1.3737682740630741, 0.0, 0.0, 0.0, 0.0], [0.0, 1.4012181628529223, 0.0, 0.10227064548176401, 0.0, 0.0, 0.0, 0.0, 0.0, 1.3737682740630741, 0.0, 0.0, 0.0, 0.0, 0.9635093933484985], [0.0, 0.0, 0.9666195035935786, 0.0, 0.0, 0.0, 0.0, 0.0, 0.0, 0.0, 0.0, 0.0, 0.0, 0.0, 0.0], [0.0, 0.0, 0.0, 0.9638180130942701, 0.0, 0.0, 0.0, 0.0, 0.0, 0.0, 0.0, 0.0, 0.0, 0.0, 0.0], [0.0, 0.0, 0.0, 0.0, 0.0, 0.0, 0.0, 0.0, 0.9283592518927298, 0.0, 0.0, 0.0, 0.0, 0.0, 0.0], [0.0, 0.0, 0.0, 0.0, 0.0, 0.0, 0.0, 0.0, 0.0, 0.0, 0.9635093933484985, 0.0, 0.0, 0.0, 0.0]], "Born radii": [], "Atomic SASAs": [], "Solvent H bonds": [], "Total SASA": NaN, "Total FOD": 0.0, "FOD": [0.0, 0.0, 0.0, 0.0, 0.0, 0.0, 0.0, 0.0, 0.0, 0.0, 0.0, 0.0, 0.0, 0.0, 0.0], "FOD s proportion": [0.0, 0.0, 0.0, 0.0, 0.0, 0.0, 0.0, 0.0, 0.0, 0.0, 0.0, 0.0, 0.0, 0.0, 0.0], "FOD p proportion": [0.0, 0.0, 0.0, 0.0, 0.0, 0.0, 0.0, 0.0, 0.0, 0.0, 0.0, 0.0, 0.0, 0.0, 0.0], "FOD d proportion": [0.0, 0.0, 0.0, 0.0, 0.0, 0.0, 0.0, 0.0, 0.0, 0.0, 0.0, 0.0, 0.0, 0.0, 0.0],