{"total energy": -24.05151419, "HOMO-LUMO gap/eV": 11.70744147, "electronic energy": -24.35073137, "dipole": [-0.58056855, -0.41286967, -0.00045102], "partial charges": [-0.10074797, -0.05414114, -0.07196503, 0.11476136, -0.44949028, -0.05665895, -0.09932522, 0.03385914, 0.035325, 0.03314036, 0.03263075, 0.02878474, 0.04189284, 0.0284477, 0.01164256, 0.28034666, 0.0457711, 0.03243571, 0.03151686, 0.05041234, 0.03136147], "atomic dipole moments": [[0.10293192, -0.02313611, 0.01182588], [-0.03280061, 0.06307933, -0.08562621], [0.04438518, -0.07447497, 0.07268427], [0.05020566, 0.13158947, -0.10761771], [-0.17080911, -0.14777759, 0.07575961], [0.02937754, -0.07443314, -0.08847874], [-0.11138368, 0.02716819, 0.00394212], [-0.06685795, -0.05294722, 0.09153351], [-0.0204608, 0.12466981, 0.00476163], [-0.04465887, -0.04337951, -0.10921312], [0.03170323, 0.03958839, 0.11337286], [0.01113947, -0.12306366, 0.00090208], [-0.01322032, 0.12584827, -0.00141717], [-0.04677169, -0.02461513, -0.10901759], [0.01555076, -0.11748136, -0.01719316], [-0.03856815, -0.0365344, -0.05747144], [-0.00060152, 0.12618858, 0.00887493], [-0.04754507, -0.04320326, 0.10561739], [0.01435979, -0.12469863, -0.0045646], [0.06715602, 0.05295557, -0.09752317], [0.05252869, 0.03918833, 0.10468935]], "atomic quadrupole moments": [[0.2198907, -0.07381076, -0.11113029, 0.03486148, -0.01743306, -0.1087604], [0.1973721, -0.00157249, -0.15151834, -0.07859026, -0.11990822, -0.04585376], [0.19658749, -0.01321275, -0.16273542, -0.12203284, -0.10599213, -0.03385206], [0.04303404, 0.09437142, -0.25152394, -0.13812626, -0.1526841, 0.2084899], [-0.01685332, 0.08162407, -0.05847125, -0.08095145, -0.07481587, 0.07532457], [0.15945114, -0.0353018, -0.1688745, 0.10965359, 0.10414043, 0.00942336], [0.2129521, -0.10107225, -0.09393288, 0.01860792, 0.01416622, -0.11901923], [-0.00173779, 0.02112475, -0.02466428, -0.04173077, -0.04882322, 0.02640207], [-0.02882453, -0.00577094, 0.07947261, 0.00598813, 0.00553225, -0.05064808], [-0.02395469, 0.00237776, -0.03023807, 0.0282945, 0.0450233, 0.05419276], [-0.00779053, 0.0164102, -0.02159484, 0.01998043, 0.03270553, 0.02938537], [-0.01880674, -0.00880587, 0.05510105, -0.00853352, 0.0112664, -0.03629431], [-0.02851015, 0.00262439, 0.05639788, -0.00717342, 0.0212915, -0.02788774], [-0.01226221, 0.01772478, -0.02460734, 0.02303279, 0.03698217, 0.03686955], [-0.0226133, 0.00458254, 0.02329017, -0.00652619, -0.01059423, -0.00067687], [-0.04215194, 0.05095688, -0.04388972, 0.06524299, 0.0533559, 0.08604166], [-0.0143244, -0.00775206, 0.05791111, 0.00919346, -0.00661646, -0.04358671], [0.00562935, 0.02102008, -0.02727628, -0.02758469, -0.03880048, 0.02164693], [-0.02836103, -0.00067542, 0.08170734, -0.00222138, 0.00837835, -0.05334631], [-0.01268455, 0.01089282, -0.0199597, -0.03640847, -0.04619787, 0.03264425], [-0.01427329, 0.00934405, -0.03725581, 0.03810509, 0.04420854, 0.0515291]], "number of molecular orbitals": 42, "number of electrons": 44, "number of unpaired electrons": 0, "orbital energies/eV": [-18.4544302, -17.16993572, -16.84115824, -16.38459079, -15.86314119, -15.38117794, -15.20943396, -15.12058646, -14.12814503, -13.999515, -13.73599736, -13.22843973, -13.11815184, -12.92780589, -12.57464929, -12.5126627, -12.16120421, -11.96240678, -11.82537112, -11.56278566, -11.46340434, -10.91667122, 0.79077026, 1.73504729, 2.17793451, 3.18140855, 3.30656719, 3.49288338, 4.12312259, 4.28177744, 4.37480881, 4.65661901, 5.02151257, 5.05995524, 5.39315409, 5.88455497, 6.46422596, 6.75736751, 7.01482236, 7.31798013, 8.05123797, 8.19074047], "fractional occupation": [2.0, 2.0, 2.0, 2.0, 2.0, 2.0, 2.0, 2.0, 2.0, 2.0, 2.0, 2.0, 2.0, 2.0, 2.0, 2.0, 2.0, 2.0, 2.0, 2.0, 2.0, 2.0, 0.0, 0.0, 0.0, 0.0, 0.0, 0.0, 0.0, 0.0, 0.0, 0.0, 0.0, 0.0, 0.0, 0.0, 0.0, 0.0, 0.0, 0.0, 0.0, 0.0], "program call": "xtb /home/svss/Project-DBcg-Debug/aqme2_20220329/End-to-End-workflows-final/example-3/QDESCP/mol_389_rdkit_conf_5/mol_389_rdkit_conf_5.xyz --pop --wbo --acc 0.2 --gfn 2 --chrg 0 --uhf 0 --etemp 300 --input /home/svss/Project-DBcg-Debug/aqme2_20220329/End-to-End-workflows-final/example-3/QDESCP/mol_389_rdkit_conf_5/mol_389_rdkit_conf_5_xtb.inp", "method": "GFN2-xTB", "xtb version": "6.3.3 (7355c4f)", "Dipole module/D": 1.811, "Total charge": 0, "Transition dipole module/D": NaN, "HOMO": -10.9167, "LUMO": 0.7908, "HOMO occupancy": 2.0, "LUMO occupancy": 0, "mulliken charges": [-0.08229, -0.04092, -0.07425, 0.21873, -0.57006, -0.04721, -0.07617, 0.02935, 0.02883, 0.02699, 0.02362, 0.02095, 0.03512, 0.0241, 0.00757, 0.33357, 0.03498, 0.01906, 0.02257, 0.04155, 0.02389], "cm5 charges": [-0.23271, -0.15341, -0.1803, 0.17107, -0.78122, -0.15459, -0.22537, 0.08012, 0.08012, 0.07828, 0.07898, 0.07587, 0.0926, 0.08188, 0.07412, 0.50287, 0.09219, 0.07493, 0.07438, 0.09544, 0.07474], "FUKUI+": [0.021, -0.02, -0.004, -0.045, -0.167, 0.017, 0.024, -0.071, -0.039, -0.04, -0.047, -0.048, -0.063, -0.051, -0.09, -0.118, -0.057, -0.089, -0.035, -0.028, -0.051], "FUKUI-": [0.018, 0.007, 0.005, 0.004, -0.106, 0.009, 0.016, -0.067, -0.059, -0.072, -0.075, -0.067, -0.066, -0.063, -0.089, -0.053, -0.066, -0.069, -0.059, -0.082, -0.066], "FUKUIrad": [0.019, -0.007, 0.0, -0.02, -0.137, 0.013, 0.02, -0.069, -0.049, -0.056, -0.061, -0.057, -0.064, -0.057, -0.09, -0.085, -0.062, -0.079, -0.047, -0.055, -0.059], "s proportion": [1.008, 1.027, 1.044, 1.021, 1.699, 1.03, 1.005, 0.971, 0.971, 0.973, 0.976, 0.979, 0.965, 0.976, 0.992, 0.666, 0.965, 0.981, 0.977, 0.958, 0.976], "p proportion": [3.075, 3.014, 3.031, 2.761, 4.871, 3.017, 3.071, 0.0, 0.0, 0.0, 0.0, 0.0, 0.0, 0.0, 0.0, 0.0, 0.0, 0.0, 0.0, 0.0, 0.0], "d proportion": [0.0, 0.0, 0.0, 0.0, 0.0, 0.0, 0.0, 0.0, 0.0, 0.0, 0.0, 0.0, 0.0, 0.0, 0.0, 0.0, 0.0, 0.0, 0.0, 0.0, 0.0], "Fermi-level/eV": -5.063, "Coordination numbers": [3.75, 3.799, 3.801, 3.724, 1.653, 3.799, 3.749, 0.924, 0.924, 0.924, 0.924, 0.924, 0.924, 0.923, 0.924, 0.804, 0.924, 0.924, 0.924, 0.924, 0.924], "Dispersion coefficient C6": [22.488, 21.548, 21.876, 18.803, 21.835, 21.595, 22.462, 2.532, 2.512, 2.542, 2.549, 2.604, 2.424, 2.609, 2.864, 0.783, 2.374, 2.552, 2.565, 2.315, 2.567], "Total dispersion C6": 2909.469632, "Total dispersion C8": 60046.921238, "Polarizability alpha": [6.763, 6.609, 6.659, 6.192, 6.308, 6.616, 6.759, 2.489, 2.479, 2.494, 2.497, 2.524, 2.435, 2.526, 2.647, 1.39, 2.409, 2.498, 2.505, 2.379, 2.506], "Total polarizability alpha": 79.683533,