{"total energy": -45.17060104, "HOMO-LUMO gap/eV": 5.15235015, "electronic energy": -45.39476314, "dipole": [-1.30298862, -0.09250078, -0.74250344], "partial charges": [0.03354666, -0.26729488, 0.49088292, -0.45255851, -0.27770802, 0.03737848, 0.08346139, -0.40856267, 0.1994142, -0.08646024, -0.09827042, -0.08712888, 0.0501445, 0.07752458, 0.07346501, 0.07379541, 0.07286601, 0.06270537, 0.09250475, 0.33029437], "atomic dipole moments": [[0.11816509, 0.23372216, -0.14772776], [0.05890541, -0.06810752, 0.17479818], [0.06706657, -0.10796812, -0.28396096], [0.0106356, -0.02216773, -0.12146689], [-0.15500841, -0.00029665, 0.13781543], [0.21607378, -0.20948196, -0.03797227], [0.04237226, 0.10037893, -0.10476989], [-0.06309018, 0.09404674, 0.20972894], [0.04569472, 0.04560908, 0.05547166], [-0.09521796, 0.08851485, -0.03772611], [-0.0813429, 0.06118452, 0.02673644], [-0.03971288, -0.07330984, 0.07262109], [0.1024794, -0.06276466, 0.02638526], [-0.08048931, -0.06886017, -0.06754834], [-0.05729017, 0.0503456, 0.09959114], [2.881e-05, 0.08866838, -0.08835421], [0.02501074, 0.04963799, 0.11293449], [-0.10381688, -0.06976454, -0.0051139], [-0.01664863, -0.11933056, 0.0160322], [-0.03610772, 0.07796629, -0.0075224]], "atomic quadrupole moments": [[-0.18702784, 0.24065665, 0.26133758, -0.13227054, -0.35137788, -0.07430974], [-0.03051461, 0.10393784, 0.04555463, 0.01283269, -0.07413966, -0.01504002], [0.79296589, -0.19846733, 0.71990532, 0.02062222, -0.46417777, -1.51287121], [-0.03932061, -0.00660679, -0.03624043, -0.01509923, 0.02907241, 0.07556104], [0.01121548, -0.09415236, 0.03997128, -0.04761904, -0.03794591, -0.05118676], [0.16814004, -0.43104798, 0.10608946, -0.09030734, 0.05678302, -0.27422949], [0.02433771, -0.01945855, -0.30010187, -0.04135179, -0.00012051, 0.27576416], [-0.10351013, -0.01323451, -0.08171647, -0.04264371, -0.00214111, 0.1852266], [-0.06033138, -0.06971434, 0.03867668, -0.10396753, -0.04646345, 0.02165471], [-0.2813601, -0.01383341, -0.23828885, -0.02796395, -0.19507974, 0.51964896], [0.288729, -0.32700965, -0.11511923, -0.27282368, 0.13807918, -0.17360977], [-0.2713334, 0.07014334, 0.53842841, -0.02370492, -0.11043391, -0.267095], [0.02904085, -0.02593501, 0.01500984, 0.0082748, -0.03670738, -0.04405069], [-0.00420148, 0.0438905, -0.01031252, 0.04673971, 0.02229131, 0.014514], [-0.02913042, 0.00012523, 0.00566862, -0.05122612, 0.01287681, 0.0234618], [-0.03464048, -0.00556407, 0.0093707, -0.01998231, -0.05983411, 0.02526978], [-0.02155525, -0.02549804, -0.01051786, 0.01791925, 0.04207253, 0.03207311], [0.05011521, 0.01731618, 0.01091269, 0.00112054, 0.00472415, -0.0610279], [-0.0407158, -0.01604448, 0.05353439, 0.01745781, -0.01593491, -0.01281859], [-0.0690653, -0.05440951, 0.07206864, -0.00853955, -0.04529511, -0.00300334]], "number of molecular orbitals": 76, "number of electrons": 74, "number of unpaired electrons": 0, "orbital energies/eV": [-29.59137864, -29.47864502, -29.34701741, -20.71928118, -20.19981707, -19.90755488, -19.32276563, -18.71430416, -18.40002812, -18.02603559, -17.54302853, -17.02538892, -16.6151638, -16.47359494, -15.99399775, -15.96000133, -15.85216693, -15.54321702, -15.44189258, -15.26690456, -15.04918362, -14.80364204, -14.56317979, -13.78494101, -13.56017026, -13.42612579, -13.09880642, -12.80437342, -12.66681827, -12.58204179, -12.55560212, -12.42590794, -12.30672314, -12.27243846, -12.13140692, -12.05246953, -11.89933975, -6.7469896, -5.60723016, -5.31922302, -3.61609429, -2.57355692, -2.47701881, -1.1503312, -0.94601901, -0.5091541, -0.49454187, -0.47485754, -0.45874166, -0.4219369, -0.3773344, -0.36332875, -0.31754134, -0.2784673, -0.24532303, -0.23731762, 0.37237779, 1.35354917, 1.62260542, 2.14751489, 2.6981863, 2.90575207, 3.21955543, 3.34187393, 3.59294196, 3.95095405, 4.30377909, 4.50772474, 4.74525504, 5.10795275, 5.31338831, 10.71356016, 11.23024, 24.30684979, 26.47522533, 33.01475515], "fractional occupation": [2.0, 2.0, 2.0, 2.0, 2.0, 2.0, 2.0, 2.0, 2.0, 2.0, 2.0, 2.0, 2.0, 2.0, 2.0, 2.0, 2.0, 2.0, 2.0, 2.0, 2.0, 2.0, 2.0, 2.0, 2.0, 2.0, 2.0, 2.0, 2.0, 2.0, 2.0, 2.0, 2.0, 2.0, 2.0, 2.0, 2.0, 0.0, 0.0, 0.0, 0.0, 0.0, 0.0, 0.0, 0.0, 0.0, 0.0, 0.0, 0.0, 0.0, 0.0, 0.0, 0.0, 0.0, 0.0, 0.0, 0.0, 0.0, 0.0, 0.0, 0.0, 0.0, 0.0, 0.0, 0.0, 0.0, 0.0, 0.0, 0.0, 0.0, 0.0, 0.0, 0.0, 0.0, 0.0, 0.0], "program call": "xtb /home/svss/Project-DBcg-Debug/aqme2_20220329/End-to-End-workflows-final/example-3/QDESCP/mol_486_rdkit_conf_1/mol_486_rdkit_conf_1.xyz --pop --wbo --acc 0.2 --gfn 2 --chrg 0 --uhf 0 --etemp 300 --input /home/svss/Project-DBcg-Debug/aqme2_20220329/End-to-End-workflows-final/example-3/QDESCP/mol_486_rdkit_conf_1/mol_486_rdkit_conf_1_xtb.inp", "method": "GFN2-xTB", "xtb version": "6.3.3 (7355c4f)", "Dipole module/D": 3.819, "Total charge": 0, "Transition dipole module/D": NaN, "HOMO": -11.8993, "LUMO": -6.747, "HOMO occupancy": 2.0, "LUMO occupancy": 0, "mulliken charges": [0.17803, -0.35095, 0.44343, -0.4343, -0.36405, 0.18554, 0.21865, -0.54407, 0.25024, -0.08266, -0.10538, -0.07902, 0.03179, 0.04133, 0.04896, 0.03617, 0.04857, 0.0447, 0.06791, 0.36512], "cm5 charges": [0.06267, -0.41822, 0.39182, -0.451, -0.43676, 0.07073, 0.22269, -0.73806, 0.25061, -0.08141, -0.10504, -0.07651, 0.09387, 0.10074, 0.11122, 0.09565, 0.11113, 0.10816, 0.1422, 0.54551], "FUKUI+": [0.018, -0.023, -0.047, -0.003, 0.006, 0.014, 0.044, -0.033, -0.08, -0.234, -0.244, -0.242, -0.003, -0.027, -0.018, -0.02, -0.008, -0.02, -0.056, -0.023], "FUKUI-": [0.023, -0.035, -0.115, -0.063, -0.025, 0.022, 0.018, -0.065, 0.029, -0.16, -0.175, -0.126, -0.039, -0.054, -0.032, -0.046, -0.046, -0.037, -0.045, -0.029], "FUKUIrad": [0.021, -0.029, -0.081, -0.033, -0.01, 0.018, 0.031, -0.049, -0.025, -0.197, -0.21, -0.184, -0.021, -0.04, -0.025, -0.033, -0.027, -0.028, -0.051, -0.026], "s proportion": [0.974, 1.643, 1.412, 1.673, 1.645, 0.974, 1.017, 1.711, 1.148, 1.954, 1.957, 1.953, 0.968, 0.959, 0.951, 0.964, 0.951, 0.955, 0.932, 0.635], "p proportion": [2.848, 4.708, 1.992, 4.761, 4.719, 2.841, 2.764, 4.833, 2.602, 5.139, 5.158, 5.137, 0.0, 0.0, 0.0, 0.0, 0.0, 0.0, 0.0, 0.0], "d proportion": [0.0, 0.0, 1.152, 0.0, 0.0, 0.0, 0.0, 0.0, 0.0, -0.01, -0.01, -0.011, 0.0, 0.0, 0.0, 0.0, 0.0, 0.0, 0.0, 0.0], "Fermi-level/eV": -9.3232, "Coordination numbers": [3.896, 1.657, 4.071, 0.808, 1.657, 3.906, 3.732, 1.703, 3.714, 1.202, 1.226, 1.195, 0.924, 0.924, 0.924, 0.924, 0.924, 0.924, 0.927, 0.803], "Dispersion coefficient C6": [19.957, 18.447, 140.234, 22.784, 18.624, 19.89, 19.28, 20.999, 17.565, 101.874, 102.243, 101.895, 2.318, 2.005, 2.048, 2.044, 2.054, 2.168, 1.855, 0.637], "Total dispersion C6": 7761.458516, "Total dispersion C8": 244317.808026, "Polarizability alpha": [6.35, 5.798, 21.272, 6.398, 5.826, 6.339, 6.267, 6.187, 5.988, 15.442, 15.47, 15.443, 2.381, 2.214, 2.238, 2.236, 2.241, 2.302, 2.13, 1.254], "Total polarizability alpha": 133.778045,