{"total energy": -26.54019545, "HOMO-LUMO gap/eV": 0.68219231, "electronic energy": -26.91154418, "dipole": [0.86022131, 0.43549845, 0.26041897], "partial charges": [0.06067347, 0.06251682, -0.20304075, 0.18271127, -0.23239975, 0.15064497, -0.21860256, 0.0736411, 0.06881405, -0.20645198, 0.06059592, 0.06444321, 0.06707511, 0.06937911], "atomic dipole moments": [[-0.04317296, -0.02045301, -0.01200566], [-0.04884323, 0.01410119, 0.01370237], [-0.04183644, 0.22185905, 0.1657992], [-0.00999198, -0.01102265, -0.00740877], [0.03092624, 0.21923304, 0.15882722], [0.06719334, 0.05968006, 0.03915627], [0.22953627, -0.0986876, -0.08830914], [0.00966569, -0.0682474, -0.05074507], [0.07315776, 0.02107993, 0.01042814], [-0.00743808, -0.21923205, -0.16044768], [0.12826306, 0.0716646, 0.04374529], [0.12652594, -0.0639541, -0.05567987], [-0.12765867, -0.06942049, -0.04213925], [-0.01641792, 0.11687172, 0.08692792]], "atomic quadrupole moments": [[-0.23412322, -0.07333993, -0.02609653, 0.00287696, -0.44536196, 0.26021975], [-0.24476986, 0.01174899, -0.01869051, 0.06726416, -0.45871352, 0.26346037], [-0.1303312, -0.03664865, -0.02045716, 0.00613093, -0.26807848, 0.15078836], [-0.08965687, -0.04805193, -0.06926551, -2.821e-05, -0.35634627, 0.15892239], [-0.11690981, 0.00689359, -0.01475318, 0.03445262, -0.23798761, 0.13166299], [-0.33459969, -0.03807299, 0.03300063, 0.03777875, -0.42624763, 0.30159906], [-0.19822965, 0.0030643, 0.0319098, 0.03868707, -0.21887599, 0.16631985], [-0.31052992, 0.01126402, 0.02125376, 0.07216265, -0.43659415, 0.28927616], [-0.13227499, -0.01316241, -0.0264616, 0.02558844, -0.29585559, 0.15873659], [-0.14158818, 0.00510126, -0.01351291, 0.03827151, -0.27343961, 0.15510109], [0.03682318, -0.00624105, -0.0054706, -0.01153699, 0.04343806, -0.03135257], [0.03840788, 0.01447906, -0.00450269, 0.00340249, 0.04431991, -0.03390519], [0.02852595, -0.00771323, 0.00104854, -0.0123256, 0.05130283, -0.02957449], [0.03435496, 0.01169281, -0.00165619, 0.0015501, 0.04756916, -0.03269876]], "number of molecular orbitals": 44, "number of electrons": 48, "number of unpaired electrons": 0, "orbital energies/eV": [-19.31114387, -18.99274036, -18.44952239, -18.22364709, -18.01714173, -17.31735597, -17.28540436, -16.64898523, -15.76572355, -15.74853783, -15.48405114, -15.41617063, -14.54385607, -14.37423766, -14.36310613, -13.85233752, -13.63608126, -13.33623394, -12.71951315, -12.36888411, -12.04260236, -11.71752988, -11.0545981, -10.09331183, -9.41111952, -7.69209986, -7.08156042, -5.85678945, -3.16895935, 1.73023787, 2.29081814, 2.93137426, 3.24029912, 3.80848114, 4.30950115, 6.39490887, 7.03256666, 7.59284145, 9.51303618, 11.67647822, 11.82495508, 12.06041901, 15.73530778, 16.26590676], "fractional occupation": [2.0, 2.0, 2.0, 2.0, 2.0, 2.0, 2.0, 2.0, 2.0, 2.0, 2.0, 2.0, 2.0, 2.0, 2.0, 2.0, 2.0, 2.0, 2.0, 2.0, 2.0, 2.0, 2.0, 1.99999628, 3.72e-06, 0.0, 0.0, 0.0, 0.0, 0.0, 0.0, 0.0, 0.0, 0.0, 0.0, 0.0, 0.0, 0.0, 0.0, 0.0, 0.0, 0.0, 0.0, 0.0], "program call": "xtb /home/svss/Project-DBcg-Debug/aqme2_20220329/End-to-End-workflows-final/example-3/QDESCP/mol_933_rdkit_conf_1/mol_933_rdkit_conf_1.xyz --pop --wbo --acc 0.2 --gfn 2 --chrg 0 --uhf 0 --etemp 300 --input /home/svss/Project-DBcg-Debug/aqme2_20220329/End-to-End-workflows-final/example-3/QDESCP/mol_933_rdkit_conf_1/mol_933_rdkit_conf_1_xtb.inp", "method": "GFN2-xTB", "xtb version": "6.3.3 (7355c4f)", "Dipole module/D": 2.539, "Total charge": 0, "Transition dipole module/D": NaN, "HOMO": -10.0933, "LUMO": -9.4111, "HOMO occupancy": 2.0, "LUMO occupancy": 0.0, "mulliken charges": [0.12713, 0.12965, -0.30202, 0.29969, -0.33886, 0.2894, -0.33036, 0.152, 0.11286, -0.30152, 0.03992, 0.04075, 0.03731, 0.04404], "cm5 charges": [0.15443, 0.15632, -0.47558, 0.45757, -0.51245, 0.39227, -0.51351, 0.1849, 0.19642, -0.47939, 0.10594, 0.10683, 0.11295, 0.11328], "FUKUI+": [-0.031, -0.04, -0.13, -0.008, -0.108, -0.018, -0.107, -0.051, -0.018, -0.135, -0.09, -0.092, -0.085, -0.085], "FUKUI-": [-0.018, -0.018, -0.137, -0.008, -0.148, -0.003, -0.135, -0.01, -0.031, -0.137, -0.086, -0.092, -0.084, -0.092], "FUKUIrad": [-0.025, -0.029, -0.134, -0.008, -0.128, -0.01, -0.121, -0.031, -0.025, -0.136, -0.088, -0.092, -0.085, -0.089], "s proportion": [1.036, 1.041, 1.551, 1.009, 1.546, 1.003, 1.561, 1.043, 1.043, 1.566, 0.96, 0.959, 0.963, 0.956], "p proportion": [2.837, 2.829, 3.751, 2.691, 3.793, 2.708, 3.769, 2.805, 2.844, 3.736, 0.0, 0.0, 0.0, 0.0], "d proportion": [0.0, 0.0, 0.0, 0.0, 0.0, 0.0, 0.0, 0.0, 0.0, 0.0, 0.0, 0.0, 0.0, 0.0], "Fermi-level/eV": -9.7522, "Coordination numbers": [2.883, 2.876, 1.85, 2.962, 1.842, 2.892, 1.828, 2.938, 2.952, 1.838, 0.925, 0.925, 0.925, 0.925], "Dispersion coefficient C6": [26.638, 26.596, 26.242, 24.092, 26.937, 24.731, 26.603, 26.354, 26.459, 26.319, 2.192, 2.148, 2.118, 2.092], "Total dispersion C6": 3233.835805, "Total dispersion C8": 78804.384617, "Polarizability alpha": [8.461, 8.454, 7.592, 8.051, 7.692, 8.154, 7.643, 8.419, 8.437, 7.603, 2.315, 2.292, 2.276, 2.262], "Total polarizability alpha": 89.650565, "Wiberg matrix": [[0.0, 1.3393355586349673, 0.0, 0.0, 0.0, 0.0, 0.0, 0.0, 0.0, 1.5165032223087445, 0.9608612995261451, 0.0, 0.0, 0.0], [1.3393355586349673, 0.0, 1.5065622347876197, 0.0, 0.0, 0.0, 0.0, 0.0, 0.0, 0.0, 0.0, 0.9609446432313881, 0.0, 0.0], [0.0, 1.5065622347876197, 0.0, 1.2970127586567972, 0.0, 0.0, 0.0, 0.0, 0.0, 0.12371251142916975, 0.0, 0.0, 0.0, 0.0], [0.0, 0.0, 1.2970127586567972, 0.0, 1.3076773594296458, 0.0, 0.0, 0.0, 1.1877488716105913, 0.0, 0.0, 0.0, 0.0, 0.0], [0.0, 0.0, 0.0, 1.3076773594296458, 0.0, 1.4897977766936297, 0.0, 0.12109410197185289, 0.0, 0.0, 0.0, 0.0, 0.0, 0.0], [0.0, 0.0, 0.0, 0.0, 1.4897977766936297, 0.0, 1.3667946261745183, 0.0, 0.0, 0.0, 0.0, 0.0, 0.9560432816126443, 0.0], [0.0, 0.0, 0.0, 0.0, 0.0, 1.3667946261745183, 0.0, 1.4873986354298172, 0.0, 0.0, 0.0, 0.0, 0.0, 0.0], [0.0, 0.0, 0.0, 0.0, 0.12109410197185289, 0.0, 1.4873986354298172, 0.0, 1.2992374415204158, 0.0, 0.0, 0.0, 0.0, 0.9585104996305173], [0.0, 0.0, 0.0, 1.1877488716105913, 0.0, 0.0, 0.0, 1.2992374415204158, 0.0, 1.2914214175292422, 0.0, 0.0, 0.0, 0.0], [1.5165032223087445, 0.0, 0.12371251142916975, 0.0, 0.0, 0.0, 0.0, 0.0, 1.2914214175292422, 0.0, 0.0, 0.0, 0.0, 0.0], [0.9608612995261451, 0.0, 0.0, 0.0, 0.0, 0.0, 0.0, 0.0, 0.0, 0.0, 0.0, 0.0, 0.0, 0.0], [0.0, 0.9609446432313881, 0.0, 0.0, 0.0, 0.0, 0.0, 0.0, 0.0, 0.0, 0.0, 0.0, 0.0, 0.0], [0.0, 0.0, 0.0, 0.0, 0.0, 0.9560432816126443, 0.0, 0.0, 0.0, 0.0, 0.0, 0.0, 0.0, 0.0], [0.0, 0.0, 0.0, 0.0, 0.0, 0.0, 0.0, 0.9585104996305173, 0.0, 0.0, 0.0, 0.0, 0.0, 0.0]], "Born radii": [], "Atomic SASAs": [], "Solvent H bonds": [], "Total SASA": NaN, "Total FOD": 0.0, "FOD": [0.0, 0.0, 0.0, 0.0, 0.0, 0.0, 0.0, 0.0, 0.0, 0.0, 0.0, 0.0, 0.0, 0.0], "FOD s proportion": [0.0, 0.0, 0.0, 0.0, 0.0, 0.0, 0.0, 0.0, 0.0, 0.0, 0.0, 0.0, 0.0, 0.0], "FOD p proportion": [0.0, 0.0, 0.0, 0.0, 0.0, 0.0, 0.0, 0.0, 0.0, 0.0, 0.0, 0.0, 0.0, 0.0], "FOD d proportion": [0.0, 0.0, 0.0, 0.0, 0.0, 0.0, 0.0, 0.0, 0.0, 0.0, 0.0, 0.0, 0.0, 0.0], "coordinates": [["2.17480", "0.59770", "0.28870"], ["2.16750", "-0.51320", "-0.52650"], ["1.02330", "-1.13070", "-0.90090"], ["-0.13380", "-0.62900", "-0.45260"], ["-1.26220", "-1.23610", "-0.82040"], ["-2.40870", "-0.72240", "-0.36410"], ["-2.52630", "0.34630", "0.42870"], ["-1.35930", "0.92940", "0.77630"], ["-0.11160", "0.50500", "0.37850"], ["1.03320", "1.13330", "0.76070"], ["3.09640", "1.08610", "0.58360"], ["3.08540", "-0.94640", "-0.90790"], ["-3.32520", "-1.21890", "-0.66530"], ["-1.45350", "1.79880", "1.42110"]],