{"total energy": -24.04890772, "HOMO-LUMO gap/eV": 11.96826476, "electronic energy": -24.34620453, "dipole": [-0.50761981, 0.50527175, 0.27655083], "partial charges": [-0.10099844, -0.05615148, -0.03017996, -0.05391038, -0.1012322, 0.07835246, -0.44484544, 0.03446121, 0.02971015, 0.03348735, 0.03162015, 0.02944253, 0.02935189, 0.04143086, 0.02680144, 0.03273134, 0.04078406, 0.02968439, 0.01741112, 0.04592648, 0.28612244], "atomic dipole moments": [[0.08159995, 0.01593656, -0.05768824], [0.00699495, -0.06230496, 0.08985881], [-0.02108248, -0.04547889, -0.08010889], [0.00640609, -0.05838999, 0.10116421], [-0.09381233, 0.03470683, -0.0310582], [-0.03359854, -0.00072081, -0.19509631], [-0.09201203, 0.13991355, 0.17074993], [0.02113001, 0.03218963, 0.12151823], [-0.03793136, -0.11890971, -0.00520764], [-0.09665538, 0.06815377, -0.04019513], [0.01149528, 0.12241907, -0.00655078], [-0.02838882, -0.03063215, -0.11683652], [0.02233558, 0.04642279, 0.11235294], [-0.01385778, -0.0376409, -0.12055738], [0.00625704, 0.12059864, -0.00950625], [0.08888801, 0.05108972, -0.07083765], [0.01520487, -0.12619055, -0.01017112], [0.02237474, 0.03521163, 0.11844301], [-0.08727565, -0.04333783, 0.06670814], [0.10156215, -0.05207468, 0.05546092], [-0.07342461, 0.02173758, -0.01600436]], "atomic quadrupole moments": [[0.09999651, 0.03996338, -0.09610575, -0.1585289, -0.04796478, -0.00389076], [0.21205311, -0.04401545, -0.15213029, -0.07196521, -0.09127002, -0.05992282], [0.06538579, -0.02192121, 0.07197804, -0.03626968, -0.09919873, -0.13736384], [0.22323836, -0.04190437, -0.14878029, -0.04546746, -0.10076364, -0.07445808], [0.16375967, -0.08707736, -0.09097689, 0.09617106, -0.04727422, -0.07278278], [-0.28438091, 0.05799366, 0.03971495, 0.08723429, 0.25037726, 0.24466596], [-0.06778758, -0.01365424, -0.04506259, 0.03099096, 0.10947023, 0.11285018], [-0.02352194, 0.01702138, -0.03975145, 0.02647013, 0.02917272, 0.06327339], [-0.03741131, 0.01858907, 0.07750929, -0.01169701, 0.01163632, -0.04009799], [0.03043544, -0.04859112, -0.00379494, 0.02446251, -0.03758873, -0.0266405], [-0.0044205, 0.01413583, 0.05044382, -0.0047403, 0.00558858, -0.04602331], [-0.01266143, 0.00831179, -0.02352527, 0.00731522, 0.04283999, 0.0361867], [-0.02443399, 0.0024226, -0.00540743, 0.01109263, 0.01913661, 0.02984142], [-0.01117959, 0.00351437, -0.01800078, 0.01508125, 0.04222134, 0.02918037], [-0.00874586, -0.00326599, 0.05716347, -0.00614346, 0.0064164, -0.04841761], [0.02066267, 0.028874, -0.01996305, -0.04629834, -0.04400632, -0.00069961], [-0.03066591, 0.00417452, 0.07665641, 0.01128785, 0.00815173, -0.0459905], [-0.03416171, -0.00755454, -0.03505512, 0.01026602, 0.03855315, 0.06921684], [0.02346237, 0.01406313, -0.03239876, -0.03396599, 0.0177432, 0.00893638], [0.04331754, -0.02102822, -0.01561452, 0.02523732, 0.00760142, -0.02770302], [0.09602309, -0.05295301, -0.07489199, 0.06309641, 0.00183047, -0.02113109]], "number of molecular orbitals": 42, "number of electrons": 44, "number of unpaired electrons": 0, "orbital energies/eV": [-18.45442486, -17.20317009, -16.72000487, -16.49109527, -16.0418158, -15.40317086, -15.24646116, -14.83564071, -14.43136617, -14.03604158, -13.61743423, -13.52434939, -13.25863482, -12.99465361, -12.74890678, -12.2874926, -12.22986872, -11.98862817, -11.73176887, -11.60833539, -11.43314838, -10.91572025, 1.05254451, 1.7062236, 2.12084588, 2.25075313, 2.97562003, 3.47791725, 3.9302565, 4.00666772, 4.32264237, 4.55802131, 5.01979287, 5.32256321, 5.43464385, 6.1222512, 6.59886611, 7.04820236, 7.34265961, 7.40254114, 7.42222092, 8.04542559], "fractional occupation": [2.0, 2.0, 2.0, 2.0, 2.0, 2.0, 2.0, 2.0, 2.0, 2.0, 2.0, 2.0, 2.0, 2.0, 2.0, 2.0, 2.0, 2.0, 2.0, 2.0, 2.0, 2.0, 0.0, 0.0, 0.0, 0.0, 0.0, 0.0, 0.0, 0.0, 0.0, 0.0, 0.0, 0.0, 0.0, 0.0, 0.0, 0.0, 0.0, 0.0, 0.0, 0.0], "program call": "xtb /home/svss/Project-DBcg-Debug/aqme2_20220329/End-to-End-workflows-final/example-3/QDESCP/mol_1100_rdkit_conf_7/mol_1100_rdkit_conf_7.xyz --pop --wbo --acc 0.2 --gfn 2 --chrg 0 --uhf 0 --etemp 300 --input /home/svss/Project-DBcg-Debug/aqme2_20220329/End-to-End-workflows-final/example-3/QDESCP/mol_1100_rdkit_conf_7/mol_1100_rdkit_conf_7_xtb.inp", "method": "GFN2-xTB", "xtb version": "6.3.3 (7355c4f)", "Dipole module/D": 1.951, "Total charge": 0, "Transition dipole module/D": NaN, "HOMO": -10.9157, "LUMO": 1.0525, "HOMO occupancy": 2.0, "LUMO occupancy": 0, "mulliken charges": [-0.08771, -0.0471, -0.03685, -0.03852, -0.08458, 0.18934, -0.56502, 0.02848, 0.02463, 0.03132, 0.02713, 0.02308, 0.02079, 0.03241, 0.02037, 0.02926, 0.03463, 0.02278, 0.0108, 0.03077, 0.33399], "cm5 charges": [-0.23837, -0.15739, -0.10503, -0.14804, -0.23497, 0.10416, -0.7807, 0.07999, 0.07692, 0.08212, 0.08217, 0.07999, 0.07993, 0.08976, 0.07545, 0.08005, 0.08706, 0.07428, 0.07401, 0.09441, 0.50422], "FUKUI+": [0.015, -0.016, -0.034, -0.02, 0.016, -0.005, -0.099, -0.046, -0.038, -0.072, -0.059, -0.046, -0.092, -0.05, -0.06, -0.074, -0.037, -0.044, -0.082, -0.078, -0.079], "FUKUI-": [0.02, 0.016, -0.011, 0.011, 0.021, 0.006, -0.119, -0.047, -0.06, -0.058, -0.087, -0.05, -0.066, -0.058, -0.098, -0.076, -0.073, -0.06, -0.095, -0.064, -0.051], "FUKUIrad": [0.017, -0.0, -0.023, -0.004, 0.018, 0.001, -0.109, -0.046, -0.049, -0.065, -0.073, -0.048, -0.079, -0.054, -0.079, -0.075, -0.055, -0.052, -0.089, -0.071, -0.065], "s proportion": [1.009, 1.033, 1.067, 1.03, 1.008, 0.994, 1.695, 0.972, 0.975, 0.969, 0.973, 0.977, 0.979, 0.968, 0.98, 0.971, 0.965, 0.977, 0.989, 0.969, 0.666], "p proportion": [3.079, 3.014, 2.97, 3.008, 3.077, 2.817, 4.87, 0.0, 0.0, 0.0, 0.0, 0.0, 0.0, 0.0, 0.0, 0.0, 0.0, 0.0, 0.0, 0.0, 0.0], "d proportion": [0.0, 0.0, 0.0, 0.0, 0.0, 0.0, 0.0, 0.0, 0.0, 0.0, 0.0, 0.0, 0.0, 0.0, 0.0, 0.0, 0.0, 0.0, 0.0, 0.0, 0.0], "Fermi-level/eV": -4.9316, "Coordination numbers": [3.748, 3.8, 3.846, 3.801, 3.748, 3.674, 1.653, 0.924, 0.924, 0.924, 0.924, 0.924, 0.923, 0.924, 0.924, 0.924, 0.924, 0.924, 0.924, 0.924, 0.804], "Dispersion coefficient C6": [22.495, 21.584, 21.079, 21.543, 22.5, 19.497, 21.74, 2.524, 2.591, 2.538, 2.564, 2.595, 2.596, 2.43, 2.633, 2.548, 2.439, 2.591, 2.773, 2.372, 0.764], "Total dispersion C6": 2913.250976, "Total dispersion C8": 60098.274152, "Polarizability alpha": [6.765, 6.615, 6.531, 6.608, 6.765, 6.328, 6.294, 2.485, 2.517, 2.491, 2.504, 2.519, 2.52, 2.438, 2.537, 2.496, 2.442, 2.517, 2.604, 2.408, 1.373], "Total polarizability alpha": 79.757571,