{"total energy": -23.36785366, "HOMO-LUMO gap/eV": 3.63250082, "electronic energy": -23.68944529, "dipole": [1.41822906, -0.01752321, 0.34696586], "partial charges": [-0.28080224, 0.07751914, -0.05640428, -0.04124803, 0.08800962, -0.19093338, -0.04124041, -0.05640165, 0.160091, 0.16011507, 0.03915672, 0.05149007, 0.05149362, 0.03915474], "atomic dipole moments": [[-0.04814101, -0.04709828, 0.15000279], [0.13469415, 0.00492843, 0.01056103], [0.00682112, -0.02435804, -0.01715894], [-0.01373839, -0.02948305, -0.00614703], [-0.24824457, -0.01897364, 0.01390298], [0.01715017, 0.00336204, -0.00783449], [-0.01707091, 0.02639706, 0.01035582], [0.00350679, 0.03033601, -0.0010165], [0.05995173, -0.11361097, 0.01983845], [0.04774041, 0.09054638, 0.08006626], [0.06055204, 0.13621733, 0.02598614], [-0.08144373, 0.1253269, 0.03924491], [-0.06590394, -0.13464684, -0.03747331], [0.07596968, -0.12097334, -0.04990901]], "atomic quadrupole moments": [[0.09163102, 0.01277671, -0.05046054, -0.01413903, -0.00416963, -0.04117048], [-0.02532062, 0.00925605, -0.29864693, 0.03594318, -0.19904556, 0.32396755], [-0.2077778, -0.02083592, -0.21080985, 0.03858514, -0.15353127, 0.41858765], [-0.25233657, -0.00166079, -0.2017654, 0.05283452, -0.19273476, 0.45410197], [0.21833385, 0.03636054, -0.40665553, 0.01540812, -0.19197281, 0.18832168], [0.4424688, 0.05034394, -0.22664024, -0.03396958, -0.00669332, -0.21582856], [-0.24935916, -0.02722551, -0.19019042, 0.04686844, -0.21568235, 0.43954958], [-0.21036067, -0.00105966, -0.16575124, 0.04915369, -0.2188533, 0.37611191], [0.01727519, -0.03894461, 0.04775382, -0.00118331, 0.01252845, -0.06502901], [0.00905927, 0.03000529, 0.03295593, 0.01670646, 0.04936618, -0.04201519], [0.03584662, 0.00537609, 0.02201851, -0.00413887, 0.02516574, -0.05786514], [0.03698243, 0.00332928, 0.01922905, -0.00609304, 0.02190772, -0.05621147], [0.03713944, 0.00189503, 0.01726502, -0.00671984, 0.02469032, -0.05440446], [0.03663738, -0.00143535, 0.02103852, -0.00617416, 0.02533864, -0.0576759]], "number of molecular orbitals": 43, "number of electrons": 42, "number of unpaired electrons": 0, "orbital energies/eV": [-28.49790863, -17.91803351, -17.53986671, -16.90899161, -16.63350707, -16.01683889, -15.72265726, -14.7658617, -14.6655843, -14.08711971, -13.60154453, -13.40371913, -13.36159186, -13.14589574, -12.68560958, -12.22544355, -11.88467693, -11.31441202, -11.14982173, -11.10933956, -10.00357885, -6.37107802, -5.9980529, -3.41621537, -2.85175999, 0.66076863, 0.68776234, 0.81498397, 0.82754555, 1.19147495, 3.15082334, 3.55531351, 3.70817174, 4.56566116, 5.00359393, 5.2808344, 5.72493928, 10.04319721, 10.56719148, 11.35032098, 12.01842234, 16.34072304, 16.90220761], "fractional occupation": [2.0, 2.0, 2.0, 2.0, 2.0, 2.0, 2.0, 2.0, 2.0, 2.0, 2.0, 2.0, 2.0, 2.0, 2.0, 2.0, 2.0, 2.0, 2.0, 2.0, 2.0, 0.0, 0.0, 0.0, 0.0, 0.0, 0.0, 0.0, 0.0, 0.0, 0.0, 0.0, 0.0, 0.0, 0.0, 0.0, 0.0, 0.0, 0.0, 0.0, 0.0, 0.0, 0.0], "program call": "xtb /home/svss/Project-DBcg-Debug/aqme2_20220329/End-to-End-workflows-final/example-3/QDESCP/mol_705_rdkit_conf_1/mol_705_rdkit_conf_1.xyz --pop --wbo --acc 0.2 --gfn 2 --chrg 0 --uhf 0 --etemp 300 --input /home/svss/Project-DBcg-Debug/aqme2_20220329/End-to-End-workflows-final/example-3/QDESCP/mol_705_rdkit_conf_1/mol_705_rdkit_conf_1_xtb.inp", "method": "GFN2-xTB", "xtb version": "6.3.3 (7355c4f)", "Dipole module/D": 3.711, "Total charge": 0, "Transition dipole module/D": NaN, "HOMO": -10.0036, "LUMO": -6.3711, "HOMO occupancy": 2.0, "LUMO occupancy": 0, "mulliken charges": [-0.44111, 0.14589, -0.06981, -0.04652, 0.09763, -0.13516, -0.04651, -0.06982, 0.21133, 0.21135, 0.03302, 0.03834, 0.03834, 0.03302], "cm5 charges": [-0.88513, 0.19434, -0.11787, -0.09828, 0.09033, -0.13716, -0.09827, -0.11787, 0.39852, 0.39861, 0.09148, 0.0949, 0.0949, 0.09148], "FUKUI+": [-0.035, -0.047, -0.064, -0.066, -0.038, -0.135, -0.066, -0.064, -0.049, -0.049, -0.096, -0.097, -0.097, -0.096], "FUKUI-": [-0.107, -0.041, -0.037, -0.027, -0.042, -0.271, -0.027, -0.037, -0.069, -0.069, -0.069, -0.067, -0.067, -0.069], "FUKUIrad": [-0.071, -0.044, -0.051, -0.047, -0.04, -0.203, -0.047, -0.051, -0.059, -0.059, -0.082, -0.082, -0.082, -0.082], "s proportion": [1.436, 1.045, 1.056, 1.061, 1.071, 1.944, 1.061, 1.056, 0.789, 0.789, 0.967, 0.962, 0.962, 0.967], "p proportion": [4.005, 2.809, 3.013, 2.985, 2.832, 5.201, 2.985, 3.013, 0.0, 0.0, 0.0, 0.0, 0.0, 0.0], "d proportion": [0.0, 0.0, 0.0, 0.0, 0.0, -0.009, 0.0, 0.0, 0.0, 0.0, 0.0, 0.0, 0.0, 0.0], "Fermi-level/eV": -8.1873, "Coordination numbers": [2.637, 2.892, 2.919, 2.948, 2.88, 0.966, 2.948, 2.919, 0.86, 0.86, 0.925, 0.925, 0.925, 0.925], "Dispersion coefficient C6": [27.254, 26.268, 29.401, 29.024, 26.039, 105.161, 29.024, 29.401, 1.334, 1.334, 2.46, 2.301, 2.301, 2.46], "Total dispersion C6": 3110.152943, "Total dispersion C8": 84886.936508, "Polarizability alpha": [7.753, 8.403, 8.892, 8.836, 8.366, 15.689, 8.836, 8.892, 1.81, 1.81, 2.453, 2.372, 2.372, 2.453], "Total polarizability alpha": 88.935634, "Wiberg matrix": [[0.0, 1.139795127065653, 0.0, 0.0, 0.0, 0.0, 0.0, 0.0, 0.9554270451853746, 0.9554260369399755, 0.0, 0.0, 0.0, 0.0], [1.139795127065653, 0.0, 1.3552979240195835, 0.0, 0.0, 0.0, 0.0, 1.3552684344660735, 0.0, 0.0, 0.0, 0.0, 0.0, 0.0], [0.0, 1.3552979240195835, 0.0, 1.4519561441594053, 0.0, 0.0, 0.10472260362381747, 0.0, 0.0, 0.0, 0.9678863183265548, 0.0, 0.0, 0.0], [0.0, 0.0, 1.4519561441594053, 0.0, 1.3969521741362958, 0.0, 0.0, 0.10474227911117179, 0.0, 0.0, 0.0, 0.968666750097782, 0.0, 0.0], [0.0, 0.0, 0.0, 1.3969521741362958, 0.0, 0.9655026515653478, 1.3969835564490507, 0.0, 0.0, 0.0, 0.0, 0.0, 0.0, 0.0], [0.0, 0.0, 0.0, 0.0, 0.9655026515653478, 0.0, 0.0, 0.0, 0.0, 0.0, 0.0, 0.0, 0.0, 0.0], [0.0, 0.0, 0.10472260362381747, 0.0, 1.3969835564490507, 0.0, 0.0, 1.4519586735152037, 0.0, 0.0, 0.0, 0.0, 0.9686614654367298, 0.0], [0.0, 1.3552684344660735, 0.0, 0.10474227911117179, 0.0, 0.0, 1.4519586735152037, 0.0, 0.0, 0.0, 0.0, 0.0, 0.0, 0.9678851899035164], [0.9554270451853746, 0.0, 0.0, 0.0, 0.0, 0.0, 0.0, 0.0, 0.0, 0.0, 0.0, 0.0, 0.0, 0.0], [0.9554260369399755, 0.0, 0.0, 0.0, 0.0, 0.0, 0.0, 0.0, 0.0, 0.0, 0.0, 0.0, 0.0, 0.0], [0.0, 0.0, 0.9678863183265548, 0.0, 0.0, 0.0, 0.0, 0.0, 0.0, 0.0, 0.0, 0.0, 0.0, 0.0], [0.0, 0.0, 0.0, 0.968666750097782, 0.0, 0.0, 0.0, 0.0, 0.0, 0.0, 0.0, 0.0, 0.0, 0.0], [0.0, 0.0, 0.0, 0.0, 0.0, 0.0, 0.9686614654367298, 0.0, 0.0, 0.0, 0.0, 0.0, 0.0, 0.0], [0.0, 0.0, 0.0, 0.0, 0.0, 0.0, 0.0, 0.9678851899035164, 0.0, 0.0, 0.0, 0.0, 0.0, 0.0]], "Born radii": [], "Atomic SASAs": [], "Solvent H bonds": [], "Total SASA": NaN, "Total FOD": 0.0, "FOD": [0.0, 0.0, 0.0, 0.0, 0.0, 0.0, 0.0, 0.0, 0.0, 0.0, 0.0, 0.0, 0.0, 0.0], "FOD s proportion": [0.0, 0.0, 0.0, 0.0, 0.0, 0.0, 0.0, 0.0, 0.0, 0.0, 0.0, 0.0, 0.0, 0.0], "FOD p proportion": [0.0, 0.0, 0.0, 0.0, 0.0, 0.0, 0.0, 0.0, 0.0, 0.0, 0.0, 0.0, 0.0, 0.0], "FOD d proportion": [0.0, 0.0, 0.0, 0.0, 0.0, 0.0, 0.0, 0.0, 0.0, 0.0, 0.0, 0.0, 0.0, 0.0], "coordinates": [["2.34330", "0.20540", "-0.22080"], ["0.96470", "0.06680", "-0.03080"], ["0.18450", "1.17950", "0.29730"], ["-1.20800", "1.07850", "0.37180"], ["-1.82880", "-0.13160", "0.07500"], ["-3.54200", "-0.25960", "0.16160"], ["-1.06970", "-1.23300", "-0.31020"], ["0.32230", "-1.12410", "-0.38240"], ["2.86060", "-0.66530", "-0.14890"], ["2.76400", "0.94910", "0.32740"], ["0.65550", "2.13810", "0.49870"], ["-1.79740", "1.94860", "0.64680"], ["-1.55090", "-2.17190", "-0.56900"], ["0.90200", "-1.98060", "-0.71660"]],