{"total energy": -24.05491348, "HOMO-LUMO gap/eV": 11.48636449, "electronic energy": -24.35216108, "dipole": [0.40593621, -0.34705819, 0.50949225], "partial charges": [-0.09817413, -0.06798376, 0.14405227, -0.11348934, -0.46005421, -0.06201503, -0.10352149, 0.03310489, 0.0306531, 0.03348748, 0.0408412, 0.03240258, 0.04214065, 0.03724263, 0.03215341, 0.28505262, 0.04338271, 0.04487204, 0.03662769, 0.03339176, 0.03583294], "atomic dipole moments": [[-0.09939854, -0.01708958, -0.01238981], [0.0378622, 0.09385394, 0.05351248], [0.03337427, 0.11968193, -0.06359331], [-0.00677893, -0.01819335, -0.09666794], [0.07316414, -0.1548789, 0.15365478], [0.07533672, -0.0744579, 0.07618794], [0.0431365, 0.08666406, -0.04491177], [0.06514148, -0.09595745, -0.04861408], [0.03520868, 0.00797684, 0.1201966], [0.03880045, 0.10213831, -0.06242763], [-0.01605869, -0.01831943, -0.12311499], [-0.02032012, -0.11101454, 0.05271762], [-0.07951593, 0.08894685, 0.04618762], [-0.01381978, -0.10737751, 0.07063656], [0.10980528, 0.05195839, 0.03266736], [0.06718896, 0.02073201, 0.03013414], [-0.02020422, -0.00380833, -0.12333466], [-0.074549, 0.0966625, 0.02615317], [-0.11951551, -0.01174913, -0.03311155], [0.05599094, -0.10594909, -0.03882973], [0.00027329, 0.00393317, 0.12600833]], "atomic quadrupole moments": [[0.20280866, 0.06096438, -0.09290014, 0.0412437, 0.01940691, -0.10990853], [0.19563223, -0.04569143, -0.01344069, -0.01426614, 0.08490184, -0.18219154], [-0.11994892, 0.07989972, 0.15602243, -0.03004608, -0.15137893, -0.03607352], [-0.08486616, 0.01204186, -0.11033755, 0.03157058, 0.02479731, 0.1952037], [-0.05210702, 0.04506928, 0.08325893, 0.00431272, -0.1143263, -0.03115191], [0.11534576, 0.14943279, 0.02098891, 0.01811087, -0.0984743, -0.13633467], [-0.05711933, 0.09947009, 0.11450007, -0.04476713, -0.12439347, -0.05738074], [-0.00370629, -0.0376323, 0.03441923, -0.01881312, 0.04626062, -0.03071294], [-0.02809779, 0.00863772, -0.05110414, 0.01335276, 0.01247108, 0.07920193], [-0.02709418, 0.01885083, 0.04534202, -0.00081741, -0.05640169, -0.01824784], [-0.00298445, -0.0065463, -0.04908063, 0.01684833, 0.00324327, 0.05206508], [-0.00719099, 0.01347769, 0.02294891, -0.0160952, -0.04938113, -0.01575792], [0.02618349, -0.06196462, 0.00151502, -0.01390068, 0.02268379, -0.02769851], [-0.04786167, 0.01848708, 0.06047851, -0.00587318, -0.04522152, -0.01261684], [0.07636091, 0.03876919, -0.04090062, 0.00505102, 0.00558403, -0.03546029], [0.09059655, 0.07337295, -0.03626636, 0.06450585, 0.00181655, -0.05433019], [-0.02833357, 0.01351124, -0.02884797, -0.00705668, 0.0182214, 0.05718155], [-0.00432932, -0.02290227, 0.02870296, -0.02625427, 0.0331812, -0.02437364], [0.06917084, 0.00557942, -0.03432081, 0.03886882, -0.0119238, -0.03485003], [-0.00333261, -0.05008676, 0.03097046, -0.03464348, 0.02381702, -0.02763785], [-0.04905584, 0.01027624, -0.0284308, 0.01534301, 0.01547358, 0.07748664]], "number of molecular orbitals": 42, "number of electrons": 44, "number of unpaired electrons": 0, "orbital energies/eV": [-18.34448053, -17.11676238, -16.6625015, -16.33844357, -16.10802303, -15.55363659, -14.99843011, -14.57221686, -14.17760865, -13.94356965, -13.65164373, -13.41115772, -12.81547132, -12.75013158, -12.59647882, -12.5042712, -12.38460392, -12.06008913, -11.85720303, -11.6233226, -11.41536193, -10.82380156, 0.66256293, 1.49751915, 2.27299489, 2.51324687, 3.27952409, 3.3695199, 3.7736445, 4.16916066, 4.29704034, 4.83563459, 5.27100756, 5.39107388, 5.72462822, 6.32116562, 6.46614029, 6.98516727, 7.25872746, 7.43395487, 7.80070677, 7.88768152], "fractional occupation": [2.0, 2.0, 2.0, 2.0, 2.0, 2.0, 2.0, 2.0, 2.0, 2.0, 2.0, 2.0, 2.0, 2.0, 2.0, 2.0, 2.0, 2.0, 2.0, 2.0, 2.0, 2.0, 0.0, 0.0, 0.0, 0.0, 0.0, 0.0, 0.0, 0.0, 0.0, 0.0, 0.0, 0.0, 0.0, 0.0, 0.0, 0.0, 0.0, 0.0, 0.0, 0.0], "program call": "xtb /home/svss/Project-DBcg-Debug/aqme2_20220329/End-to-End-workflows-final/example-3/QDESCP/mol_447_rdkit_conf_9/mol_447_rdkit_conf_9.xyz --pop --wbo --acc 0.2 --gfn 2 --chrg 0 --uhf 0 --etemp 300 --input /home/svss/Project-DBcg-Debug/aqme2_20220329/End-to-End-workflows-final/example-3/QDESCP/mol_447_rdkit_conf_9/mol_447_rdkit_conf_9_xtb.inp", "method": "GFN2-xTB", "xtb version": "6.3.3 (7355c4f)", "Dipole module/D": 1.876, "Total charge": 0, "Transition dipole module/D": NaN, "HOMO": -10.8238, "LUMO": 0.6626, "HOMO occupancy": 2.0, "LUMO occupancy": 0, "mulliken charges": [-0.08207, -0.06762, 0.2433, -0.11535, -0.57242, -0.05287, -0.08946, 0.03117, 0.02284, 0.02846, 0.0365, 0.02359, 0.04024, 0.03152, 0.03018, 0.33343, 0.03727, 0.03706, 0.03237, 0.02588, 0.02598], "cm5 charges": [-0.23246, -0.17359, 0.23364, -0.25969, -0.77931, -0.15763, -0.23989, 0.08199, 0.07506, 0.08207, 0.09389, 0.07987, 0.09399, 0.08433, 0.08455, 0.50474, 0.09475, 0.0947, 0.08317, 0.07782, 0.07799], "FUKUI+": [0.021, 0.013, -0.061, 0.035, -0.157, 0.002, 0.004, -0.072, -0.038, -0.029, -0.054, -0.079, -0.058, -0.086, -0.047, -0.121, -0.057, -0.064, -0.066, -0.043, -0.043], "FUKUI-": [0.023, -0.013, -0.024, 0.016, -0.115, 0.012, 0.022, -0.095, -0.05, -0.049, -0.057, -0.068, -0.057, -0.052, -0.048, -0.055, -0.082, -0.106, -0.064, -0.077, -0.062], "FUKUIrad": [0.022, 0.0, -0.042, 0.026, -0.136, 0.007, 0.013, -0.084, -0.044, -0.039, -0.055, -0.073, -0.058, -0.069, -0.048, -0.088, -0.069, -0.085, -0.065, -0.06, -0.053], "s proportion": [1.007, 1.039, 1.051, 1.022, 1.701, 1.036, 1.008, 0.969, 0.977, 0.972, 0.964, 0.976, 0.96, 0.968, 0.97, 0.667, 0.963, 0.963, 0.968, 0.974, 0.974], "p proportion": [3.075, 3.028, 2.706, 3.093, 4.871, 3.017, 3.081, 0.0, 0.0, 0.0, 0.0, 0.0, 0.0, 0.0, 0.0, 0.0, 0.0, 0.0, 0.0, 0.0, 0.0], "d proportion": [0.0, 0.0, 0.0, 0.0, 0.0, 0.0, 0.0, 0.0, 0.0, 0.0, 0.0, 0.0, 0.0, 0.0, 0.0, 0.0, 0.0, 0.0, 0.0, 0.0, 0.0], "Fermi-level/eV": -5.0806, "Coordination numbers": [3.748, 3.799, 3.769, 3.75, 1.653, 3.8, 3.748, 0.924, 0.924, 0.924, 0.924, 0.924, 0.924, 0.924, 0.924, 0.804, 0.923, 0.923, 0.924, 0.924, 0.924], "Dispersion coefficient C6": [22.442, 21.804, 18.292, 22.735, 22.051, 21.692, 22.545, 2.543, 2.577, 2.538, 2.438, 2.553, 2.421, 2.486, 2.556, 0.768, 2.404, 2.385, 2.494, 2.539, 2.505], "Total dispersion C6": 2900.081637, "Total dispersion C8": 59978.727028, "Polarizability alpha": [6.757, 6.648, 6.095, 6.8, 6.339, 6.631, 6.772, 2.494, 2.511, 2.491, 2.442, 2.499, 2.433, 2.466, 2.5, 1.377, 2.425, 2.415, 2.47, 2.492, 2.475], "Total polarizability alpha": 79.53121,