{"total energy": -13.66481368, "HOMO-LUMO gap/eV": 13.92067226, "electronic energy": -13.86927513, "dipole": [3.33e-06, -1.093e-05, -3.456e-05], "partial charges": [-0.09998537, -0.05214144, -0.05214174, -0.09999434, 0.03159931, 0.03078094, 0.03161091, 0.02906611, 0.02906843, 0.0290678, 0.02906574, 0.03159652, 0.03162776, 0.03077936], "atomic dipole moments": [[0.08359413, -0.04553586, -0.02963573], [-0.00158941, 0.10080301, 0.04611116], [0.00158837, -0.10080468, -0.04611485], [-0.08359587, 0.04553645, 0.02962067], [-0.01716199, 0.1086191, -0.06141483], [-0.09900631, -0.07210055, -0.02234137], [0.00252623, 0.02429816, 0.12355966], [-0.01230817, -0.02706099, -0.1199714], [0.00670551, -0.1085227, 0.05875693], [-0.00670564, 0.10852279, -0.05875654], [0.01230955, 0.0270602, 0.11997112], [0.01716094, -0.10861851, 0.06140648], [-0.0025254, -0.02429845, -0.12352925], [0.09900486, 0.07209895, 0.02233758]], "atomic quadrupole moments": [[0.13524899, -0.12818, -0.04060627, -0.08648115, 0.05359441, -0.09464272], [0.22905674, 0.00952552, -0.03791743, -0.04523292, 0.08964016, -0.1911393], [0.22905799, 0.00952314, -0.03791691, -0.04523981, 0.089644, -0.19114108], [0.13523722, -0.12818316, -0.04061992, -0.08648426, 0.05359589, -0.0946173], [-0.03727315, -0.01020723, 0.04511616, -0.00826938, -0.05580657, -0.00784301], [0.03684631, 0.05290488, 0.00898614, 0.01433288, 0.02355595, -0.04583245], [-0.03306641, -0.00904173, -0.04210065, 0.01592763, 0.02091729, 0.07516706], [-0.01738879, 0.00110928, -0.03880381, 0.00286713, 0.00912629, 0.05619259], [-0.01634925, -0.00845955, 0.02393299, 0.0043817, -0.04513052, -0.00758374], [-0.01634933, -0.00845965, 0.0239329, 0.00438153, -0.04513089, -0.00758357], [-0.01738834, 0.00110794, -0.03880331, 0.00286592, 0.00912711, 0.05619165], [-0.03727733, -0.01020888, 0.04511051, -0.00826755, -0.05581796, -0.00783318], [-0.03308975, -0.00904044, -0.04212384, 0.01593246, 0.02092614, 0.07521359], [0.03684704, 0.05290778, 0.0089866, 0.01433839, 0.0235611, -0.04583365]], "number of molecular orbitals": 26, "number of electrons": 26, "number of unpaired electrons": 0, "orbital energies/eV": [-16.81305143, -16.29419991, -15.42956647, -15.02781415, -13.97166473, -13.39623379, -13.26984436, -13.02889194, -12.36157297, -11.94291211, -11.89234576, -11.5776229, -11.41449066, 2.50618159, 3.25437616, 3.31638956, 4.08163138, 4.17342702, 4.74487818, 5.05842222, 5.09787245, 6.00425026, 6.76125365, 6.93327087, 7.44796937, 8.30395427], "fractional occupation": [2.0, 2.0, 2.0, 2.0, 2.0, 2.0, 2.0, 2.0, 2.0, 2.0, 2.0, 2.0, 2.0, 0.0, 0.0, 0.0, 0.0, 0.0, 0.0, 0.0, 0.0, 0.0, 0.0, 0.0, 0.0, 0.0], "program call": "xtb /home/svss/Project-DBcg-Debug/aqme2_20220329/End-to-End-workflows-final/example-3/QDESCP/mol_1069_rdkit_conf_1/mol_1069_rdkit_conf_1.xyz --pop --wbo --acc 0.2 --gfn 2 --chrg 0 --uhf 0 --etemp 300 --input /home/svss/Project-DBcg-Debug/aqme2_20220329/End-to-End-workflows-final/example-3/QDESCP/mol_1069_rdkit_conf_1/mol_1069_rdkit_conf_1_xtb.inp", "method": "GFN2-xTB", "xtb version": "6.3.3 (7355c4f)", "Dipole module/D": 0.0, "Total charge": 0, "Transition dipole module/D": NaN, "HOMO": -11.4145, "LUMO": 2.5062, "HOMO occupancy": 2.0, "LUMO occupancy": 0, "mulliken charges": [-0.08367, -0.03979, -0.03979, -0.08368, 0.02621, 0.02753, 0.02622, 0.02175, 0.02175, 0.02175, 0.02175, 0.02621, 0.02623, 0.02753], "cm5 charges": [-0.23397, -0.15222, -0.15222, -0.23399, 0.07749, 0.07831, 0.0775, 0.07644, 0.07644, 0.07644, 0.07644, 0.07749, 0.07752, 0.07831], "FUKUI+": [-0.004, -0.035, -0.035, -0.004, -0.079, -0.142, -0.079, -0.08, -0.08, -0.08, -0.08, -0.079, -0.079, -0.142], "FUKUI-": [0.029, 0.012, 0.012, 0.029, -0.098, -0.083, -0.098, -0.131, -0.131, -0.131, -0.131, -0.098, -0.098, -0.083], "FUKUIrad": [0.012, -0.011, -0.011, 0.012, -0.089, -0.113, -0.089, -0.106, -0.106, -0.106, -0.106, -0.089, -0.089, -0.113], "s proportion": [1.007, 1.027, 1.027, 1.007, 0.974, 0.972, 0.974, 0.978, 0.978, 0.978, 0.978, 0.974, 0.974, 0.972], "p proportion": [3.076, 3.013, 3.013, 3.076, 0.0, 0.0, 0.0, 0.0, 0.0, 0.0, 0.0, 0.0, 0.0, 0.0], "d proportion": [0.0, 0.0, 0.0, 0.0, 0.0, 0.0, 0.0, 0.0, 0.0, 0.0, 0.0, 0.0, 0.0, 0.0], "Fermi-level/eV": -4.4542, "Coordination numbers": [3.75, 3.801, 3.801, 3.75, 0.924, 0.924, 0.924, 0.924, 0.924, 0.924, 0.924, 0.924, 0.924, 0.924], "Dispersion coefficient C6": [22.473, 21.51, 21.51, 22.473, 2.564, 2.575, 2.564, 2.6, 2.6, 2.6, 2.6, 2.564, 2.564, 2.575], "Total dispersion C6": 1208.699161, "Total dispersion C8": 24491.558364, "Polarizability alpha": [6.761, 6.603, 6.603, 6.761, 2.504, 2.51, 2.504, 2.522, 2.522, 2.522, 2.522, 2.504, 2.504, 2.51], "Total polarizability alpha": 51.849733, "Wiberg matrix": [[0.0, 1.020284490899113, 0.0, 0.0, 0.9877680412706711, 0.987537345170705, 0.9877680593118404, 0.0, 0.0, 0.0, 0.0, 0.0, 0.0, 0.0], [1.020284490899113, 0.0, 1.0086632967950562, 0.0, 0.0, 0.0, 0.0, 0.9780155142129048, 0.9780154735312593, 0.0, 0.0, 0.0, 0.0, 0.0], [0.0, 1.0086632967950562, 0.0, 1.020283011858112, 0.0, 0.0, 0.0, 0.0, 0.0, 0.9780155005530786, 0.9780171411014043, 0.0, 0.0, 0.0], [0.0, 0.0, 1.020283011858112, 0.0, 0.0, 0.0, 0.0, 0.0, 0.0, 0.0, 0.0, 0.9877679154217469, 0.9877696426522101, 0.9875372415678505], [0.9877680412706711, 0.0, 0.0, 0.0, 0.0, 0.0, 0.0, 0.0, 0.0, 0.0, 0.0, 0.0, 0.0, 0.0], [0.987537345170705, 0.0, 0.0, 0.0, 0.0, 0.0, 0.0, 0.0, 0.0, 0.0, 0.0, 0.0, 0.0, 0.0], [0.9877680593118404, 0.0, 0.0, 0.0, 0.0, 0.0, 0.0, 0.0, 0.0, 0.0, 0.0, 0.0, 0.0, 0.0], [0.0, 0.9780155142129048, 0.0, 0.0, 0.0, 0.0, 0.0, 0.0, 0.0, 0.0, 0.0, 0.0, 0.0, 0.0], [0.0, 0.9780154735312593, 0.0, 0.0, 0.0, 0.0, 0.0, 0.0, 0.0, 0.0, 0.0, 0.0, 0.0, 0.0], [0.0, 0.0, 0.9780155005530786, 0.0, 0.0, 0.0, 0.0, 0.0, 0.0, 0.0, 0.0, 0.0, 0.0, 0.0], [0.0, 0.0, 0.9780171411014043, 0.0, 0.0, 0.0, 0.0, 0.0, 0.0, 0.0, 0.0, 0.0, 0.0, 0.0], [0.0, 0.0, 0.0, 0.9877679154217469, 0.0, 0.0, 0.0, 0.0, 0.0, 0.0, 0.0, 0.0, 0.0, 0.0], [0.0, 0.0, 0.0, 0.9877696426522101, 0.0, 0.0, 0.0, 0.0, 0.0, 0.0, 0.0, 0.0, 0.0, 0.0], [0.0, 0.0, 0.0, 0.9875372415678505, 0.0, 0.0, 0.0, 0.0, 0.0, 0.0, 0.0, 0.0, 0.0, 0.0]], "Born radii": [], "Atomic SASAs": [], "Solvent H bonds": [], "Total SASA": NaN, "Total FOD": 0.0, "FOD": [0.0, 0.0, 0.0, 0.0, 0.0, 0.0, 0.0, 0.0, 0.0, 0.0, 0.0, 0.0, 0.0, 0.0], "FOD s proportion": [0.0, 0.0, 0.0, 0.0, 0.0, 0.0, 0.0, 0.0, 0.0, 0.0, 0.0, 0.0, 0.0, 0.0], "FOD p proportion": [0.0, 0.0, 0.0, 0.0, 0.0, 0.0, 0.0, 0.0, 0.0, 0.0, 0.0, 0.0, 0.0, 0.0], "FOD d proportion": [0.0, 0.0, 0.0, 0.0, 0.0, 0.0, 0.0, 0.0, 0.0, 0.0, 0.0, 0.0, 0.0, 0.0], "coordinates": [["-1.88530", "0.28570", "0.23450"], ["-0.62170", "-0.42470", "-0.22390"], ["0.62170", "0.42470", "0.03100"], ["1.88530", "-0.28570", "-0.42740"], ["-2.01920", "1.23180", "-0.29980"], ["-2.76270", "-0.33980", "0.04270"], ["-1.84810", "0.49900", "1.30760"], ["-0.70470", "-0.65230", "-1.29310"], ["-0.53460", "-1.38090", "0.30520"], ["0.53460", "1.38090", "-0.49810"], ["0.70470", "0.65230", "1.10020"], ["2.01920", "-1.23180", "0.10690"], ["1.84810", "-0.49900", "-1.50040"], ["2.76270", "0.33980", "-0.23560"]],