{"total energy": -19.877024, "HOMO-LUMO gap/eV": 11.23029511, "electronic energy": -20.10627668, "dipole": [0.09862084, 0.67193725, -0.14712905], "partial charges": [-0.05080151, -0.06288143, 0.08137275, -0.32258551, 0.08139776, -0.06289544, 0.02968241, 0.03061881, 0.04331707, 0.03040437, 0.04378252, 0.02057131, 0.02053537, 0.04377756, 0.04332381, 0.03038015], "atomic dipole moments": [[-0.01971674, -0.11417734, 0.03600008], [0.09482684, -0.04027189, -0.06214986], [0.15052352, -0.04428031, 0.13339767], [0.05090578, 0.25314197, -0.10696021], [-0.20154791, -0.01293605, 0.04040261], [-0.05737747, -0.02668657, -0.10229998], [0.03284814, 0.04664819, -0.10861829], [-0.01146244, 0.0963808, 0.07600112], [-0.04108542, -0.02493142, 0.11587048], [-0.08443301, 0.07489026, -0.05315044], [-0.10817215, -0.06148991, -0.00091611], [0.02742989, 0.01559526, -0.1150835], [0.03551347, 0.01487504, -0.11293521], [0.08282517, -0.0785075, 0.04952508], [-0.02574578, -0.0263066, 0.11990924], [0.110715, 0.05750753, -0.00160934]], "atomic quadrupole moments": [[0.19173692, -0.00413033, -0.00935803, 0.10041996, -0.06132615, -0.18237889], [0.04299719, 0.09150754, 0.1062432, 0.00517872, 0.16101906, -0.1492404], [0.04107666, -0.27779341, 0.09083245, 0.19581923, -0.02815027, -0.13190911], [0.1063194, 0.00861268, 0.00704776, 0.05536787, -0.07071657, -0.11336716], [0.24841492, 0.22858039, -0.00115333, 0.0048266, 0.1275173, -0.24726159], [-0.04914734, -0.13743541, 0.1477951, 0.0887475, 0.09093986, -0.09864776], [-0.00278827, 0.00408079, -0.04325017, -0.01660614, -0.02748631, 0.04603844], [-0.02185795, -0.00906182, 0.01361893, -0.00388404, 0.04631455, 0.00823901], [-0.02940464, 0.02727156, -0.01603816, -0.01820421, -0.01449077, 0.0454428], [0.00796609, -0.03217883, 0.00692604, 0.03483145, -0.02981813, -0.01489213], [0.03611547, 0.03377949, 0.00123226, -0.00844996, -0.00190749, -0.03734773], [-0.02069018, -0.01483597, -0.01307895, -0.02410078, -0.02854943, 0.03376913], [-0.01877417, 0.02862509, -0.02084613, -0.01276418, -0.01804513, 0.0396203], [0.00118455, -0.0297771, 0.01283429, 0.03113999, -0.02306014, -0.01401884], [-0.03170877, -0.01260934, -0.00891826, -0.02768027, -0.02423563, 0.04062703], [0.0456071, 0.03660207, -0.00564905, -0.0076796, -0.00697453, -0.03995804]], "number of molecular orbitals": 34, "number of electrons": 36, "number of unpaired electrons": 0, "orbital energies/eV": [-18.69900016, -17.31574856, -17.30704845, -16.2524463, -16.2310784, -15.45655888, -14.85562972, -14.49749337, -14.07904514, -13.85112708, -13.61083308, -13.12467147, -13.01719029, -12.28870769, -12.01023818, -11.82809029, -11.51154537, -10.65003044, 0.58026466, 2.18523797, 2.41001329, 2.67187345, 2.67659416, 3.49154474, 3.69365549, 4.45642275, 4.96837265, 5.01201074, 5.07443899, 6.25629098, 6.28205531, 7.12616366, 7.70879881, 7.96811051], "fractional occupation": [2.0, 2.0, 2.0, 2.0, 2.0, 2.0, 2.0, 2.0, 2.0, 2.0, 2.0, 2.0, 2.0, 2.0, 2.0, 2.0, 2.0, 2.0, 0.0, 0.0, 0.0, 0.0, 0.0, 0.0, 0.0, 0.0, 0.0, 0.0, 0.0, 0.0, 0.0, 0.0, 0.0, 0.0], "program call": "xtb /home/svss/Project-DBcg-Debug/aqme2_20220329/End-to-End-workflows-final/example-3/QDESCP/mol_811_rdkit_conf_1/mol_811_rdkit_conf_1.xyz --pop --wbo --acc 0.2 --gfn 2 --chrg 0 --uhf 0 --etemp 300 --input /home/svss/Project-DBcg-Debug/aqme2_20220329/End-to-End-workflows-final/example-3/QDESCP/mol_811_rdkit_conf_1/mol_811_rdkit_conf_1_xtb.inp", "method": "GFN2-xTB", "xtb version": "6.3.3 (7355c4f)", "Dipole module/D": 1.766, "Total charge": 0, "Transition dipole module/D": NaN, "HOMO": -10.65, "LUMO": 0.5803, "HOMO occupancy": 2.0, "LUMO occupancy": 0, "mulliken charges": [-0.0401, -0.06463, 0.19444, -0.46907, 0.19446, -0.06465, 0.01901, 0.02553, 0.0353, 0.02447, 0.03019, 0.01256, 0.01253, 0.03019, 0.03531, 0.02446], "cm5 charges": [-0.14894, -0.17153, 0.11236, -0.56597, 0.11239, -0.17155, 0.07461, 0.0798, 0.09236, 0.07898, 0.09258, 0.07549, 0.07547, 0.09259, 0.09238, 0.07896], "FUKUI+": [0.024, 0.024, -0.018, -0.2, -0.017, 0.024, -0.052, -0.072, -0.062, -0.105, -0.101, -0.089, -0.089, -0.101, -0.062, -0.105], "FUKUI-": [0.018, 0.0, 0.015, -0.188, 0.015, 0.0, -0.076, -0.126, -0.073, -0.074, -0.081, -0.102, -0.102, -0.081, -0.073, -0.074], "FUKUIrad": [0.021, 0.012, -0.001, -0.194, -0.001, 0.012, -0.064, -0.099, -0.067, -0.09, -0.091, -0.095, -0.095, -0.091, -0.067, -0.09], "s proportion": [1.026, 1.032, 0.992, 1.695, 0.992, 1.032, 0.981, 0.974, 0.965, 0.976, 0.97, 0.987, 0.987, 0.97, 0.965, 0.976], "p proportion": [3.014, 3.032, 2.813, 4.774, 2.814, 3.032, 0.0, 0.0, 0.0, 0.0, 0.0, 0.0, 0.0, 0.0, 0.0, 0.0], "d proportion": [0.0, 0.0, 0.0, 0.0, 0.0, 0.0, 0.0, 0.0, 0.0, 0.0, 0.0, 0.0, 0.0, 0.0, 0.0, 0.0], "Fermi-level/eV": -5.0349, "Coordination numbers": [3.805, 3.802, 3.699, 1.697, 3.699, 3.802, 0.924, 0.924, 0.924, 0.924, 0.924, 0.924, 0.924, 0.924, 0.924, 0.924], "Dispersion coefficient C6": [21.482, 21.707, 19.38, 19.394, 19.379, 21.707, 2.591, 2.578, 2.405, 2.581, 2.399, 2.725, 2.725, 2.399, 2.405, 2.581], "Total dispersion C6": 1849.135195, "Total dispersion C8": 38888.419507, "Polarizability alpha": [6.598, 6.633, 6.296, 5.946, 6.296, 6.633, 2.517, 2.511, 2.425, 2.512, 2.422, 2.581, 2.582, 2.422, 2.425, 2.512], "Total polarizability alpha": 63.313689, "Wiberg matrix": [[0.0, 1.0087497568466226, 0.0, 0.0, 0.0, 1.0087512649699575, 0.9779647663840243, 0.9773979287434702, 0.0, 0.0, 0.0, 0.0, 0.0, 0.0, 0.0, 0.0], [1.0087497568466226, 0.0, 1.0017882639764144, 0.0, 0.0, 0.0, 0.0, 0.0, 0.9767659890508757, 0.9762236827367929, 0.0, 0.0, 0.0, 0.0, 0.0, 0.0], [0.0, 1.0017882639764144, 0.0, 0.9830539377511608, 0.0, 0.0, 0.0, 0.0, 0.0, 0.0, 0.9716245411238903, 0.9687228210110101, 0.0, 0.0, 0.0, 0.0], [0.0, 0.0, 0.9830539377511608, 0.0, 0.9831399924406289, 0.0, 0.0, 0.0, 0.0, 0.0, 0.0, 0.0, 0.0, 0.0, 0.0, 0.0], [0.0, 0.0, 0.0, 0.9831399924406289, 0.0, 1.0017477606881806, 0.0, 0.0, 0.0, 0.0, 0.0, 0.0, 0.9687145172055541, 0.9716175502702529, 0.0, 0.0], [1.0087512649699575, 0.0, 0.0, 0.0, 1.0017477606881806, 0.0, 0.0, 0.0, 0.0, 0.0, 0.0, 0.0, 0.0, 0.0, 0.9767747364154934, 0.976232083224114], [0.9779647663840243, 0.0, 0.0, 0.0, 0.0, 0.0, 0.0, 0.0, 0.0, 0.0, 0.0, 0.0, 0.0, 0.0, 0.0, 0.0], [0.9773979287434702, 0.0, 0.0, 0.0, 0.0, 0.0, 0.0, 0.0, 0.0, 0.0, 0.0, 0.0, 0.0, 0.0, 0.0, 0.0], [0.0, 0.9767659890508757, 0.0, 0.0, 0.0, 0.0, 0.0, 0.0, 0.0, 0.0, 0.0, 0.0, 0.0, 0.0, 0.0, 0.0], [0.0, 0.9762236827367929, 0.0, 0.0, 0.0, 0.0, 0.0, 0.0, 0.0, 0.0, 0.0, 0.0, 0.0, 0.0, 0.0, 0.0], [0.0, 0.0, 0.9716245411238903, 0.0, 0.0, 0.0, 0.0, 0.0, 0.0, 0.0, 0.0, 0.0, 0.0, 0.0, 0.0, 0.0], [0.0, 0.0, 0.9687228210110101, 0.0, 0.0, 0.0, 0.0, 0.0, 0.0, 0.0, 0.0, 0.0, 0.0, 0.0, 0.0, 0.0], [0.0, 0.0, 0.0, 0.0, 0.9687145172055541, 0.0, 0.0, 0.0, 0.0, 0.0, 0.0, 0.0, 0.0, 0.0, 0.0, 0.0], [0.0, 0.0, 0.0, 0.0, 0.9716175502702529, 0.0, 0.0, 0.0, 0.0, 0.0, 0.0, 0.0, 0.0, 0.0, 0.0, 0.0], [0.0, 0.0, 0.0, 0.0, 0.0, 0.9767747364154934, 0.0, 0.0, 0.0, 0.0, 0.0, 0.0, 0.0, 0.0, 0.0, 0.0], [0.0, 0.0, 0.0, 0.0, 0.0, 0.976232083224114, 0.0, 0.0, 0.0, 0.0, 0.0, 0.0, 0.0, 0.0, 0.0, 0.0]], "Born radii": [], "Atomic SASAs": [], "Solvent H bonds": [], "Total SASA": NaN, "Total FOD": 0.0, "FOD": [0.0, 0.0, 0.0, 0.0, 0.0, 0.0, 0.0, 0.0, 0.0, 0.0, 0.0, 0.0, 0.0, 0.0, 0.0, 0.0], "FOD s proportion": [0.0, 0.0, 0.0, 0.0, 0.0, 0.0, 0.0, 0.0, 0.0, 0.0, 0.0, 0.0, 0.0, 0.0, 0.0, 0.0], "FOD p proportion": [0.0, 0.0, 0.0, 0.0, 0.0, 0.0, 0.0, 0.0, 0.0, 0.0, 0.0, 0.0, 0.0, 0.0, 0.0, 0.0], "FOD d proportion": [0.0, 0.0, 0.0, 0.0, 0.0, 0.0, 0.0, 0.0, 0.0, 0.0, 0.0, 0.0, 0.0, 0.0, 0.0, 0.0],