{"total energy": -24.05197296, "HOMO-LUMO gap/eV": 11.64593765, "electronic energy": -24.34654199, "dipole": [0.32312725, -0.0707874, -0.70360103], "partial charges": [-0.09843503, -0.06103087, 0.01400006, -0.10491656, -0.10382865, 0.07488459, -0.44235292, 0.03204719, 0.03709409, 0.03475091, 0.02976535, 0.02697112, 0.03524842, 0.03460192, 0.04694296, 0.0399771, 0.02771525, 0.03378465, 0.0432648, 0.01320817, 0.28630745], "atomic dipole moments": [[-0.07168818, -0.06813249, 0.04454465], [-0.0328034, 0.09655184, -0.03618111], [-0.0075097, -0.01960882, 0.00496924], [0.00944242, -0.09143929, -0.06036985], [0.03250522, -0.01918876, 0.09268815], [-0.15725093, 0.11682917, -0.02563644], [0.17095029, -0.06884476, -0.1507578], [0.11242991, -0.05344064, 0.00052607], [0.014448, 0.10832482, 0.06402458], [-0.02388217, 0.02496905, -0.12124088], [0.04469656, -0.03050261, 0.11076462], [0.00795715, -0.10620259, -0.06061571], [0.06050129, 0.09825665, -0.05089453], [0.04751206, -0.01421648, 0.11772648], [-0.11971801, 0.04631141, 0.0163158], [0.06238557, 0.09267591, -0.06272729], [0.00253844, -0.10116421, -0.0748569], [-0.11831726, 0.04265878, -0.00285831], [0.04337572, -0.03129111, 0.11506309], [-0.00955967, -0.10364155, -0.05745805], [-0.02631468, -0.00965668, -0.07348531]], "atomic quadrupole moments": [[0.03746913, 0.12566427, 0.0278208, -0.09013253, -0.09748925, -0.06528993], [0.16922036, 0.03656788, -0.02615469, -0.09682563, -0.0838579, -0.14306566], [-0.00023209, 0.00162859, 0.0045666, -0.00330663, -0.01682778, -0.00433451], [-0.10712711, 0.00218133, 0.1078934, -0.00543614, 0.1450188, -0.00076629], [-0.05749589, -0.01456238, -0.098274, 0.09070926, -0.03416782, 0.15576989], [0.39130167, -0.1157783, -0.12069993, -0.115423, -0.06046657, -0.27060174], [0.13889429, -0.07775601, -0.09034212, -0.031714, 0.01095471, -0.04855217], [0.05324501, -0.04928196, -0.00382282, -0.00060156, -0.0132872, -0.04942218], [-0.0437893, 0.00153376, 0.04337269, -0.0142684, 0.05481442, 0.00041661], [-0.0230317, 0.0051727, -0.03799104, 0.04237309, -0.02271335, 0.06102274], [-0.00722702, 0.00793222, -0.04640829, 0.01505859, -0.0124623, 0.05363531], [-0.01479942, 0.01621661, 0.01998165, -0.00728092, 0.04916779, -0.00518223], [-0.00851315, 0.04621384, 0.01228924, -0.04433607, -0.03621782, -0.00377609], [-0.03003501, -0.017242, -0.02432424, 0.04661998, -0.02300034, 0.05435925], [0.0768498, -0.01946296, -0.03236544, -0.00237905, 0.00894703, -0.04448436], [0.00772295, 0.05812861, 0.01380946, -0.01814555, -0.03166571, -0.02153241], [-0.04903647, -0.01365627, 0.05579092, 0.002384, 0.05043947, -0.00675446], [0.06860387, -0.0367906, -0.04190974, -0.02135944, 0.00468333, -0.02669413], [0.0003044, 0.00350802, -0.04398607, 0.02369107, -0.00570283, 0.04368167], [0.00519848, -0.00795681, 0.00381334, -0.00701643, 0.04864602, -0.00901182], [-0.00801081, -0.02202997, -0.08538821, 0.07624381, 0.01566145, 0.09339903]], "number of molecular orbitals": 42, "number of electrons": 44, "number of unpaired electrons": 0, "orbital energies/eV": [-18.47547497, -17.24301903, -16.58901471, -16.37177282, -15.96663254, -15.68971156, -15.0976767, -14.7399906, -14.2286259, -14.06252223, -13.73863218, -13.33919971, -13.11077468, -12.7177226, -12.61872495, -12.41983958, -12.22670366, -12.03287772, -11.84199591, -11.56130016, -11.52380265, -10.92054111, 0.72539654, 1.77233923, 1.92557592, 2.04350363, 2.55444576, 3.61785088, 3.69748152, 4.0308392, 4.51777548, 4.9315329, 5.18181939, 5.75848264, 5.85560589, 6.17114154, 6.41604863, 6.9617612, 7.06472948, 7.15465202, 7.41653724, 7.80291025], "fractional occupation": [2.0, 2.0, 2.0, 2.0, 2.0, 2.0, 2.0, 2.0, 2.0, 2.0, 2.0, 2.0, 2.0, 2.0, 2.0, 2.0, 2.0, 2.0, 2.0, 2.0, 2.0, 2.0, 0.0, 0.0, 0.0, 0.0, 0.0, 0.0, 0.0, 0.0, 0.0, 0.0, 0.0, 0.0, 0.0, 0.0, 0.0, 0.0, 0.0, 0.0, 0.0, 0.0], "program call": "xtb /home/svss/Project-DBcg-Debug/aqme2_20220329/End-to-End-workflows-final/example-3/QDESCP/mol_328_rdkit_conf_10/mol_328_rdkit_conf_10.xyz --pop --wbo --acc 0.2 --gfn 2 --chrg 0 --uhf 0 --etemp 300 --input /home/svss/Project-DBcg-Debug/aqme2_20220329/End-to-End-workflows-final/example-3/QDESCP/mol_328_rdkit_conf_10/mol_328_rdkit_conf_10_xtb.inp", "method": "GFN2-xTB", "xtb version": "6.3.3 (7355c4f)", "Dipole module/D": 1.976, "Total charge": 0, "Transition dipole module/D": NaN, "HOMO": -10.9205, "LUMO": 0.7254, "HOMO occupancy": 2.0, "LUMO occupancy": 0, "mulliken charges": [-0.08143, -0.05481, 0.00769, -0.09042, -0.09687, 0.18489, -0.56274, 0.02967, 0.02929, 0.02768, 0.02494, 0.02217, 0.02645, 0.02986, 0.04102, 0.03356, 0.02467, 0.03039, 0.03063, 0.00976, 0.33359], "cm5 charges": [-0.23225, -0.16293, -0.0242, -0.23568, -0.24293, 0.10169, -0.77904, 0.08043, 0.08122, 0.0796, 0.08046, 0.07767, 0.07905, 0.0824, 0.0958, 0.08619, 0.07715, 0.08469, 0.09436, 0.07287, 0.50347], "FUKUI+": [0.013, -0.032, -0.04, 0.023, 0.026, -0.018, -0.134, -0.089, -0.049, -0.048, -0.06, -0.06, -0.05, -0.048, -0.041, -0.052, -0.049, -0.037, -0.083, -0.084, -0.088], "FUKUI-": [0.014, 0.009, -0.033, 0.02, 0.025, 0.005, -0.137, -0.07, -0.067, -0.068, -0.072, -0.074, -0.078, -0.053, -0.05, -0.065, -0.046, -0.044, -0.07, -0.092, -0.057], "FUKUIrad": [0.013, -0.012, -0.036, 0.021, 0.025, -0.006, -0.135, -0.079, -0.058, -0.058, -0.066, -0.067, -0.064, -0.05, -0.045, -0.059, -0.047, -0.04, -0.076, -0.088, -0.073], "s proportion": [1.007, 1.036, 1.094, 1.014, 1.016, 1.0, 1.696, 0.97, 0.971, 0.972, 0.975, 0.978, 0.974, 0.97, 0.959, 0.966, 0.975, 0.97, 0.969, 0.99, 0.666], "p proportion": [3.075, 3.018, 2.898, 3.076, 3.081, 2.815, 4.867, 0.0, 0.0, 0.0, 0.0, 0.0, 0.0, 0.0, 0.0, 0.0, 0.0, 0.0, 0.0, 0.0, 0.0], "d proportion": [0.0, 0.0, 0.0, 0.0, 0.0, 0.0, 0.0, 0.0, 0.0, 0.0, 0.0, 0.0, 0.0, 0.0, 0.0, 0.0, 0.0, 0.0, 0.0, 0.0, 0.0], "Fermi-level/eV": -5.0976, "Coordination numbers": [3.748, 3.802, 3.892, 3.754, 3.753, 3.678, 1.653, 0.924, 0.924, 0.924, 0.923, 0.923, 0.924, 0.924, 0.924, 0.924, 0.924, 0.924, 0.924, 0.924, 0.804], "Dispersion coefficient C6": [22.447, 21.673, 20.288, 22.563, 22.542, 19.54, 21.69, 2.558, 2.488, 2.52, 2.59, 2.63, 2.513, 2.522, 2.359, 2.449, 2.619, 2.533, 2.406, 2.839, 0.764], "Total dispersion C6": 2910.746374, "Total dispersion C8": 60089.006416, "Polarizability alpha": [6.758, 6.628, 6.403, 6.773, 6.77, 6.332, 6.287, 2.501, 2.467, 2.483, 2.517, 2.536, 2.479, 2.484, 2.402, 2.447, 2.531, 2.489, 2.426, 2.635, 1.373], "Total polarizability alpha": 79.719986,