{"total energy": -16.14831242, "HOMO-LUMO gap/eV": 3.1317002, "electronic energy": -16.4181253, "dipole": [0.09665449, 0.58439831, 0.64349758], "partial charges": [-0.00942862, -0.03595431, 0.05807525, -0.22253496, 0.05809552, -0.03594486, 0.03446673, 0.03633876, 0.04028716, 0.0402822, 0.03631713], "atomic dipole moments": [[-0.00017361, -0.00115248, -0.00123301], [-0.00145798, 0.00795293, 0.00948604], [-0.05195719, -0.00170243, 0.0126551], [0.02991973, 0.18098922, 0.19929473], [0.05246574, 0.00498757, -0.00907235], [0.00415013, 0.0082359, 0.00830163], [0.01658842, 0.10035815, 0.11049992], [0.13947349, 0.05691349, 0.02615654], [0.11011961, -0.04917478, -0.08737473], [-0.12890812, -0.0643884, -0.03764158], [-0.12341068, 0.04021921, 0.08082265]], "atomic quadrupole moments": [[-0.25506455, -0.11531081, 0.18427816, 0.09976371, -0.41129344, 0.0707864], [-0.24011498, -0.1155264, 0.16962883, 0.08279068, -0.37694913, 0.07048615], [-0.16108071, -0.08752011, 0.14701116, 0.1033163, -0.45401404, 0.01406954], [-0.1131348, -0.06706067, 0.09035796, 0.04748581, -0.25598938, 0.02277683], [-0.17918072, -0.14255923, 0.14016128, 0.04524608, -0.44647776, 0.03901944], [-0.23409766, -0.09700978, 0.17199879, 0.10229417, -0.37945201, 0.06209887], [0.03667814, 0.01375267, -0.02496952, -0.01376868, 0.04609919, -0.01170862], [0.02540814, 0.01153214, -0.01976009, -0.01223696, 0.04887777, -0.00564805], [0.04132402, 0.02232451, -0.02517745, -0.00596926, 0.04643733, -0.01614657], [0.03603506, 0.00618674, -0.02721362, -0.02298069, 0.04864279, -0.00882144], [0.02651634, 0.01490858, -0.01934183, -0.00865372, 0.0484098, -0.00717451]], "number of molecular orbitals": 29, "number of electrons": 30, "number of unpaired electrons": 0, "orbital energies/eV": [-17.96965308, -17.12290149, -17.0685068, -16.01826986, -15.90285894, -14.69809667, -14.02485293, -13.78346689, -13.67348579, -13.31795526, -12.81038134, -11.97464761, -11.85884319, -11.4208928, -10.11332012, -6.98161992, -6.4926744, -3.2298388, 2.96105268, 3.00159937, 3.87556719, 4.40657572, 4.6608976, 7.41412569, 9.73210263, 11.09791147, 11.32705504, 15.89039039, 16.18388617], "fractional occupation": [2.0, 2.0, 2.0, 2.0, 2.0, 2.0, 2.0, 2.0, 2.0, 2.0, 2.0, 2.0, 2.0, 2.0, 2.0, 0.0, 0.0, 0.0, 0.0, 0.0, 0.0, 0.0, 0.0, 0.0, 0.0, 0.0, 0.0, 0.0, 0.0], "program call": "xtb /home/svss/Project-DBcg-Debug/aqme2_20220329/End-to-End-workflows-final/example-3/QDESCP/mol_129_rdkit_conf_1/mol_129_rdkit_conf_1.xyz --pop --wbo --acc 0.2 --gfn 2 --chrg 0 --uhf 0 --etemp 300 --input /home/svss/Project-DBcg-Debug/aqme2_20220329/End-to-End-workflows-final/example-3/QDESCP/mol_129_rdkit_conf_1/mol_129_rdkit_conf_1_xtb.inp", "method": "GFN2-xTB", "xtb version": "6.3.3 (7355c4f)", "Dipole module/D": 2.223, "Total charge": 0, "Transition dipole module/D": NaN, "HOMO": -10.1133, "LUMO": -6.9816, "HOMO occupancy": 2.0, "LUMO occupancy": 0, "mulliken charges": [-0.00179, -0.05091, 0.13883, -0.32761, 0.13885, -0.0509, 0.03131, 0.03548, 0.02564, 0.02564, 0.03547], "cm5 charges": [-0.05509, -0.10123, 0.1595, -0.51412, 0.15954, -0.10121, 0.0869, 0.09155, 0.09131, 0.09131, 0.09153], "FUKUI+": [-0.098, -0.044, -0.039, -0.188, -0.039, -0.044, -0.117, -0.105, -0.11, -0.11, -0.105], "FUKUI-": [-0.03, -0.045, -0.015, -0.254, -0.015, -0.045, -0.135, -0.111, -0.12, -0.12, -0.111], "FUKUIrad": [-0.064, -0.044, -0.027, -0.221, -0.027, -0.044, -0.126, -0.108, -0.115, -0.115, -0.108], "s proportion": [1.063, 1.062, 1.032, 1.561, 1.032, 1.062, 0.969, 0.965, 0.974, 0.974, 0.965], "p proportion": [2.939, 2.989, 2.829, 3.766, 2.829, 2.989, 0.0, 0.0, 0.0, 0.0, 0.0], "d proportion": [0.0, 0.0, 0.0, 0.0, 0.0, 0.0, 0.0, 0.0, 0.0, 0.0, 0.0], "Fermi-level/eV": -8.5475, "Coordination numbers": [2.927, 2.907, 2.891, 1.83, 2.891, 2.907, 0.925, 0.925, 0.925, 0.925, 0.925], "Dispersion coefficient C6": [28.253, 28.894, 26.696, 26.698, 26.696, 28.894, 2.524, 2.498, 2.445, 2.445, 2.498], "Total dispersion C6": 1553.727063, "Total dispersion C8": 37448.193037, "Polarizability alpha": [8.717, 8.814, 8.471, 7.657, 8.471, 8.814, 2.484, 2.472, 2.445, 2.445, 2.472], "Total polarizability alpha": 63.262061, "Wiberg matrix": [[0.0, 1.438034248563364, 0.0, 0.11136575319474311, 0.0, 1.4382553685095936, 0.9705221975821103, 0.0, 0.0, 0.0, 0.0], [1.438034248563364, 0.0, 1.4377017133393244, 0.0, 0.11293028273647787, 0.0, 0.0, 0.969561844264456, 0.0, 0.0, 0.0], [0.0, 1.4377017133393244, 0.0, 1.4321683604882627, 0.0, 0.11292820681882708, 0.0, 0.0, 0.9652961577276027, 0.0, 0.0], [0.11136575319474311, 0.0, 1.4321683604882627, 0.0, 1.43238322451911, 0.0, 0.0, 0.0, 0.0, 0.0, 0.0], [0.0, 0.11293028273647787, 0.0, 1.43238322451911, 0.0, 1.4374910164855528, 0.0, 0.0, 0.0, 0.9652907442932365, 0.0], [1.4382553685095936, 0.0, 0.11292820681882708, 0.0, 1.4374910164855528, 0.0, 0.0, 0.0, 0.0, 0.0, 0.9695544667652181], [0.9705221975821103, 0.0, 0.0, 0.0, 0.0, 0.0, 0.0, 0.0, 0.0, 0.0, 0.0], [0.0, 0.969561844264456, 0.0, 0.0, 0.0, 0.0, 0.0, 0.0, 0.0, 0.0, 0.0], [0.0, 0.0, 0.9652961577276027, 0.0, 0.0, 0.0, 0.0, 0.0, 0.0, 0.0, 0.0], [0.0, 0.0, 0.0, 0.0, 0.9652907442932365, 0.0, 0.0, 0.0, 0.0, 0.0, 0.0], [0.0, 0.0, 0.0, 0.0, 0.0, 0.9695544667652181, 0.0, 0.0, 0.0, 0.0, 0.0]], "Born radii": [], "Atomic SASAs": [], "Solvent H bonds": [], "Total SASA": NaN, "Total FOD": 0.0, "FOD": [0.0, 0.0, 0.0, 0.0, 0.0, 0.0, 0.0, 0.0, 0.0, 0.0, 0.0], "FOD s proportion": [0.0, 0.0, 0.0, 0.0, 0.0, 0.0, 0.0, 0.0, 0.0, 0.0, 0.0], "FOD p proportion": [0.0, 0.0, 0.0, 0.0, 0.0, 0.0, 0.0, 0.0, 0.0, 0.0, 0.0], "FOD d proportion": [0.0, 0.0, 0.0, 0.0, 0.0, 0.0, 0.0, 0.0, 0.0, 0.0, 0.0], "coordinates": [["0.13080", "0.79100", "0.87110"], ["1.22620", "0.39620", "0.11010"], ["1.02340", "-0.53230", "-0.89840"], ["-0.17830", "-1.07800", "-1.18700"], ["-1.22310", "-0.67520", "-0.43130"], ["-1.11980", "0.24690", "0.59800"], ["0.25080", "1.51670", "1.67020"], ["2.21390", "0.80140", "0.29770"], ["1.84670", "-0.87230", "-1.51990"], ["-2.17760", "-1.12830", "-0.68300"], ["-1.99310", "0.53380", "1.17260"]],