{"total energy": -5.20631925, "HOMO-LUMO gap/eV": 7.18578832, "electronic energy": -5.35771023, "dipole": [-3.85e-06, 3.7e-07, 2.386e-05], "partial charges": [-0.0790539, -0.07905533, 0.07905354, 0.07905568], "atomic dipole moments": [[0.33030283, -0.03210682, 0.09048511], [-0.33030227, 0.03210677, -0.09050626], [0.20684525, -0.02006467, 0.05670084], [-0.20684614, 0.02006476, -0.05666981]], "atomic quadrupole moments": [[-1.04574135, 0.15907186, 0.57663501, -0.44879519, 0.04358868, 0.46910634], [-1.04575549, 0.15907279, 0.57663041, -0.4487541, 0.0435847, 0.46912507], [-0.03734822, 0.00566592, 0.02060066, -0.01604679, 0.00155425, 0.01674757], [-0.03734798, 0.00566518, 0.02059326, -0.01601905, 0.00155156, 0.01675472]], "number of molecular orbitals": 10, "number of electrons": 10, "number of unpaired electrons": 0, "orbital energies/eV": [-16.44506054, -14.43999025, -12.95815204, -11.47192683, -11.47192682, -4.2861385, -4.28613844, 1.49912694, 8.41968076, 38.1092218], "fractional occupation": [2.0, 2.0, 2.0, 2.0, 2.0, 0.0, 0.0, 0.0, 0.0, 0.0], "program call": "xtb /home/svss/Project-DBcg-Debug/aqme2_20220329/End-to-End-workflows-final/example-3/QDESCP/mol_954_rdkit_conf_1/mol_954_rdkit_conf_1.xyz --pop --wbo --acc 0.2 --gfn 2 --chrg 0 --uhf 0 --etemp 300 --input /home/svss/Project-DBcg-Debug/aqme2_20220329/End-to-End-workflows-final/example-3/QDESCP/mol_954_rdkit_conf_1/mol_954_rdkit_conf_1_xtb.inp", "method": "GFN2-xTB", "xtb version": "6.3.3 (7355c4f)", "Dipole module/D": 0.0, "Total charge": 0, "Transition dipole module/D": NaN, "HOMO": -11.4719, "LUMO": -4.2861, "HOMO occupancy": 2.0, "LUMO occupancy": 0, "mulliken charges": [-0.06094, -0.06094, 0.06094, 0.06094], "cm5 charges": [-0.11427, -0.11427, 0.11427, 0.11427], "FUKUI+": [-0.257, -0.257, -0.243, -0.243], "FUKUI-": [-0.268, -0.268, -0.232, -0.232], "FUKUIrad": [-0.263, -0.263, -0.237, -0.237], "s proportion": [1.098, 1.098, 0.939, 0.939], "p proportion": [2.963, 2.963, 0.0, 0.0], "d proportion": [0.0, 0.0, 0.0, 0.0], "Fermi-level/eV": -7.879, "Coordination numbers": [1.908, 1.908, 0.927, 0.927], "Dispersion coefficient C6": [33.269, 33.269, 1.989, 1.988], "Total dispersion C6": 206.056553, "Total dispersion C8": 5160.791182, "Polarizability alpha": [9.315, 9.315, 2.205, 2.205], "Total polarizability alpha": 23.040489, "Wiberg matrix": [[0.0, 2.996866898156436, 0.9688558077033338, 0.0], [2.996866898156436, 0.0, 0.0, 0.9688564082732187], [0.9688558077033338, 0.0, 0.0, 0.0], [0.0, 0.9688564082732187, 0.0, 0.0]], "Born radii": [], "Atomic SASAs": [], "Solvent H bonds": [], "Total SASA": NaN, "Total FOD": 0.0, "FOD": [0.0, 0.0, 0.0, 0.0], "FOD s proportion": [0.0, 0.0, 0.0, 0.0], "FOD p proportion": [0.0, 0.0, 0.0, 0.0], "FOD d proportion": [0.0, 0.0, 0.0, 0.0], "coordinates": [["0.57630", "-0.05600", "0.25330"], ["-0.57630", "0.05600", "-0.06250"], ["1.59970", "-0.15530", "0.53380"], ["-1.59970", "0.15530", "-0.34290"]], "bond_dist": [[0.0, 1.2003167915179727, 1.0657806059410164, 2.266071077879068], [1.2003167915179727, 0.0, 2.26609738978712, 1.0657542915700597], [1.0657806059410164, 2.26609738978712, 0.0, 3.331851678871675], [2.266071077879068, 1.0657542915700597, 3.331851678871675, 0.0]]}