{"total energy": -20.89274159, "HOMO-LUMO gap/eV": 11.77932993, "electronic energy": -21.14519936, "dipole": [-0.41891798, 0.19063569, 0.53136133], "partial charges": [-0.09902323, -0.0584738, 0.1500012, -0.11566382, -0.11713009, -0.45285581, 0.04955715, 0.0327926, 0.03065679, 0.0442616, 0.03085917, 0.02955607, 0.04760578, 0.03587138, 0.03167492, 0.03511406, 0.0435175, 0.28167854], "atomic dipole moments": [[-0.03936145, 0.10520256, 0.0223745], [-0.08100925, -0.08274976, -0.00303584], [-0.05112372, -0.03929759, -0.12446892], [0.0388845, 0.06546437, -0.0663208], [0.02898486, -0.09505625, -0.0072649], [-0.06661581, 0.0773141, 0.20978784], [-0.0396186, -0.0515957, -0.11258538], [-0.0253564, -0.08011029, 0.09301676], [0.12326714, 0.00695435, -0.00624482], [0.04975482, 0.07151012, -0.08952426], [0.049816, 0.04202704, 0.1059998], [-0.12443673, 0.00535045, 0.00302705], [0.01553839, -0.12604277, -0.02376727], [0.04247268, 0.02679252, 0.11925083], [-0.12391007, 0.01416439, -0.00881343], [0.03755783, 0.04871439, 0.11329691], [0.04002477, 0.07821507, -0.09355046], [-0.07766058, 0.00568345, 0.00660579]], "atomic quadrupole moments": [[-0.05259087, -0.11300834, 0.18231609, -0.03166062, 0.04248763, -0.12972522], [0.14211399, -0.10791261, 0.06959488, -0.01271118, 0.05055698, -0.21170887], [-0.08799294, 0.04345296, -0.08319713, 0.10614997, 0.10574257, 0.17119006], [-0.05071838, 0.05932465, -0.0112289, -0.08699477, -0.13976706, 0.06194728], [-0.07101581, -0.08722738, 0.18084335, -0.01633779, 0.05800697, -0.10982754], [-0.03869051, 0.01431707, -0.08408351, 0.04811755, 0.08255047, 0.12277402], [-0.02471268, 0.0066573, -0.02015362, 0.04618897, 0.0289949, 0.0448663], [-0.03552087, 0.01563797, 0.00429144, -0.03884885, -0.04830845, 0.03122943], [0.08186393, 0.01508021, -0.02523301, -0.00615802, 0.00090424, -0.05663092], [-0.02009081, -0.00579296, 0.00755735, -0.0269639, -0.04381727, 0.01253346], [-0.02435198, -0.01015683, -0.02302768, 0.02500748, 0.02983007, 0.04737966], [0.08154152, -0.02715117, -0.03287319, 0.00390874, -0.01225436, -0.04866833], [-0.02877097, -0.03624085, 0.06215148, -0.01905917, 0.02710135, -0.03338051], [-0.02301645, 0.02225256, -0.03342994, 0.04288929, 0.0271397, 0.05644639], [0.08706786, 0.00831746, -0.03286239, 0.00136086, -0.00091779, -0.05420547], [-0.0322204, 0.00564502, -0.0265282, 0.04220651, 0.03290623, 0.0587486], [-0.01694162, 0.02218937, -0.00431001, -0.04719332, -0.04606231, 0.02125163], [0.1410934, -0.00618888, -0.08759511, 0.01086634, 0.01310916, -0.05349829]], "number of molecular orbitals": 36, "number of electrons": 38, "number of unpaired electrons": 0, "orbital energies/eV": [-18.40025691, -17.12608545, -16.47026369, -16.20598199, -15.80127942, -15.20343896, -14.56159905, -14.11661887, -13.7910298, -13.30561724, -13.15732797, -12.89333249, -12.64308967, -12.33761275, -12.29285556, -12.01180549, -11.59431936, -11.48672778, -10.9250407, 0.85428923, 1.77815658, 2.42075609, 2.5736034, 3.76862315, 4.00732631, 4.54707974, 5.05046583, 5.13581047, 5.33650024, 5.8068879, 5.91922527, 6.33027896, 6.62294459, 7.19162949, 7.42849949, 7.97540597], "fractional occupation": [2.0, 2.0, 2.0, 2.0, 2.0, 2.0, 2.0, 2.0, 2.0, 2.0, 2.0, 2.0, 2.0, 2.0, 2.0, 2.0, 2.0, 2.0, 2.0, 0.0, 0.0, 0.0, 0.0, 0.0, 0.0, 0.0, 0.0, 0.0, 0.0, 0.0, 0.0, 0.0, 0.0, 0.0, 0.0, 0.0], "program call": "xtb /home/svss/Project-DBcg-Debug/aqme2_20220329/End-to-End-workflows-final/example-3/QDESCP/mol_999_rdkit_conf_2/mol_999_rdkit_conf_2.xyz --pop --wbo --acc 0.2 --gfn 2 --chrg 0 --uhf 0 --etemp 300 --input /home/svss/Project-DBcg-Debug/aqme2_20220329/End-to-End-workflows-final/example-3/QDESCP/mol_999_rdkit_conf_2/mol_999_rdkit_conf_2_xtb.inp", "method": "GFN2-xTB", "xtb version": "6.3.3 (7355c4f)", "Dipole module/D": 1.787, "Total charge": 0, "Transition dipole module/D": NaN, "HOMO": -10.925, "LUMO": 0.8543, "HOMO occupancy": 2.0, "LUMO occupancy": 0, "mulliken charges": [-0.07717, -0.05015, 0.25103, -0.11561, -0.11477, -0.57027, 0.04147, 0.02193, 0.02477, 0.03604, 0.01889, 0.02776, 0.04216, 0.03081, 0.02848, 0.02961, 0.04072, 0.33429], "cm5 charges": [-0.2266, -0.15525, 0.23953, -0.25968, -0.25879, -0.77666, 0.09538, 0.07408, 0.07562, 0.09349, 0.07451, 0.08133, 0.09657, 0.08318, 0.08218, 0.08188, 0.09452, 0.50471], "FUKUI+": [0.021, 0.016, -0.064, 0.039, 0.035, -0.169, -0.033, -0.038, -0.059, -0.059, -0.111, -0.054, -0.065, -0.104, -0.057, -0.101, -0.066, -0.13], "FUKUI-": [0.018, 0.013, -0.023, 0.003, 0.011, -0.126, -0.069, -0.103, -0.08, -0.114, -0.077, -0.064, -0.067, -0.066, -0.06, -0.066, -0.066, -0.065], "FUKUIrad": [0.02, 0.014, -0.044, 0.021, 0.023, -0.148, -0.051, -0.07, -0.07, -0.086, -0.094, -0.059, -0.066, -0.085, -0.059, -0.084, -0.066, -0.097], "s proportion": [1.005, 1.033, 1.044, 1.022, 1.024, 1.7, 0.959, 0.978, 0.975, 0.964, 0.981, 0.972, 0.958, 0.969, 0.972, 0.97, 0.959, 0.666], "p proportion": [3.072, 3.017, 2.705, 3.093, 3.091, 4.87, 0.0, 0.0, 0.0, 0.0, 0.0, 0.0, 0.0, 0.0, 0.0, 0.0, 0.0, 0.0], "d proportion": [0.0, 0.0, 0.0, 0.0, 0.0, 0.0, 0.0, 0.0, 0.0, 0.0, 0.0, 0.0, 0.0, 0.0, 0.0, 0.0, 0.0, 0.0], "Fermi-level/eV": -5.0354, "Coordination numbers": [3.748, 3.801, 3.772, 3.752, 3.753, 1.653, 0.924, 0.924, 0.924, 0.924, 0.924, 0.924, 0.924, 0.924, 0.924, 0.924, 0.924, 0.804], "Dispersion coefficient C6": [22.458, 21.626, 18.201, 22.775, 22.802, 21.903, 2.326, 2.547, 2.577, 2.393, 2.574, 2.593, 2.35, 2.505, 2.563, 2.515, 2.403, 0.779], "Total dispersion C6": 2116.686565, "Total dispersion C8": 43586.064696, "Polarizability alpha": [6.759, 6.621, 6.079, 6.806, 6.809, 6.318, 2.385, 2.496, 2.511, 2.419, 2.509, 2.518, 2.397, 2.475, 2.504, 2.48, 2.424, 1.386], "Total polarizability alpha": 67.896222, "Wiberg matrix": [[0.0, 1.0199909213290197, 0.0, 0.0, 0.0, 0.0, 0.9864115288000426, 0.9864918884118006, 0.9869956267288141, 0.0, 0.0, 0.0, 0.0, 0.0, 0.0, 0.0, 0.0, 0.0], [1.0199909213290197, 0.0, 0.9809032835654892, 0.0, 0.0, 0.0, 0.0, 0.0, 0.0, 0.9756947737928219, 0.9770803714877282, 0.0, 0.0, 0.0, 0.0, 0.0, 0.0, 0.0], [0.0, 0.9809032835654892, 0.0, 0.9925658188588431, 0.9906703307434439, 0.9708982327224687, 0.0, 0.0, 0.0, 0.0, 0.0, 0.0, 0.0, 0.0, 0.0, 0.0, 0.0, 0.0], [0.0, 0.0, 0.9925658188588431, 0.0, 0.0, 0.0, 0.0, 0.0, 0.0, 0.0, 0.0, 0.9840724989887117, 0.9827968981877352, 0.9857339989420145, 0.0, 0.0, 0.0, 0.0], [0.0, 0.0, 0.9906703307434439, 0.0, 0.0, 0.0, 0.0, 0.0, 0.0, 0.0, 0.0, 0.0, 0.0, 0.0, 0.9840199289129089, 0.9858972677679936, 0.9850892805334994, 0.0], [0.0, 0.0, 0.9708982327224687, 0.0, 0.0, 0.0, 0.0, 0.0, 0.0, 0.0, 0.0, 0.0, 0.0, 0.0, 0.0, 0.0, 0.0, 0.9019441865332491], [0.9864115288000426, 0.0, 0.0, 0.0, 0.0, 0.0, 0.0, 0.0, 0.0, 0.0, 0.0, 0.0, 0.0, 0.0, 0.0, 0.0, 0.0, 0.0], [0.9864918884118006, 0.0, 0.0, 0.0, 0.0, 0.0, 0.0, 0.0, 0.0, 0.0, 0.0, 0.0, 0.0, 0.0, 0.0, 0.0, 0.0, 0.0], [0.9869956267288141, 0.0, 0.0, 0.0, 0.0, 0.0, 0.0, 0.0, 0.0, 0.0, 0.0, 0.0, 0.0, 0.0, 0.0, 0.0, 0.0, 0.0], [0.0, 0.9756947737928219, 0.0, 0.0, 0.0, 0.0, 0.0, 0.0, 0.0, 0.0, 0.0, 0.0, 0.0, 0.0, 0.0, 0.0, 0.0, 0.0], [0.0, 0.9770803714877282, 0.0, 0.0, 0.0, 0.0, 0.0, 0.0, 0.0, 0.0, 0.0, 0.0, 0.0, 0.0, 0.0, 0.0, 0.0, 0.0], [0.0, 0.0, 0.0, 0.9840724989887117, 0.0, 0.0, 0.0, 0.0, 0.0, 0.0, 0.0, 0.0, 0.0, 0.0, 0.0, 0.0, 0.0, 0.0], [0.0, 0.0, 0.0, 0.9827968981877352, 0.0, 0.0, 0.0, 0.0, 0.0, 0.0, 0.0, 0.0, 0.0, 0.0, 0.0, 0.0, 0.0, 0.0], [0.0, 0.0, 0.0, 0.9857339989420145, 0.0, 0.0, 0.0, 0.0, 0.0, 0.0, 0.0, 0.0, 0.0, 0.0, 0.0, 0.0, 0.0, 0.0], [0.0, 0.0, 0.0, 0.0, 0.9840199289129089, 0.0, 0.0, 0.0, 0.0, 0.0, 0.0, 0.0, 0.0, 0.0, 0.0, 0.0, 0.0, 0.0], [0.0, 0.0, 0.0, 0.0, 0.9858972677679936, 0.0, 0.0, 0.0, 0.0, 0.0, 0.0, 0.0, 0.0, 0.0, 0.0, 0.0, 0.0, 0.0], [0.0, 0.0, 0.0, 0.0, 0.9850892805334994, 0.0, 0.0, 0.0, 0.0, 0.0, 0.0, 0.0, 0.0, 0.0, 0.0, 0.0, 0.0, 0.0], [0.0, 0.0, 0.0, 0.0, 0.0, 0.9019441865332491, 0.0, 0.0, 0.0, 0.0, 0.0, 0.0, 0.0, 0.0, 0.0, 0.0, 0.0, 0.0]], "Born radii": [], "Atomic SASAs": [], "Solvent H bonds": [], "Total SASA": NaN, "Total FOD": 0.0,