{"total energy": -14.36618363, "HOMO-LUMO gap/eV": 4.16270511, "electronic energy": -14.46334702, "dipole": [-0.01228129, -0.70966041, -0.15700428], "partial charges": [-0.12264433, 0.03594856, 0.0359373, -0.12266159, 0.08670135, 0.08671871], "atomic dipole moments": [[0.01627378, 0.03180395, 0.0099093], [-0.1565249, 0.20355486, 0.01582624], [0.16325618, 0.18591788, 0.07033878], [-0.01518147, 0.03355363, 0.00454234], [-0.09161108, -0.11655145, -0.04213736], [0.08741106, -0.12638809, -0.01161067]], "atomic quadrupole moments": [[-0.03505611, -0.32974713, 0.22099352, -0.04475257, 0.02813033, -0.18593741], [-0.38366008, -0.2354213, 0.06469085, -0.19034172, -0.11128739, 0.31896923], [-0.36495486, 0.30641837, 0.00508604, -0.06875895, -0.02539371, 0.35986882], [-0.0124773, 0.3248709, 0.1490061, 0.10212821, 0.13188384, -0.13652881], [0.02811064, -0.02314254, 0.03379161, 0.01251158, 0.01799981, -0.06190225], [0.02945916, 0.01589864, 0.02950042, 0.02127301, 0.02418845, -0.05895958]], "number of molecular orbitals": 28, "number of electrons": 24, "number of unpaired electrons": 0, "orbital energies/eV": [-29.01965962, -29.00584643, -18.09304723, -16.16853106, -15.19067436, -14.43416795, -13.75042772, -13.39823369, -12.37420092, -11.75508487, -11.64745422, -11.00610165, -6.84339654, -4.25098532, -3.85565233, 0.02033098, 0.04101218, 0.22014531, 0.22391496, 0.22475366, 0.22588512, 0.39202661, 0.64922963, 2.73726563, 3.74610462, 5.63054256, 8.73019877, 15.1825124], "fractional occupation": [2.0, 2.0, 2.0, 2.0, 2.0, 2.0, 2.0, 2.0, 2.0, 2.0, 2.0, 2.0, 0.0, 0.0, 0.0, 0.0, 0.0, 0.0, 0.0, 0.0, 0.0, 0.0, 0.0, 0.0, 0.0, 0.0, 0.0, 0.0], "program call": "xtb /home/svss/Project-DBcg-Debug/aqme2_20220329/End-to-End-workflows-final/example-3/QDESCP/mol_1102_rdkit_conf_1/mol_1102_rdkit_conf_1.xyz --pop --wbo --acc 0.2 --gfn 2 --chrg 0 --uhf 0 --etemp 300 --input /home/svss/Project-DBcg-Debug/aqme2_20220329/End-to-End-workflows-final/example-3/QDESCP/mol_1102_rdkit_conf_1/mol_1102_rdkit_conf_1_xtb.inp", "method": "GFN2-xTB", "xtb version": "6.3.3 (7355c4f)", "Dipole module/D": 1.848, "Total charge": 0, "Transition dipole module/D": NaN, "HOMO": -11.0061, "LUMO": -6.8434, "HOMO occupancy": 2.0, "LUMO occupancy": 0, "mulliken charges": [-0.09291, 0.0481, 0.04809, -0.09293, 0.04482, 0.04483], "cm5 charges": [-0.09682, -0.00453, -0.00455, -0.09684, 0.10137, 0.10139], "FUKUI+": [-0.237, -0.107, -0.107, -0.237, -0.156, -0.156], "FUKUI-": [-0.351, -0.037, -0.037, -0.351, -0.112, -0.112], "FUKUIrad": [-0.294, -0.072, -0.072, -0.294, -0.134, -0.134], "s proportion": [1.94, 1.054, 1.054, 1.94, 0.955, 0.955], "p proportion": [5.161, 2.898, 2.898, 5.161, 0.0, 0.0], "d proportion": [-0.008, 0.0, 0.0, -0.008, 0.0, 0.0], "Fermi-level/eV": -8.9247, "Coordination numbers": [0.927, 2.83, 2.83, 0.927, 0.926, 0.926], "Dispersion coefficient C6": [102.968, 27.186, 27.186, 102.968, 1.911, 1.911], "Total dispersion C6": 1120.835883, "Total dispersion C8": 38706.267353, "Polarizability alpha": [15.524, 8.544, 8.544, 15.524, 2.162, 2.162], "Total polarizability alpha": 52.459929, "Wiberg matrix": [[0.0, 1.0219182257348673, 0.0, 0.0, 0.0, 0.0], [1.0219182257348673, 0.0, 1.8415363444606903, 0.0, 0.9568586954245863, 0.0], [0.0, 1.8415363444606903, 0.0, 1.0218971732417903, 0.0, 0.9568650089203967], [0.0, 0.0, 1.0218971732417903, 0.0, 0.0, 0.0], [0.0, 0.9568586954245863, 0.0, 0.0, 0.0, 0.0], [0.0, 0.0, 0.9568650089203967, 0.0, 0.0, 0.0]], "Born radii": [], "Atomic SASAs": [], "Solvent H bonds": [], "Total SASA": NaN, "Total FOD": 0.0, "FOD": [0.0, 0.0, 0.0, 0.0, 0.0, 0.0], "FOD s proportion": [0.0, 0.0, 0.0, 0.0, 0.0, 0.0], "FOD p proportion": [0.0, 0.0, 0.0, 0.0, 0.0, 0.0], "FOD d proportion": [0.0, 0.0, 0.0, 0.0, 0.0, 0.0], "coordinates": [["-1.61540", "1.29260", "-0.21570"], ["-0.65810", "-0.12100", "-0.34930"], ["0.65270", "-0.19310", "-0.12580"], ["1.65680", "1.11280", "0.34220"], ["-1.24990", "-0.97800", "-0.64420"], ["1.21380", "-1.11340", "-0.22410"]], "bond_dist": [[0.0, 1.7124652434429142, 2.712870087195478, 3.3242853803486847, 2.33940737367394, 3.713930424765655], [1.7124652434429142, 0.0, 1.331670867744729, 2.7127839390559654, 1.0824242467720318, 2.122390729813905], [2.712870087195478, 1.331670867744729, 0.0, 1.7124881371851897, 2.122426283761111, 1.082334601682862], [3.3242853803486847, 2.7127839390559654, 1.7124881371851897, 0.0, 3.713937868354827, 2.3394253845763067], [2.33940737367394, 1.0824242467720318, 2.122426283761111, 3.713937868354827, 0.0, 2.5029252605701195], [3.713930424765655, 2.122390729813905, 1.082334601682862, 2.3394253845763067, 2.5029252605701195, 0.0]]}