{"total energy": -19.72185823, "HOMO-LUMO gap/eV": 3.68776693, "electronic energy": -19.94002164, "dipole": [-0.13244906, 0.39569065, 0.60894919], "partial charges": [0.03355549, -0.26264652, 0.35260848, -0.40492087, -0.05835317, -0.05868547, 0.06233481, 0.06371361, 0.06233717, 0.06766422, 0.06285777, 0.07953447], "atomic dipole moments": [[0.23394874, 0.06178567, 0.10335023], [-0.02786511, -0.12189929, -0.18974945], [-0.17621432, 0.02135882, 0.02743072], [-0.00226691, 0.09903581, 0.15334922], [-0.13803549, -0.01791997, -0.03234153], [0.04153363, -0.0094627, -0.01333815], [-0.00925539, -0.1303071, 0.0014882], [-0.09752465, 0.04473172, 0.06612147], [-0.00535544, 0.05522016, -0.11828685], [-0.02143675, 0.08320352, 0.12824077], [0.11307028, 0.05121315, 0.08306061], [0.02385363, -0.08442144, -0.12997407]], "atomic quadrupole moments": [[0.36280734, 0.16797268, -0.23645809, 0.28195447, 0.10776171, -0.12634926], [0.0836861, 0.02488366, -0.05768513, 0.04382711, 0.0328961, -0.02600098], [-0.10089771, -0.07304936, 0.21980311, -0.13136186, -0.36830238, -0.1189054], [-0.11795758, 0.00483775, 0.12111193, -0.00323387, -0.13743323, -0.00315435], [-0.23360874, 0.09431707, 0.27657749, 0.12181422, -0.36019877, -0.04296875], [-0.36998094, 0.03251538, 0.41668707, 0.01370593, -0.51411259, -0.04670612], [-0.01415847, -0.00056952, 0.06000645, 0.0187283, 0.00510283, -0.04584797], [0.03046232, -0.03032368, -0.0311936, -0.04413665, 0.03763244, 0.00073128], [-0.01335953, 0.01744642, -0.03275189, 0.0049494, -0.03619652, 0.04611142], [0.03840354, -0.00385232, -0.03721569, -0.00264745, 0.04009012, -0.00118786], [0.04579206, 0.0061388, -0.04121921, 0.01318411, 0.03995112, -0.00457285], [0.0181911, -0.00420121, -0.02796086, -0.00410997, 0.04197902, 0.00976975]], "number of molecular orbitals": 30, "number of electrons": 34, "number of unpaired electrons": 0, "orbital energies/eV": [-20.19502594, -19.36984072, -18.37267179, -17.42837383, -16.59089509, -16.08811918, -15.89824736, -15.35573733, -14.95587448, -14.10012559, -14.02888193, -13.37702822, -13.08378772, -12.64543967, -12.25430857, -11.93229987, -11.36194035, -7.67417342, -4.72761162, 0.4262049, 3.01388105, 3.25174622, 3.51711487, 4.32652363, 4.64176937, 5.30172666, 6.09943976, 10.89907338, 13.07623071, 18.09130165], "fractional occupation": [2.0, 2.0, 2.0, 2.0, 2.0, 2.0, 2.0, 2.0, 2.0, 2.0, 2.0, 2.0, 2.0, 2.0, 2.0, 2.0, 2.0, 0.0, 0.0, 0.0, 0.0, 0.0, 0.0, 0.0, 0.0, 0.0, 0.0, 0.0, 0.0, 0.0], "program call": "xtb /home/svss/Project-DBcg-Debug/aqme2_20220329/End-to-End-workflows-final/example-3/QDESCP/mol_1021_rdkit_conf_1/mol_1021_rdkit_conf_1.xyz --pop --wbo --acc 0.2 --gfn 2 --chrg 0 --uhf 0 --etemp 300 --input /home/svss/Project-DBcg-Debug/aqme2_20220329/End-to-End-workflows-final/example-3/QDESCP/mol_1021_rdkit_conf_1/mol_1021_rdkit_conf_1_xtb.inp", "method": "GFN2-xTB", "xtb version": "6.3.3 (7355c4f)", "Dipole module/D": 1.876, "Total charge": 0, "Transition dipole module/D": NaN, "HOMO": -11.3619, "LUMO": -7.6742, "HOMO occupancy": 2.0, "LUMO occupancy": 0, "mulliken charges": [0.17421, -0.41548, 0.57265, -0.53308, -0.05887, -0.01623, 0.04394, 0.03586, 0.04394, 0.05282, 0.04127, 0.05898], "cm5 charges": [0.0546, -0.5016, 0.6273, -0.58052, -0.11069, -0.11583, 0.10507, 0.09491, 0.10507, 0.11329, 0.09377, 0.11462], "FUKUI+": [0.037, -0.095, -0.084, -0.191, -0.065, -0.098, -0.041, -0.061, -0.041, -0.115, -0.131, -0.114], "FUKUI-": [0.03, -0.117, -0.028, -0.199, -0.045, -0.033, -0.081, -0.097, -0.081, -0.114, -0.133, -0.1], "FUKUIrad": [0.033, -0.106, -0.056, -0.195, -0.055, -0.065, -0.061, -0.079, -0.061, -0.115, -0.132, -0.107], "s proportion": [0.973, 1.698, 0.975, 1.73, 1.074, 1.066, 0.956, 0.964, 0.956, 0.947, 0.959, 0.941], "p proportion": [2.853, 4.717, 2.453, 4.804, 2.985, 2.95, 0.0, 0.0, 0.0, 0.0, 0.0, 0.0], "d proportion": [0.0, 0.0, 0.0, 0.0, 0.0, 0.0, 0.0, 0.0, 0.0, 0.0, 0.0, 0.0], "Fermi-level/eV": -9.5181, "Coordination numbers": [3.659, 1.705, 2.734, 0.856, 2.888, 2.839, 0.924, 0.924, 0.924, 0.925, 0.925, 0.925], "Dispersion coefficient C6": [20.287, 18.353, 21.014, 21.78, 29.448, 29.45, 2.172, 2.156, 2.172, 2.111, 2.166, 1.984], "Total dispersion C6": 1408.15047, "Total dispersion C8": 31453.524585, "Polarizability alpha": [6.464, 5.784, 7.505, 6.257, 8.897, 8.893, 2.305, 2.296, 2.305, 2.272, 2.301, 2.203], "Total polarizability alpha": 57.481932, "Wiberg matrix": [[0.0, 0.961160361689846, 0.0, 0.0, 0.0, 0.0, 0.9774924425762583, 0.9823042387973447, 0.9774901142403761, 0.0, 0.0, 0.0], [0.961160361689846, 0.0, 1.109104133606496, 0.172188852602083, 0.0, 0.0, 0.0, 0.0, 0.0, 0.0, 0.0, 0.0], [0.0, 1.109104133606496, 0.0, 1.7315308037722272, 1.0197673807479375, 0.0, 0.0, 0.0, 0.0, 0.0, 0.0, 0.0], [0.0, 0.172188852602083, 1.7315308037722272, 0.0, 0.0, 0.0, 0.0, 0.0, 0.0, 0.0, 0.0, 0.0], [0.0, 0.0, 1.0197673807479375, 0.0, 0.0, 1.9219905538598534, 0.0, 0.0, 0.0, 0.964560636945885, 0.0, 0.0], [0.0, 0.0, 0.0, 0.0, 1.9219905538598534, 0.0, 0.0, 0.0, 0.0, 0.0, 0.9762690220844963, 0.9708804812057122], [0.9774924425762583, 0.0, 0.0, 0.0, 0.0, 0.0, 0.0, 0.0, 0.0, 0.0, 0.0, 0.0], [0.9823042387973447, 0.0, 0.0, 0.0, 0.0, 0.0, 0.0, 0.0, 0.0, 0.0, 0.0, 0.0], [0.9774901142403761, 0.0, 0.0, 0.0, 0.0, 0.0, 0.0, 0.0, 0.0, 0.0, 0.0, 0.0], [0.0, 0.0, 0.0, 0.0, 0.964560636945885, 0.0, 0.0, 0.0, 0.0, 0.0, 0.0, 0.0], [0.0, 0.0, 0.0, 0.0, 0.0, 0.9762690220844963, 0.0, 0.0, 0.0, 0.0, 0.0, 0.0], [0.0, 0.0, 0.0, 0.0, 0.0, 0.9708804812057122, 0.0, 0.0, 0.0, 0.0, 0.0, 0.0]], "Born radii": [], "Atomic SASAs": [], "Solvent H bonds": [], "Total SASA": NaN, "Total FOD": 0.0, "FOD": [0.0, 0.0, 0.0, 0.0, 0.0, 0.0, 0.0, 0.0, 0.0, 0.0, 0.0, 0.0], "FOD s proportion": [0.0, 0.0, 0.0, 0.0, 0.0, 0.0, 0.0, 0.0, 0.0, 0.0, 0.0, 0.0], "FOD p proportion": [0.0, 0.0, 0.0, 0.0, 0.0, 0.0, 0.0, 0.0, 0.0, 0.0, 0.0, 0.0], "FOD d proportion": [0.0, 0.0, 0.0, 0.0, 0.0, 0.0, 0.0, 0.0, 0.0, 0.0, 0.0, 0.0], "coordinates": [["-2.25400", "-0.08450", "-0.18020"], ["-1.04220", "0.30670", "0.46550"], ["0.07620", "-0.12600", "-0.16810"], ["0.12460", "-0.78750", "-1.19150"], ["1.24690", "0.34610", "0.60140"], ["2.49220", "0.06100", "0.20050"], ["-2.33720", "-1.17550", "-0.21170"], ["-3.09110", "0.30940", "0.40270"], ["-2.30530", "0.33800", "-1.18870"], ["1.05770", "0.92720", "1.49560"], ["3.35100", "0.40740", "0.76530"], ["2.68110", "-0.52240", "-0.69700"]],