{"total energy": -48.3097234, "HOMO-LUMO gap/eV": 3.95171776, "electronic energy": -48.52269351, "dipole": [-1.45865414, -0.30760856, 1.03574307], "partial charges": [0.03583976, -0.30509814, 0.73453577, -0.48692777, -0.279688, 0.03167338, -0.29451108, 0.19737859, -0.0980068, 0.18655145, -0.07539075, -0.07676066, -0.06044951, 0.05578062, 0.069534, 0.07848148, 0.07961166, 0.06632893, 0.06379158, 0.07732549], "atomic dipole moments": [[0.20232557, -0.22924429, -0.01633661], [-0.09998229, 0.07261438, -0.16275984], [-0.00925398, -0.22647817, 0.27443038], [-0.02598855, -0.08278812, 0.09090015], [0.08066678, -0.04779977, 0.17395293], [0.09272725, 0.23465939, -0.18947266], [0.03995619, 0.17902846, -0.00471022], [-0.1628073, -0.16567295, -0.0142923], [-0.31992016, 0.04730687, -0.95802054], [0.0675343, -0.03359553, 0.00207267], [0.00056308, -0.01961696, -0.04689623], [0.03274978, -0.02328054, -0.04338576], [-0.03207156, -0.01028256, 0.77519757], [-0.09867947, -0.05149464, -0.0560549], [0.05550977, 0.09321409, -0.06502684], [-0.02778845, 0.03680308, 0.11640107], [-0.10706839, -0.05630619, -0.03529455], [0.09685254, -0.08070793, -0.00557089], [-0.01523217, 0.05676517, 0.1093884], [-0.0171819, 0.13314205, -0.00683859]], "atomic quadrupole moments": [[0.10890895, -0.4491135, 0.16909128, -0.01121567, 0.02154627, -0.27800023], [-0.01834299, -0.11725132, 0.01677922, -0.00357375, 0.03645667, 0.00156377], [0.87875501, -0.49117515, -0.12542466, 0.27053053, 0.6938879, -0.75333035], [-0.03258528, 0.01499511, 0.00551344, -0.01706904, -0.05998215, 0.02707183], [-0.03727958, 0.08405123, 0.03005614, 0.01088898, -0.0749441, 0.00722344], [-0.22705645, 0.19093152, 0.18233131, -0.13741982, -0.40514743, 0.04472514], [0.08425406, 0.02021156, -0.02184865, 0.0546906, -0.00895294, -0.06240541], [0.22815433, 0.13867758, -0.33006381, 0.12820438, 0.03445077, 0.10190948], [-0.42012689, -0.02305822, -0.55479124, 0.3367196, -0.11110785, 0.97491813], [-0.01764912, 0.08095403, 0.05790764, 0.090881, -0.04268999, -0.04025853], [-0.29965555, -0.04821861, 0.54372157, 0.02578199, -0.16842174, -0.24406602], [0.39688306, 0.33787506, -0.14277412, 0.14351378, 0.05139615, -0.25410893], [-0.44849145, -0.05265536, -0.50647184, 0.25158331, -0.15749434, 0.95496329], [0.04047747, 0.00285645, -0.00395049, 0.03492443, 0.0279317, -0.03652698], [-0.0064775, 0.00136101, 0.03527109, -0.03082672, -0.03685044, -0.02879359], [-0.03877322, -0.02090185, -0.03312612, -0.01223683, 0.02056993, 0.07189934], [0.0399786, 0.04196689, -0.02236563, 0.04174094, 5.278e-05, -0.01761297], [0.02088931, -0.03433288, 0.01877578, -0.01861497, -0.02664403, -0.03966509], [-0.05394006, 0.0128551, 0.00715532, -0.02106688, 0.02005379, 0.04678473], [0.01007662, 0.01641985, -0.03274822, 0.01741845, -0.0113773, 0.0226716]], "number of molecular orbitals": 84, "number of electrons": 80, "number of unpaired electrons": 0, "orbital energies/eV": [-30.01861604, -29.90499027, -23.71963969, -23.6926226, -21.4990344, -20.80131736, -20.37196427, -19.74180957, -19.20250785, -18.49620086, -18.33442053, -18.09112094, -17.68846159, -17.12007516, -16.74457619, -16.58260355, -16.29131345, -16.04153503, -15.91936631, -15.67026944, -15.59587079, -15.40161069, -15.29104627, -14.79944872, -14.4369455, -14.00168901, -13.70362184, -13.42431513, -13.02451835, -12.98037953, -12.95373646, -12.84948943, -12.69650337, -12.67213092, -12.65567811, -12.47440986, -12.29255763, -12.22782711, -12.1794175, -12.12703502, -8.17531726, -7.41151385, -6.28178444, -5.77349834, -3.20349371, -2.88559476, -2.17248499, -1.92737764, -0.99057031, -0.96321832, -0.93339101, -0.90984071, -0.87696248, -0.84839988, -0.84262457, -0.76596141, -0.35678581, -0.27750478, 0.0180924, 0.11440323, 0.22533244, 0.29235821, 0.33940935, 0.55952184, 1.3152522, 1.68207221, 2.0014194, 2.64320287, 2.7552887, 3.01442555, 3.24588837, 3.52043692, 4.09666032, 4.44993717, 4.65370433, 4.73762926, 5.20658012, 7.80005467, 9.26633066, 10.37902406, 11.68061591, 25.24542272, 28.94461383, 32.6964665], "fractional occupation": [2.0, 2.0, 2.0, 2.0, 2.0, 2.0, 2.0, 2.0, 2.0, 2.0, 2.0, 2.0, 2.0, 2.0, 2.0, 2.0, 2.0, 2.0, 2.0, 2.0, 2.0, 2.0, 2.0, 2.0, 2.0, 2.0, 2.0, 2.0, 2.0, 2.0, 2.0, 2.0, 2.0, 2.0, 2.0, 2.0, 2.0, 2.0, 2.0, 2.0, 0.0, 0.0, 0.0, 0.0, 0.0, 0.0, 0.0, 0.0, 0.0, 0.0, 0.0, 0.0, 0.0, 0.0, 0.0, 0.0, 0.0, 0.0, 0.0, 0.0, 0.0, 0.0, 0.0, 0.0, 0.0, 0.0, 0.0, 0.0, 0.0, 0.0, 0.0, 0.0, 0.0, 0.0, 0.0, 0.0, 0.0, 0.0, 0.0, 0.0, 0.0, 0.0, 0.0, 0.0], "program call": "xtb /home/svss/Project-DBcg-Debug/aqme2_20220329/End-to-End-workflows-final/example-3/QDESCP/mol_870_rdkit_conf_7/mol_870_rdkit_conf_7.xyz --pop --wbo --acc 0.2 --gfn 2 --chrg 0 --uhf 0 --etemp 300 --input /home/svss/Project-DBcg-Debug/aqme2_20220329/End-to-End-workflows-final/example-3/QDESCP/mol_870_rdkit_conf_7/mol_870_rdkit_conf_7_xtb.inp", "method": "GFN2-xTB", "xtb version": "6.3.3 (7355c4f)", "Dipole module/D": 4.614, "Total charge": 0, "Transition dipole module/D": NaN, "HOMO": -12.127, "LUMO": -8.1753, "HOMO occupancy": 2.0, "LUMO occupancy": 0, "mulliken charges": [0.18012, -0.35088, 0.52961, -0.40095, -0.32125, 0.17913, -0.33292, 0.26656, -0.06379, 0.22251, -0.08908, -0.09613, -0.04082, 0.04066, 0.04807, 0.03636, 0.03958, 0.04709, 0.04059, 0.06555], "cm5 charges": [0.06548, -0.4178, 0.52473, -0.41631, -0.38515, 0.0645, -0.38432, 0.23407, -0.04691, 0.20824, -0.09016, -0.09892, -0.0225, 0.10396, 0.11062, 0.09586, 0.09913, 0.11048, 0.10492, 0.14008], "FUKUI+": [0.013, 0.003, -0.034, 0.0, -0.016, 0.015, -0.015, -0.0, -0.237, -0.025, -0.133, -0.133, -0.282, -0.016, -0.01, -0.018, -0.025, -0.001, -0.012, -0.073], "FUKUI-": [0.02, -0.03, -0.081, -0.061, -0.032, 0.02, -0.01, 0.026, -0.167, 0.021, -0.121, -0.122, -0.172, -0.038, -0.039, -0.057, -0.05, -0.026, -0.041, -0.039], "FUKUIrad": [0.017, -0.013, -0.057, -0.03, -0.024, 0.018, -0.013, 0.013, -0.202, -0.002, -0.127, -0.128, -0.227, -0.027, -0.025, -0.038, -0.038, -0.014, -0.026, -0.056], "s proportion": [0.974, 1.638, 1.303, 1.672, 1.634, 0.974, 1.644, 1.066, 1.957, 1.162, 1.955, 1.956, 1.958, 0.959, 0.952, 0.964, 0.96, 0.953, 0.959, 0.934], "p proportion": [2.846, 4.712, 1.854, 4.729, 4.687, 2.847, 4.689, 2.668, 5.116, 2.616, 5.143, 5.149, 5.079, 0.0, 0.0, 0.0, 0.0, 0.0, 0.0, 0.0], "d proportion": [0.0, 0.0, 1.314, 0.0, 0.0, 0.0, 0.0, 0.0, -0.008, 0.0, -0.01, -0.009, 0.004, 0.0, 0.0, 0.0, 0.0, 0.0, 0.0, 0.0], "Fermi-level/eV": -10.1512, "Coordination numbers": [3.924, 1.657, 4.102, 0.808, 1.657, 3.886, 1.695, 4.051, 1.011, 3.699, 1.269, 1.286, 1.457, 0.924, 0.924, 0.924, 0.924, 0.924, 0.924, 0.926], "Dispersion coefficient C6": [19.911, 19.098, 131.532, 23.523, 18.658, 19.992, 18.9, 17.417, 187.704, 17.778, 101.532, 101.574, 186.698, 2.249, 2.091, 1.995, 1.983, 2.126, 2.155, 2.007], "Total dispersion C6": 10792.245753, "Total dispersion C8": 408832.85018, "Polarizability alpha": [6.342, 5.899, 20.602, 6.501, 5.831, 6.357, 5.869, 5.928, 22.09, 6.03, 15.416, 15.419, 22.031, 2.345, 2.261, 2.209, 2.202, 2.28, 2.296, 2.215], "Total polarizability alpha": 160.124853,