{"total energy": -19.99350455, "HOMO-LUMO gap/eV": 13.12898606, "electronic energy": -20.28700147, "dipole": [0.00320868, 0.00274718, 0.00506486], "partial charges": [-0.09850176, -0.05046385, -0.06092956, -0.00885775, -0.10350047, -0.10183499, 0.03285771, 0.03194599, 0.02832916, 0.02587596, 0.03025908, 0.0281637, 0.02853956, 0.03068337, 0.02923503, 0.03204681, 0.03148654, 0.03191435, 0.03286406, 0.02988706], "atomic dipole moments": [[-0.05614456, -0.07276707, 0.03794339], [-0.01864107, 0.04872882, -0.09830651], [0.01336152, 0.10165299, 0.03958809], [-0.04854556, -0.07283585, 0.04401788], [0.06967081, 0.03328473, 0.0588149], [0.04004812, -0.03591817, -0.08254083], [-0.05944674, 0.11096879, -0.00447629], [0.04257377, -0.02824115, -0.11549211], [0.09942059, 0.01641973, 0.07280001], [0.06915798, -0.09715513, 0.01765764], [-0.03669084, 0.02984146, 0.11473171], [-0.05478646, -0.09672402, 0.05144701], [0.04442175, -0.04866768, -0.10331439], [0.05559527, 0.09229749, -0.06193884], [0.04861468, -0.04376327, -0.10683773], [-0.06885051, -0.09350797, 0.05066883], [-0.08031957, 0.09078513, -0.03273929], [-0.05827383, -0.08737466, 0.07131135], [0.08314096, 0.05898137, 0.07316944], [-0.08632796, 0.08710252, -0.02698565]], "atomic quadrupole moments": [[0.00282677, 0.14306537, 0.05860378, -0.06184586, -0.10021295, -0.06143055], [0.065044, 0.18942257, -0.00796485, 0.07058388, -0.04379992, -0.05707916], [0.08295314, -0.06840709, -0.00894846, 0.18463135, 0.00901207, -0.07400468], [0.0252406, -0.09698267, -0.05528427, 0.06963294, 0.12268409, 0.03004367], [0.06023034, 0.0701604, -0.0704414, 0.14279996, 0.08176815, 0.01021105], [-0.04288639, -0.05589758, -0.0786352, -0.09935975, 0.09782393, 0.12152159], [0.00836594, -0.05476921, 0.03866489, -0.00619377, -0.00974296, -0.04703083], [-0.03952496, -0.00183859, -0.02053531, -0.0334863, 0.0347192, 0.06006027], [0.03122073, 0.01671074, -0.03579092, 0.06245466, -0.00469006, 0.00457019], [0.01105214, -0.03175741, 0.03533631, 0.00692198, 0.00066601, -0.04638845], [-0.00721934, -0.00127998, -0.01547302, -0.03574497, 0.03454722, 0.02269236], [0.01033941, 0.0340606, 0.00024649, -0.01484009, -0.04152806, -0.0105859], [-0.00486991, -0.02156894, -0.04104573, -0.0226871, 0.0153513, 0.04591564], [-0.00014158, 0.02197166, 0.00796675, -0.01274354, -0.01048818, -0.00782517], [-0.00341815, -0.01580578, -0.03548498, -0.04487928, 0.0403639, 0.03890314], [-0.01564722, 0.04577293, 0.01865, -0.02186614, -0.04781235, -0.00300278], [0.00211245, -0.05386096, 0.03964265, 0.02258793, -0.01151415, -0.0417551], [-0.02700503, 0.03912289, 0.03973805, -0.03020757, -0.03966282, -0.01273302], [0.03665829, 0.03683399, -0.03188567, 0.04218277, 0.03103871, -0.00477262], [0.00879504, -0.0616198, 0.00691368, 0.02654335, -0.02457207, -0.01570872]], "number of molecular orbitals": 38, "number of electrons": 38, "number of unpaired electrons": 0, "orbital energies/eV": [-16.91240894, -16.54147559, -15.88926863, -15.82218175, -15.21869677, -14.66920547, -13.94613652, -13.74317781, -13.34686798, -13.20735019, -12.91041703, -12.55124754, -12.41000679, -12.08396036, -11.95800276, -11.87953511, -11.43228193, -11.36656865, -11.21845948, 1.91052659, 2.46061973, 2.80842116, 3.19030277, 3.57012025, 3.65700354, 4.00866445, 4.57815671, 4.85926467, 5.25443953, 5.54046134, 5.96004992, 6.07746866, 6.43081829, 7.03305238, 7.26026154, 7.58622991, 7.92168424, 8.23434805], "fractional occupation": [2.0, 2.0, 2.0, 2.0, 2.0, 2.0, 2.0, 2.0, 2.0, 2.0, 2.0, 2.0, 2.0, 2.0, 2.0, 2.0, 2.0, 2.0, 2.0, 0.0, 0.0, 0.0, 0.0, 0.0, 0.0, 0.0, 0.0, 0.0, 0.0, 0.0, 0.0, 0.0, 0.0, 0.0, 0.0, 0.0, 0.0, 0.0], "program call": "xtb /home/svss/Project-DBcg-Debug/aqme2_20220329/End-to-End-workflows-final/example-3/QDESCP/mol_479_rdkit_conf_3/mol_479_rdkit_conf_3.xyz --pop --wbo --acc 0.2 --gfn 2 --chrg 0 --uhf 0 --etemp 300 --input /home/svss/Project-DBcg-Debug/aqme2_20220329/End-to-End-workflows-final/example-3/QDESCP/mol_479_rdkit_conf_3/mol_479_rdkit_conf_3_xtb.inp", "method": "GFN2-xTB", "xtb version": "6.3.3 (7355c4f)", "Dipole module/D": 0.017, "Total charge": 0, "Transition dipole module/D": NaN, "HOMO": -11.2185, "LUMO": 1.9105, "HOMO occupancy": 2.0, "LUMO occupancy": 0, "mulliken charges": [-0.08506, -0.03853, -0.05479, -3e-05, -0.09047, -0.09154, 0.02681, 0.02673, 0.02757, 0.0229, 0.02229, 0.02376, 0.02385, 0.01957, 0.02767, 0.02686, 0.02824, 0.02704, 0.02885, 0.02831], "cm5 charges": [-0.23559, -0.1511, -0.16315, -0.07458, -0.23902, -0.24002, 0.07873, 0.07819, 0.07835, 0.07711, 0.07738, 0.07909, 0.07926, 0.07835, 0.07905, 0.07868, 0.07959, 0.07897, 0.08095, 0.07976], "FUKUI+": [0.028, -0.014, -0.04, -0.046, 0.007, 0.032, -0.034, -0.048, -0.068, -0.095, -0.065, -0.075, -0.071, -0.083, -0.067, -0.068, -0.112, -0.057, -0.059, -0.067], "FUKUI-": [0.022, 0.01, 0.003, -0.018, 0.026, 0.026, -0.086, -0.064, -0.067, -0.125, -0.079, -0.068, -0.067, -0.102, -0.054, -0.082, -0.084, -0.077, -0.044, -0.072], "FUKUIrad": [0.025, -0.002, -0.018, -0.032, 0.016, 0.029, -0.06, -0.056, -0.067, -0.11, -0.072, -0.071, -0.069, -0.092, -0.06, -0.075, -0.098, -0.067, -0.052, -0.069], "s proportion": [1.007, 1.026, 1.036, 1.051, 1.013, 1.012, 0.973, 0.973, 0.972, 0.977, 0.978, 0.976, 0.976, 0.98, 0.972, 0.973, 0.972, 0.973, 0.971, 0.972], "p proportion": [3.078, 3.012, 3.019, 2.949, 3.077, 3.08, 0.0, 0.0, 0.0, 0.0, 0.0, 0.0, 0.0, 0.0, 0.0, 0.0, 0.0, 0.0, 0.0, 0.0], "d proportion": [0.0, 0.0, 0.0, 0.0, 0.0, 0.0, 0.0, 0.0, 0.0, 0.0, 0.0, 0.0, 0.0, 0.0, 0.0, 0.0, 0.0, 0.0, 0.0, 0.0], "Fermi-level/eV": -4.654, "Coordination numbers": [3.749, 3.798, 3.802, 3.847, 3.753, 3.752, 0.924, 0.924, 0.924, 0.924, 0.924, 0.923, 0.924, 0.924, 0.924, 0.924, 0.924, 0.924, 0.924, 0.924], "Dispersion coefficient C6": [22.446, 21.482, 21.671, 20.702, 22.536, 22.506, 2.546, 2.559, 2.61, 2.646, 2.583, 2.613, 2.607, 2.577, 2.597, 2.558, 2.566, 2.56, 2.546, 2.588], "Total dispersion C6": 2549.071864, "Total dispersion C8": 52371.893514, "Polarizability alpha": [6.757, 6.599, 6.628, 6.472, 6.769, 6.765, 2.495, 2.502, 2.527, 2.544, 2.513, 2.528, 2.525, 2.51, 2.52, 2.501, 2.505, 2.502, 2.495, 2.516], "Total polarizability alpha": 75.17466,