{"total energy": -24.0526991, "HOMO-LUMO gap/eV": 11.80946832, "electronic energy": -24.34722733, "dipole": [-0.17219326, -0.74052657, -0.17241327], "partial charges": [-0.09944989, -0.05825329, 0.01385612, -0.10998008, -0.10401779, 0.07428297, -0.44538651, 0.03271389, 0.03131021, 0.03276251, 0.0436005, 0.03291002, 0.04263308, 0.03406841, 0.03090038, 0.03337241, 0.0280905, 0.03970463, 0.04342773, 0.0158555, 0.28759871], "atomic dipole moments": [[-0.07082432, 0.06108439, 0.04107282], [-0.01930004, -0.1189926, -0.00784141], [-0.01505006, 0.0090938, 0.00946932], [-0.02483551, 0.07493276, -0.06636589], [0.04322282, 0.04394841, 0.07820896], [-0.00420461, 0.0951493, -0.1737201], [-0.02390585, -0.2310155, 0.05166183], [-0.03846462, -0.05702724, -0.10563816], [0.09843694, 0.06905977, -0.03338323], [0.04508108, -0.08576532, 0.08061904], [-0.02022224, 0.09189164, -0.08363189], [0.05448895, 0.06144076, 0.09338835], [0.06745443, -0.09801805, -0.04499841], [0.06410637, 0.04458431, 0.1004714], [-0.10380982, -0.05420029, 0.04725045], [-0.01740528, 0.07834029, -0.0975666], [-0.11335785, -0.04660078, 0.02822729], [0.06313371, -0.10064112, -0.04869421], [0.04971149, 0.05176808, 0.10499703], [-0.10666092, -0.03906366, 0.03475366], [-0.0486252, -0.03648655, -0.04916908]], "atomic quadrupole moments": [[0.04501241, -0.12726881, 0.02357533, -0.09654684, 0.08006049, -0.06858774], [0.1434028, -0.01872455, -0.00744875, -0.15279584, 0.05086959, -0.13595405], [-0.0260977, -0.01977538, 0.0264631, 0.0099621, 0.00094075, -0.0003654], [-0.08202745, -0.04733289, 0.04189689, 0.04407219, -0.14855074, 0.04013056], [-0.02904853, 0.05884721, -0.05504292, 0.10638319, 0.0921395, 0.08409145], [-0.19568409, -0.21186271, 0.16745592, 0.03405801, -0.26537991, 0.02822818], [-0.090746, -0.0270704, 0.0781974, 0.05141035, -0.10771975, 0.0125486], [-0.00774709, 0.01508369, -0.02037693, 0.04605316, 0.04720525, 0.02812402], [0.02833345, 0.05169614, 0.01612204, -0.02927482, -0.01269591, -0.04445549], [-0.03930379, -0.02605036, 0.01216415, 0.00974562, -0.05589166, 0.02713964], [-0.00525821, -0.02751874, -0.00818229, 0.01044967, -0.04180556, 0.01344049], [-0.00127287, 0.00761744, -0.03536617, 0.01974272, 0.034418, 0.03663904], [-0.00894141, -0.04935259, 0.00979716, -0.03801784, 0.03522982, -0.00085575], [-0.01748743, 0.03163981, -0.00498167, 0.04931668, 0.0368116, 0.0224691], [0.06311523, 0.03186382, -0.02737456, -0.02856541, -0.02096887, -0.03574067], [-0.04645881, -0.00013853, 0.03175005, 0.01374856, -0.05896532, 0.01470876], [0.05326231, 0.03892671, -0.03731294, -0.0409613, -0.00688447, -0.01594937], [0.01101432, -0.05835498, 0.01700771, -0.01233024, 0.02824972, -0.02802203], [-0.00558226, 0.01069153, -0.00196779, 0.04234078, 0.02310406, 0.00755005], [0.02296063, 0.02657104, 0.0092704, -0.00189802, -0.03119335, -0.03223103], [-0.01447578, 0.05164569, -0.02692254, 0.0981101, 0.03106447, 0.04139832]], "number of molecular orbitals": 42, "number of electrons": 44, "number of unpaired electrons": 0, "orbital energies/eV": [-18.47804891, -17.24309145, -16.54302662, -16.33645748, -16.05908102, -15.58564594, -15.23082409, -14.63672471, -14.13808097, -14.06626387, -13.70474604, -13.53449242, -12.86179062, -12.75851107, -12.65254498, -12.51288148, -12.2635827, -12.08420636, -11.8967235, -11.46559341, -11.44538689, -10.90962395, 0.89984437, 1.51448067, 1.86415765, 2.17173465, 2.54453654, 3.54698326, 3.88820383, 4.31465552, 4.54888283, 5.05394657, 5.15688809, 5.72624742, 5.84768446, 5.962388, 6.44891952, 6.7111371, 6.90038829, 7.0923827, 7.53398596, 7.93067292], "fractional occupation": [2.0, 2.0, 2.0, 2.0, 2.0, 2.0, 2.0, 2.0, 2.0, 2.0, 2.0, 2.0, 2.0, 2.0, 2.0, 2.0, 2.0, 2.0, 2.0, 2.0, 2.0, 2.0, 0.0, 0.0, 0.0, 0.0, 0.0, 0.0, 0.0, 0.0, 0.0, 0.0, 0.0, 0.0, 0.0, 0.0, 0.0, 0.0, 0.0, 0.0, 0.0, 0.0], "program call": "xtb /home/svss/Project-DBcg-Debug/aqme2_20220329/End-to-End-workflows-final/example-3/QDESCP/mol_328_rdkit_conf_8/mol_328_rdkit_conf_8.xyz --pop --wbo --acc 0.2 --gfn 2 --chrg 0 --uhf 0 --etemp 300 --input /home/svss/Project-DBcg-Debug/aqme2_20220329/End-to-End-workflows-final/example-3/QDESCP/mol_328_rdkit_conf_8/mol_328_rdkit_conf_8_xtb.inp", "method": "GFN2-xTB", "xtb version": "6.3.3 (7355c4f)", "Dipole module/D": 1.982, "Total charge": 0, "Transition dipole module/D": NaN, "HOMO": -10.9096, "LUMO": 0.8998, "HOMO occupancy": 2.0, "LUMO occupancy": 0, "mulliken charges": [-0.08494, -0.04672, 0.00744, -0.10018, -0.0973, 0.18492, -0.56348, 0.02599, 0.02986, 0.02531, 0.03537, 0.02614, 0.03449, 0.031, 0.02797, 0.03028, 0.02497, 0.03357, 0.03068, 0.01083, 0.3338], "cm5 charges": [-0.2357, -0.15387, -0.02452, -0.24647, -0.24341, 0.1017, -0.77953, 0.07796, 0.08062, 0.07727, 0.09367, 0.08217, 0.08698, 0.08314, 0.08002, 0.08424, 0.07751, 0.08608, 0.0943, 0.07398, 0.50386], "FUKUI+": [0.014, -0.023, -0.044, 0.012, 0.031, -0.009, -0.112, -0.042, -0.073, -0.042, -0.05, -0.053, -0.061, -0.052, -0.055, -0.038, -0.054, -0.059, -0.083, -0.108, -0.097], "FUKUI-": [0.017, -0.001, -0.032, 0.028, 0.026, 0.01, -0.133, -0.067, -0.084, -0.074, -0.072, -0.076, -0.06, -0.043, -0.062, -0.036, -0.057, -0.062, -0.067, -0.101, -0.056], "FUKUIrad": [0.015, -0.012, -0.038, 0.02, 0.029, 0.0, -0.122, -0.054, -0.078, -0.058, -0.061, -0.064, -0.06, -0.047, -0.059, -0.037, -0.056, -0.06, -0.075, -0.105, -0.076], "s proportion": [1.007, 1.034, 1.094, 1.017, 1.017, 1.001, 1.696, 0.974, 0.97, 0.975, 0.965, 0.974, 0.966, 0.969, 0.972, 0.97, 0.975, 0.966, 0.969, 0.989, 0.666], "p proportion": [3.078, 3.013, 2.898, 3.083, 3.081, 2.814, 4.868, 0.0, 0.0, 0.0, 0.0, 0.0, 0.0, 0.0, 0.0, 0.0, 0.0, 0.0, 0.0, 0.0, 0.0], "d proportion": [0.0, 0.0, 0.0, 0.0, 0.0, 0.0, 0.0, 0.0, 0.0, 0.0, 0.0, 0.0, 0.0, 0.0, 0.0, 0.0, 0.0, 0.0, 0.0, 0.0, 0.0], "Fermi-level/eV": -5.0049, "Coordination numbers": [3.748, 3.801, 3.893, 3.755, 3.753, 3.678, 1.653, 0.924, 0.924, 0.924, 0.924, 0.924, 0.924, 0.924, 0.924, 0.924, 0.924, 0.924, 0.924, 0.924, 0.804], "Dispersion coefficient C6": [22.466, 21.622, 20.29, 22.659, 22.546, 19.549, 21.751, 2.548, 2.568, 2.548, 2.402, 2.546, 2.414, 2.53, 2.574, 2.539, 2.614, 2.453, 2.404, 2.797, 0.76], "Total dispersion C6": 2909.158819, "Total dispersion C8": 60075.162791, "Polarizability alpha": [6.761, 6.621, 6.403, 6.787, 6.771, 6.334, 6.296, 2.496, 2.506, 2.496, 2.424, 2.495, 2.43, 2.487, 2.509, 2.492, 2.528, 2.449, 2.425, 2.616, 1.369], "Total polarizability alpha": 79.694064,