{"total energy": -16.87623655, "HOMO-LUMO gap/eV": 4.47381932, "electronic energy": -17.1642385, "dipole": [-0.0, -0.0, -0.0], "partial charges": [-0.04981046, -0.04103584, -0.04103632, -0.04981046, -0.04103584, -0.04103632, 0.04322093, 0.04323852, 0.02271509, 0.02270808, 0.04323852, 0.04322093, 0.02271509, 0.02270808], "atomic dipole moments": [[0.06360208, 0.00675052, 0.00557979], [-0.13880219, 0.05777016, -0.01553803], [0.12424733, 0.08574827, 0.00744007], [-0.06360208, -0.00675052, -0.00557979], [0.13880219, -0.05777016, 0.01553803], [-0.12424733, -0.08574827, -0.00744007], [-0.06263491, -0.01252156, -0.10942314], [-0.08166, -0.00281488, 0.09682362], [-0.05240729, -0.13959994, 0.00173496], [0.07929925, -0.12561353, 0.01320982], [0.08166, 0.00281488, -0.09682362], [0.06263491, 0.01252156, 0.10942314], [0.05240729, 0.13959994, -0.00173496], [-0.07929925, 0.12561353, -0.01320982]], "atomic quadrupole moments": [[0.04067152, -0.01074243, 0.15720993, 0.02278905, -0.01783101, -0.19788145], [-0.33237594, -0.14958199, -0.17158526, -0.0707682, 0.01826949, 0.50396119], [-0.38298324, 0.09733978, -0.11852871, -0.08705622, 0.03857002, 0.50151195], [0.04067152, -0.01074243, 0.15720993, 0.02278905, -0.01783101, -0.19788145], [-0.33237594, -0.14958199, -0.17158526, -0.0707682, 0.01826949, 0.50396119], [-0.38298324, 0.09733978, -0.11852871, -0.08705622, 0.03857002, 0.50151195], [-0.01859635, 0.00263911, -0.01642878, 0.04955159, 0.0079615, 0.03502513], [0.00102495, -0.00130617, -0.01750118, -0.05606445, -0.00379911, 0.01647623], [0.04515039, 0.00551433, 0.02233722, 0.01023138, -0.00375797, -0.06748761], [0.0461906, 0.00051981, 0.02123483, 0.01055938, -0.00417312, -0.06742543], [0.00102495, -0.00130617, -0.01750118, -0.05606445, -0.00379911, 0.01647623], [-0.01859635, 0.00263911, -0.01642878, 0.04955159, 0.0079615, 0.03502513], [0.04515039, 0.00551433, 0.02233722, 0.01023138, -0.00375797, -0.06748761], [0.0461906, 0.00051981, 0.02123483, 0.01055938, -0.00417312, -0.06742543]], "number of molecular orbitals": 32, "number of electrons": 32, "number of unpaired electrons": 0, "orbital energies/eV": [-17.09140942, -16.4919211, -16.42382882, -15.6293931, -15.12143691, -14.19623452, -13.60037633, -13.59907442, -13.11349535, -13.09125625, -12.84130365, -12.47408643, -11.52309788, -11.15989618, -10.91912591, -10.01595953, -5.54214022, -5.12639493, 2.43087502, 2.9720288, 3.02903324, 3.51606642, 3.51777169, 4.51091782, 5.9843628, 6.27435983, 6.42392607, 7.00316515, 9.6819639, 11.4148512, 15.50053205, 16.41136224], "fractional occupation": [2.0, 2.0, 2.0, 2.0, 2.0, 2.0, 2.0, 2.0, 2.0, 2.0, 2.0, 2.0, 2.0, 2.0, 2.0, 2.0, 0.0, 0.0, 0.0, 0.0, 0.0, 0.0, 0.0, 0.0, 0.0, 0.0, 0.0, 0.0, 0.0, 0.0, 0.0, 0.0], "program call": "xtb /home/svss/Project-DBcg-Debug/aqme2_20220329/End-to-End-workflows-final/example-3/QDESCP/mol_956_rdkit_conf_1/mol_956_rdkit_conf_1.xyz --pop --wbo --acc 0.2 --gfn 2 --chrg 0 --uhf 0 --etemp 300 --input /home/svss/Project-DBcg-Debug/aqme2_20220329/End-to-End-workflows-final/example-3/QDESCP/mol_956_rdkit_conf_1/mol_956_rdkit_conf_1_xtb.inp", "method": "GFN2-xTB", "xtb version": "6.3.3 (7355c4f)", "Dipole module/D": 0.0, "Total charge": 0, "Transition dipole module/D": NaN, "HOMO": -10.016, "LUMO": -5.5421, "HOMO occupancy": 2.0, "LUMO occupancy": 0, "mulliken charges": [-0.03518, -0.04479, -0.0448, -0.03518, -0.04479, -0.0448, 0.03557, 0.03558, 0.02682, 0.02681, 0.03558, 0.03557, 0.02682, 0.02681], "cm5 charges": [-0.13561, -0.10489, -0.10489, -0.13561, -0.10489, -0.10489, 0.09056, 0.09058, 0.08213, 0.08212, 0.09058, 0.09056, 0.08213, 0.08212], "FUKUI+": [0.022, -0.08, -0.08, 0.022, -0.08, -0.08, -0.078, -0.078, -0.103, -0.103, -0.078, -0.078, -0.103, -0.103], "FUKUI-": [0.017, -0.051, -0.051, 0.017, -0.051, -0.051, -0.123, -0.123, -0.084, -0.084, -0.123, -0.123, -0.084, -0.084], "FUKUIrad": [0.019, -0.066, -0.066, 0.019, -0.066, -0.066, -0.1, -0.1, -0.093, -0.093, -0.1, -0.1, -0.093, -0.093], "s proportion": [1.019, 1.065, 1.065, 1.019, 1.065, 1.065, 0.964, 0.964, 0.973, 0.973, 0.964, 0.964, 0.973, 0.973], "p proportion": [3.016, 2.98, 2.98, 3.016, 2.98, 2.98, 0.0, 0.0, 0.0, 0.0, 0.0, 0.0, 0.0, 0.0], "d proportion": [0.0, 0.0, 0.0, 0.0, 0.0, 0.0, 0.0, 0.0, 0.0, 0.0, 0.0, 0.0, 0.0, 0.0], "Fermi-level/eV": -7.779, "Coordination numbers": [3.808, 2.889, 2.889, 3.808, 2.889, 2.889, 0.924, 0.924, 0.925, 0.925, 0.924, 0.924, 0.925, 0.925], "Dispersion coefficient C6": [21.461, 29.018, 29.018, 21.461, 29.018, 29.018, 2.407, 2.406, 2.692, 2.693, 2.406, 2.407, 2.692, 2.693], "Total dispersion C6": 1894.914213, "Total dispersion C8": 44038.036202, "Polarizability alpha": [6.594, 8.832, 8.832, 6.594, 8.832, 8.832, 2.426, 2.426, 2.566, 2.566, 2.426, 2.426, 2.566, 2.566], "Total polarizability alpha": 68.483239, "Wiberg matrix": [[0.0, 1.0234759301532337, 0.0, 0.0, 0.0, 1.0234671145816059, 0.9491360718042754, 0.9491445277879336, 0.0, 0.0, 0.0, 0.0, 0.0, 0.0], [1.0234759301532337, 0.0, 1.9303537078046984, 0.0, 0.0, 0.0, 0.0, 0.0, 0.968918027077889, 0.0, 0.0, 0.0, 0.0, 0.0], [0.0, 1.9303537078046984, 0.0, 1.023467114581605, 0.0, 0.0, 0.0, 0.0, 0.0, 0.9689175817551593, 0.0, 0.0, 0.0, 0.0], [0.0, 0.0, 1.023467114581605, 0.0, 1.0234759301532328, 0.0, 0.0, 0.0, 0.0, 0.0, 0.9491445277879342, 0.9491360718042767, 0.0, 0.0], [0.0, 0.0, 0.0, 1.0234759301532328, 0.0, 1.930353707804695, 0.0, 0.0, 0.0, 0.0, 0.0, 0.0, 0.9689180270778887, 0.0], [1.0234671145816059, 0.0, 0.0, 0.0, 1.930353707804695, 0.0, 0.0, 0.0, 0.0, 0.0, 0.0, 0.0, 0.0, 0.9689175817551601], [0.9491360718042754, 0.0, 0.0, 0.0, 0.0, 0.0, 0.0, 0.0, 0.0, 0.0, 0.0, 0.0, 0.0, 0.0], [0.9491445277879336, 0.0, 0.0, 0.0, 0.0, 0.0, 0.0, 0.0, 0.0, 0.0, 0.0, 0.0, 0.0, 0.0], [0.0, 0.968918027077889, 0.0, 0.0, 0.0, 0.0, 0.0, 0.0, 0.0, 0.0, 0.0, 0.0, 0.0, 0.0], [0.0, 0.0, 0.9689175817551593, 0.0, 0.0, 0.0, 0.0, 0.0, 0.0, 0.0, 0.0, 0.0, 0.0, 0.0], [0.0, 0.0, 0.0, 0.9491445277879342, 0.0, 0.0, 0.0, 0.0, 0.0, 0.0, 0.0, 0.0, 0.0, 0.0], [0.0, 0.0, 0.0, 0.9491360718042767, 0.0, 0.0, 0.0, 0.0, 0.0, 0.0, 0.0, 0.0, 0.0, 0.0], [0.0, 0.0, 0.0, 0.0, 0.9689180270778887, 0.0, 0.0, 0.0, 0.0, 0.0, 0.0, 0.0, 0.0, 0.0], [0.0, 0.0, 0.0, 0.0, 0.0, 0.9689175817551601, 0.0, 0.0, 0.0, 0.0, 0.0, 0.0, 0.0, 0.0]], "Born radii": [], "Atomic SASAs": [], "Solvent H bonds": [], "Total SASA": NaN, "Total FOD": 0.0, "FOD": [0.0, 0.0, 0.0, 0.0, 0.0, 0.0, 0.0, 0.0, 0.0, 0.0, 0.0, 0.0, 0.0, 0.0], "FOD s proportion": [0.0, 0.0, 0.0, 0.0, 0.0, 0.0, 0.0, 0.0, 0.0, 0.0, 0.0, 0.0, 0.0, 0.0], "FOD p proportion": [0.0, 0.0, 0.0, 0.0, 0.0, 0.0, 0.0, 0.0, 0.0, 0.0, 0.0, 0.0, 0.0, 0.0], "FOD d proportion": [0.0, 0.0, 0.0, 0.0, 0.0, 0.0, 0.0, 0.0, 0.0, 0.0, 0.0, 0.0, 0.0, 0.0], "coordinates": [["-1.48190", "-0.15760", "-0.12920"], ["-0.53860", "-1.31990", "0.01230"], ["0.79200", "-1.17840", "0.12840"], ["1.48190", "0.15760", "0.12920"], ["0.53860", "1.31990", "-0.01230"], ["-0.79200", "1.17840", "-0.12840"], ["-2.04180", "-0.26710", "-1.06480"], ["-2.20400", "-0.18440", "0.69450"], ["-0.97700", "-2.31380", "0.01860"], ["1.42050", "-2.05890", "0.22770"], ["2.20400", "0.18440", "-0.69450"], ["2.04180", "0.26710", "1.06480"], ["0.97700", "2.31380", "-0.01860"], ["-1.42050", "2.05890", "-0.22770"]],