{"total energy": -24.0549825, "HOMO-LUMO gap/eV": 11.51143266, "electronic energy": -24.35235318, "dipole": [-0.1927488, 0.72266601, 0.06457045], "partial charges": [-0.10156173, -0.06553327, 0.14366481, -0.10920076, -0.45718018, -0.06812159, -0.09782543, 0.03515407, 0.03616102, 0.03336876, 0.02739691, 0.03887666, 0.04842468, 0.03639987, 0.04732453, 0.28141827, 0.03249892, 0.0428088, 0.03208419, 0.03102787, 0.0328136], "atomic dipole moments": [[0.0527593, -0.06627528, 0.06275369], [0.03686745, 0.0259479, -0.10100124], [0.05554857, -0.0767527, 0.10287826], [0.02130845, 0.08167397, 0.07958394], [-0.07636058, 0.21116121, -0.04677171], [-0.04756731, -0.00166358, 0.10213951], [-0.02640866, -0.0684916, -0.07003566], [0.06749333, 0.10155867, -0.03284506], [-0.042905, -0.05717441, -0.10510709], [-0.10085011, 0.04352504, 0.05816705], [0.01664305, 0.05609, 0.10695062], [-0.07944353, -0.08634856, 0.04186068], [0.10122657, -0.06983698, -0.03869255], [-0.04515417, 0.05953153, -0.10383355], [-0.08235761, -0.09269837, 0.03217123], [0.00461724, 0.04568175, 0.06093838], [-0.03574512, 0.06614665, -0.10005671], [0.10692584, -0.0550859, -0.03709637], [-0.09313289, 0.07517512, 0.03779923], [0.05148699, -0.05551457, 0.0999503], [0.0888823, 0.0756816, -0.04630848]], "atomic quadrupole moments": [[-0.02951144, -0.10904205, 0.01055234, 0.09100597, -0.13090247, 0.01895909], [0.06066779, -0.19922242, -0.02552679, 0.01944859, -0.07207808, -0.035141], [-0.07943027, -0.08942292, -0.01231249, 0.10648381, -0.15374324, 0.09174276], [-0.08932685, 0.04967638, 0.00310303, 0.05936794, 0.15434282, 0.08622382], [-0.06800508, -0.0690015, 0.02772619, 0.07512094, -0.0797494, 0.0402789], [-0.07354569, 0.18852061, 0.0657083, 0.00461662, 0.08666375, 0.00783739], [-0.08670769, 0.06302498, 0.02322597, 0.05495332, 0.15322222, 0.06348172], [0.01804808, 0.05765243, 0.01842412, -0.00888159, -0.02750996, -0.03647221], [-0.04408833, 0.00957579, 0.00671328, 0.02724109, 0.04964073, 0.03737505], [0.03302178, -0.03837252, -0.03384811, -0.0512319, 0.00946459, 0.00082633], [-0.01535536, 0.01149147, 0.00392409, 0.03546311, 0.04433076, 0.01143127], [0.00838459, 0.03588688, 0.03386306, -0.00074433, -0.01055025, -0.04224764], [0.05875003, -0.0411917, -0.02293754, -0.02282154, 0.02048665, -0.03581249], [-0.03421688, -0.02766298, 0.01023553, 0.03791175, -0.05216098, 0.02398135], [0.01681672, 0.05722854, 0.00269845, -0.03704432, -0.01963942, -0.01951516], [-0.08179128, 1.203e-05, -0.00657725, 0.03599247, 0.08508084, 0.08836853], [-0.01815018, -0.01298255, 0.00700591, 0.04378378, -0.03105313, 0.01114427], [0.02683151, -0.03038762, 0.00947886, -0.00959108, 0.02695723, -0.03631037], [0.04833475, -0.04884155, -0.01646256, -0.01860931, 0.02500495, -0.03187219], [-0.03846703, -0.02557042, 0.0075844, 0.03494805, -0.04489389, 0.03088263], [0.01292177, 0.05483546, -0.00378071, -0.03901857, -0.01896032, -0.00914106]], "number of molecular orbitals": 42, "number of electrons": 44, "number of unpaired electrons": 0, "orbital energies/eV": [-18.35774822, -17.13689224, -16.65273853, -16.55196711, -15.78712204, -15.59491333, -15.28796427, -14.6044778, -14.19208053, -13.8386075, -13.71744937, -13.17853094, -13.11246553, -12.77780331, -12.54888322, -12.48474151, -12.2193293, -12.02439812, -11.93639305, -11.83012773, -11.45726449, -10.81096916, 0.70046351, 1.84769178, 1.9235509, 2.36006435, 3.15636577, 3.39491301, 3.6723726, 3.91369272, 4.35257636, 5.15209293, 5.2405846, 5.46870301, 5.77406108, 6.29509699, 6.44380884, 6.8757492, 7.37463284, 7.51923236, 7.63563072, 7.77514324], "fractional occupation": [2.0, 2.0, 2.0, 2.0, 2.0, 2.0, 2.0, 2.0, 2.0, 2.0, 2.0, 2.0, 2.0, 2.0, 2.0, 2.0, 2.0, 2.0, 2.0, 2.0, 2.0, 2.0, 0.0, 0.0, 0.0, 0.0, 0.0, 0.0, 0.0, 0.0, 0.0, 0.0, 0.0, 0.0, 0.0, 0.0, 0.0, 0.0, 0.0, 0.0, 0.0, 0.0], "program call": "xtb /home/svss/Project-DBcg-Debug/aqme2_20220329/End-to-End-workflows-final/example-3/QDESCP/mol_447_rdkit_conf_5/mol_447_rdkit_conf_5.xyz --pop --wbo --acc 0.2 --gfn 2 --chrg 0 --uhf 0 --etemp 300 --input /home/svss/Project-DBcg-Debug/aqme2_20220329/End-to-End-workflows-final/example-3/QDESCP/mol_447_rdkit_conf_5/mol_447_rdkit_conf_5_xtb.inp", "method": "GFN2-xTB", "xtb version": "6.3.3 (7355c4f)", "Dipole module/D": 1.908, "Total charge": 0, "Transition dipole module/D": NaN, "HOMO": -10.811, "LUMO": 0.7005, "HOMO occupancy": 2.0, "LUMO occupancy": 0, "mulliken charges": [-0.08543, -0.06965, 0.24261, -0.09559, -0.57181, -0.06764, -0.08318, 0.0271, 0.02868, 0.03171, 0.02383, 0.03587, 0.04302, 0.02371, 0.04009, 0.33271, 0.02373, 0.03776, 0.02402, 0.02699, 0.03147], "cm5 charges": [-0.2359, -0.17578, 0.23289, -0.23852, -0.77863, -0.17356, -0.23365, 0.0793, 0.08066, 0.08251, 0.0816, 0.0932, 0.09718, 0.07644, 0.09405, 0.50394, 0.07981, 0.09537, 0.07639, 0.08038, 0.08231], "FUKUI+": [0.005, 0.003, -0.064, 0.036, -0.161, 0.011, 0.019, -0.04, -0.042, -0.061, -0.045, -0.06, -0.06, -0.089, -0.065, -0.103, -0.084, -0.057, -0.037, -0.031, -0.075], "FUKUI-": [0.021, -0.004, -0.03, 0.028, -0.126, -0.01, 0.024, -0.058, -0.048, -0.094, -0.05, -0.077, -0.069, -0.05, -0.074, -0.055, -0.066, -0.071, -0.051, -0.045, -0.095], "FUKUIrad": [0.013, -0.0, -0.047, 0.032, -0.144, 0.001, 0.022, -0.049, -0.045, -0.078, -0.047, -0.068, -0.064, -0.07, -0.07, -0.079, -0.075, -0.064, -0.044, -0.038, -0.085], "s proportion": [1.007, 1.041, 1.051, 1.016, 1.702, 1.04, 1.007, 0.973, 0.971, 0.968, 0.976, 0.964, 0.957, 0.976, 0.96, 0.667, 0.976, 0.962, 0.976, 0.973, 0.969], "p proportion": [3.078, 3.029, 2.706, 3.079, 4.87, 3.028, 3.076, 0.0, 0.0, 0.0, 0.0, 0.0, 0.0, 0.0, 0.0, 0.0, 0.0, 0.0, 0.0, 0.0, 0.0], "d proportion": [0.0, 0.0, 0.0, 0.0, 0.0, 0.0, 0.0, 0.0, 0.0, 0.0, 0.0, 0.0, 0.0, 0.0, 0.0, 0.0, 0.0, 0.0, 0.0, 0.0, 0.0], "Fermi-level/eV": -5.0553, "Coordination numbers": [3.748, 3.799, 3.77, 3.752, 1.653, 3.8, 3.748, 0.924, 0.924, 0.924, 0.924, 0.923, 0.924, 0.924, 0.924, 0.804, 0.924, 0.923, 0.924, 0.924, 0.924], "Dispersion coefficient C6": [22.506, 21.758, 18.297, 22.648, 21.992, 21.806, 22.435, 2.514, 2.501, 2.539, 2.624, 2.464, 2.34, 2.497, 2.354, 0.78, 2.551, 2.412, 2.557, 2.572, 2.547], "Total dispersion C6": 2900.50035, "Total dispersion C8": 59976.601208, "Polarizability alpha": [6.766, 6.642, 6.096, 6.786, 6.331, 6.649, 6.756, 2.48, 2.473, 2.492, 2.533, 2.455, 2.392, 2.471, 2.399, 1.387, 2.498, 2.429, 2.501, 2.508, 2.496], "Total polarizability alpha": 79.538776,