{"total energy": -27.10242871, "HOMO-LUMO gap/eV": 4.73389712, "electronic energy": -27.39900457, "dipole": [-0.94343487, -0.29267828, -0.33394715], "partial charges": [-0.10753936, -0.00914334, -0.10622251, -0.06880835, 0.07721471, -0.24495124, 0.32478338, -0.3726135, 0.03372591, 0.0387241, 0.03621644, 0.04209905, 0.03564186, 0.03361109, 0.03811392, 0.04956452, 0.04705523, 0.05852189, 0.05275249, 0.04125373], "atomic dipole moments": [[0.09291274, 0.04689374, 0.02568922], [-0.02025745, -0.06171299, 0.08440426], [0.01958868, -0.07174242, -0.07510016], [0.06730409, 0.11551955, 0.01300862], [0.04571862, 0.10524955, -0.23405418], [0.09771857, -0.02339064, 0.20212937], [-0.15183482, -0.09749055, 0.0605156], [-0.09207689, 0.00696618, -0.14965164], [0.01602883, -0.08421433, -0.09207383], [-0.0848772, 0.08348087, -0.04330875], [-0.05475114, -0.0608533, 0.09685673], [0.03998162, 0.05946246, -0.10478084], [-0.03814923, -0.04885789, 0.11058046], [0.10192295, 0.07077015, 0.02274471], [-0.08920306, 0.08284067, -0.03513604], [0.01130212, -0.08434923, -0.09104966], [-0.04383773, -0.06576437, 0.09849692], [-0.00484507, 0.08024361, 0.10118466], [0.07463496, -0.09843142, 0.02654911], [0.0408005, 0.06311606, -0.12036999]], "atomic quadrupole moments": [[0.14168044, 0.12652139, -0.03623166, 0.0721603, 0.04849522, -0.10544879], [0.06172417, -0.05560743, 0.05749083, 0.09176457, 0.11978838, -0.119215], [-0.0880261, -0.0369297, 0.03168175, -0.02730124, 0.16863337, 0.05634435], [0.20477076, 0.01102636, -0.01745574, 0.13839035, -0.02954944, -0.18731502], [0.01040328, 0.25151606, -0.15262099, -0.15917466, -0.28028818, 0.14221772], [-0.01111172, 0.03164577, -0.02174024, -0.02593704, -0.04625568, 0.03285196], [0.04969327, -0.23069807, 0.36210121, -0.10128502, 0.30491285, -0.41179449], [-0.05243569, -0.13011576, 0.13662891, -0.03861937, 0.09428641, -0.08419322], [-0.02403344, -0.01336937, 0.00749661, -0.02249505, 0.06378141, 0.01653683], [0.007219, -0.04704075, 0.03246396, 0.02663235, -0.02874813, -0.03968297], [-0.02501695, 0.02356878, -0.02396878, -0.02729721, -0.04541305, 0.04898574], [-0.00713997, 0.0112776, -0.00396396, -0.01764286, -0.01119577, 0.01110393], [-0.04086381, 0.01828201, 0.00021745, -0.0320534, -0.0477059, 0.04064636], [0.05741851, 0.04759517, -0.0200804, 0.00693064, 0.01720414, -0.03733811], [0.01770366, -0.05482423, 0.00019004, 0.0389451, -0.01791245, -0.0178937], [-0.013875, -0.02124537, -0.00697394, 0.00442536, 0.04639167, 0.02084894], [-0.00630503, 0.0106999, -0.02959674, -0.02878841, -0.03758974, 0.03590177], [-0.02048746, 0.01067598, 0.01518977, -0.02097744, 0.02592641, 0.00529769], [0.010553, -0.02363419, 0.01556131, -0.00521918, -0.01966159, -0.02611431], [0.04052143, 0.04176622, -0.04569376, 0.03646974, -0.00836047, 0.00517233]], "number of molecular orbitals": 44, "number of electrons": 48, "number of unpaired electrons": 0, "orbital energies/eV": [-20.35957846, -19.65826671, -18.46785916, -17.26977819, -16.84595164, -16.58122588, -16.18891879, -16.02829009, -15.94209702, -15.46171304, -14.99214899, -14.40485848, -14.11379034, -13.95479821, -13.50029147, -13.40615021, -12.998805, -12.77195328, -12.55044627, -12.39330256, -11.96648264, -11.86261402, -11.76351609, -11.70718026, -6.97328314, 0.07026821, 1.34697288, 2.30168539, 2.41131231, 3.05748359, 3.19232241, 3.57549726, 3.96548599, 4.54794083, 4.82077162, 5.32148146, 5.54599293, 5.81251268, 5.96823594, 6.42097068, 6.89873792, 7.06562388, 7.79981919, 15.22071067], "fractional occupation": [2.0, 2.0, 2.0, 2.0, 2.0, 2.0, 2.0, 2.0, 2.0, 2.0, 2.0, 2.0, 2.0, 2.0, 2.0, 2.0, 2.0, 2.0, 2.0, 2.0, 2.0, 2.0, 2.0, 2.0, 0.0, 0.0, 0.0, 0.0, 0.0, 0.0, 0.0, 0.0, 0.0, 0.0, 0.0, 0.0, 0.0, 0.0, 0.0, 0.0, 0.0, 0.0, 0.0, 0.0], "program call": "xtb /home/svss/Project-DBcg-Debug/aqme2_20220329/End-to-End-workflows-final/example-3/QDESCP/mol_794_rdkit_conf_2/mol_794_rdkit_conf_2.xyz --pop --wbo --acc 0.2 --gfn 2 --chrg 0 --uhf 0 --etemp 300 --input /home/svss/Project-DBcg-Debug/aqme2_20220329/End-to-End-workflows-final/example-3/QDESCP/mol_794_rdkit_conf_2/mol_794_rdkit_conf_2_xtb.inp", "method": "GFN2-xTB", "xtb version": "6.3.3 (7355c4f)", "Dipole module/D": 2.65, "Total charge": 0, "Transition dipole module/D": NaN, "HOMO": -11.7072, "LUMO": -6.9733, "HOMO occupancy": 2.0, "LUMO occupancy": 0, "mulliken charges": [-0.09162, 0.00287, -0.09484, -0.06408, 0.19706, -0.41015, 0.56758, -0.51176, 0.03017, 0.03198, 0.02769, 0.03096, 0.02698, 0.03287, 0.03295, 0.03846, 0.03061, 0.04102, 0.04149, 0.03977], "cm5 charges": [-0.24008, -0.07043, -0.24304, -0.16921, 0.11617, -0.49929, 0.57984, -0.56466, 0.08157, 0.08335, 0.07953, 0.09183, 0.07896, 0.08551, 0.08443, 0.09588, 0.08621, 0.10692, 0.10625, 0.11025], "FUKUI+": [0.011, 0.003, 0.011, 0.01, 0.033, -0.152, -0.164, -0.322, -0.012, -0.021, -0.017, 0.004, -0.017, 0.015, -0.024, -0.026, -0.042, -0.045, -0.045, -0.2], "FUKUI-": [0.023, -0.012, 0.022, 0.004, 0.018, -0.049, -0.0, -0.14, -0.056, -0.076, -0.088, -0.114, -0.086, -0.049, -0.064, -0.057, -0.066, -0.044, -0.066, -0.099], "FUKUIrad": [0.017, -0.005, 0.016, 0.007, 0.026, -0.101, -0.082, -0.231, -0.034, -0.049, -0.052, -0.055, -0.051, -0.017, -0.044, -0.041, -0.054, -0.045, -0.055, -0.149], "s proportion": [1.014, 1.052, 1.013, 1.039, 0.997, 1.698, 0.974, 1.729, 0.97, 0.968, 0.972, 0.969, 0.973, 0.967, 0.967, 0.962, 0.969, 0.959, 0.959, 0.96], "p proportion": [3.078, 2.946, 3.082, 3.025, 2.805, 4.712, 2.458, 4.783, 0.0, 0.0, 0.0, 0.0, 0.0, 0.0, 0.0, 0.0, 0.0, 0.0, 0.0, 0.0], "d proportion": [0.0, 0.0, 0.0, 0.0, 0.0, 0.0, 0.0, 0.0, 0.0, 0.0, 0.0, 0.0, 0.0, 0.0, 0.0, 0.0, 0.0, 0.0, 0.0, 0.0], "Fermi-level/eV": -9.3402, "Coordination numbers": [3.753, 3.847, 3.752, 3.801, 3.706, 1.701, 2.667, 0.856, 0.924, 0.924, 0.924, 0.924, 0.924, 0.924, 0.924, 0.924, 0.924, 0.924, 0.924, 0.923], "Dispersion coefficient C6": [22.614, 20.707, 22.591, 21.818, 19.432, 18.059, 21.481, 21.142, 2.534, 2.466, 2.5, 2.421, 2.508, 2.536, 2.474, 2.326, 2.357, 2.217, 2.286, 2.432], "Total dispersion C6": 3041.522352, "Total dispersion C8": 64228.476154, "Polarizability alpha": [6.781, 6.473, 6.778, 6.65, 6.302, 5.738, 7.584, 6.165, 2.49, 2.456, 2.473, 2.433, 2.477, 2.49, 2.46, 2.385, 2.401, 2.328, 2.364, 2.439], "Total polarizability alpha": 81.665394,