{"total energy": -20.87036329, "HOMO-LUMO gap/eV": 6.93721154, "electronic energy": -21.10692583, "dipole": [-0.93039128, 0.06327104, -0.24594552], "partial charges": [-0.10201471, -0.05476971, -0.06248306, -0.06314019, 0.03358774, -0.21526558, 0.03498108, 0.03429129, 0.03542915, 0.02916933, 0.03432384, 0.03492232, 0.04201321, 0.0495351, 0.04967975, 0.05923285, 0.0605076], "atomic dipole moments": [[0.10069512, -0.01219518, 0.03089277], [-0.03326855, 0.10039425, -0.04535294], [0.05777104, -0.09127807, 0.05221357], [-0.01867148, -0.08570327, -0.10411037], [0.15525646, 0.05812892, 0.11620561], [-0.10435702, 7.198e-05, -0.03659664], [-0.05871666, 0.09016355, 0.06595945], [-0.00663178, 0.02969927, -0.12262778], [-0.06397432, -0.1065189, 0.01672612], [0.04625433, -0.09513876, -0.06457267], [-0.00227151, -0.03580287, 0.11885619], [0.00175166, 0.03347546, -0.12034192], [-0.05530865, 0.09500491, 0.05626442], [0.04873564, 0.11518704, -0.00563708], [-0.00330448, -0.02588082, 0.12474704], [0.00636621, 0.02660768, -0.12810947], [-0.04202147, -0.12350677, 0.01402521]], "atomic quadrupole moments": [[0.20396502, -0.03556248, -0.10646584, 0.1036943, -0.01629325, -0.09749919], [0.17243635, 0.09198252, 0.02523815, 0.07906335, -0.05762348, -0.19767449], [0.17356149, 0.11223639, 0.00502014, 0.10675556, -0.04840365, -0.17858163], [0.16877592, -0.14305148, -0.06954715, 0.02393221, 0.12330152, -0.09922877], [0.39731563, -0.07826515, -0.22432024, 0.18055966, 0.11866676, -0.17299539], [0.46138551, 0.0070577, -0.28048271, 0.27571285, 0.01276526, -0.18090281], [-0.01732091, -0.03624999, 0.01957114, -0.01578626, 0.05561014, -0.00225024], [-0.02786279, -0.00271279, -0.04398443, -0.00735021, -0.03132682, 0.07184722], [-0.00541178, 0.04619628, 0.05341525, -0.00156532, -0.02182263, -0.04800347], [0.00093497, -0.02060302, 0.00532086, -0.02362713, 0.0384841, -0.00625583], [-0.02108902, 0.00795442, -0.03411902, 0.00243094, -0.01334445, 0.05520805], [-0.02498906, 0.0143622, -0.03204066, -0.00567834, -0.00866421, 0.05702972], [0.0030123, -0.01821537, 0.01045129, -0.02321686, 0.0414835, -0.01346359], [0.00377135, 0.02741201, 0.0364924, -0.01009317, -0.0137955, -0.04026375], [-0.02221174, -0.00888259, -0.01912166, -0.00818145, -0.03221624, 0.04133339], [-0.00825886, -0.00398907, -0.02566648, -0.00525734, -0.0247974, 0.03392535], [0.00236129, 0.01686572, 0.02900993, -0.00355947, -0.01724194, -0.03137122]], "number of molecular orbitals": 40, "number of electrons": 38, "number of unpaired electrons": 0, "orbital energies/eV": [-28.50569529, -17.4798921, -16.97666259, -16.42585361, -15.79216771, -15.38837567, -14.50482736, -14.28101295, -14.06352587, -13.70033045, -13.33780601, -13.14040116, -12.68222721, -12.39829463, -12.2205727, -11.87623328, -11.79967822, -11.147597, -11.10911895, -4.17190741, 0.49535319, 0.68214256, 0.84154075, 0.85195565, 1.77603552, 2.63914478, 2.78681297, 2.88470339, 3.39455293, 3.5038604, 4.22518921, 4.39451907, 4.88675092, 4.93668072, 5.21973335, 6.04765588, 6.40802517, 6.8410783, 7.53522768, 7.91792553], "fractional occupation": [2.0, 2.0, 2.0, 2.0, 2.0, 2.0, 2.0, 2.0, 2.0, 2.0, 2.0, 2.0, 2.0, 2.0, 2.0, 2.0, 2.0, 2.0, 2.0, 0.0, 0.0, 0.0, 0.0, 0.0, 0.0, 0.0, 0.0, 0.0, 0.0, 0.0, 0.0, 0.0, 0.0, 0.0, 0.0, 0.0, 0.0, 0.0, 0.0, 0.0], "program call": "xtb /home/svss/Project-DBcg-Debug/aqme2_20220329/End-to-End-workflows-final/example-3/QDESCP/mol_154_rdkit_conf_5/mol_154_rdkit_conf_5.xyz --pop --wbo --acc 0.2 --gfn 2 --chrg 0 --uhf 0 --etemp 300 --input /home/svss/Project-DBcg-Debug/aqme2_20220329/End-to-End-workflows-final/example-3/QDESCP/mol_154_rdkit_conf_5/mol_154_rdkit_conf_5_xtb.inp", "method": "GFN2-xTB", "xtb version": "6.3.3 (7355c4f)", "Dipole module/D": 2.451, "Total charge": 0, "Transition dipole module/D": NaN, "HOMO": -11.1091, "LUMO": -4.1719, "HOMO occupancy": 2.0, "LUMO occupancy": 0, "mulliken charges": [-0.08292, -0.0414, -0.04792, -0.05274, 0.07095, -0.16624, 0.02831, 0.02788, 0.03056, 0.02179, 0.02504, 0.02508, 0.03021, 0.03416, 0.03276, 0.03232, 0.03216], "cm5 charges": [-0.23333, -0.154, -0.1583, -0.16144, -0.03244, -0.17595, 0.07959, 0.07918, 0.08133, 0.0771, 0.07986, 0.08028, 0.08511, 0.0893, 0.08819, 0.08759, 0.08794], "FUKUI+": [0.013, 0.014, 0.014, 0.034, -0.042, -0.45, -0.018, -0.015, -0.024, -0.004, -0.018, -0.034, -0.055, -0.059, -0.062, -0.148, -0.148], "FUKUI-": [0.021, 0.007, 0.014, 0.02, 0.033, -0.307, -0.083, -0.066, -0.059, -0.093, -0.075, -0.059, -0.081, -0.063, -0.049, -0.075, -0.083], "FUKUIrad": [0.017, 0.011, 0.014, 0.027, -0.004, -0.379, -0.051, -0.041, -0.041, -0.049, -0.047, -0.046, -0.068, -0.061, -0.055, -0.111, -0.115], "s proportion": [1.008, 1.027, 1.033, 1.035, 1.043, 1.949, 0.972, 0.972, 0.969, 0.978, 0.975, 0.975, 0.97, 0.966, 0.967, 0.968, 0.968], "p proportion": [3.075, 3.014, 3.015, 3.017, 2.886, 5.233, 0.0, 0.0, 0.0, 0.0, 0.0, 0.0, 0.0, 0.0, 0.0, 0.0, 0.0], "d proportion": [0.0, 0.0, 0.0, 0.0, 0.0, -0.016, 0.0, 0.0, 0.0, 0.0, 0.0, 0.0, 0.0, 0.0, 0.0, 0.0, 0.0], "Fermi-level/eV": -7.6405, "Coordination numbers": [3.75, 3.799, 3.801, 3.83, 3.713, 0.92, 0.924, 0.924, 0.924, 0.924, 0.924, 0.924, 0.924, 0.924, 0.924, 0.924, 0.924], "Dispersion coefficient C6": [22.512, 21.56, 21.7, 21.688, 20.135, 105.934, 2.517, 2.526, 2.511, 2.598, 2.526, 2.518, 2.422, 2.326, 2.324, 2.208, 2.193], "Total dispersion C6": 2554.160487, "Total dispersion C8": 62716.955529, "Polarizability alpha": [6.767, 6.611, 6.632, 6.626, 6.412, 15.746, 2.481, 2.486, 2.478, 2.521, 2.485, 2.481, 2.434, 2.385, 2.384, 2.324, 2.316], "Total polarizability alpha": 75.569174, "Wiberg matrix": [[0.0, 1.0199988598826446, 0.0, 0.0, 0.0, 0.0, 0.9873907697188452, 0.987639115508088, 0.9871097038157178, 0.0, 0.0, 0.0, 0.0, 0.0, 0.0, 0.0, 0.0], [1.0199988598826446, 0.0, 1.0086867425535102, 0.0, 0.0, 0.0, 0.0, 0.0, 0.0, 0.9766137086675929, 0.9775522956408107, 0.0, 0.0, 0.0, 0.0, 0.0, 0.0], [0.0, 1.0086867425535102, 0.0, 1.000762969004324, 0.0, 0.0, 0.0, 0.0, 0.0, 0.0, 0.0, 0.9767635240672856, 0.975162784686521, 0.0, 0.0, 0.0, 0.0], [0.0, 0.0, 1.000762969004324, 0.0, 1.0148266564362378, 0.0, 0.0, 0.0, 0.0, 0.0, 0.0, 0.0, 0.0, 0.9752249152735889, 0.9754341281881574, 0.0, 0.0], [0.0, 0.0, 0.0, 1.0148266564362378, 0.0, 0.9460577953066561, 0.0, 0.0, 0.0, 0.0, 0.0, 0.0, 0.0, 0.0, 0.0, 0.9787874454434181, 0.9775256909153173], [0.0, 0.0, 0.0, 0.0, 0.9460577953066561, 0.0, 0.0, 0.0, 0.0, 0.0, 0.0, 0.0, 0.0, 0.0, 0.0, 0.0, 0.0], [0.9873907697188452, 0.0, 0.0, 0.0, 0.0, 0.0, 0.0, 0.0, 0.0, 0.0, 0.0, 0.0, 0.0, 0.0, 0.0, 0.0, 0.0], [0.987639115508088, 0.0, 0.0, 0.0, 0.0, 0.0, 0.0, 0.0, 0.0, 0.0, 0.0, 0.0, 0.0, 0.0, 0.0, 0.0, 0.0], [0.9871097038157178, 0.0, 0.0, 0.0, 0.0, 0.0, 0.0, 0.0, 0.0, 0.0, 0.0, 0.0, 0.0, 0.0, 0.0, 0.0, 0.0], [0.0, 0.9766137086675929, 0.0, 0.0, 0.0, 0.0, 0.0, 0.0, 0.0, 0.0, 0.0, 0.0, 0.0, 0.0, 0.0, 0.0, 0.0], [0.0, 0.9775522956408107, 0.0, 0.0, 0.0, 0.0, 0.0, 0.0, 0.0, 0.0, 0.0, 0.0, 0.0, 0.0, 0.0, 0.0, 0.0], [0.0, 0.0, 0.9767635240672856, 0.0, 0.0, 0.0, 0.0, 0.0, 0.0, 0.0, 0.0, 0.0, 0.0, 0.0, 0.0, 0.0, 0.0], [0.0, 0.0, 0.975162784686521, 0.0, 0.0, 0.0, 0.0, 0.0, 0.0, 0.0, 0.0, 0.0, 0.0, 0.0, 0.0, 0.0, 0.0], [0.0, 0.0, 0.0, 0.9752249152735889, 0.0, 0.0, 0.0, 0.0, 0.0, 0.0, 0.0, 0.0, 0.0, 0.0, 0.0, 0.0, 0.0], [0.0, 0.0, 0.0, 0.9754341281881574, 0.0, 0.0, 0.0, 0.0, 0.0, 0.0, 0.0, 0.0, 0.0, 0.0, 0.0, 0.0, 0.0], [0.0, 0.0, 0.0, 0.0, 0.9787874454434181, 0.0, 0.0, 0.0, 0.0, 0.0, 0.0, 0.0, 0.0, 0.0, 0.0, 0.0, 0.0], [0.0, 0.0, 0.0, 0.0, 0.9775256909153173, 0.0, 0.0, 0.0, 0.0, 0.0, 0.0, 0.0, 0.0, 0.0, 0.0, 0.0, 0.0]], "Born radii": [], "Atomic SASAs": [], "Solvent H bonds": [], "Total SASA": NaN, "Total FOD": 0.0, "FOD": [0.0, 0.0, 0.0, 0.0, 0.0, 0.0, 0.0, 0.0, 0.0, 0.0, 0.0, 0.0, 0.0, 0.0, 0.0, 0.0, 0.0], "FOD s proportion": [0.0, 0.0, 0.0, 0.0, 0.0, 0.0, 0.0, 0.0, 0.0, 0.0, 0.0, 0.0, 0.0, 0.0, 0.0, 0.0, 0.0], "FOD p proportion": [0.0, 0.0, 0.0, 0.0, 0.0, 0.0, 0.0, 0.0, 0.0, 0.0, 0.0, 0.0, 0.0, 0.0, 0.0, 0.0, 0.0],