{"total energy": -24.0525227, "HOMO-LUMO gap/eV": 11.86774456, "electronic energy": -24.35167306, "dipole": [-0.46039671, -0.08861154, 0.50490909], "partial charges": [-0.10139162, -0.05139473, -0.06402815, 0.11537818, -0.4494084, -0.06819542, -0.09979294, 0.03064545, 0.03265533, 0.03395195, 0.0467811, 0.02719768, 0.0306211, 0.04721386, 0.01035181, 0.28450288, 0.04467632, 0.03037318, 0.03592729, 0.03406655, 0.02986858], "atomic dipole moments": [[-0.09150146, 0.04521009, 0.00825227], [0.00529899, -0.12127941, -0.01759337], [-0.03599287, 0.10387533, 0.03608698], [-0.01608301, 0.06055905, -0.16661923], [-0.08904174, -0.08894489, 0.20142739], [-0.01046578, 0.10995449, 0.03176295], [0.09452344, -0.03756276, -0.01811507], [0.01456546, -0.08923537, 0.08642047], [0.09118611, 0.08346282, 0.01657903], [0.01595402, -0.05190409, -0.11388485], [-0.00350043, 0.09418445, -0.08535147], [-0.00600029, 0.05374787, 0.11027704], [0.01291771, -0.09373059, 0.08038761], [0.01348923, -0.05089582, -0.11598208], [-0.00564219, 0.06368528, 0.10222248], [-0.06136637, 0.03949213, 0.02761024], [-0.00555758, -0.05203058, -0.11616819], [0.01565824, -0.09383511, 0.07996835], [-0.08609522, -0.09202931, -0.00368695], [-0.03390446, 0.08328721, -0.08727828], [-0.00763297, 0.05384564, 0.1130955]], "atomic quadrupole moments": [[0.16788654, -0.1339985, -0.0411395, -0.02313416, 0.01294064, -0.12674704], [0.23210452, 0.01939928, -0.00296744, 0.00955429, 0.06095679, -0.22913708], [0.23388507, 0.01562814, 0.00402506, -0.00575566, 0.04123578, -0.23791014], [-0.0253721, -0.02424706, 0.08551602, 0.0387549, -0.30118397, -0.06014391], [-0.06453092, -0.02844824, 0.01803141, -0.01015307, -0.1356498, 0.04649951], [0.21917277, 0.03378465, 0.0098594, -0.03349727, 0.02857288, -0.22903217], [0.16915983, -0.11925216, -0.05736712, -0.05913419, 0.02717423, -0.11179271], [-0.03435094, -0.00915102, 0.01547553, -0.00686214, -0.06405932, 0.01887541], [0.0250439, 0.05413874, 0.0268814, 0.01086365, 0.01549114, -0.0519253], [-0.03441186, -0.01115007, -0.0274062, 0.00210208, 0.04467614, 0.06181806], [-0.01456977, -0.00408407, -0.00034735, 0.00740103, -0.04346367, 0.01491713], [-0.01690484, -0.00051805, -0.03000448, -0.00833592, 0.03075488, 0.04690932], [-0.01893655, 0.00148486, 0.0067138, 0.00982111, -0.0540257, 0.01222275], [-0.01949478, 0.01052061, -0.02853878, -0.00417221, 0.03035094, 0.04803356], [-0.02458299, -0.00873078, -0.00029371, 1.123e-05, -0.00022705, 0.02487669], [0.04979804, -0.1065967, -0.00723051, -0.03855059, 0.00386304, -0.04256753], [-0.01192357, -0.00530135, -0.0357141, -0.00547, 0.02927807, 0.04763767], [-0.00770371, -0.01008941, 0.00181694, 0.00816576, -0.05522494, 0.00588677], [0.01840223, 0.05191607, 0.03564638, 0.00164487, 0.00603586, -0.05404861], [-0.03308036, -0.01976053, 0.00954408, 0.00189674, -0.06174828, 0.02353628], [-0.03219927, -0.00670295, -0.02647575, 0.00906629, 0.05030236, 0.05867502]], "number of molecular orbitals": 42, "number of electrons": 44, "number of unpaired electrons": 0, "orbital energies/eV": [-18.43720769, -17.14324845, -16.80843978, -16.42208903, -15.70390649, -15.4887189, -15.22966148, -14.98960581, -14.23827428, -13.782664, -13.66835807, -13.52265799, -13.03404623, -12.77556197, -12.61735918, -12.40832049, -12.27135351, -11.91607487, -11.77485874, -11.5515767, -11.38400202, -10.89817253, 0.96957203, 1.4846106, 2.81156986, 3.13615502, 3.38812545, 3.5627182, 3.98833519, 4.05812942, 4.30656601, 4.57848088, 4.77565575, 5.00500488, 5.84675428, 6.14652017, 6.34464293, 6.90455128, 7.1316861, 7.34134676, 7.66563924, 8.37455318], "fractional occupation": [2.0, 2.0, 2.0, 2.0, 2.0, 2.0, 2.0, 2.0, 2.0, 2.0, 2.0, 2.0, 2.0, 2.0, 2.0, 2.0, 2.0, 2.0, 2.0, 2.0, 2.0, 2.0, 0.0, 0.0, 0.0, 0.0, 0.0, 0.0, 0.0, 0.0, 0.0, 0.0, 0.0, 0.0, 0.0, 0.0, 0.0, 0.0, 0.0, 0.0, 0.0, 0.0], "program call": "xtb /home/svss/Project-DBcg-Debug/aqme2_20220329/End-to-End-workflows-final/example-3/QDESCP/mol_389_rdkit_conf_2/mol_389_rdkit_conf_2.xyz --pop --wbo --acc 0.2 --gfn 2 --chrg 0 --uhf 0 --etemp 300 --input /home/svss/Project-DBcg-Debug/aqme2_20220329/End-to-End-workflows-final/example-3/QDESCP/mol_389_rdkit_conf_2/mol_389_rdkit_conf_2_xtb.inp", "method": "GFN2-xTB", "xtb version": "6.3.3 (7355c4f)", "Dipole module/D": 1.751, "Total charge": 0, "Transition dipole module/D": NaN, "HOMO": -10.8982, "LUMO": 0.9696, "HOMO occupancy": 2.0, "LUMO occupancy": 0, "mulliken charges": [-0.08499, -0.03332, -0.05531, 0.21946, -0.57014, -0.06501, -0.0835, 0.02359, 0.02787, 0.02766, 0.03663, 0.01749, 0.01904, 0.03673, 0.00696, 0.33437, 0.03658, 0.02336, 0.03182, 0.0277, 0.02302], "cm5 charges": [-0.23534, -0.14474, -0.16072, 0.17194, -0.78167, -0.17304, -0.23366, 0.07488, 0.07865, 0.07897, 0.09397, 0.07267, 0.07491, 0.09461, 0.07346, 0.50446, 0.09375, 0.0786, 0.08266, 0.0809, 0.07475], "FUKUI+": [0.011, -0.011, 0.002, -0.042, -0.111, 0.002, 0.015, -0.037, -0.062, -0.037, -0.041, -0.041, -0.093, -0.06, -0.074, -0.094, -0.06, -0.088, -0.09, -0.042, -0.047], "FUKUI-": [0.019, -0.0, 0.01, -0.006, -0.109, -0.008, 0.02, -0.084, -0.078, -0.069, -0.084, -0.074, -0.059, -0.057, -0.076, -0.054, -0.057, -0.057, -0.087, -0.039, -0.051], "FUKUIrad": [0.015, -0.006, 0.006, -0.024, -0.11, -0.003, 0.018, -0.061, -0.07, -0.053, -0.062, -0.057, -0.076, -0.058, -0.075, -0.074, -0.058, -0.073, -0.089, -0.04, -0.049], "s proportion": [1.008, 1.026, 1.036, 1.018, 1.697, 1.037, 1.008, 0.976, 0.972, 0.972, 0.963, 0.983, 0.981, 0.963, 0.993, 0.666, 0.963, 0.977, 0.968, 0.972, 0.977], "p proportion": [3.077, 3.008, 3.019, 2.762, 4.873, 3.028, 3.076, 0.0, 0.0, 0.0, 0.0, 0.0, 0.0, 0.0, 0.0, 0.0, 0.0, 0.0, 0.0, 0.0, 0.0], "d proportion": [0.0, 0.0, 0.0, 0.0, 0.0, 0.0, 0.0, 0.0, 0.0, 0.0, 0.0, 0.0, 0.0, 0.0, 0.0, 0.0, 0.0, 0.0, 0.0, 0.0, 0.0], "Fermi-level/eV": -4.9643, "Coordination numbers": [3.75, 3.799, 3.802, 3.724, 1.653, 3.8, 3.749, 0.924, 0.924, 0.924, 0.924, 0.924, 0.924, 0.924, 0.924, 0.804, 0.924, 0.924, 0.924, 0.924, 0.924], "Dispersion coefficient C6": [22.5, 21.498, 21.728, 18.792, 21.833, 21.807, 22.471, 2.577, 2.549, 2.531, 2.361, 2.627, 2.578, 2.355, 2.885, 0.77, 2.388, 2.581, 2.504, 2.529, 2.588], "Total dispersion C6": 2910.299243, "Total dispersion C8": 60062.253962, "Polarizability alpha": [6.765, 6.602, 6.636, 6.19, 6.308, 6.649, 6.761, 2.511, 2.497, 2.488, 2.403, 2.535, 2.511, 2.4, 2.656, 1.378, 2.416, 2.513, 2.475, 2.487, 2.516], "Total polarizability alpha": 79.69469,