{"total energy": -26.75568893, "HOMO-LUMO gap/eV": 4.62008834, "electronic energy": -27.06247614, "dipole": [0.06541936, 0.42354846, 1.51463412], "partial charges": [-0.0413104, -0.14505719, -0.03331271, 0.3092868, -0.46933577, -0.1450659, -0.03331817, -0.04131893, 0.04156471, 0.05878195, 0.04619871, 0.04320673, 0.066485, 0.04345463, 0.04347335, 0.0664964, 0.04319787, 0.04157277, 0.05879773, 0.0462024], "atomic dipole moments": [[0.05660374, 0.0331107, -0.14053842], [-0.10879394, -0.09814416, -0.02224843], [0.10720722, -0.06623399, 0.10010564], [0.00165557, 0.01061739, 0.0379433], [0.00848004, 0.05502712, 0.19677411], [0.10448211, 0.06998131, -0.07844285], [-0.10032884, 0.11083811, 0.05950332], [-0.06692506, -0.09979571, -0.09802383], [-0.09088674, -0.07766646, -0.01840713], [0.08841015, -0.06489501, 0.07643436], [-0.03643063, 0.10422155, 0.05493337], [-0.07369443, -0.09430552, -0.02924914], [0.05723933, 0.04733463, -0.11064712], [-0.05750769, 0.09335831, 0.05851788], [0.06404995, -0.05076933, 0.09360932], [-0.06481767, -0.0964909, -0.06518195], [0.06901395, 0.06384655, -0.07963208], [0.08736691, 0.05481623, -0.06314111], [-0.08344515, 0.09706887, 0.03855622], [0.04304621, -0.06149745, 0.09782245]], "atomic quadrupole moments": [[-0.07157514, 0.02056377, -0.16917242, -0.15687771, -0.09904106, 0.24074756], [0.00644828, -0.0358079, -0.08689163, 0.00258207, -0.02161327, 0.08044335], [0.09236027, -0.16918897, -0.10970324, 0.20295867, -0.1184692, 0.01734297], [-0.09402641, 0.2308721, 0.31000835, -0.07202485, -0.17129319, -0.21598195], [-0.07282454, 0.07926367, 0.10277434, -0.02090615, -0.04424049, -0.02994979], [0.00803015, -0.0257883, -0.02141184, 0.01891529, 0.08607925, 0.01338169], [0.06661737, -0.24122495, 0.04061462, -0.09853834, 0.13268328, -0.10723199], [-0.04594913, 0.11866634, 0.02409175, 0.13572004, 0.21588626, 0.02185737], [0.0231866, 0.05863419, -0.01112217, 0.00159034, 0.00910993, -0.01206443], [0.0456994, -0.03583051, -0.03086308, 0.02935531, -0.02354902, -0.01483631], [-0.04226271, -0.02328344, 0.04457034, -0.03153343, 0.03685827, -0.00230764], [0.0180774, 0.04134392, 0.02101123, 0.03620429, 0.00749106, -0.03908864], [0.0044746, 0.01035223, -0.0325193, -0.03513568, -0.0369585, 0.02804469], [-0.0136428, -0.04967282, 0.01591048, -0.01560859, 0.0452072, -0.00226768], [-0.00870686, -0.03701559, -0.02746954, 0.04254497, -0.02703092, 0.0361764], [0.00960401, 0.03068099, 0.01528193, 0.02320713, 0.04107529, -0.02488594], [0.01013843, 0.01379775, -0.00248104, -0.05515496, -0.03012276, -0.00765739], [0.02010493, 0.04789651, -0.02161106, -0.03375627, -0.00779997, 0.00150613], [0.04214101, -0.04535804, -0.00364704, -0.01272517, 0.0218356, -0.03849397], [-0.03581205, -0.0057254, -0.00054044, 0.04447426, -0.03839075, 0.03635249]], "number of molecular orbitals": 44, "number of electrons": 48, "number of unpaired electrons": 0, "orbital energies/eV": [-18.51935807, -17.80289252, -17.73328178, -17.01505088, -16.93496561, -16.78046603, -16.03063319, -15.1316583, -14.98637333, -14.78298818, -14.5119369, -14.203959, -13.87216498, -13.61530695, -13.24809393, -13.14327729, -13.01642369, -12.98756766, -12.76743843, -12.60653396, -12.60587598, -10.77606012, -10.20256976, -9.92306737, -5.30297902, -0.4022698, 0.73311753, 2.65033902, 3.1089137, 3.14236038, 3.59844503, 3.81017795, 4.49818899, 4.71765931, 5.06473873, 5.3948384, 5.54448353, 5.75173177, 5.87728554, 6.24985304, 6.38726337, 7.97878803, 10.00652705, 16.17187526], "fractional occupation": [2.0, 2.0, 2.0, 2.0, 2.0, 2.0, 2.0, 2.0, 2.0, 2.0, 2.0, 2.0, 2.0, 2.0, 2.0, 2.0, 2.0, 2.0, 2.0, 2.0, 2.0, 2.0, 2.0, 2.0, 0.0, 0.0, 0.0, 0.0, 0.0, 0.0, 0.0, 0.0, 0.0, 0.0, 0.0, 0.0, 0.0, 0.0, 0.0, 0.0, 0.0, 0.0, 0.0, 0.0], "program call": "xtb /home/svss/Project-DBcg-Debug/aqme2_20220329/End-to-End-workflows-final/example-3/QDESCP/mol_1083_rdkit_conf_1/mol_1083_rdkit_conf_1.xyz --pop --wbo --acc 0.2 --gfn 2 --chrg 0 --uhf 0 --etemp 300 --input /home/svss/Project-DBcg-Debug/aqme2_20220329/End-to-End-workflows-final/example-3/QDESCP/mol_1083_rdkit_conf_1/mol_1083_rdkit_conf_1_xtb.inp", "method": "GFN2-xTB", "xtb version": "6.3.3 (7355c4f)", "Dipole module/D": 4.001, "Total charge": 0, "Transition dipole module/D": NaN, "HOMO": -9.9231, "LUMO": -5.303, "HOMO occupancy": 2.0, "LUMO occupancy": 0, "mulliken charges": [0.05999, -0.3134, 0.06831, 0.55295, -0.57911, -0.3134, 0.0683, 0.05997, 0.03209, 0.03462, 0.0269, 0.03365, 0.05052, 0.0204, 0.02041, 0.05052, 0.03365, 0.03209, 0.03464, 0.0269], "cm5 charges": [-0.02729, -0.57763, -0.01764, 0.71173, -0.62009, -0.57763, -0.01766, -0.02732, 0.09411, 0.10045, 0.08848, 0.09657, 0.1152, 0.08193, 0.08195, 0.11521, 0.09656, 0.09413, 0.10046, 0.08849], "FUKUI+": [0.031, -0.083, 0.042, -0.158, -0.231, -0.083, 0.042, 0.031, -0.058, -0.035, -0.063, -0.048, -0.029, -0.063, -0.063, -0.029, -0.048, -0.058, -0.035, -0.063], "FUKUI-": [0.039, -0.131, 0.04, 0.003, -0.102, -0.131, 0.04, 0.039, -0.08, -0.038, -0.067, -0.091, -0.053, -0.07, -0.07, -0.053, -0.091, -0.08, -0.038, -0.067], "FUKUIrad": [0.035, -0.107, 0.041, -0.077, -0.167, -0.107, 0.041, 0.035, -0.069, -0.037, -0.065, -0.069, -0.041, -0.066, -0.066, -0.041, -0.069, -0.069, -0.037, -0.065], "s proportion": [0.984, 1.445, 0.981, 0.955, 1.73, 1.445, 0.981, 0.984, 0.968, 0.965, 0.973, 0.966, 0.949, 0.98, 0.98, 0.949, 0.966, 0.968, 0.965, 0.973], "p proportion": [2.956, 3.868, 2.951, 2.492, 4.849, 3.868, 2.951, 2.956, 0.0, 0.0, 0.0, 0.0, 0.0, 0.0, 0.0, 0.0, 0.0, 0.0, 0.0, 0.0], "d proportion": [0.0, 0.0, 0.0, 0.0, 0.0, 0.0, 0.0, 0.0, 0.0, 0.0, 0.0, 0.0, 0.0, 0.0, 0.0, 0.0, 0.0, 0.0, 0.0, 0.0], "Fermi-level/eV": -7.613, "Coordination numbers": [3.694, 2.729, 3.7, 2.713, 0.858, 2.729, 3.7, 3.694, 0.924, 0.924, 0.924, 0.924, 0.924, 0.924, 0.924, 0.924, 0.924, 0.924, 0.924, 0.924], "Dispersion coefficient C6": [21.495, 24.137, 21.331, 21.745, 23.116, 24.137, 21.331, 21.495, 2.428, 2.213, 2.368, 2.407, 2.125, 2.403, 2.403, 2.125, 2.407, 2.428, 2.213, 2.368], "Total dispersion C6": 3133.447694, "Total dispersion C8": 65262.458725, "Polarizability alpha": [6.633, 7.297, 6.605, 7.633, 6.446, 7.297, 6.605, 6.633, 2.437, 2.327, 2.406, 2.426, 2.28, 2.424, 2.424, 2.279, 2.426, 2.437, 2.326, 2.406], "Total polarizability alpha": 83.748519,