{"total energy": -14.7098561, "HOMO-LUMO gap/eV": 6.8594711, "electronic energy": -15.00137304, "dipole": [-0.22125372, 0.02932578, -0.14295399], "partial charges": [-0.09875665, -0.04379911, -0.03824731, -0.02532815, -0.11402793, 0.03219031, 0.03710269, 0.02988657, 0.03249135, 0.02688868, 0.04528492, 0.04863938, 0.06767525], "atomic dipole moments": [[0.00814116, -0.08394988, -0.05530002], [0.08046757, 0.07770644, -0.00101415], [-0.06587554, 0.00080329, 0.06247982], [-0.34429247, 0.04238578, -0.24676363], [0.26926296, -0.03596541, 0.19467451], [0.00378207, 0.10432915, -0.07060328], [0.08871775, 0.01033909, 0.09221413], [-0.1109457, -0.00111246, 0.05751803], [-0.01181003, -0.10059436, 0.07656639], [-0.09515766, -0.00614573, -0.07620716], [-0.01042622, -0.09614387, -0.08443652], [0.00709921, 0.10626214, -0.07663096], [0.17313776, -0.02227573, 0.12518365]], "atomic quadrupole moments": [[-0.10646123, -0.02449416, 0.12313287, -0.03240371, 0.16055736, -0.01667164], [0.03519143, -0.02237623, 0.00144064, -0.15985374, 0.15602603, -0.03663207], [0.16063009, -0.01191186, -0.1487812, -0.08657491, 0.00726638, -0.01184889], [-0.45817382, 0.12851921, 0.46528379, -0.69057444, 0.09115869, -0.00710997], [-0.53433736, 0.14391031, 0.53993264, -0.80226173, 0.10263479, -0.00559528], [-0.05308832, 0.00738158, 0.03439713, -0.00599113, -0.0539128, 0.01869119], [0.0250563, -0.00652487, -0.02974988, 0.06358215, 0.00344992, 0.00469358], [0.05696418, 0.01218099, -0.03444118, -0.05146499, 0.00781811, -0.022523], [-0.03394866, -0.01406504, 0.02480387, -0.00458964, -0.03648645, 0.00914478], [0.01862115, -0.01381895, -0.03654829, 0.03780911, 0.01359332, 0.01792715], [-0.01397858, -0.00064899, 0.02618575, -0.00367284, 0.05115371, -0.01220717], [-0.01641138, 0.00641478, 0.0408239, -0.00856444, -0.03891666, -0.02441252], [-0.01919111, 0.00473837, 0.01927726, -0.02789906, 0.00333674, -8.615e-05]], "number of molecular orbitals": 28, "number of electrons": 28, "number of unpaired electrons": 0, "orbital energies/eV": [-16.95980176, -16.37732394, -16.011682, -15.2589883, -14.24559675, -13.77254032, -13.59050282, -13.12889819, -12.64601082, -12.24034185, -12.06974227, -11.6844394, -10.89322972, -10.82206364, -3.96259254, -3.85185721, 1.24828815, 2.87274872, 3.59634427, 3.94734147, 4.2668201, 4.86912683, 5.67147093, 6.82954867, 6.97155053, 7.39343369, 8.76138066, 38.01431859], "fractional occupation": [2.0, 2.0, 2.0, 2.0, 2.0, 2.0, 2.0, 2.0, 2.0, 2.0, 2.0, 2.0, 2.0, 2.0, 0.0, 0.0, 0.0, 0.0, 0.0, 0.0, 0.0, 0.0, 0.0, 0.0, 0.0, 0.0, 0.0, 0.0], "program call": "xtb /home/svss/Project-DBcg-Debug/aqme2_20220329/End-to-End-workflows-final/example-3/QDESCP/mol_787_rdkit_conf_2/mol_787_rdkit_conf_2.xyz --pop --wbo --acc 0.2 --gfn 2 --chrg 0 --uhf 0 --etemp 300 --input /home/svss/Project-DBcg-Debug/aqme2_20220329/End-to-End-workflows-final/example-3/QDESCP/mol_787_rdkit_conf_2/mol_787_rdkit_conf_2_xtb.inp", "method": "GFN2-xTB", "xtb version": "6.3.3 (7355c4f)", "Dipole module/D": 0.674, "Total charge": 0, "Transition dipole module/D": NaN, "HOMO": -10.8221, "LUMO": -3.9626, "HOMO occupancy": 2.0, "LUMO occupancy": 0, "mulliken charges": [-0.08466, -0.03377, -0.02264, -0.02709, -0.10665, 0.02734, 0.03137, 0.0292, 0.02781, 0.02432, 0.03846, 0.03793, 0.05837], "cm5 charges": [-0.23434, -0.14452, -0.12506, -0.0392, -0.15821, 0.07871, 0.08329, 0.07997, 0.08254, 0.07854, 0.0933, 0.09317, 0.11181], "FUKUI+": [0.024, 0.003, 0.019, -0.243, -0.205, -0.032, -0.006, -0.05, -0.04, -0.071, -0.102, -0.102, -0.195], "FUKUI-": [0.018, 0.008, 0.008, -0.088, -0.115, -0.093, -0.085, -0.087, -0.107, -0.103, -0.124, -0.117, -0.112], "FUKUIrad": [0.021, 0.005, 0.013, -0.166, -0.16, -0.063, -0.045, -0.069, -0.074, -0.087, -0.113, -0.11, -0.153], "s proportion": [1.007, 1.027, 1.02, 1.113, 1.088, 0.973, 0.969, 0.971, 0.972, 0.976, 0.962, 0.962, 0.942], "p proportion": [3.077, 3.007, 3.002, 2.914, 3.018, 0.0, 0.0, 0.0, 0.0, 0.0, 0.0, 0.0, 0.0], "d proportion": [0.0, 0.0, 0.0, 0.0, 0.0, 0.0, 0.0, 0.0, 0.0, 0.0, 0.0, 0.0, 0.0], "Fermi-level/eV": -7.3923, "Coordination numbers": [3.749, 3.802, 3.803, 1.964, 1.908, 0.924, 0.924, 0.924, 0.924, 0.924, 0.924, 0.924, 0.927], "Dispersion coefficient C6": [22.451, 21.357, 21.256, 31.743, 34.282, 2.556, 2.488, 2.588, 2.551, 2.631, 2.38, 2.337, 2.111], "Total dispersion C6": 1438.792614, "Total dispersion C8": 32472.582207, "Polarizability alpha": [6.758, 6.58, 6.564, 9.099, 9.456, 2.5, 2.467, 2.516, 2.498, 2.537, 2.412, 2.391, 2.272], "Total polarizability alpha": 58.048187, "Wiberg matrix": [[0.0, 1.0209926127245328, 0.0, 0.0, 0.0, 0.9875023600954049, 0.9872834211119974, 0.9873600197346583, 0.0, 0.0, 0.0, 0.0, 0.0], [1.0209926127245328, 0.0, 0.9907833345669346, 0.0, 0.0, 0.0, 0.0, 0.0, 0.9784906352682881, 0.9773366542750674, 0.0, 0.0, 0.0], [0.0, 0.9907833345669346, 0.0, 1.0448120150570874, 0.0, 0.0, 0.0, 0.0, 0.0, 0.0, 0.9573079906744582, 0.9575464212869992, 0.0], [0.0, 0.0, 1.0448120150570874, 0.0, 2.9027963012749964, 0.0, 0.0, 0.0, 0.0, 0.0, 0.0, 0.0, 0.0], [0.0, 0.0, 0.0, 2.9027963012749964, 0.0, 0.0, 0.0, 0.0, 0.0, 0.0, 0.0, 0.0, 0.9709608290176716], [0.9875023600954049, 0.0, 0.0, 0.0, 0.0, 0.0, 0.0, 0.0, 0.0, 0.0, 0.0, 0.0, 0.0], [0.9872834211119974, 0.0, 0.0, 0.0, 0.0, 0.0, 0.0, 0.0, 0.0, 0.0, 0.0, 0.0, 0.0], [0.9873600197346583, 0.0, 0.0, 0.0, 0.0, 0.0, 0.0, 0.0, 0.0, 0.0, 0.0, 0.0, 0.0], [0.0, 0.9784906352682881, 0.0, 0.0, 0.0, 0.0, 0.0, 0.0, 0.0, 0.0, 0.0, 0.0, 0.0], [0.0, 0.9773366542750674, 0.0, 0.0, 0.0, 0.0, 0.0, 0.0, 0.0, 0.0, 0.0, 0.0, 0.0], [0.0, 0.0, 0.9573079906744582, 0.0, 0.0, 0.0, 0.0, 0.0, 0.0, 0.0, 0.0, 0.0, 0.0], [0.0, 0.0, 0.9575464212869992, 0.0, 0.0, 0.0, 0.0, 0.0, 0.0, 0.0, 0.0, 0.0, 0.0], [0.0, 0.0, 0.0, 0.0, 0.9709608290176716, 0.0, 0.0, 0.0, 0.0, 0.0, 0.0, 0.0, 0.0]], "Born radii": [], "Atomic SASAs": [], "Solvent H bonds": [], "Total SASA": NaN, "Total FOD": 0.0, "FOD": [0.0, 0.0, 0.0, 0.0, 0.0, 0.0, 0.0, 0.0, 0.0, 0.0, 0.0, 0.0, 0.0], "FOD s proportion": [0.0, 0.0, 0.0, 0.0, 0.0, 0.0, 0.0, 0.0, 0.0, 0.0, 0.0, 0.0, 0.0], "FOD p proportion": [0.0, 0.0, 0.0, 0.0, 0.0, 0.0, 0.0, 0.0, 0.0, 0.0, 0.0, 0.0, 0.0], "FOD d proportion": [0.0, 0.0, 0.0, 0.0, 0.0, 0.0, 0.0, 0.0, 0.0, 0.0, 0.0, 0.0, 0.0], "coordinates": [["-1.12270", "0.94180", "0.53050"], ["-0.96280", "-0.32030", "-0.30680"], ["0.34000", "-0.34680", "-1.10570"], ["1.52110", "-0.50020", "-0.24280"], ["2.48830", "-0.62620", "0.45780"], ["-1.07480", "1.83730", "-0.09740"], ["-0.34530", "1.01610", "1.29700"], ["-2.09290", "0.93590", "1.03750"], ["-1.02820", "-1.19910", "0.34620"], ["-1.80450", "-0.37880", "-1.00730"], ["0.30450", "-1.18710", "-1.80910"], ["0.43090", "0.56530", "-1.70670"], ["3.34630", "-0.73790", "1.07980"]],