{"total energy": -20.88614457, "HOMO-LUMO gap/eV": 12.09626317, "electronic energy": -21.13853401, "dipole": [0.71361445, -0.08083619, 0.30408342], "partial charges": [-0.10014466, -0.05389737, -0.02446267, -0.10196456, 0.07649106, -0.44220988, 0.03299377, 0.03733816, 0.03206955, 0.02428701, 0.03136745, 0.02915047, 0.04523009, 0.03424266, 0.03618861, 0.04471299, 0.01319673, 0.28541059], "atomic dipole moments": [[-0.0869522, 0.04823182, 0.03005961], [-0.00123433, -0.10507214, -0.0342765], [-0.02516104, 0.08341653, -0.03428691], [0.02388822, 0.02190397, 0.10762841], [0.02249064, 0.14567233, -0.13350782], [0.16241021, -0.10993883, 0.13725554], [0.01792543, -0.10690967, 0.06582707], [0.00300688, -0.02672926, -0.12388279], [0.0985466, 0.07327842, 0.02185474], [0.01751748, 0.03857204, 0.11386265], [-0.00561034, 0.10396859, -0.06756685], [0.0179934, -0.10593977, 0.06039427], [-0.01232686, 0.10247739, -0.07819538], [0.08724041, -0.07378486, -0.05072092], [-0.10798001, -0.06674304, -0.01037356], [-0.10018119, -0.07724533, 0.00272719], [0.01518608, 0.03453568, 0.1112092], [0.05942605, 0.04757576, 0.02018364]], "atomic quadrupole moments": [[0.13217328, -0.13064538, -0.02998689, -0.07497358, 0.05300577, -0.10218639], [0.20181991, 0.01067717, -0.02410699, -0.05935484, 0.07061032, -0.17771292], [0.09678446, 0.02078307, -0.10171746, -0.03296971, 0.12801828, 0.004933], [-0.07775153, 0.01783689, -0.1137246, 0.06001558, 0.08170296, 0.19147613], [-0.11852848, -0.22485585, 0.21696517, -0.00763129, -0.23430699, -0.0984367], [-0.04392765, -0.04476742, 0.08510959, 0.05251822, -0.11194652, -0.04118193], [-0.03652906, -0.00925545, 0.04150772, -0.00832532, -0.05773179, -0.00497867], [-0.03210552, -0.00873309, -0.03972401, 0.01753938, 0.02548618, 0.07182954], [0.03324529, 0.05332209, 0.01123059, 0.01228711, 0.02591293, -0.04447588], [-0.00997969, 0.00235633, -0.04427666, 0.00279252, 0.02159493, 0.05425636], [-0.01429083, -0.01491554, 0.01165701, 0.00655418, -0.04887124, 0.00263382], [-0.01824532, -0.01300362, 0.02255264, 0.00838133, -0.02277517, -0.00430732], [-0.04865341, -0.00621971, 0.05726957, 0.00791107, -0.04404664, -0.00861616], [0.03537305, -0.05950108, -0.01489383, -0.02265488, 0.02145621, -0.02047922], [0.04855713, 0.05764433, -0.02010976, -0.00677835, 0.00071921, -0.02844737], [0.02639677, 0.030231, 0.01457868, 0.01424803, 0.00680751, -0.04097545], [-0.03477395, -0.00796432, -0.00064588, 0.03289312, 0.00828463, 0.03541982], [0.02746446, 0.09879813, 0.03701396, 0.03898623, -0.00219994, -0.06447842]], "number of molecular orbitals": 36, "number of electrons": 38, "number of unpaired electrons": 0, "orbital energies/eV": [-18.50451843, -17.21750509, -16.71749163, -16.21935576, -15.8524468, -15.2245634, -14.88886148, -14.37519305, -14.14511188, -13.76351212, -13.2142937, -12.88776732, -12.74471669, -12.41192532, -12.38109491, -11.84420473, -11.70336413, -11.61355106, -10.99588828, 1.10037489, 1.84507463, 2.33201357, 2.60971947, 3.20588677, 3.64921682, 3.92222358, 4.73994749, 4.92782001, 5.29559233, 5.39879036, 5.85471381, 6.39431404, 6.97033713, 7.22191973, 7.6467907, 7.7988085], "fractional occupation": [2.0, 2.0, 2.0, 2.0, 2.0, 2.0, 2.0, 2.0, 2.0, 2.0, 2.0, 2.0, 2.0, 2.0, 2.0, 2.0, 2.0, 2.0, 2.0, 0.0, 0.0, 0.0, 0.0, 0.0, 0.0, 0.0, 0.0, 0.0, 0.0, 0.0, 0.0, 0.0, 0.0, 0.0, 0.0, 0.0], "program call": "xtb /home/svss/Project-DBcg-Debug/aqme2_20220329/End-to-End-workflows-final/example-3/QDESCP/mol_17_rdkit_conf_12/mol_17_rdkit_conf_12.xyz --pop --wbo --acc 0.2 --gfn 2 --chrg 0 --uhf 0 --etemp 300 --input /home/svss/Project-DBcg-Debug/aqme2_20220329/End-to-End-workflows-final/example-3/QDESCP/mol_17_rdkit_conf_12/mol_17_rdkit_conf_12_xtb.inp", "method": "GFN2-xTB", "xtb version": "6.3.3 (7355c4f)", "Dipole module/D": 1.982, "Total charge": 0, "Transition dipole module/D": NaN, "HOMO": -10.9959, "LUMO": 1.1004, "HOMO occupancy": 2.0, "LUMO occupancy": 0, "mulliken charges": [-0.08235, -0.04644, -0.02901, -0.08387, 0.19001, -0.56439, 0.02728, 0.02954, 0.02895, 0.01914, 0.0234, 0.02027, 0.0367, 0.02572, 0.03146, 0.03075, 0.00941, 0.33342], "cm5 charges": [-0.23291, -0.15661, -0.0992, -0.23121, 0.10493, -0.77965, 0.0787, 0.08131, 0.07972, 0.07467, 0.08042, 0.07893, 0.09068, 0.07769, 0.08354, 0.09368, 0.07188, 0.50345], "FUKUI+": [0.011, -0.021, -0.021, 0.023, -0.014, -0.12, -0.046, -0.045, -0.067, -0.054, -0.047, -0.11, -0.047, -0.07, -0.063, -0.102, -0.097, -0.108], "FUKUI-": [0.015, 0.011, -0.019, 0.018, 0.008, -0.143, -0.075, -0.077, -0.078, -0.079, -0.06, -0.064, -0.049, -0.096, -0.074, -0.079, -0.102, -0.058], "FUKUIrad": [0.013, -0.005, -0.02, 0.021, -0.003, -0.132, -0.061, -0.061, -0.072, -0.067, -0.053, -0.087, -0.048, -0.083, -0.069, -0.09, -0.1, -0.083], "s proportion": [1.007, 1.031, 1.061, 1.01, 0.995, 1.695, 0.973, 0.97, 0.971, 0.981, 0.977, 0.98, 0.963, 0.974, 0.969, 0.969, 0.991, 0.667], "p proportion": [3.075, 3.015, 2.968, 3.074, 2.814, 4.87, 0.0, 0.0, 0.0, 0.0, 0.0, 0.0, 0.0, 0.0, 0.0, 0.0, 0.0, 0.0], "d proportion": [0.0, 0.0, 0.0, 0.0, 0.0, 0.0, 0.0, 0.0, 0.0, 0.0, 0.0, 0.0, 0.0, 0.0, 0.0, 0.0, 0.0, 0.0], "Fermi-level/eV": -4.9478, "Coordination numbers": [3.749, 3.8, 3.847, 3.751, 3.676, 1.653, 0.924, 0.924, 0.924, 0.924, 0.924, 0.924, 0.924, 0.924, 0.924, 0.924, 0.924, 0.804], "Dispersion coefficient C6": [22.478, 21.543, 20.977, 22.51, 19.521, 21.687, 2.544, 2.485, 2.557, 2.669, 2.567, 2.599, 2.38, 2.527, 2.5, 2.387, 2.839, 0.767], "Total dispersion C6": 2127.191702, "Total dispersion C8": 43679.960385, "Polarizability alpha": [6.762, 6.608, 6.515, 6.766, 6.331, 6.286, 2.495, 2.465, 2.501, 2.555, 2.506, 2.521, 2.413, 2.486, 2.473, 2.416, 2.635, 1.375], "Total polarizability alpha": 68.108602, "Wiberg matrix": [[0.0, 1.0198910144266433, 0.0, 0.0, 0.0, 0.0, 0.9873195184139066, 0.9858610942230386, 0.9870003808101919, 0.0, 0.0, 0.0, 0.0, 0.0, 0.0, 0.0, 0.0, 0.0], [1.0198910144266433, 0.0, 0.9955087223468095, 0.0, 0.0, 0.0, 0.0, 0.0, 0.0, 0.9771792713082811, 0.9746126236449038, 0.0, 0.0, 0.0, 0.0, 0.0, 0.0, 0.0], [0.0, 0.9955087223468095, 0.0, 1.009681645283062, 0.985437344791089, 0.0, 0.0, 0.0, 0.0, 0.0, 0.0, 0.9669503736410127, 0.0, 0.0, 0.0, 0.0, 0.0, 0.0], [0.0, 0.0, 1.009681645283062, 0.0, 0.0, 0.0, 0.0, 0.0, 0.0, 0.0, 0.0, 0.0, 0.9859510846823525, 0.9848980142747779, 0.9857313286900664, 0.0, 0.0, 0.0], [0.0, 0.0, 0.985437344791089, 0.0, 0.0, 0.9975506940848738, 0.0, 0.0, 0.0, 0.0, 0.0, 0.0, 0.0, 0.0, 0.0, 0.9725887773670944, 0.9725573610094829, 0.0], [0.0, 0.0, 0.0, 0.0, 0.9975506940848738, 0.0, 0.0, 0.0, 0.0, 0.0, 0.0, 0.0, 0.0, 0.0, 0.0, 0.0, 0.0, 0.9023214902488926], [0.9873195184139066, 0.0, 0.0, 0.0, 0.0, 0.0, 0.0, 0.0, 0.0, 0.0, 0.0, 0.0, 0.0, 0.0, 0.0, 0.0, 0.0, 0.0], [0.9858610942230386, 0.0, 0.0, 0.0, 0.0, 0.0, 0.0, 0.0, 0.0, 0.0, 0.0, 0.0, 0.0, 0.0, 0.0, 0.0, 0.0, 0.0], [0.9870003808101919, 0.0, 0.0, 0.0, 0.0, 0.0, 0.0, 0.0, 0.0, 0.0, 0.0, 0.0, 0.0, 0.0, 0.0, 0.0, 0.0, 0.0], [0.0, 0.9771792713082811, 0.0, 0.0, 0.0, 0.0, 0.0, 0.0, 0.0, 0.0, 0.0, 0.0, 0.0, 0.0, 0.0, 0.0, 0.0, 0.0], [0.0, 0.9746126236449038, 0.0, 0.0, 0.0, 0.0, 0.0, 0.0, 0.0, 0.0, 0.0, 0.0, 0.0, 0.0, 0.0, 0.0, 0.0, 0.0], [0.0, 0.0, 0.9669503736410127, 0.0, 0.0, 0.0, 0.0, 0.0, 0.0, 0.0, 0.0, 0.0, 0.0, 0.0, 0.0, 0.0, 0.0, 0.0], [0.0, 0.0, 0.0, 0.9859510846823525, 0.0, 0.0, 0.0, 0.0, 0.0, 0.0, 0.0, 0.0, 0.0, 0.0, 0.0, 0.0, 0.0, 0.0], [0.0, 0.0, 0.0, 0.9848980142747779, 0.0, 0.0, 0.0, 0.0, 0.0, 0.0, 0.0, 0.0, 0.0, 0.0, 0.0, 0.0, 0.0, 0.0], [0.0, 0.0, 0.0, 0.9857313286900664, 0.0, 0.0, 0.0, 0.0, 0.0, 0.0, 0.0, 0.0, 0.0, 0.0, 0.0, 0.0, 0.0, 0.0], [0.0, 0.0, 0.0, 0.0, 0.9725887773670944, 0.0, 0.0, 0.0, 0.0, 0.0, 0.0, 0.0, 0.0, 0.0, 0.0, 0.0, 0.0, 0.0], [0.0, 0.0, 0.0, 0.0, 0.9725573610094829, 0.0, 0.0, 0.0, 0.0, 0.0, 0.0, 0.0, 0.0, 0.0, 0.0, 0.0, 0.0, 0.0], [0.0, 0.0, 0.0, 0.0, 0.0, 0.9023214902488926, 0.0, 0.0, 0.0, 0.0, 0.0, 0.0, 0.0, 0.0, 0.0, 0.0, 0.0, 0.0]], "Born radii": [], "Atomic SASAs": [], "Solvent H bonds": [], "Total SASA": NaN, "Total FOD": 0.0,