{"total energy": -18.61625327, "HOMO-LUMO gap/eV": 11.72831386, "electronic energy": -18.77298935, "dipole": [-0.01171605, 0.03578972, 0.01518494], "partial charges": [0.03974602, -0.32305181, 0.21074729, -0.32309382, 0.03971067, 0.04686277, 0.03391968, 0.05787415, 0.03928782, 0.03925529, 0.04689146, 0.0578997, 0.03395079], "atomic dipole moments": [[0.19854919, -0.10904018, 0.06946267], [-0.0219087, 0.08255166, -0.26207226], [-0.07222588, 0.21946535, 0.09282693], [0.03266971, -0.11541244, 0.24818291], [-0.12443319, -0.1160994, -0.16471117], [0.02973514, 0.11601756, -0.03442241], [-0.04708217, -0.06805388, -0.08979797], [-0.08669293, 0.00760538, 0.09005522], [-0.04459895, -0.06162558, -0.09409488], [0.08895392, -0.0731801, 0.03707327], [-0.07660307, 0.0264197, 0.0946621], [0.04877397, 0.10771995, -0.04126346], [0.09332972, -0.07270756, 0.03025075]], "atomic quadrupole moments": [[0.27343606, -0.28633642, -0.13185975, 0.1982355, -0.10923643, -0.14157631], [0.0773097, -0.08683675, -0.09997184, -0.03628806, -0.03944385, 0.02266214], [0.00619842, 0.14210909, 0.08787079, -0.34110224, -0.06693298, -0.09406921], [-0.06713233, 0.1090558, 0.0440888, 0.05648608, -0.00859491, 0.02304353], [-0.04802954, 0.19408853, -0.08101794, 0.29996783, 0.22125057, 0.12904748], [-0.00641646, 0.02051196, 0.04483966, 0.00157363, -0.03688616, -0.03842321], [-0.01989923, 0.00123833, 0.00125506, 0.0417609, 0.04628066, 0.01864417], [0.01511825, -0.01222862, -0.04872353, -0.05707548, -0.00535728, 0.03360528], [-0.00534056, 0.0206312, -0.03111097, 0.01185773, 0.01652055, 0.03645153], [0.01531064, -0.01545836, -0.00277237, 0.01756667, -0.03538951, -0.01253826], [0.01529746, 0.00205733, -0.04405643, -0.03852168, 0.02369113, 0.02875897], [-0.03277958, 0.04524387, 0.04487433, -0.00851153, -0.03956941, -0.01209475], [0.01374666, -0.05102534, 0.00817388, 0.03591082, -0.00019744, -0.02192053]], "number of molecular orbitals": 28, "number of electrons": 32, "number of unpaired electrons": 0, "orbital energies/eV": [-19.29641596, -19.07896904, -17.70243185, -17.25284427, -16.34115432, -15.62334756, -15.54269061, -15.18015523, -14.34734241, -14.06405115, -13.94456329, -12.86497871, -12.82241018, -12.29174321, -11.41696068, -11.32318458, 0.40512927, 0.77853924, 2.59587848, 3.11740346, 3.24548737, 4.04246419, 4.72991724, 4.79264437, 5.45529939, 5.60754549, 5.75232769, 6.78631034], "fractional occupation": [2.0, 2.0, 2.0, 2.0, 2.0, 2.0, 2.0, 2.0, 2.0, 2.0, 2.0, 2.0, 2.0, 2.0, 2.0, 2.0, 0.0, 0.0, 0.0, 0.0, 0.0, 0.0, 0.0, 0.0, 0.0, 0.0, 0.0, 0.0], "program call": "xtb /home/svss/Project-DBcg-Debug/aqme2_20220329/End-to-End-workflows-final/example-3/QDESCP/mol_841_rdkit_conf_1/mol_841_rdkit_conf_1.xyz --pop --wbo --acc 0.2 --gfn 2 --chrg 0 --uhf 0 --etemp 300 --input /home/svss/Project-DBcg-Debug/aqme2_20220329/End-to-End-workflows-final/example-3/QDESCP/mol_841_rdkit_conf_1/mol_841_rdkit_conf_1_xtb.inp", "method": "GFN2-xTB", "xtb version": "6.3.3 (7355c4f)", "Dipole module/D": 0.103, "Total charge": 0, "Transition dipole module/D": NaN, "HOMO": -11.3232, "LUMO": 0.4051, "HOMO occupancy": 2.0, "LUMO occupancy": 0, "mulliken charges": [0.17254, -0.47113, 0.39726, -0.47116, 0.17251, 0.02739, 0.01423, 0.03026, 0.02809, 0.02807, 0.02741, 0.03028, 0.01425], "cm5 charges": [0.05113, -0.57259, 0.34163, -0.57262, 0.05108, 0.08916, 0.0736, 0.08935, 0.09855, 0.09851, 0.08919, 0.08937, 0.07363], "FUKUI+": [0.001, -0.136, -0.001, -0.137, 0.001, -0.067, -0.079, -0.1, -0.118, -0.118, -0.067, -0.1, -0.079], "FUKUI-": [0.036, -0.158, 0.042, -0.158, 0.036, -0.1, -0.127, -0.085, -0.088, -0.088, -0.1, -0.085, -0.127], "FUKUIrad": [0.019, -0.147, 0.021, -0.147, 0.019, -0.083, -0.103, -0.092, -0.103, -0.103, -0.083, -0.092, -0.103], "s proportion": [0.97, 1.695, 0.959, 1.695, 0.97, 0.973, 0.986, 0.97, 0.972, 0.972, 0.973, 0.97, 0.986], "p proportion": [2.857, 4.776, 2.644, 4.776, 2.858, 0.0, 0.0, 0.0, 0.0, 0.0, 0.0, 0.0, 0.0], "d proportion": [0.0, 0.0, 0.0, 0.0, 0.0, 0.0, 0.0, 0.0, 0.0, 0.0, 0.0, 0.0, 0.0], "Fermi-level/eV": -5.459, "Coordination numbers": [3.651, 1.698, 3.605, 1.698, 3.651, 0.924, 0.924, 0.924, 0.924, 0.924, 0.924, 0.924, 0.924], "Dispersion coefficient C6": [20.214, 19.402, 17.763, 19.403, 20.215, 2.36, 2.532, 2.224, 2.458, 2.459, 2.359, 2.224, 2.531], "Total dispersion C6": 1176.020383, "Total dispersion C8": 23482.660626, "Polarizability alpha": [6.458, 5.947, 6.092, 5.947, 6.458, 2.402, 2.488, 2.332, 2.452, 2.452, 2.402, 2.332, 2.488], "Total polarizability alpha": 50.250139, "Wiberg matrix": [[0.0, 0.9853008944351439, 0.0, 0.0, 0.0, 0.9801322698594169, 0.9785956246347739, 0.980742727090103, 0.0, 0.0, 0.0, 0.0, 0.0], [0.9853008944351439, 0.0, 0.9873356018961356, 0.0, 0.0, 0.0, 0.0, 0.0, 0.0, 0.0, 0.0, 0.0, 0.0], [0.0, 0.9873356018961356, 0.0, 0.9873496858116521, 0.0, 0.0, 0.0, 0.0, 0.9610064675190262, 0.9609959962554738, 0.0, 0.0, 0.0], [0.0, 0.0, 0.9873496858116521, 0.0, 0.9852559955773534, 0.0, 0.0, 0.0, 0.0, 0.0, 0.0, 0.0, 0.0], [0.0, 0.0, 0.0, 0.9852559955773534, 0.0, 0.0, 0.0, 0.0, 0.0, 0.0, 0.9801456678845453, 0.9807495149134529, 0.978606264107018], [0.9801322698594169, 0.0, 0.0, 0.0, 0.0, 0.0, 0.0, 0.0, 0.0, 0.0, 0.0, 0.0, 0.0], [0.9785956246347739, 0.0, 0.0, 0.0, 0.0, 0.0, 0.0, 0.0, 0.0, 0.0, 0.0, 0.0, 0.0], [0.980742727090103, 0.0, 0.0, 0.0, 0.0, 0.0, 0.0, 0.0, 0.0, 0.0, 0.0, 0.0, 0.0], [0.0, 0.0, 0.9610064675190262, 0.0, 0.0, 0.0, 0.0, 0.0, 0.0, 0.0, 0.0, 0.0, 0.0], [0.0, 0.0, 0.9609959962554738, 0.0, 0.0, 0.0, 0.0, 0.0, 0.0, 0.0, 0.0, 0.0, 0.0], [0.0, 0.0, 0.0, 0.0, 0.9801456678845453, 0.0, 0.0, 0.0, 0.0, 0.0, 0.0, 0.0, 0.0], [0.0, 0.0, 0.0, 0.0, 0.9807495149134529, 0.0, 0.0, 0.0, 0.0, 0.0, 0.0, 0.0, 0.0], [0.0, 0.0, 0.0, 0.0, 0.978606264107018, 0.0, 0.0, 0.0, 0.0, 0.0, 0.0, 0.0, 0.0]], "Born radii": [], "Atomic SASAs": [], "Solvent H bonds": [], "Total SASA": NaN, "Total FOD": 0.0, "FOD": [0.0, 0.0, 0.0, 0.0, 0.0, 0.0, 0.0, 0.0, 0.0, 0.0, 0.0, 0.0, 0.0], "FOD s proportion": [0.0, 0.0, 0.0, 0.0, 0.0, 0.0, 0.0, 0.0, 0.0, 0.0, 0.0, 0.0, 0.0], "FOD p proportion": [0.0, 0.0, 0.0, 0.0, 0.0, 0.0, 0.0, 0.0, 0.0, 0.0, 0.0, 0.0, 0.0], "FOD d proportion": [0.0, 0.0, 0.0, 0.0, 0.0, 0.0, 0.0, 0.0, 0.0, 0.0, 0.0, 0.0, 0.0], "coordinates": [["-1.87590", "-0.12160", "0.11840"], ["-0.72190", "-0.76080", "0.64700"], ["0.29690", "-0.90310", "-0.33620"], ["0.85940", "0.34260", "-0.73210"], ["1.60730", "0.93880", "0.31920"], ["-1.64160", "0.89420", "-0.21390"], ["-2.29380", "-0.70300", "-0.70920"], ["-2.62610", "-0.06010", "0.91150"], ["-0.10920", "-1.39920", "-1.22490"], ["1.08050", "-1.55460", "0.06710"], ["0.96510", "1.16320", "1.17610"], ["2.02860", "1.87750", "-0.05070"], ["2.43080", "0.28610", "0.62470"]],