{"total energy": -17.85579279, "HOMO-LUMO gap/eV": 4.63259486, "electronic energy": -17.9965405, "dipole": [-0.03465622, -0.97490227, -0.04900179], "partial charges": [-0.26326689, 0.28012951, -0.41449439, -0.00139294, -0.18866531, 0.20328676, 0.19925065, 0.09102271, 0.09412991], "atomic dipole moments": [[0.00767349, 0.05654608, -0.06384822], [0.01692885, -0.03147351, -0.01593055], [0.04311896, -0.18985519, -0.04103209], [-0.06031172, -0.13972899, -0.10708217], [0.09332083, 0.13380959, 0.02539136], [-0.12861852, 0.05027516, 0.01438199], [0.02076237, -0.1115619, -0.07532314], [0.06632749, -0.0433561, 0.11481737], [0.06610899, 0.10783091, -0.05843219]], "atomic quadrupole moments": [[-0.04433587, 0.0524127, 0.02298011, 0.02206018, -0.03780795, 0.02135576], [-0.20718024, -0.01557693, -0.25806731, 0.15193417, -0.12465786, 0.46524756], [-0.11577738, -0.00947032, -0.04911064, 0.06154332, -0.04879647, 0.16488803], [-0.08716627, -0.06488993, 0.1299943, -0.05446252, 0.41255046, -0.04282803], [-0.27629267, -0.00057698, 0.19378721, -0.00684414, 0.43286117, 0.08250546], [0.05632349, -0.00838823, -0.00924494, -0.01946697, 0.01553122, -0.04707855], [-0.00384862, -0.00040045, 0.04880579, -0.00583359, 0.03791676, -0.04495717], [-0.02520423, -0.02089366, 0.00028926, 0.02844205, -0.01187477, 0.02491497], [-0.01841903, 0.02208925, 0.02234478, -0.03052516, -0.00696937, -0.00392575]], "number of molecular orbitals": 29, "number of electrons": 30, "number of unpaired electrons": 0, "orbital energies/eV": [-29.15037379, -19.48528923, -18.27637778, -17.8148894, -16.34436301, -15.79268465, -15.39196393, -15.12670515, -14.14332595, -14.04732193, -13.77105692, -12.21399406, -11.84708424, -11.79726878, -11.2470948, -6.61449994, -4.69859584, -0.35388881, -0.1704485, 0.00400279, 0.11750415, 0.3024993, 2.8923703, 3.05007591, 3.9866935, 4.90801889, 5.34843508, 8.65969356, 15.18315841], "fractional occupation": [2.0, 2.0, 2.0, 2.0, 2.0, 2.0, 2.0, 2.0, 2.0, 2.0, 2.0, 2.0, 2.0, 2.0, 2.0, 0.0, 0.0, 0.0, 0.0, 0.0, 0.0, 0.0, 0.0, 0.0, 0.0, 0.0, 0.0, 0.0, 0.0], "program call": "xtb /home/svss/Project-DBcg-Debug/aqme2_20220329/End-to-End-workflows-final/example-3/QDESCP/mol_158_rdkit_conf_1/mol_158_rdkit_conf_1.xyz --pop --wbo --acc 0.2 --gfn 2 --chrg 0 --uhf 0 --etemp 300 --input /home/svss/Project-DBcg-Debug/aqme2_20220329/End-to-End-workflows-final/example-3/QDESCP/mol_158_rdkit_conf_1/mol_158_rdkit_conf_1_xtb.inp", "method": "GFN2-xTB", "xtb version": "6.3.3 (7355c4f)", "Dipole module/D": 2.483, "Total charge": 0, "Transition dipole module/D": NaN, "HOMO": -11.2471, "LUMO": -6.6145, "HOMO occupancy": 2.0, "LUMO occupancy": 0, "mulliken charges": [-0.42042, 0.47432, -0.54065, 0.02693, -0.13808, 0.24776, 0.22265, 0.06154, 0.06595], "cm5 charges": [-0.86845, 0.56326, -0.58305, -0.06279, -0.14537, 0.4395, 0.41353, 0.11907, 0.12428], "FUKUI+": [-0.07, -0.101, -0.213, 0.014, -0.256, -0.079, -0.067, -0.116, -0.113], "FUKUI-": [-0.068, -0.025, -0.253, 0.021, -0.36, -0.066, -0.051, -0.109, -0.089], "FUKUIrad": [-0.069, -0.063, -0.233, 0.017, -0.308, -0.072, -0.059, -0.112, -0.101], "s proportion": [1.424, 1.002, 1.729, 1.056, 1.949, 0.752, 0.777, 0.938, 0.934], "p proportion": [3.997, 2.524, 4.811, 2.917, 5.203, 0.0, 0.0, 0.0, 0.0], "d proportion": [0.0, 0.0, 0.0, 0.0, -0.014, 0.0, 0.0, 0.0, 0.0], "Fermi-level/eV": -8.9308, "Coordination numbers": [2.636, 2.77, 0.859, 3.715, 0.918, 0.86, 0.86, 0.924, 0.924], "Dispersion coefficient C6": [26.828, 22.26, 21.972, 20.731, 105.07, 1.089, 1.11, 1.869, 1.839], "Total dispersion C6": 1165.346168, "Total dispersion C8": 31641.571172, "Polarizability alpha": [7.693, 7.727, 6.285, 6.505, 15.682, 1.635, 1.65, 2.138, 2.121], "Total polarizability alpha": 51.435278, "Wiberg matrix": [[0.0, 1.259632860585496, 0.20123245422242975, 0.0, 0.0, 0.9393642566539295, 0.9331121802230595, 0.0, 0.0], [1.259632860585496, 0.0, 1.7043414435066113, 0.9715379228314311, 0.0, 0.0, 0.0, 0.0, 0.0], [0.20123245422242975, 1.7043414435066113, 0.0, 0.0, 0.0, 0.0, 0.0, 0.0, 0.0], [0.0, 0.9715379228314311, 0.0, 0.0, 0.9540235314062766, 0.0, 0.0, 0.9574412805658677, 0.9699069630840113], [0.0, 0.0, 0.0, 0.9540235314062766, 0.0, 0.0, 0.0, 0.0, 0.0], [0.9393642566539295, 0.0, 0.0, 0.0, 0.0, 0.0, 0.0, 0.0, 0.0], [0.9331121802230595, 0.0, 0.0, 0.0, 0.0, 0.0, 0.0, 0.0, 0.0], [0.0, 0.0, 0.0, 0.9574412805658677, 0.0, 0.0, 0.0, 0.0, 0.0], [0.0, 0.0, 0.0, 0.9699069630840113, 0.0, 0.0, 0.0, 0.0, 0.0]], "Born radii": [], "Atomic SASAs": [], "Solvent H bonds": [], "Total SASA": NaN, "Total FOD": 0.0, "FOD": [0.0, 0.0, 0.0, 0.0, 0.0, 0.0, 0.0, 0.0, 0.0], "FOD s proportion": [0.0, 0.0, 0.0, 0.0, 0.0, 0.0, 0.0, 0.0, 0.0], "FOD p proportion": [0.0, 0.0, 0.0, 0.0, 0.0, 0.0, 0.0, 0.0, 0.0], "FOD d proportion": [0.0, 0.0, 0.0, 0.0, 0.0, 0.0, 0.0, 0.0, 0.0], "coordinates": [["-1.25260", "-0.44670", "0.28370"], ["-0.30960", "0.54010", "0.21860"], ["-0.60760", "1.69630", "0.50690"], ["1.10660", "0.12030", "-0.12090"], ["1.11760", "-1.20240", "-1.31150"], ["-2.20960", "-0.14470", "0.41640"], ["-1.10180", "-1.31280", "-0.22100"], ["1.61490", "-0.21680", "0.78590"], ["1.64220", "0.96670", "-0.55830"]], "bond_dist": [[0.0, 1.3664776800226193, 2.2490647478452015, 2.45988105403493, 2.9552653975573837, 1.012256039744886, 1.0137020962787835, 2.920208057656166, 3.3296442152278076], [1.3664776800226193, 0.0, 1.228299364975819, 1.515623544947755, 2.7229418098813643, 2.029304284724201, 2.062539068720881, 2.144394355056924, 2.1436147998182884], [2.2490647478452015, 1.228299364975819, 0.0, 2.411719403247401, 3.8321476080652217, 2.442104676298704, 3.135084506038075, 2.9457255235340583, 2.593948195319251], [2.45988105403493, 1.515623544947755, 2.411719403247401, 0.0, 1.7796585768062367, 3.369881115113707, 2.6345447766170156, 1.092836465350603, 1.0929680141705886], [2.9552653975573837, 2.7229418098813643, 3.8321476080652217, 1.7796585768062367, 0.0, 3.895462429545432, 2.4753009453397783, 2.370190163256949, 2.355315310101813], [1.012256039744886, 2.029304284724201, 2.442104676298704, 3.369881115113707, 3.895462429545432, 0.0, 1.7314610044699246, 3.8429843754561377, 4.125725789482379], [1.0137020962787835, 2.062539068720881, 3.135084506038075, 2.6345447766170156, 2.4753009453397783, 1.7314610044699246, 0.0, 3.0976640392398913, 3.5832146935398668], [2.920208057656166, 2.144394355056924, 2.9457255235340583, 1.092836465350603, 2.370190163256949, 3.8429843754561377, 3.0976640392398913, 0.0, 1.791170338075081], [3.3296442152278076, 2.1436147998182884, 2.593948195319251, 1.0929680141705886, 2.355315310101813, 4.125725789482379, 3.5832146935398668, 1.791170338075081, 0.0]]}