{"total energy": -24.05214599, "HOMO-LUMO gap/eV": 11.68455143, "electronic energy": -24.34665661, "dipole": [0.32140319, -0.54928448, -0.4717934], "partial charges": [-0.10172173, -0.06326758, 0.0135204, -0.10586884, -0.10402932, 0.07628558, -0.44465491, 0.03409157, 0.0301671, 0.03600404, 0.03098517, 0.03586898, 0.0354534, 0.04703066, 0.03157725, 0.03332343, 0.03055264, 0.03704754, 0.01775413, 0.04382686, 0.28605362], "atomic dipole moments": [[-0.08379984, -0.0060905, 0.06106152], [-0.00431469, 0.06086166, -0.09523726], [0.00470096, 0.01327838, -0.00180135], [0.08222699, 0.01476592, -0.06940778], [0.02437255, 0.04028393, 0.08764433], [-0.19203902, 0.01172534, -0.05460659], [0.17152757, -0.14838317, -0.07136849], [0.09586424, -0.06007654, 0.05120209], [0.03770313, 0.12056174, -0.01191455], [-0.01492545, -0.05130434, -0.11432655], [0.03202632, 0.03926799, 0.11285086], [-0.01510677, -0.12076127, 0.01890341], [0.02429459, 0.04805519, 0.11593423], [-0.11545372, 0.04746, -0.0341516], [-0.02117458, -0.12276287, 0.01790526], [-0.11439756, 0.03584883, -0.03910465], [0.07769476, 0.03052816, -0.09445847], [-0.00645201, -0.12812274, 0.00119813], [0.07410424, 0.0389032, -0.08496373], [0.04317962, 0.05204984, 0.10794088], [-0.00783622, -0.02099621, -0.07511197]], "atomic quadrupole moments": [[0.09986735, 0.02221789, -0.1092759, -0.15213559, -0.03531223, 0.00940855], [0.19116761, -0.07391181, -0.14567586, -0.07536183, -0.06950564, -0.04549176], [-0.02000923, -0.00364561, 0.02031579, 0.0094106, -0.00758252, -0.00030655], [0.05347317, 0.04147584, -0.09450909, -0.1566295, -0.0378909, 0.04103592], [-0.07414756, 0.02399739, -0.0638192, 0.05836718, 0.10327143, 0.13796676], [0.22590298, -0.22942578, 0.05290328, 0.1497543, -0.09018028, -0.27880626], [0.09175037, -0.11513193, -0.03407376, 0.05029239, -0.00185274, -0.05767661], [0.02750863, -0.04575365, -0.01842039, 0.03363141, -0.03862866, -0.00908824], [-0.03687338, 0.01425228, 0.0781426, -0.01402211, -0.00495454, -0.04126922], [-0.02301056, 0.02186198, -0.03159352, 0.02560823, 0.04239676, 0.05460408], [-0.00723181, 0.00548274, -0.02205667, 0.00883526, 0.04605146, 0.02928848], [-0.00429124, 0.01938717, 0.05205489, -0.00926797, 0.00316373, -0.04776365], [-0.02239835, 0.02358725, -0.02568788, 0.02741991, 0.04560078, 0.04808623], [0.03589062, -0.04366784, -0.02204192, 0.03412602, -0.02851092, -0.01384869], [-0.03944487, 0.00427913, 0.08407564, -0.01105408, -0.0034478, -0.04463077], [0.05728261, -0.05053864, -0.02829108, 0.01755833, 0.00023266, -0.02899153], [0.02444115, 0.03505646, -0.03596999, -0.05343956, -0.01852396, 0.01152884], [-0.04883781, 0.00110978, 0.07747679, 0.00759918, -0.01822703, -0.02863898], [0.02308036, -0.02254138, -0.03195941, -0.03410771, -0.0145764, 0.00887905], [-0.03012142, -0.00818187, -0.01356628, 0.02256741, 0.02110753, 0.0436877], [-0.03428184, -0.01044933, -0.07533551, 0.04962582, 0.05028784, 0.10961735]], "number of molecular orbitals": 42, "number of electrons": 44, "number of unpaired electrons": 0, "orbital energies/eV": [-18.4452554, -17.24924433, -16.55171101, -16.43101969, -16.03831323, -15.53051243, -15.25838221, -14.71158269, -14.1951964, -14.14572115, -13.55794558, -13.33328925, -13.22638449, -12.84305776, -12.64175603, -12.37598773, -12.25948908, -12.01438954, -11.89387577, -11.5797456, -11.55677472, -10.87011133, 0.8144401, 1.61191989, 1.88794802, 2.06541383, 2.59704083, 3.38856708, 3.77235581, 3.96339731, 4.99335822, 5.03724214, 5.14557329, 5.70278651, 5.91876333, 6.05533591, 6.23847735, 6.74672489, 6.90639945, 7.2469752, 7.45520183, 7.70594891], "fractional occupation": [2.0, 2.0, 2.0, 2.0, 2.0, 2.0, 2.0, 2.0, 2.0, 2.0, 2.0, 2.0, 2.0, 2.0, 2.0, 2.0, 2.0, 2.0, 2.0, 2.0, 2.0, 2.0, 0.0, 0.0, 0.0, 0.0, 0.0, 0.0, 0.0, 0.0, 0.0, 0.0, 0.0, 0.0, 0.0, 0.0, 0.0, 0.0, 0.0, 0.0, 0.0, 0.0], "program call": "xtb /home/svss/Project-DBcg-Debug/aqme2_20220329/End-to-End-workflows-final/example-3/QDESCP/mol_328_rdkit_conf_7/mol_328_rdkit_conf_7.xyz --pop --wbo --acc 0.2 --gfn 2 --chrg 0 --uhf 0 --etemp 300 --input /home/svss/Project-DBcg-Debug/aqme2_20220329/End-to-End-workflows-final/example-3/QDESCP/mol_328_rdkit_conf_7/mol_328_rdkit_conf_7_xtb.inp", "method": "GFN2-xTB", "xtb version": "6.3.3 (7355c4f)", "Dipole module/D": 2.014, "Total charge": 0, "Transition dipole module/D": NaN, "HOMO": -10.8701, "LUMO": 0.8144, "HOMO occupancy": 2.0, "LUMO occupancy": 0, "mulliken charges": [-0.08607, -0.0552, 0.00685, -0.08904, -0.09734, 0.18463, -0.56334, 0.03168, 0.02534, 0.02812, 0.02563, 0.02836, 0.03094, 0.03964, 0.0253, 0.03012, 0.02544, 0.03306, 0.01134, 0.03103, 0.3335], "cm5 charges": [-0.23679, -0.16335, -0.02508, -0.23435, -0.24348, 0.10141, -0.77937, 0.08245, 0.07733, 0.08009, 0.08109, 0.0838, 0.08348, 0.09431, 0.07736, 0.08397, 0.07834, 0.08523, 0.07526, 0.09478, 0.50349], "FUKUI+": [0.028, -0.037, -0.048, 0.031, 0.03, -0.017, -0.13, -0.079, -0.033, -0.04, -0.062, -0.069, -0.048, -0.052, -0.06, -0.046, -0.045, -0.066, -0.085, -0.085, -0.089], "FUKUI-": [0.021, 0.011, -0.03, 0.025, 0.027, 0.002, -0.143, -0.075, -0.075, -0.057, -0.067, -0.105, -0.051, -0.045, -0.073, -0.041, -0.04, -0.061, -0.095, -0.068, -0.059], "FUKUIrad": [0.025, -0.013, -0.039, 0.028, 0.028, -0.007, -0.137, -0.077, -0.054, -0.049, -0.064, -0.087, -0.049, -0.049, -0.066, -0.044, -0.042, -0.063, -0.09, -0.076, -0.074], "s proportion": [1.008, 1.038, 1.094, 1.016, 1.017, 0.999, 1.696, 0.968, 0.975, 0.972, 0.974, 0.972, 0.969, 0.96, 0.975, 0.97, 0.975, 0.967, 0.989, 0.969, 0.666], "p proportion": [3.078, 3.018, 2.899, 3.073, 3.081, 2.816, 4.867, 0.0, 0.0, 0.0, 0.0, 0.0, 0.0, 0.0, 0.0, 0.0, 0.0, 0.0, 0.0, 0.0, 0.0], "d proportion": [0.0, 0.0, 0.0, 0.0, 0.0, 0.0, 0.0, 0.0, 0.0, 0.0, 0.0, 0.0, 0.0, 0.0, 0.0, 0.0, 0.0, 0.0, 0.0, 0.0, 0.0], "Fermi-level/eV": -5.0278, "Coordination numbers": [3.748, 3.802, 3.893, 3.755, 3.754, 3.676, 1.653, 0.924, 0.924, 0.924, 0.923, 0.923, 0.924, 0.924, 0.924, 0.924, 0.924, 0.924, 0.924, 0.924, 0.804], "Dispersion coefficient C6": [22.51, 21.714, 20.296, 22.578, 22.545, 19.522, 21.736, 2.529, 2.584, 2.503, 2.573, 2.505, 2.51, 2.357, 2.564, 2.54, 2.579, 2.489, 2.768, 2.399, 0.765], "Total dispersion C6": 2908.506656, "Total dispersion C8": 60067.362267, "Polarizability alpha": [6.767, 6.634, 6.404, 6.775, 6.771, 6.33, 6.294, 2.487, 2.514, 2.474, 2.508, 2.475, 2.478, 2.401, 2.504, 2.492, 2.511, 2.467, 2.602, 2.422, 1.374], "Total polarizability alpha": 79.684983,