{"total energy": -18.93304632, "HOMO-LUMO gap/eV": 5.19154205, "electronic energy": -19.2333059, "dipole": [0.08630663, 0.03686808, -0.13738459], "partial charges": [-0.09876783, -0.04994721, -0.05213981, -0.05562251, -0.02623699, -0.09452247, 0.02924983, 0.03580303, 0.03162739, 0.03038822, 0.02645377, 0.02900726, 0.02762892, 0.0352835, 0.03951929, 0.0293528, 0.03265212, 0.03027068], "atomic dipole moments": [[-0.04799388, -0.0652142, -0.06281032], [-0.01016674, 0.10882648, -0.00722781], [-0.02104951, 0.01147972, 0.11067473], [0.02635005, -0.0951318, -0.00818522], [0.07632427, 0.03727557, -0.12642747], [-0.02036388, 0.01286218, 0.07735125], [0.0784911, -0.06474862, 0.07208718], [-0.07735485, 0.06161641, 0.07830374], [0.06885862, 0.08399357, -0.06341073], [-0.06253717, -0.08457082, 0.06825437], [0.08175108, -0.06671648, -0.05843193], [0.0679376, 0.07110261, -0.07258037], [-0.04324982, -0.08349003, -0.07841242], [-0.05804554, 0.05725469, -0.09166235], [0.04636274, 0.0990076, 0.06502289], [-0.07824207, -0.10954876, -0.06728407], [0.07019065, 0.10885264, 0.07934933], [-0.10238455, -0.09049462, 0.06287845]], "atomic quadrupole moments": [[-0.03554472, 0.0975617, 0.02843029, 0.11130689, 0.12563218, 0.00711443], [-0.04249128, 0.00882917, -0.00919061, 0.21078082, 0.03087146, 0.05168189], [0.05362897, -0.20346393, -0.04380734, 0.0220993, -0.02011674, -0.00982162], [0.0632036, -0.03988763, -0.02947537, -0.17561331, -0.00596315, -0.03372823], [0.22737221, -0.33103833, 0.12122999, 0.10194117, -0.24056994, -0.3486022], [0.1890888, -0.41258501, 0.10063387, 0.17598776, -0.16223252, -0.28972267], [-0.00251478, -0.04228637, 0.00770877, 0.05034163, -0.03045034, -0.00519399], [0.02881194, -0.0330797, -0.01560475, -0.04280755, 0.03761999, -0.01320719], [-0.01930224, 0.04543191, 0.00791885, -0.03464091, -0.04095692, 0.01138339], [0.00648714, 0.03981856, -0.01710262, -0.02327901, -0.02395753, 0.01061548], [0.0199013, -0.03248126, -0.02554205, -0.02133598, 0.02953608, 0.00564074], [0.01534329, 0.02227906, 0.01337741, -0.02631759, -0.03609478, -0.0287207], [-0.00202463, 0.01672989, 0.0222603, 0.03469324, 0.03534731, -0.02023566], [-0.00406741, -0.02140409, -0.02809107, 0.03446643, -0.02697851, 0.03215849], [-0.00327641, 0.02773208, -0.01071564, 0.01635248, 0.04402975, 0.01399205], [-0.02906375, 0.03924199, -0.01301212, -0.01987815, 0.01676872, 0.04207586], [-0.01921806, 0.04538687, -0.00054932, -0.00490242, 0.0260065, 0.01976738], [-0.01346912, 0.04784518, -0.01254434, -0.02828977, 0.00499818, 0.02601346]], "number of molecular orbitals": 36, "number of electrons": 36, "number of unpaired electrons": 0, "orbital energies/eV": [-16.93920707, -16.58700982, -16.1993422, -15.65588228, -15.01829795, -14.62020182, -13.8950231, -13.77432559, -13.53540206, -12.99541414, -12.81449279, -12.63670765, -12.14375645, -11.88705629, -11.68544319, -11.45756819, -11.38790068, -10.69367267, -5.50213062, 2.45209322, 2.61769857, 3.01195821, 3.32115533, 3.7113719, 4.2065057, 4.37444814, 4.64837348, 4.95535436, 5.3518491, 6.28559473, 6.42226449, 7.12898679, 7.6142812, 7.90191407, 11.33023561, 15.57346823], "fractional occupation": [2.0, 2.0, 2.0, 2.0, 2.0, 2.0, 2.0, 2.0, 2.0, 2.0, 2.0, 2.0, 2.0, 2.0, 2.0, 2.0, 2.0, 2.0, 0.0, 0.0, 0.0, 0.0, 0.0, 0.0, 0.0, 0.0, 0.0, 0.0, 0.0, 0.0, 0.0, 0.0, 0.0, 0.0, 0.0, 0.0], "program call": "xtb /home/svss/Project-DBcg-Debug/aqme2_20220329/End-to-End-workflows-final/example-3/QDESCP/mol_946_rdkit_conf_6/mol_946_rdkit_conf_6.xyz --pop --wbo --acc 0.2 --gfn 2 --chrg 0 --uhf 0 --etemp 300 --input /home/svss/Project-DBcg-Debug/aqme2_20220329/End-to-End-workflows-final/example-3/QDESCP/mol_946_rdkit_conf_6/mol_946_rdkit_conf_6_xtb.inp", "method": "GFN2-xTB", "xtb version": "6.3.3 (7355c4f)", "Dipole module/D": 0.423, "Total charge": 0, "Transition dipole module/D": NaN, "HOMO": -10.6937, "LUMO": -5.5021, "HOMO occupancy": 2.0, "LUMO occupancy": 0, "mulliken charges": [-0.08467, -0.03925, -0.04304, -0.04405, -0.02142, -0.08713, 0.02822, 0.02765, 0.0261, 0.02332, 0.02296, 0.02438, 0.0243, 0.03197, 0.02769, 0.02464, 0.02803, 0.03031], "cm5 charges": [-0.23504, -0.1511, -0.15247, -0.15018, -0.08591, -0.18938, 0.07901, 0.07968, 0.07753, 0.07859, 0.07718, 0.07906, 0.07897, 0.08662, 0.08371, 0.08022, 0.08095, 0.08256], "FUKUI+": [0.015, 0.013, 0.011, 0.026, -0.163, -0.126, -0.03, 0.011, -0.024, 0.007, -0.041, -0.057, -0.034, -0.088, -0.063, -0.146, -0.159, -0.155], "FUKUI-": [0.022, 0.003, 0.003, 0.004, -0.046, -0.062, -0.08, -0.066, -0.069, -0.066, -0.11, -0.071, -0.056, -0.113, -0.053, -0.074, -0.076, -0.09], "FUKUIrad": [0.019, 0.008, 0.007, 0.015, -0.104, -0.094, -0.055, -0.028, -0.047, -0.03, -0.076, -0.064, -0.045, -0.1, -0.058, -0.11, -0.117, -0.122], "s proportion": [1.007, 1.026, 1.032, 1.027, 1.072, 1.048, 0.972, 0.972, 0.974, 0.977, 0.977, 0.976, 0.976, 0.968, 0.972, 0.975, 0.972, 0.97], "p proportion": [3.078, 3.013, 3.011, 3.017, 2.95, 3.04, 0.0, 0.0, 0.0, 0.0, 0.0, 0.0, 0.0, 0.0, 0.0, 0.0, 0.0, 0.0], "d proportion": [0.0, 0.0, 0.0, 0.0, 0.0, 0.0, 0.0, 0.0, 0.0, 0.0, 0.0, 0.0, 0.0, 0.0, 0.0, 0.0, 0.0, 0.0], "Fermi-level/eV": -8.0979, "Coordination numbers": [3.749, 3.798, 3.8, 3.803, 2.885, 2.834, 0.924, 0.924, 0.924, 0.924, 0.924, 0.924, 0.924, 0.924, 0.924, 0.925, 0.925, 0.925], "Dispersion coefficient C6": [22.451, 21.473, 21.511, 21.572, 28.655, 30.365, 2.597, 2.506, 2.564, 2.581, 2.638, 2.601, 2.621, 2.513, 2.455, 2.596, 2.549, 2.582], "Total dispersion C6": 2368.607694, "Total dispersion C8": 50731.617794, "Polarizability alpha": [6.758, 6.598, 6.604, 6.612, 8.776, 9.03, 2.52, 2.475, 2.504, 2.512, 2.54, 2.522, 2.532, 2.479, 2.45, 2.519, 2.497, 2.513], "Total polarizability alpha": 74.441875, "Wiberg matrix": [[0.0, 1.0211297706854927, 0.0, 0.0, 0.0, 0.0, 0.9873980430097438, 0.9858714161082249, 0.9874700281367346, 0.0, 0.0, 0.0, 0.0, 0.0, 0.0, 0.0, 0.0, 0.0], [1.0211297706854927, 0.0, 1.0074123313856942, 0.0, 0.0, 0.0, 0.0, 0.0, 0.0, 0.977565862695176, 0.9778774580591753, 0.0, 0.0, 0.0, 0.0, 0.0, 0.0, 0.0], [0.0, 1.0074123313856942, 0.0, 0.9930167759598159, 0.0, 0.0, 0.0, 0.0, 0.0, 0.0, 0.0, 0.9767123904180748, 0.9778259873121696, 0.0, 0.0, 0.0, 0.0, 0.0], [0.0, 0.0, 0.9930167759598159, 0.0, 1.0278085522099292, 0.0, 0.0, 0.0, 0.0, 0.0, 0.0, 0.0, 0.0, 0.9604846243176666, 0.9732069098850284, 0.0, 0.0, 0.0], [0.0, 0.0, 0.0, 1.0278085522099292, 0.0, 1.9746102174339941, 0.0, 0.0, 0.0, 0.0, 0.0, 0.0, 0.0, 0.0, 0.0, 0.96778920958894, 0.0, 0.0], [0.0, 0.0, 0.0, 0.0, 1.9746102174339941, 0.0, 0.0, 0.0, 0.0, 0.0, 0.0, 0.0, 0.0, 0.0, 0.0, 0.0, 0.976697638634515, 0.9784698081850016], [0.9873980430097438, 0.0, 0.0, 0.0, 0.0, 0.0, 0.0, 0.0, 0.0, 0.0, 0.0, 0.0, 0.0, 0.0, 0.0, 0.0, 0.0, 0.0], [0.9858714161082249, 0.0, 0.0, 0.0, 0.0, 0.0, 0.0, 0.0, 0.0, 0.0, 0.0, 0.0, 0.0, 0.0, 0.0, 0.0, 0.0, 0.0], [0.9874700281367346, 0.0, 0.0, 0.0, 0.0, 0.0, 0.0, 0.0, 0.0, 0.0, 0.0, 0.0, 0.0, 0.0, 0.0, 0.0, 0.0, 0.0], [0.0, 0.977565862695176, 0.0, 0.0, 0.0, 0.0, 0.0, 0.0, 0.0, 0.0, 0.0, 0.0, 0.0, 0.0, 0.0, 0.0, 0.0, 0.0], [0.0, 0.9778774580591753, 0.0, 0.0, 0.0, 0.0, 0.0, 0.0, 0.0, 0.0, 0.0, 0.0, 0.0, 0.0, 0.0, 0.0, 0.0, 0.0], [0.0, 0.0, 0.9767123904180748, 0.0, 0.0, 0.0, 0.0, 0.0, 0.0, 0.0, 0.0, 0.0, 0.0, 0.0, 0.0, 0.0, 0.0, 0.0], [0.0, 0.0, 0.9778259873121696, 0.0, 0.0, 0.0, 0.0, 0.0, 0.0, 0.0, 0.0, 0.0, 0.0, 0.0, 0.0, 0.0, 0.0, 0.0], [0.0, 0.0, 0.0, 0.9604846243176666, 0.0, 0.0, 0.0, 0.0, 0.0, 0.0, 0.0, 0.0, 0.0, 0.0, 0.0, 0.0, 0.0, 0.0], [0.0, 0.0, 0.0, 0.9732069098850284, 0.0, 0.0, 0.0, 0.0, 0.0, 0.0, 0.0, 0.0, 0.0, 0.0, 0.0, 0.0, 0.0, 0.0], [0.0, 0.0, 0.0, 0.0, 0.96778920958894, 0.0, 0.0, 0.0, 0.0, 0.0, 0.0, 0.0, 0.0, 0.0, 0.0, 0.0, 0.0, 0.0], [0.0, 0.0, 0.0, 0.0, 0.0, 0.976697638634515, 0.0, 0.0, 0.0, 0.0, 0.0, 0.0, 0.0, 0.0, 0.0, 0.0, 0.0, 0.0], [0.0, 0.0, 0.0, 0.0, 0.0, 0.9784698081850016, 0.0, 0.0, 0.0, 0.0, 0.0, 0.0, 0.0, 0.0, 0.0, 0.0, 0.0, 0.0]], "Born radii": [], "Atomic SASAs": [], "Solvent H bonds": [], "Total SASA": NaN, "Total FOD": 0.0,