{"total energy": -20.10925499, "HOMO-LUMO gap/eV": 4.55376908, "electronic energy": -20.40260422, "dipole": [0.64593599, 0.52192248, 0.00516278], "partial charges": [-0.22187075, 0.17117125, -0.04864706, -0.02801774, -0.03403685, -0.02802403, -0.04863638, 0.054405, 0.04416029, 0.04093024, 0.04416564, 0.05440039], "atomic dipole moments": [[0.17676385, 0.142837, 0.00140822], [-0.2243671, -0.18132954, -0.00179019], [0.0120641, -0.03137624, 0.00054943], [-0.00880625, -0.00991445, -4.426e-05], [-0.00928071, -0.00751702, -7.397e-05], [-0.01151566, -0.00653877, -0.00012121], [-0.02819808, 0.0184142, -0.00068938], [-0.1451035, 0.05583202, -0.00308993], [-0.02288419, 0.1507712, -0.00206272], [0.11814596, 0.09546764, 0.00095027], [0.14259102, -0.05403738, 0.00302623], [0.02413087, -0.15359367, 0.00212798]], "atomic quadrupole moments": [[0.02132881, 0.03405258, 0.00671018, 0.00045994, 0.00019139, -0.02803899], [-0.06913022, 0.34877508, -0.21915268, -0.00997415, 0.01160866, 0.2882829], [-0.27187365, 0.00330076, -0.22420935, -0.01311541, 0.00809363, 0.49608301], [-0.26566539, 0.01178059, -0.27655474, -0.01389812, 0.0093113, 0.54222014], [-0.26452029, -0.00245067, -0.26359221, -0.01348468, 0.00877746, 0.5281125], [-0.2711538, 0.01291238, -0.27106156, -0.01398949, 0.0092828, 0.54221536], [-0.2248541, -0.00680676, -0.27123148, -0.01219986, 0.00845252, 0.49608558], [0.03205146, 0.00245168, 0.02623682, 0.00151246, -0.00090171, -0.05828827], [0.04052545, 0.00133346, 0.02702236, 0.00182745, -0.00103451, -0.06754781], [0.03279563, -0.0053676, 0.03511648, 0.00177517, -0.00123948, -0.06791212], [0.02813147, 0.00398623, 0.03941493, 0.00158639, -0.00112502, -0.0675464], [0.02746825, 0.00347576, 0.03083512, 0.00142081, -0.00093403, -0.05830336]], "number of molecular orbitals": 33, "number of electrons": 36, "number of unpaired electrons": 0, "orbital energies/eV": [-22.23693399, -18.01892888, -17.14477072, -17.09122543, -16.10626796, -15.9741896, -15.0738697, -14.45171814, -14.35181672, -14.30173941, -13.62735096, -13.38698723, -13.00249498, -12.99965878, -12.26480555, -11.8163915, -11.40476576, -11.14148759, -6.58771851, -6.43441208, -3.03375653, 1.64080985, 2.83769672, 3.68344174, 4.16225789, 4.50769087, 4.73944609, 10.03060439, 10.443898, 11.02659027, 11.38823314, 15.94194785, 17.11427105], "fractional occupation": [2.0, 2.0, 2.0, 2.0, 2.0, 2.0, 2.0, 2.0, 2.0, 2.0, 2.0, 2.0, 2.0, 2.0, 2.0, 2.0, 2.0, 2.0, 0.0, 0.0, 0.0, 0.0, 0.0, 0.0, 0.0, 0.0, 0.0, 0.0, 0.0, 0.0, 0.0, 0.0, 0.0], "program call": "xtb /home/svss/Project-DBcg-Debug/aqme2_20220329/End-to-End-workflows-final/example-3/QDESCP/mol_209_rdkit_conf_1/mol_209_rdkit_conf_1.xyz --pop --wbo --acc 0.2 --gfn 2 --chrg 0 --uhf 0 --etemp 300 --input /home/svss/Project-DBcg-Debug/aqme2_20220329/End-to-End-workflows-final/example-3/QDESCP/mol_209_rdkit_conf_1/mol_209_rdkit_conf_1_xtb.inp", "method": "GFN2-xTB", "xtb version": "6.3.3 (7355c4f)", "Dipole module/D": 2.111, "Total charge": 0, "Transition dipole module/D": NaN, "HOMO": -11.1415, "LUMO": -6.5877, "HOMO occupancy": 2.0, "LUMO occupancy": 0, "mulliken charges": [-0.25212, 0.2512, -0.06461, -0.02064, -0.03979, -0.02065, -0.06459, 0.05122, 0.03686, 0.03504, 0.03686, 0.05121], "cm5 charges": [-0.27625, 0.2626, -0.11525, -0.07571, -0.09496, -0.07571, -0.11524, 0.1079, 0.0922, 0.09031, 0.09221, 0.1079], "FUKUI+": [-0.083, -0.063, -0.068, -0.069, -0.049, -0.069, -0.068, -0.105, -0.108, -0.103, -0.108, -0.105], "FUKUI-": [-0.164, -0.071, -0.051, -0.047, -0.081, -0.047, -0.051, -0.094, -0.098, -0.103, -0.098, -0.094], "FUKUIrad": [-0.124, -0.067, -0.059, -0.058, -0.065, -0.058, -0.059, -0.1, -0.103, -0.103, -0.103, -0.1], "s proportion": [1.826, 1.044, 1.059, 1.061, 1.06, 1.061, 1.059, 0.949, 0.963, 0.965, 0.963, 0.949], "p proportion": [5.426, 2.704, 3.005, 2.959, 2.98, 2.959, 3.005, 0.0, 0.0, 0.0, 0.0, 0.0], "d proportion": [0.0, 0.0, 0.0, 0.0, 0.0, 0.0, 0.0, 0.0, 0.0, 0.0, 0.0, 0.0], "Fermi-level/eV": -8.8646, "Coordination numbers": [0.787, 2.775, 2.913, 2.913, 2.912, 2.913, 2.913, 0.925, 0.925, 0.925, 0.925, 0.925], "Dispersion coefficient C6": [11.464, 24.306, 29.208, 28.701, 28.847, 28.701, 29.207, 2.266, 2.394, 2.436, 2.394, 2.266], "Total dispersion C6": 1827.321539, "Total dispersion C8": 44636.705412, "Polarizability alpha": [3.999, 8.075, 8.862, 8.785, 8.807, 8.785, 8.862, 2.354, 2.42, 2.441, 2.42, 2.354], "Total polarizability alpha": 68.163195, "Wiberg matrix": [[0.0, 0.9639150152802358, 0.0, 0.0, 0.0, 0.0, 0.0, 0.0, 0.0, 0.0, 0.0, 0.0], [0.9639150152802358, 0.0, 1.395519372100318, 0.0, 0.10020449389739203, 0.0, 1.3953763761436062, 0.0, 0.0, 0.0, 0.0, 0.0], [0.0, 1.395519372100318, 0.0, 1.4411869244648507, 0.0, 0.11242494290401402, 0.0, 0.9678716782587241, 0.0, 0.0, 0.0, 0.0], [0.0, 0.0, 1.4411869244648507, 0.0, 1.4393102364895516, 0.0, 0.11239665882001404, 0.0, 0.9706781876234537, 0.0, 0.0, 0.0], [0.0, 0.10020449389739203, 0.0, 1.4393102364895516, 0.0, 1.4390744032707925, 0.0, 0.0, 0.0, 0.9709589109683074, 0.0, 0.0], [0.0, 0.0, 0.11242494290401402, 0.0, 1.4390744032707925, 0.0, 1.4413868082654648, 0.0, 0.0, 0.0, 0.9706813164955909, 0.0], [0.0, 1.3953763761436062, 0.0, 0.11239665882001404, 0.0, 1.4413868082654648, 0.0, 0.0, 0.0, 0.0, 0.0, 0.9678675927532051], [0.0, 0.0, 0.9678716782587241, 0.0, 0.0, 0.0, 0.0, 0.0, 0.0, 0.0, 0.0, 0.0], [0.0, 0.0, 0.0, 0.9706781876234537, 0.0, 0.0, 0.0, 0.0, 0.0, 0.0, 0.0, 0.0], [0.0, 0.0, 0.0, 0.0, 0.9709589109683074, 0.0, 0.0, 0.0, 0.0, 0.0, 0.0, 0.0], [0.0, 0.0, 0.0, 0.0, 0.0, 0.9706813164955909, 0.0, 0.0, 0.0, 0.0, 0.0, 0.0], [0.0, 0.0, 0.0, 0.0, 0.0, 0.0, 0.9678675927532051, 0.0, 0.0, 0.0, 0.0, 0.0]], "Born radii": [], "Atomic SASAs": [], "Solvent H bonds": [], "Total SASA": NaN, "Total FOD": 0.0, "FOD": [0.0, 0.0, 0.0, 0.0, 0.0, 0.0, 0.0, 0.0, 0.0, 0.0, 0.0, 0.0], "FOD s proportion": [0.0, 0.0, 0.0, 0.0, 0.0, 0.0, 0.0, 0.0, 0.0, 0.0, 0.0, 0.0], "FOD p proportion": [0.0, 0.0, 0.0, 0.0, 0.0, 0.0, 0.0, 0.0, 0.0, 0.0, 0.0, 0.0], "FOD d proportion": [0.0, 0.0, 0.0, 0.0, 0.0, 0.0, 0.0, 0.0, 0.0, 0.0, 0.0, 0.0], "coordinates": [["-2.10040", "-1.69720", "-0.01680"], ["-1.05840", "-0.85520", "-0.00850"], ["-1.28660", "0.51650", "-0.02770"], ["-0.20200", "1.39320", "-0.01900"], ["1.10030", "0.88910", "0.00880"], ["1.31950", "-0.49030", "0.02790"], ["0.23460", "-1.36650", "0.01920"], ["-2.30450", "0.89160", "-0.04920"], ["-0.37010", "2.46700", "-0.03380"], ["1.94620", "1.57260", "0.01560"], ["2.33390", "-0.88020", "0.04950"], ["0.38750", "-2.44060", "0.03380"]],