{"total energy": -23.0109219, "HOMO-LUMO gap/eV": 3.6430772, "electronic energy": -23.3053356, "dipole": [0.36810165, -1.04364844, -0.39665687], "partial charges": [-0.10097162, -0.05124024, -0.05744881, -0.05339481, -0.07979587, 0.20731798, -0.32916866, 0.03376927, 0.02990181, 0.03923211, 0.02706596, 0.02895045, 0.02309367, 0.04441804, 0.05470068, 0.0326955, 0.06587684, 0.06301905, 0.02197866], "atomic dipole moments": [[0.04362076, -0.04813625, -0.08208451], [0.06121639, 0.05446644, 0.07634091], [-0.04650038, -0.06866336, 0.08432196], [0.08563091, 0.05100629, -0.08667052], [-0.04510586, 0.06640907, 0.02490837], [-0.06251988, 0.00746837, 0.00937935], [0.08829116, -0.12059635, -0.05382405], [0.0309984, -0.05526395, 0.10909026], [-0.12356671, -0.00885549, -0.00943166], [0.02835768, 0.1242201, 0.00713869], [-0.03208509, -0.11876994, -0.0028341], [-0.04821116, 0.04703328, -0.10084761], [0.03655255, -0.04196766, -0.10697076], [0.02829874, 0.12474276, -0.00505919], [-0.03890804, 0.04634404, 0.11472609], [-0.0305192, -0.11765428, 0.00139421], [0.04837142, -0.08792051, 0.08299456], [0.03615599, -0.03197744, -0.12258338], [0.13411853, 0.01914381, -0.01478099]], "atomic quadrupole moments": [[-0.03658437, -0.06517066, -0.06341728, -0.11086902, 0.12674971, 0.10000165], [0.156547, -0.01698734, -0.15038041, -0.10894949, 0.10999292, -0.00616659], [0.17340942, -0.02941506, -0.15959247, 0.08768638, -0.1159969, -0.01381695], [0.21033924, -0.03437747, -0.14910245, 0.0659216, -0.12608322, -0.06123679], [0.1280418, 0.08069476, 0.06610931, -0.00703289, 0.06380282, -0.19415111], [-0.42727184, -0.07068648, -0.18860976, 0.16976441, -0.29767781, 0.61588161], [-0.13374765, -0.02230626, -0.11260142, 0.06723315, -0.13519601, 0.24634908], [-0.02993067, -0.0322819, -0.00959408, 0.032038, -0.04126023, 0.03952475], [0.0802192, 0.01166838, -0.05087623, 0.01366237, 0.01184506, -0.02934297], [-0.03484931, 0.03700106, 0.06780067, -0.01086006, -0.00065205, -0.03295136], [-0.02402, 0.01059073, 0.05686131, -0.01678489, -0.00704995, -0.03284131], [-0.00646211, -0.02565906, -0.02380083, 0.01230904, -0.03650968, 0.03026293], [-0.00941013, -0.02443027, -0.0221109, -0.01717792, 0.03690695, 0.03152103], [-0.0183806, 0.01432313, 0.04986951, 0.01484262, 0.01378696, -0.03148891], [-0.01594127, -0.01625875, -0.01232012, -0.00992068, 0.03593517, 0.02826139], [-0.01523509, 0.01866102, 0.05487588, 0.01740376, 0.00476988, -0.03964079], [0.00818153, -0.01752942, 0.00121874, 0.02404315, -0.05956408, -0.00940027], [-0.00180755, 0.00436893, -0.05088261, -0.01913952, 0.03140737, 0.05269016], [0.00769737, -0.00788576, 0.05017164, -0.01784554, 0.04376497, -0.05786901]], "number of molecular orbitals": 40, "number of electrons": 42, "number of unpaired electrons": 0, "orbital energies/eV": [-19.35841771, -17.5608913, -16.91970881, -16.53280736, -16.00333224, -15.5513738, -15.22484594, -15.05740773, -14.65187749, -14.18532306, -13.85088111, -13.60474196, -13.36994274, -13.11147222, -12.64350774, -12.47297265, -12.21478291, -11.72225331, -11.57336779, -11.47560513, -10.97663277, -7.33355557, 1.58813476, 1.98031441, 2.68341933, 3.34367688, 3.5590006, 3.72491175, 3.93685434, 4.12634544, 4.81449709, 5.03226215, 5.67840017, 5.9053577, 6.38374558, 6.93007708, 7.25503691, 7.91459573, 8.10997646, 14.45888437], "fractional occupation": [2.0, 2.0, 2.0, 2.0, 2.0, 2.0, 2.0, 2.0, 2.0, 2.0, 2.0, 2.0, 2.0, 2.0, 2.0, 2.0, 2.0, 2.0, 2.0, 2.0, 2.0, 0.0, 0.0, 0.0, 0.0, 0.0, 0.0, 0.0, 0.0, 0.0, 0.0, 0.0, 0.0, 0.0, 0.0, 0.0, 0.0, 0.0, 0.0, 0.0], "program call": "xtb /home/svss/Project-DBcg-Debug/aqme2_20220329/End-to-End-workflows-final/example-3/QDESCP/mol_163_rdkit_conf_8/mol_163_rdkit_conf_8.xyz --pop --wbo --acc 0.2 --gfn 2 --chrg 0 --uhf 0 --etemp 300 --input /home/svss/Project-DBcg-Debug/aqme2_20220329/End-to-End-workflows-final/example-3/QDESCP/mol_163_rdkit_conf_8/mol_163_rdkit_conf_8_xtb.inp", "method": "GFN2-xTB", "xtb version": "6.3.3 (7355c4f)", "Dipole module/D": 2.988, "Total charge": 0, "Transition dipole module/D": NaN, "HOMO": -10.9766, "LUMO": -7.3336, "HOMO occupancy": 2.0, "LUMO occupancy": 0, "mulliken charges": [-0.0847, -0.03806, -0.0482, -0.03579, -0.08248, 0.38603, -0.47391, 0.02742, 0.02717, 0.03381, 0.01975, 0.02437, 0.01854, 0.03843, 0.04241, 0.02392, 0.05421, 0.04834, 0.01875], "cm5 charges": [-0.23516, -0.15048, -0.158, -0.14436, -0.18641, 0.36576, -0.53055, 0.0792, 0.07794, 0.08529, 0.07436, 0.07859, 0.07362, 0.09643, 0.10081, 0.07904, 0.10967, 0.10413, 0.08012], "FUKUI+": [0.01, 0.008, 0.009, 0.024, 0.031, -0.172, -0.336, -0.002, -0.026, -0.002, -0.02, -0.026, -0.019, 0.01, -0.025, -0.059, -0.11, -0.108, -0.187], "FUKUI-": [0.02, 0.008, 0.011, 0.01, -0.001, -0.011, -0.145, -0.077, -0.064, -0.067, -0.087, -0.096, -0.056, -0.067, -0.045, -0.082, -0.068, -0.061, -0.121], "FUKUIrad": [0.015, 0.008, 0.01, 0.017, 0.015, -0.092, -0.24, -0.04, -0.045, -0.034, -0.054, -0.061, -0.037, -0.028, -0.035, -0.071, -0.089, -0.084, -0.154], "s proportion": [1.007, 1.027, 1.032, 1.027, 1.041, 1.057, 1.737, 0.973, 0.973, 0.966, 0.98, 0.976, 0.981, 0.962, 0.958, 0.976, 0.946, 0.952, 0.981], "p proportion": [3.078, 3.011, 3.016, 3.008, 3.041, 2.557, 4.736, 0.0, 0.0, 0.0, 0.0, 0.0, 0.0, 0.0, 0.0, 0.0, 0.0, 0.0, 0.0], "d proportion": [0.0, 0.0, 0.0, 0.0, 0.0, 0.0, 0.0, 0.0, 0.0, 0.0, 0.0, 0.0, 0.0, 0.0, 0.0, 0.0, 0.0, 0.0, 0.0], "Fermi-level/eV": -9.1551, "Coordination numbers": [3.749, 3.799, 3.8, 3.8, 3.801, 2.756, 0.856, 0.924, 0.924, 0.924, 0.924, 0.924, 0.924, 0.924, 0.924, 0.924, 0.924, 0.924, 0.923], "Dispersion coefficient C6": [22.494, 21.495, 21.608, 21.534, 22.023, 23.6, 20.316, 2.534, 2.588, 2.459, 2.629, 2.602, 2.687, 2.391, 2.262, 2.549, 2.132, 2.164, 2.704], "Total dispersion C6": 2649.951847, "Total dispersion C8": 56223.545096, "Polarizability alpha": [6.764, 6.601, 6.618, 6.607, 6.681, 7.955, 6.043, 2.489, 2.516, 2.452, 2.535, 2.522, 2.563, 2.418, 2.352, 2.497, 2.283, 2.301, 2.572], "Total polarizability alpha": 76.771661,