{"total energy": -20.88476538, "HOMO-LUMO gap/eV": 12.10991193, "electronic energy": -21.13736365, "dipole": [0.39942487, 0.0200359, -0.53832949], "partial charges": [-0.10568519, -0.00844362, -0.10344581, -0.06268421, 0.08755439, -0.44404277, 0.03160382, 0.03202609, 0.03430885, 0.04755741, 0.03313899, 0.03406015, 0.03047952, 0.04599976, 0.03311129, 0.01843116, 0.01433623, 0.28169392], "atomic dipole moments": [[0.08052654, 0.05965996, -0.01176976], [-0.00550109, -0.06123357, -0.08905046], [0.01847403, -0.06746923, 0.07369509], [0.02818652, 0.11594863, -0.00302994], [-0.02931504, 0.06603102, 0.18497074], [0.08102932, -0.05339873, -0.22311709], [0.01774912, -0.08179556, 0.09360278], [-0.02810771, -0.0670717, -0.10291786], [-0.1031719, 0.06553752, 0.03002962], [0.01389618, 0.06366476, 0.10992451], [-0.10578922, 0.06432824, 0.02164303], [0.08971017, 0.08779359, -0.00826758], [-0.0126031, -0.05220313, -0.11381698], [0.01310721, -0.08353916, 0.09138075], [-0.01498215, -0.06822382, -0.1026906], [0.00258598, 0.08070487, -0.08606622], [0.09169853, -0.06878591, -0.00973156], [0.068886, 0.03361979, -0.02112536]], "atomic quadrupole moments": [[0.10188983, 0.15199691, 0.01583877, -0.02741486, -0.03333794, -0.11772859], [0.09803881, -0.0247891, 0.04375243, -0.03717438, -0.14197526, -0.14179124], [-0.081476, -0.03523002, 0.0200255, 0.03592299, -0.16188966, 0.0614505], [0.21327291, 0.03808652, -0.00636058, -0.07478683, 0.0237426, -0.20691233], [-0.11208902, 0.18028531, -0.0735425, 0.067848, 0.30019566, 0.18563152], [-0.06873012, 0.04144633, -0.04373225, 0.00898336, 0.11953418, 0.11246237], [-0.02716943, -0.01023614, 0.00437834, 0.02720864, -0.06125053, 0.02279109], [-0.03716896, 0.01452521, -0.01793845, 0.00665478, 0.05130098, 0.05510741], [0.03307084, -0.05126074, 0.01383684, -0.02240098, 0.01792755, -0.04690768], [-0.01500757, 0.00700892, -0.00062569, 0.01054943, 0.01519032, 0.01563326], [0.04794612, -0.04915878, -0.01936171, -0.03355476, 0.00404737, -0.02858442], [0.03753762, 0.06025334, 0.00021351, 0.0080278, -0.00894998, -0.03775114], [-0.05124422, 0.00207015, 0.00288188, 0.01022629, 0.05313322, 0.04836235], [-0.00767336, -0.01326124, -0.01124831, -0.00099868, -0.05104538, 0.01892167], [-0.01650251, 0.00850205, -0.02772193, 0.01555936, 0.04368935, 0.04422444], [-0.03617301, 0.00201332, 0.01288485, 0.0252097, -0.02347354, 0.02328817], [0.01132984, -0.03246038, 0.0117846, 0.00405456, 0.02493887, -0.02311445], [0.07550328, 0.09766099, -0.02662909, -0.02011027, 0.00805412, -0.04887419]], "number of molecular orbitals": 36, "number of electrons": 38, "number of unpaired electrons": 0, "orbital energies/eV": [-18.57028494, -17.08437855, -16.63865585, -15.84425439, -15.69894447, -15.39761262, -14.8208655, -14.32578128, -13.85726073, -13.60866741, -13.10917584, -12.88553864, -12.48393823, -12.41782824, -12.10705118, -11.69151925, -11.54445444, -11.35212532, -10.98671545, 1.12319648, 1.94188449, 2.70901372, 2.81454269, 3.54240319, 3.72624629, 3.96957374, 4.58883797, 5.19869373, 5.43751741, 5.77704094, 6.11350427, 6.39564132, 6.77136108, 7.30950365, 7.51740021, 8.21910807], "fractional occupation": [2.0, 2.0, 2.0, 2.0, 2.0, 2.0, 2.0, 2.0, 2.0, 2.0, 2.0, 2.0, 2.0, 2.0, 2.0, 2.0, 2.0, 2.0, 2.0, 0.0, 0.0, 0.0, 0.0, 0.0, 0.0, 0.0, 0.0, 0.0, 0.0, 0.0, 0.0, 0.0, 0.0, 0.0, 0.0, 0.0], "program call": "xtb /home/svss/Project-DBcg-Debug/aqme2_20220329/End-to-End-workflows-final/example-3/QDESCP/mol_525_rdkit_conf_3/mol_525_rdkit_conf_3.xyz --pop --wbo --acc 0.2 --gfn 2 --chrg 0 --uhf 0 --etemp 300 --input /home/svss/Project-DBcg-Debug/aqme2_20220329/End-to-End-workflows-final/example-3/QDESCP/mol_525_rdkit_conf_3/mol_525_rdkit_conf_3_xtb.inp", "method": "GFN2-xTB", "xtb version": "6.3.3 (7355c4f)", "Dipole module/D": 1.705, "Total charge": 0, "Transition dipole module/D": NaN, "HOMO": -10.9867, "LUMO": 1.1232, "HOMO occupancy": 2.0, "LUMO occupancy": 0, "mulliken charges": [-0.09228, 0.0055, -0.09325, -0.05808, 0.19966, -0.56943, 0.02884, 0.02445, 0.0287, 0.03546, 0.02911, 0.03074, 0.02266, 0.03661, 0.02044, 0.00729, 0.00835, 0.33524], "cm5 charges": [-0.24074, -0.06785, -0.24145, -0.16335, 0.11248, -0.7845, 0.08024, 0.07629, 0.08005, 0.09619, 0.08058, 0.08327, 0.07462, 0.094, 0.07605, 0.0702, 0.07047, 0.50344], "FUKUI+": [0.021, -0.033, 0.025, -0.004, -0.012, -0.128, -0.042, -0.046, -0.072, -0.051, -0.062, -0.026, -0.044, -0.072, -0.115, -0.087, -0.119, -0.134], "FUKUI-": [0.024, -0.014, 0.025, 0.008, 0.024, -0.117, -0.057, -0.086, -0.081, -0.107, -0.067, -0.051, -0.083, -0.069, -0.064, -0.102, -0.124, -0.061], "FUKUIrad": [0.023, -0.024, 0.025, 0.002, 0.006, -0.122, -0.049, -0.066, -0.077, -0.079, -0.065, -0.038, -0.064, -0.07, -0.089, -0.094, -0.121, -0.098], "s proportion": [1.014, 1.051, 1.012, 1.036, 0.989, 1.694, 0.971, 0.976, 0.971, 0.965, 0.971, 0.969, 0.977, 0.963, 0.98, 0.993, 0.992, 0.665], "p proportion": [3.079, 2.944, 3.081, 3.022, 2.811, 4.875, 0.0, 0.0, 0.0, 0.0, 0.0, 0.0, 0.0, 0.0, 0.0, 0.0, 0.0, 0.0], "d proportion": [0.0, 0.0, 0.0, 0.0, 0.0, 0.0, 0.0, 0.0, 0.0, 0.0, 0.0, 0.0, 0.0, 0.0, 0.0, 0.0, 0.0, 0.0], "Fermi-level/eV": -4.9318, "Coordination numbers": [3.753, 3.847, 3.752, 3.801, 3.673, 1.653, 0.924, 0.924, 0.924, 0.924, 0.924, 0.924, 0.924, 0.924, 0.924, 0.924, 0.924, 0.804], "Dispersion coefficient C6": [22.578, 20.695, 22.537, 21.704, 19.351, 21.724, 2.564, 2.558, 2.526, 2.351, 2.542, 2.53, 2.58, 2.371, 2.543, 2.757, 2.821, 0.779], "Total dispersion C6": 2128.810326, "Total dispersion C8": 43691.601233, "Polarizability alpha": [6.776, 6.471, 6.77, 6.633, 6.304, 6.292, 2.504, 2.501, 2.486, 2.398, 2.494, 2.487, 2.512, 2.408, 2.494, 2.597, 2.627, 1.386], "Total polarizability alpha": 68.137837, "Wiberg matrix": [[0.0, 1.0082471942108477, 0.0, 0.0, 0.0, 0.0, 0.9868044889194933, 0.9869914637484152, 0.9864838508256318, 0.0, 0.0, 0.0, 0.0, 0.0, 0.0, 0.0, 0.0, 0.0], [1.0082471942108477, 0.0, 1.0102910340659448, 0.9949536573297141, 0.0, 0.0, 0.0, 0.0, 0.0, 0.9677995226562579, 0.0, 0.0, 0.0, 0.0, 0.0, 0.0, 0.0, 0.0], [0.0, 1.0102910340659448, 0.0, 0.0, 0.0, 0.0, 0.0, 0.0, 0.0, 0.0, 0.986055584212059, 0.9848731940247885, 0.9869685729451041, 0.0, 0.0, 0.0, 0.0, 0.0], [0.0, 0.9949536573297141, 0.0, 0.0, 1.0064141910229036, 0.0, 0.0, 0.0, 0.0, 0.0, 0.0, 0.0, 0.0, 0.9750755986599153, 0.9746884853317815, 0.0, 0.0, 0.0], [0.0, 0.0, 0.0, 1.0064141910229036, 0.0, 0.9892870440030752, 0.0, 0.0, 0.0, 0.0, 0.0, 0.0, 0.0, 0.0, 0.0, 0.9711121759184037, 0.9731029932909834, 0.0], [0.0, 0.0, 0.0, 0.0, 0.9892870440030752, 0.0, 0.0, 0.0, 0.0, 0.0, 0.0, 0.0, 0.0, 0.0, 0.0, 0.0, 0.0, 0.9078478760407436], [0.9868044889194933, 0.0, 0.0, 0.0, 0.0, 0.0, 0.0, 0.0, 0.0, 0.0, 0.0, 0.0, 0.0, 0.0, 0.0, 0.0, 0.0, 0.0], [0.9869914637484152, 0.0, 0.0, 0.0, 0.0, 0.0, 0.0, 0.0, 0.0, 0.0, 0.0, 0.0, 0.0, 0.0, 0.0, 0.0, 0.0, 0.0], [0.9864838508256318, 0.0, 0.0, 0.0, 0.0, 0.0, 0.0, 0.0, 0.0, 0.0, 0.0, 0.0, 0.0, 0.0, 0.0, 0.0, 0.0, 0.0], [0.0, 0.9677995226562579, 0.0, 0.0, 0.0, 0.0, 0.0, 0.0, 0.0, 0.0, 0.0, 0.0, 0.0, 0.0, 0.0, 0.0, 0.0, 0.0], [0.0, 0.0, 0.986055584212059, 0.0, 0.0, 0.0, 0.0, 0.0, 0.0, 0.0, 0.0, 0.0, 0.0, 0.0, 0.0, 0.0, 0.0, 0.0], [0.0, 0.0, 0.9848731940247885, 0.0, 0.0, 0.0, 0.0, 0.0, 0.0, 0.0, 0.0, 0.0, 0.0, 0.0, 0.0, 0.0, 0.0, 0.0], [0.0, 0.0, 0.9869685729451041, 0.0, 0.0, 0.0, 0.0, 0.0, 0.0, 0.0, 0.0, 0.0, 0.0, 0.0, 0.0, 0.0, 0.0, 0.0], [0.0, 0.0, 0.0, 0.9750755986599153, 0.0, 0.0, 0.0, 0.0, 0.0, 0.0, 0.0, 0.0, 0.0, 0.0, 0.0, 0.0, 0.0, 0.0], [0.0, 0.0, 0.0, 0.9746884853317815, 0.0, 0.0, 0.0, 0.0, 0.0, 0.0, 0.0, 0.0, 0.0, 0.0, 0.0, 0.0, 0.0, 0.0], [0.0, 0.0, 0.0, 0.0, 0.9711121759184037, 0.0, 0.0, 0.0, 0.0, 0.0, 0.0, 0.0, 0.0, 0.0, 0.0, 0.0, 0.0, 0.0], [0.0, 0.0, 0.0, 0.0, 0.9731029932909834, 0.0, 0.0, 0.0, 0.0, 0.0, 0.0, 0.0, 0.0, 0.0, 0.0, 0.0, 0.0, 0.0], [0.0, 0.0, 0.0, 0.0, 0.0, 0.9078478760407436, 0.0, 0.0, 0.0, 0.0, 0.0, 0.0, 0.0, 0.0, 0.0, 0.0, 0.0, 0.0]], "Born radii": [], "Atomic SASAs": [], "Solvent H bonds": [], "Total SASA": NaN, "Total FOD": 0.0,