{"total energy": -24.05083349, "HOMO-LUMO gap/eV": 11.66389671, "electronic energy": -24.35013217, "dipole": [0.62043279, -0.03675054, -0.34436249], "partial charges": [-0.10036197, -0.05342275, -0.07005009, 0.11577819, -0.45061021, -0.0554424, -0.09907019, 0.0344808, 0.03259961, 0.03333882, 0.02750999, 0.03511474, 0.02537571, 0.04546843, 0.00818104, 0.28056385, 0.04519446, 0.03115007, 0.04992973, 0.03039642, 0.03387575], "atomic dipole moments": [[-0.10051263, 0.00830245, -0.02780992], [0.0458513, 0.07431043, 0.07069544], [-0.05207505, -0.05669408, -0.08459701], [-0.04397247, 0.09102521, 0.14244792], [0.17108009, -0.07776175, -0.14652838], [0.07720432, 0.05486791, 0.06724129], [0.00633461, 0.02967057, -0.11203586], [0.0124638, -0.01929538, 0.12406769], [0.06484373, 0.10330204, -0.03081683], [0.05314326, -0.09677983, -0.05893869], [-0.00453907, 0.01206265, -0.12316372], [-0.05350276, -0.10907609, 0.02669893], [0.06426459, 0.10099999, -0.01454613], [0.0098625, -0.00819638, 0.12651766], [-0.00707008, 0.03683545, -0.10965779], [0.05022509, 0.05544863, -0.02285582], [-0.11604639, 0.03032262, -0.03321126], [0.02803316, -0.09803813, -0.07028098], [-0.03730956, 0.09519155, 0.08035323], [-0.08507265, -0.08953124, 0.00939054], [0.10702961, -0.04887189, 0.04252774]], "atomic quadrupole moments": [[0.21170072, -0.03061912, -0.11162036, 0.09051201, 0.0025258, -0.10008035], [0.16042266, -0.1252239, -0.03330104, 0.02902423, 0.12133444, -0.12712162], [0.14025703, -0.16220262, -0.00149659, 0.02874909, 0.10215981, -0.13876045], [0.00900837, -0.104796, 0.17973771, -0.07280649, 0.23904156, -0.18874609], [-0.02723558, -0.05848176, 0.06647344, -0.07756416, 0.10456055, -0.03923786], [-0.0939381, 0.15775626, 0.01431983, -0.04253136, -0.12059643, 0.07961826], [-0.10456294, 0.02209414, -0.09495038, -0.00872791, -0.11037976, 0.19951333], [-0.0277825, 0.0024559, -0.0500931, -0.00090662, -0.01796576, 0.0778756], [-0.01112546, 0.04270143, 0.04906124, -0.00516588, -0.03450929, -0.03793577], [-0.01350863, -0.03622033, 0.03007324, -0.01515787, 0.05469801, -0.01656461], [-0.02259533, -0.01008288, -0.02952246, 0.00140792, -0.02028245, 0.05211779], [0.00371538, 0.02828162, 0.02594783, -0.01727824, -0.02429131, -0.02966321], [-0.00242799, 0.03384033, 0.03160111, -0.01749741, -0.02858943, -0.02917312], [-0.03054172, -0.00399576, -0.02077466, -0.01358284, -0.02984353, 0.05131638], [-0.0195981, 0.00315367, -0.00563682, -0.00878871, 0.00554359, 0.02523492], [-0.00829682, 0.09345589, 0.07211286, -0.03936667, -0.01523073, -0.06381604], [0.0416791, -0.02508885, -0.02432683, 0.01331229, -0.02817283, -0.01735227], [-0.02890869, -0.02885937, 0.02884561, -0.0304867, 0.02858679, 6.308e-05], [-0.04132245, -0.02795663, 0.04179201, -0.0136282, 0.04270885, -0.00046956], [0.013366, 0.06941861, 0.0159884, 0.00489004, -0.00556528, -0.0293544], [0.06473385, -0.03771545, -0.04058651, 0.02159469, -0.01330804, -0.02414733]], "number of molecular orbitals": 42, "number of electrons": 44, "number of unpaired electrons": 0, "orbital energies/eV": [-18.46375796, -17.1666432, -16.82504418, -16.35295669, -15.96107899, -15.43222201, -15.19590142, -14.94676497, -14.27936227, -13.88284113, -13.79986768, -13.17822094, -13.10860246, -13.01165412, -12.58018043, -12.46994732, -12.23566169, -11.86068266, -11.79529855, -11.57281867, -11.48591059, -10.90033, 0.76356672, 2.03239564, 2.16339853, 2.84430645, 3.23803342, 3.56850279, 3.7916573, 4.18659484, 4.39901222, 4.68298814, 4.96858727, 5.0106478, 5.56798973, 6.1794174, 6.49955222, 6.88084625, 7.25215775, 7.443035, 7.85928169, 8.07215228], "fractional occupation": [2.0, 2.0, 2.0, 2.0, 2.0, 2.0, 2.0, 2.0, 2.0, 2.0, 2.0, 2.0, 2.0, 2.0, 2.0, 2.0, 2.0, 2.0, 2.0, 2.0, 2.0, 2.0, 0.0, 0.0, 0.0, 0.0, 0.0, 0.0, 0.0, 0.0, 0.0, 0.0, 0.0, 0.0, 0.0, 0.0, 0.0, 0.0, 0.0, 0.0, 0.0, 0.0], "program call": "xtb /home/svss/Project-DBcg-Debug/aqme2_20220329/End-to-End-workflows-final/example-3/QDESCP/mol_389_rdkit_conf_12/mol_389_rdkit_conf_12.xyz --pop --wbo --acc 0.2 --gfn 2 --chrg 0 --uhf 0 --etemp 300 --input /home/svss/Project-DBcg-Debug/aqme2_20220329/End-to-End-workflows-final/example-3/QDESCP/mol_389_rdkit_conf_12/mol_389_rdkit_conf_12_xtb.inp", "method": "GFN2-xTB", "xtb version": "6.3.3 (7355c4f)", "Dipole module/D": 1.806, "Total charge": 0, "Transition dipole module/D": NaN, "HOMO": -10.9003, "LUMO": 0.7636, "HOMO occupancy": 2.0, "LUMO occupancy": 0, "mulliken charges": [-0.08242, -0.04031, -0.07487, 0.21857, -0.57054, -0.0471, -0.07911, 0.02878, 0.02692, 0.02933, 0.02079, 0.02467, 0.02276, 0.0361, 0.00773, 0.33376, 0.03779, 0.01873, 0.04154, 0.02487, 0.02204], "cm5 charges": [-0.23286, -0.1528, -0.18115, 0.17093, -0.78148, -0.15434, -0.22865, 0.08008, 0.07821, 0.08011, 0.07573, 0.08027, 0.08025, 0.09416, 0.07404, 0.50307, 0.09488, 0.07422, 0.09528, 0.07573, 0.07435], "FUKUI+": [0.019, -0.02, -0.007, -0.044, -0.159, 0.015, 0.018, -0.04, -0.04, -0.074, -0.049, -0.048, -0.05, -0.061, -0.096, -0.114, -0.055, -0.085, -0.029, -0.054, -0.027], "FUKUI-": [0.017, 0.008, -0.001, 0.002, -0.109, 0.01, 0.016, -0.055, -0.067, -0.07, -0.068, -0.064, -0.061, -0.07, -0.101, -0.054, -0.092, -0.06, -0.057, -0.06, -0.065], "FUKUIrad": [0.018, -0.006, -0.004, -0.021, -0.134, 0.013, 0.017, -0.047, -0.054, -0.072, -0.058, -0.056, -0.055, -0.065, -0.099, -0.084, -0.073, -0.072, -0.043, -0.057, -0.046], "s proportion": [1.008, 1.027, 1.043, 1.02, 1.699, 1.03, 1.005, 0.971, 0.973, 0.971, 0.979, 0.975, 0.977, 0.964, 0.992, 0.666, 0.962, 0.981, 0.958, 0.975, 0.978], "p proportion": [3.075, 3.014, 3.032, 2.761, 4.872, 3.017, 3.074, 0.0, 0.0, 0.0, 0.0, 0.0, 0.0, 0.0, 0.0, 0.0, 0.0, 0.0, 0.0, 0.0, 0.0], "d proportion": [0.0, 0.0, 0.0, 0.0, 0.0, 0.0, 0.0, 0.0, 0.0, 0.0, 0.0, 0.0, 0.0, 0.0, 0.0, 0.0, 0.0, 0.0, 0.0, 0.0, 0.0], "Fermi-level/eV": -5.0684, "Coordination numbers": [3.75, 3.799, 3.8, 3.723, 1.653, 3.798, 3.748, 0.924, 0.924, 0.924, 0.924, 0.924, 0.923, 0.924, 0.924, 0.804, 0.924, 0.924, 0.924, 0.924, 0.924], "Dispersion coefficient C6": [22.48, 21.535, 21.841, 18.788, 21.858, 21.573, 22.458, 2.524, 2.55, 2.54, 2.622, 2.515, 2.653, 2.377, 2.92, 0.783, 2.381, 2.57, 2.321, 2.581, 2.532], "Total dispersion C6": 2910.978977, "Total dispersion C8": 60062.301322, "Polarizability alpha": [6.762, 6.607, 6.654, 6.19, 6.311, 6.613, 6.759, 2.484, 2.497, 2.492, 2.532, 2.48, 2.547, 2.411, 2.672, 1.39, 2.413, 2.507, 2.382, 2.512, 2.488], "Total polarizability alpha": 79.707095,