{"total energy": -24.03470648, "HOMO-LUMO gap/eV": 6.93758073, "electronic energy": -24.31668297, "dipole": [0.92449566, -0.20296483, 0.20681522], "partial charges": [-0.10117471, -0.05261857, -0.06133796, -0.0621687, -0.06276954, 0.03369214, -0.21534274, 0.03379842, 0.03418875, 0.03337165, 0.03069812, 0.02994521, 0.03050414, 0.03554236, 0.0404865, 0.03368126, 0.04999652, 0.04943762, 0.06088832, 0.05918121], "atomic dipole moments": [[-0.07215521, -0.05763883, 0.0478453], [-0.02973587, 0.08047015, -0.07392611], [0.01534476, -0.08097381, 0.07905893], [-0.04179112, 0.07591002, -0.08033296], [0.05236747, 0.10960634, 0.06183415], [-0.17922343, -0.05487074, -0.0772961], [0.10523054, -0.0146315, 0.0299386], [0.11438575, -0.0336368, 0.03809746], [-0.00435278, -0.01456675, -0.12523616], [-0.01441093, 0.12246812, 0.02612416], [0.02460346, -0.11869333, -0.02429639], [0.01461017, 0.01374986, 0.12211588], [-0.01828044, 0.12083748, 0.02374772], [-0.01028886, -0.01249165, -0.12367146], [0.02438877, -0.1197653, -0.01681792], [0.00771808, 0.01508439, 0.12366102], [-0.00835052, -0.02381771, -0.12484809], [-0.0720346, -0.0880199, 0.05236771], [0.06608596, 0.09403306, -0.06312081], [0.00581288, 0.0252398, 0.1284495]], "atomic quadrupole moments": [[0.0612955, 0.13455559, -0.01182293, -0.10934905, -0.09733409, -0.04947258], [0.21729376, 0.05467947, -0.09215116, -0.01873552, -0.12681277, -0.1251426], [0.21490608, 0.04842998, -0.08942783, -0.01750953, -0.1352412, -0.12547826], [0.23138788, 0.06225289, -0.11257195, 0.012637, -0.11186969, -0.11881593], [0.10424048, -0.14299127, 0.08536866, 0.08211303, 0.06004121, -0.18960914], [0.37743888, -0.13386056, -0.09531308, 0.18867535, 0.05340201, -0.2821258], [0.48970293, -0.08452805, -0.26447204, 0.2247669, -0.01926048, -0.22523089], [0.05965906, -0.02883869, -0.02953523, 0.03371392, -0.02455015, -0.03012383], [-0.03968792, 0.0150894, -0.03560683, 0.01289699, 0.01898449, 0.07529475], [-0.03500933, -0.02050666, 0.06850472, -0.0185746, 0.0271577, -0.0334954], [-0.01679975, -0.00661758, 0.04714369, -0.00629871, 0.02714492, -0.03034393], [-0.01824183, 0.005396, -0.03392739, 0.0005142, 0.01977355, 0.05216922], [-0.0160895, -0.01369944, 0.04419848, -0.00725403, 0.02689008, -0.02810898], [-0.02076178, 0.00437916, -0.03137877, 0.00561772, 0.02142337, 0.05214054], [-0.00806112, -0.0126089, 0.04671295, -0.00997016, 0.0245047, -0.03865183], [-0.01920638, 0.010869, -0.03084781, -0.00088294, 0.02677871, 0.05005419], [-0.02893081, -0.01249908, -0.02665908, -0.00080764, 0.0002242, 0.0555899], [0.01285813, 0.02013784, 0.00390552, -0.03007349, -0.03132914, -0.01676364], [0.00826198, 0.01250847, 0.00046222, -0.01898995, -0.03043892, -0.0087242], [-0.01295831, -0.01131499, -0.02981548, 8.222e-05, 0.00476087, 0.04277379]], "number of molecular orbitals": 46, "number of electrons": 44, "number of unpaired electrons": 0, "orbital energies/eV": [-28.50327657, -17.47747392, -17.05860378, -16.61769142, -16.12857714, -15.48976802, -15.34279463, -14.5261275, -14.32944604, -14.01464516, -13.8120494, -13.56865673, -13.18676399, -12.97573528, -12.7603508, -12.41508965, -12.08467535, -11.98532472, -11.80453338, -11.67528908, -11.14381904, -11.10611419, -4.16853347, 0.4957457, 0.6842189, 0.84269777, 0.85412731, 1.5119155, 2.52588604, 2.64873556, 2.85096216, 3.08698625, 3.37196625, 3.94766837, 4.09019406, 4.33268719, 4.6328105, 4.77887672, 5.00084784, 5.38236029, 5.86961155, 6.54969903, 6.95442377, 7.05265552, 7.52071592, 8.11748151], "fractional occupation": [2.0, 2.0, 2.0, 2.0, 2.0, 2.0, 2.0, 2.0, 2.0, 2.0, 2.0, 2.0, 2.0, 2.0, 2.0, 2.0, 2.0, 2.0, 2.0, 2.0, 2.0, 2.0, 0.0, 0.0, 0.0, 0.0, 0.0, 0.0, 0.0, 0.0, 0.0, 0.0, 0.0, 0.0, 0.0, 0.0, 0.0, 0.0, 0.0, 0.0, 0.0, 0.0, 0.0, 0.0, 0.0, 0.0], "program call": "xtb /home/svss/Project-DBcg-Debug/aqme2_20220329/End-to-End-workflows-final/example-3/QDESCP/mol_297_rdkit_conf_4/mol_297_rdkit_conf_4.xyz --pop --wbo --acc 0.2 --gfn 2 --chrg 0 --uhf 0 --etemp 300 --input /home/svss/Project-DBcg-Debug/aqme2_20220329/End-to-End-workflows-final/example-3/QDESCP/mol_297_rdkit_conf_4/mol_297_rdkit_conf_4_xtb.inp", "method": "GFN2-xTB", "xtb version": "6.3.3 (7355c4f)", "Dipole module/D": 2.463, "Total charge": 0, "Transition dipole module/D": NaN, "HOMO": -11.1061, "LUMO": -4.1685, "HOMO occupancy": 2.0, "LUMO occupancy": 0, "mulliken charges": [-0.08344, -0.03798, -0.04955, -0.0468, -0.05255, 0.071, -0.16625, 0.0298, 0.02788, 0.02747, 0.0233, 0.02286, 0.02227, 0.02551, 0.02995, 0.02486, 0.03289, 0.03417, 0.0323, 0.0323], "cm5 charges": [-0.2338, -0.15057, -0.1603, -0.15722, -0.16127, -0.0324, -0.17597, 0.08059, 0.07916, 0.07876, 0.078, 0.07757, 0.07824, 0.08097, 0.08487, 0.08007, 0.08831, 0.08932, 0.08809, 0.08757], "FUKUI+": [0.009, 0.006, 0.015, 0.014, 0.034, -0.042, -0.449, -0.019, -0.009, -0.006, -0.016, -0.012, -0.004, -0.017, -0.054, -0.034, -0.061, -0.059, -0.148, -0.148], "FUKUI-": [0.02, 0.009, 0.013, 0.014, 0.017, 0.032, -0.289, -0.05, -0.064, -0.063, -0.09, -0.081, -0.07, -0.061, -0.059, -0.042, -0.041, -0.053, -0.071, -0.068], "FUKUIrad": [0.014, 0.007, 0.014, 0.014, 0.025, -0.005, -0.369, -0.035, -0.037, -0.035, -0.053, -0.047, -0.037, -0.039, -0.057, -0.038, -0.051, -0.056, -0.11, -0.108], "s proportion": [1.008, 1.027, 1.032, 1.033, 1.035, 1.043, 1.949, 0.97, 0.972, 0.973, 0.977, 0.977, 0.978, 0.974, 0.97, 0.975, 0.967, 0.966, 0.968, 0.968], "p proportion": [3.076, 3.011, 3.017, 3.014, 3.017, 2.886, 5.233, 0.0, 0.0, 0.0, 0.0, 0.0, 0.0, 0.0, 0.0, 0.0, 0.0, 0.0, 0.0, 0.0], "d proportion": [0.0, 0.0, 0.0, 0.0, 0.0, 0.0, -0.016, 0.0, 0.0, 0.0, 0.0, 0.0, 0.0, 0.0, 0.0, 0.0, 0.0, 0.0, 0.0, 0.0], "Fermi-level/eV": -7.6373, "Coordination numbers": [3.75, 3.8, 3.801, 3.801, 3.83, 3.713, 0.92, 0.924, 0.924, 0.924, 0.924, 0.924, 0.924, 0.924, 0.924, 0.924, 0.924, 0.924, 0.924, 0.924], "Dispersion coefficient C6": [22.496, 21.519, 21.679, 21.695, 21.682, 20.133, 105.937, 2.533, 2.528, 2.539, 2.577, 2.587, 2.579, 2.509, 2.443, 2.535, 2.32, 2.327, 2.189, 2.209], "Total dispersion C6": 3410.75914, "Total dispersion C8": 82139.7935, "Polarizability alpha": [6.764, 6.605, 6.629, 6.632, 6.625, 6.411, 15.746, 2.489, 2.486, 2.492, 2.51, 2.515, 2.512, 2.477, 2.444, 2.49, 2.382, 2.386, 2.314, 2.324], "Total polarizability alpha": 87.233651,