{"total energy": -22.10344264, "HOMO-LUMO gap/eV": 5.03568002, "electronic energy": -22.45121615, "dipole": [0.0180066, -0.01279048, 0.00117517], "partial charges": [-0.09842532, -0.04996553, -0.05230641, -0.05493967, -0.04510994, -0.0421149, -0.09956129, 0.03131904, 0.03512918, 0.02861569, 0.02576846, 0.03074937, 0.02774943, 0.0272951, 0.03468774, 0.03266322, 0.02716702, 0.02555419, 0.0350531, 0.03998249, 0.04068904], "atomic dipole moments": [[0.02123266, 0.03525461, -0.09290692], [0.00428326, 0.06148147, 0.09077814], [0.06006975, -0.07670796, 0.05595], [-0.02883877, -0.04877438, -0.07880437], [-0.1153395, 0.08875811, -0.00452586], [0.1236646, -0.09016718, 0.00802889], [-0.04913463, 0.02658742, 0.02269101], [-0.08924016, 0.06815045, 0.05661905], [0.10048196, -0.00660371, 0.07592085], [-0.04365722, -0.11607394, -0.01032865], [-0.09668602, -0.01325233, -0.07059431], [0.0851775, -0.07440214, -0.05386486], [-0.09146328, 0.06958012, 0.0409274], [0.01142164, 0.03737895, -0.11582334], [-0.01948221, -0.01981032, 0.12374112], [0.01840026, 0.12039674, -0.00199492], [0.0436325, 0.03204161, -0.14094617], [-0.0408052, -0.03119924, 0.14074631], [0.02888838, 0.03120533, -0.12135747], [0.10149962, 0.0318264, 0.07020809], [-0.01581452, -0.12639859, 0.00141589]], "atomic quadrupole moments": [[-0.10640579, 0.03643728, -0.0613772, -0.06994387, -0.10254128, 0.167783], [-0.17755366, 0.10197352, 0.11422815, -0.0551043, -0.09957714, 0.06332552], [0.02243872, 0.11899728, 0.08642702, 0.13928438, 0.02933392, -0.10886574], [0.16944138, -0.05966232, -0.1001822, 0.07757185, 0.05760019, -0.06925917], [0.07463767, 0.30133235, 0.16053319, 0.03942112, 0.31049029, -0.23517086], [0.08274201, 0.30195753, 0.15827844, 0.03013622, 0.30402087, -0.24102045], [0.09052792, -0.11670031, -0.03122326, -0.06385143, 0.02664836, -0.05930466], [0.01158978, -0.05907826, 0.00477155, -0.0331067, 0.02056453, -0.01636133], [0.05128045, 0.0092825, -0.05066274, 0.04754637, -0.00200303, -0.00061771], [-0.03954184, 0.0443684, 0.06395176, 0.00595914, 0.01442073, -0.02440992], [0.03166254, 0.01199338, -0.02405872, 0.04182375, -0.01497299, -0.00760382], [0.0251087, -0.03791502, -0.00370701, -0.03091337, -0.00160279, -0.02140169], [0.02893086, -0.01991601, -0.00768595, -0.02828242, 0.03553531, -0.02124491], [-0.02926223, 0.02619265, -0.02233572, -0.01776556, -0.01400075, 0.05159795], [-0.01204649, 0.00087209, -0.02854238, -0.01097956, -0.0416674, 0.04058887], [-0.0222457, 0.01346936, 0.06066247, 0.00240108, -0.01614359, -0.03841677], [-0.00468374, -0.04261981, -0.01755061, -0.01178493, -0.02630256, 0.02223435], [8.369e-05, -0.04302635, -0.02095937, -0.01274351, -0.02758964, 0.02087568], [-0.03557982, -0.00714252, -0.03051222, -0.01444835, -0.04138118, 0.06609204], [0.03393811, 0.02136557, -0.04186268, 0.05501192, 0.02406733, 0.00792457], [-0.03791759, 0.01892389, 0.08178187, -0.01020899, -0.00873228, -0.04386428]], "number of molecular orbitals": 42, "number of electrons": 42, "number of unpaired electrons": 0, "orbital energies/eV": [-16.86595917, -16.63728275, -16.32728149, -15.90172819, -15.4767889, -14.86508845, -14.59171381, -13.81943946, -13.73990814, -13.46834938, -13.07222563, -13.05826001, -12.73555813, -12.67436858, -12.32732501, -11.92356158, -11.77405126, -11.61241897, -11.39089085, -11.33011474, -10.30066627, -5.26498624, 2.42377006, 2.51524083, 2.91351655, 3.23357837, 3.69622229, 4.18717002, 4.28856629, 4.55684678, 4.79757546, 4.98261293, 5.37999623, 6.0176188, 6.12122711, 6.33649675, 6.48031562, 7.16309112, 7.74250941, 7.97194762, 10.99440122, 16.22191995], "fractional occupation": [2.0, 2.0, 2.0, 2.0, 2.0, 2.0, 2.0, 2.0, 2.0, 2.0, 2.0, 2.0, 2.0, 2.0, 2.0, 2.0, 2.0, 2.0, 2.0, 2.0, 2.0, 0.0, 0.0, 0.0, 0.0, 0.0, 0.0, 0.0, 0.0, 0.0, 0.0, 0.0, 0.0, 0.0, 0.0, 0.0, 0.0, 0.0, 0.0, 0.0, 0.0, 0.0], "program call": "xtb /home/svss/Project-DBcg-Debug/aqme2_20220329/End-to-End-workflows-final/example-3/QDESCP/mol_822_rdkit_conf_5/mol_822_rdkit_conf_5.xyz --pop --wbo --acc 0.2 --gfn 2 --chrg 0 --uhf 0 --etemp 300 --input /home/svss/Project-DBcg-Debug/aqme2_20220329/End-to-End-workflows-final/example-3/QDESCP/mol_822_rdkit_conf_5/mol_822_rdkit_conf_5_xtb.inp", "method": "GFN2-xTB", "xtb version": "6.3.3 (7355c4f)", "Dipole module/D": 0.056, "Total charge": 0, "Transition dipole module/D": NaN, "HOMO": -10.3007, "LUMO": -5.265, "HOMO occupancy": 2.0, "LUMO occupancy": 0, "mulliken charges": [-0.08458, -0.03905, -0.04343, -0.04039, -0.04959, -0.03878, -0.07797, 0.02594, 0.02706, 0.02756, 0.02235, 0.02281, 0.02351, 0.024, 0.0256, 0.0299, 0.02352, 0.02283, 0.02991, 0.03426, 0.03453], "cm5 charges": [-0.23495, -0.15089, -0.15288, -0.14654, -0.11186, -0.10302, -0.22372, 0.07738, 0.0791, 0.07834, 0.07656, 0.07811, 0.07821, 0.07867, 0.08165, 0.08454, 0.07986, 0.07874, 0.08155, 0.08543, 0.08571], "FUKUI+": [0.014, 0.012, 0.01, 0.023, -0.148, -0.151, 0.049, -0.023, 0.012, -0.028, -0.038, 0.007, -0.053, -0.031, -0.056, -0.08, -0.133, -0.135, -0.066, -0.092, -0.093], "FUKUI-": [0.019, 0.004, 0.001, 0.004, -0.056, -0.065, 0.025, -0.049, -0.044, -0.064, -0.091, -0.037, -0.059, -0.047, -0.05, -0.104, -0.072, -0.069, -0.056, -0.098, -0.094], "FUKUIrad": [0.016, 0.008, 0.006, 0.014, -0.102, -0.108, 0.037, -0.036, -0.016, -0.046, -0.065, -0.015, -0.056, -0.039, -0.053, -0.092, -0.102, -0.102, -0.061, -0.095, -0.093], "s proportion": [1.007, 1.026, 1.032, 1.027, 1.069, 1.065, 1.003, 0.974, 0.973, 0.972, 0.978, 0.977, 0.976, 0.976, 0.974, 0.97, 0.976, 0.977, 0.97, 0.966, 0.965], "p proportion": [3.078, 3.013, 3.012, 3.014, 2.981, 2.974, 3.075, 0.0, 0.0, 0.0, 0.0, 0.0, 0.0, 0.0, 0.0, 0.0, 0.0, 0.0, 0.0, 0.0, 0.0], "d proportion": [0.0, 0.0, 0.0, 0.0, 0.0, 0.0, 0.0, 0.0, 0.0, 0.0, 0.0, 0.0, 0.0, 0.0, 0.0, 0.0, 0.0, 0.0, 0.0, 0.0, 0.0], "Fermi-level/eV": -7.7828, "Coordination numbers": [3.749, 3.798, 3.8, 3.803, 2.888, 2.886, 3.753, 0.924, 0.924, 0.924, 0.924, 0.924, 0.924, 0.924, 0.924, 0.924, 0.925, 0.925, 0.924, 0.924, 0.924], "Dispersion coefficient C6": [22.445, 21.473, 21.514, 21.56, 29.118, 29.044, 22.46, 2.568, 2.515, 2.606, 2.648, 2.576, 2.619, 2.625, 2.521, 2.549, 2.627, 2.65, 2.516, 2.449, 2.44], "Total dispersion C6": 3193.303143, "Total dispersion C8": 68301.145675, "Polarizability alpha": [6.757, 6.598, 6.604, 6.611, 8.847, 8.835, 6.758, 2.506, 2.48, 2.525, 2.545, 2.51, 2.531, 2.534, 2.483, 2.497, 2.535, 2.546, 2.48, 2.447, 2.443], "Total polarizability alpha": 86.070492,