{"total energy": -23.22934033, "HOMO-LUMO gap/eV": 4.26823276, "electronic energy": -23.52583194, "dipole": [-0.36157223, -0.40762421, 0.78371542], "partial charges": [-0.10071038, -0.04918485, 0.00225487, -0.22090981, -0.00209556, -0.05079206, -0.10183507, 0.04692326, 0.03486774, 0.0341052, 0.04187861, 0.03258857, 0.03190172, 0.03571735, 0.04868977, 0.03606846, 0.03198888, 0.04197947, 0.03531615, 0.03819829, 0.03304941], "atomic dipole moments": [[-0.06735458, -0.08895026, -0.01610471], [-0.05369751, 0.09664019, 0.03833769], [0.02521478, 0.0732763, -0.10340169], [-0.1799102, -0.18948708, 0.36789672], [0.06322636, -0.09217452, -0.05934951], [-0.01517236, 0.10461628, 0.0496899], [0.09534315, -0.02152968, -0.0400958], [-0.01799644, 0.09891594, -0.0813595], [-0.00900363, 0.04322925, 0.11806447], [0.11831545, -0.03661957, -0.01583958], [0.01684056, -0.04300978, -0.11861923], [0.03796589, -0.09118286, 0.0698791], [-0.06256698, -0.10382087, -0.01158407], [-0.01145404, 0.04363537, 0.11698221], [-0.04794168, 0.10224347, -0.05573076], [0.02010099, 0.03599904, 0.11973057], [0.04043092, -0.1008738, 0.05956329], [-0.01769597, -0.03369035, -0.12089351], [-0.05467744, 0.09738433, -0.05986105], [-0.077038, -0.09912188, -0.01104325], [0.00808506, 0.0281223, 0.12262016]], "atomic quadrupole moments": [[0.02883142, 0.16439513, 0.09161008, 0.03173708, 0.05791159, -0.1204415], [0.20126063, 0.06778261, 0.00422685, -0.02771813, 0.04244814, -0.20548749], [0.06866323, -0.18363234, -0.03363578, 0.05627817, -0.23985587, -0.03502745], [0.27067685, -0.38538958, -0.20708626, -0.16054964, -0.37857894, -0.06359059], [0.25492969, 0.03071028, -0.08107123, -0.20780661, 0.06445444, -0.17385845], [0.19152616, 0.07937159, -0.00357514, -0.11747207, 0.05956768, -0.18795101], [0.1726125, -0.06539868, -0.09972877, -0.12931805, 0.03395771, -0.07288373], [-0.03088568, -0.01581372, 0.02091488, 0.03156964, -0.05140831, 0.0099708], [-0.04050331, 0.00542207, -0.02733671, -0.02464027, 0.0327129, 0.06784001], [0.06671267, -0.03596648, -0.01417177, -0.01732957, 0.0103256, -0.0525409], [-0.01612224, 0.00960571, -0.03370443, -0.00292439, 0.01696854, 0.04982668], [-0.00884318, -0.00290262, 0.01163889, 0.0198516, -0.0514869, -0.00279571], [-0.00336214, 0.0258906, 0.03532377, 0.02336463, -0.01054577, -0.03196164], [-0.03454366, -0.01705661, -0.00744277, 0.00663698, 0.0215566, 0.04198643], [0.00834074, -0.02788889, 0.01436262, 0.01992882, -0.04011171, -0.02270336], [-0.00774185, 0.01338133, -0.04447211, -0.00101234, 0.00715149, 0.05221396], [0.00198878, -0.02070287, 0.00954698, 0.01652784, -0.03926487, -0.01153577], [-0.01335816, 0.01019833, -0.03606088, 0.00369747, 0.00965661, 0.04941904], [-0.02228131, -0.03677602, 0.02791515, 0.01086929, -0.0526801, -0.00563384], [0.004488, 0.05229906, 0.04249187, -0.00014761, 0.01851077, -0.04697987], [-0.02620791, -0.00234992, -0.04426383, 0.01946641, 0.02902624, 0.07047175]], "number of molecular orbitals": 47, "number of electrons": 44, "number of unpaired electrons": 0, "orbital energies/eV": [-19.04663433, -17.12500698, -16.99099086, -16.20336864, -16.12420885, -15.46473745, -15.28495885, -14.269987, -14.06682752, -13.95290443, -13.59507747, -13.36114658, -13.26181105, -12.9737885, -12.5406009, -12.31192378, -12.27811769, -12.1041395, -11.87248666, -11.8341236, -11.52140737, -9.49576199, -5.22752923, -3.60553261, -0.13818615, 0.05682025, 0.68843143, 2.24514436, 2.79536282, 3.30605586, 3.47934154, 3.65411527, 3.85356878, 4.00010114, 4.24331863, 4.4215865, 4.9346353, 5.10509174, 5.46161446, 5.91310028, 6.35928263, 6.608793, 6.81501018, 7.07696625, 7.64665533, 8.29807884, 11.54435172], "fractional occupation": [2.0, 2.0, 2.0, 2.0, 2.0, 2.0, 2.0, 2.0, 2.0, 2.0, 2.0, 2.0, 2.0, 2.0, 2.0, 2.0, 2.0, 2.0, 2.0, 2.0, 2.0, 2.0, 0.0, 0.0, 0.0, 0.0, 0.0, 0.0, 0.0, 0.0, 0.0, 0.0, 0.0, 0.0, 0.0, 0.0, 0.0, 0.0, 0.0, 0.0, 0.0, 0.0, 0.0, 0.0, 0.0, 0.0, 0.0], "program call": "xtb /home/svss/Project-DBcg-Debug/aqme2_20220329/End-to-End-workflows-final/example-3/QDESCP/mol_819_rdkit_conf_8/mol_819_rdkit_conf_8.xyz --pop --wbo --acc 0.2 --gfn 2 --chrg 0 --uhf 0 --etemp 300 --input /home/svss/Project-DBcg-Debug/aqme2_20220329/End-to-End-workflows-final/example-3/QDESCP/mol_819_rdkit_conf_8/mol_819_rdkit_conf_8_xtb.inp", "method": "GFN2-xTB", "xtb version": "6.3.3 (7355c4f)", "Dipole module/D": 2.426, "Total charge": 0, "Transition dipole module/D": NaN, "HOMO": -9.4958, "LUMO": -5.2275, "HOMO occupancy": 2.0, "LUMO occupancy": 0, "mulliken charges": [-0.08366, -0.03675, 0.01139, -0.13831, 0.01166, -0.04366, -0.08477, 0.03014, 0.02621, 0.02754, 0.02798, 0.02415, 0.02049, 0.02249, 0.03092, 0.02314, 0.02294, 0.02497, 0.02712, 0.0299, 0.02612], "cm5 charges": [-0.23307, -0.1465, -0.08165, -0.18621, -0.08099, -0.154, -0.2351, 0.08235, 0.07764, 0.0783, 0.08289, 0.07845, 0.07695, 0.07909, 0.08727, 0.07945, 0.07853, 0.08013, 0.07841, 0.08066, 0.07742], "FUKUI+": [0.022, 0.021, 0.036, -0.509, 0.028, 0.022, 0.02, 0.0, -0.024, -0.042, -0.026, -0.055, -0.083, -0.087, -0.071, -0.089, -0.035, -0.033, -0.026, -0.043, -0.027], "FUKUI-": [0.017, 0.018, 0.066, -0.526, 0.06, 0.005, 0.015, -0.02, -0.03, -0.046, -0.03, -0.057, -0.086, -0.072, -0.058, -0.065, -0.033, -0.028, -0.039, -0.058, -0.032], "FUKUIrad": [0.02, 0.02, 0.051, -0.517, 0.044, 0.013, 0.018, -0.01, -0.027, -0.044, -0.028, -0.056, -0.085, -0.079, -0.065, -0.077, -0.034, -0.03, -0.033, -0.05, -0.029], "s proportion": [1.007, 1.027, 1.038, 1.932, 1.039, 1.03, 1.008, 0.97, 0.974, 0.972, 0.972, 0.976, 0.98, 0.978, 0.969, 0.977, 0.977, 0.975, 0.973, 0.97, 0.974], "p proportion": [3.077, 3.01, 2.951, 4.209, 2.949, 3.013, 3.076, 0.0, 0.0, 0.0, 0.0, 0.0, 0.0, 0.0, 0.0, 0.0, 0.0, 0.0, 0.0, 0.0, 0.0], "d proportion": [0.0, 0.0, 0.0, -0.003, 0.0, 0.0, 0.0, 0.0, 0.0, 0.0, 0.0, 0.0, 0.0, 0.0, 0.0, 0.0, 0.0, 0.0, 0.0, 0.0, 0.0], "Fermi-level/eV": -7.3616, "Coordination numbers": [3.749, 3.824, 3.793, 1.992, 3.795, 3.825, 3.75, 0.924, 0.924, 0.924, 0.924, 0.924, 0.924, 0.924, 0.924, 0.924, 0.924, 0.924, 0.924, 0.924, 0.924], "Dispersion coefficient C6": [22.489, 21.436, 20.55, 150.487, 20.624, 21.465, 22.508, 2.359, 2.518, 2.529, 2.424, 2.55, 2.56, 2.507, 2.336, 2.502, 2.558, 2.423, 2.512, 2.473, 2.544], "Total dispersion C6": 3846.400701, "Total dispersion C8": 96986.658552, "Polarizability alpha": [6.764, 6.588, 6.456, 20.647, 6.467, 6.593, 6.766, 2.402, 2.482, 2.487, 2.435, 2.497, 2.502, 2.476, 2.39, 2.474, 2.501, 2.434, 2.479, 2.459, 2.494], "Total polarizability alpha": 94.792508,