{"total energy": -28.05175743, "HOMO-LUMO gap/eV": 3.71814952, "electronic energy": -28.33453403, "dipole": [-1.37244614, 0.42520324, 0.12520963], "partial charges": [-0.37614206, 0.14871545, -0.07226055, -0.03985746, 0.07804191, -0.14803284, 0.0882608, -0.13671289, -0.06203061, 0.3087122, 0.05230211, 0.07197955, 0.0870244], "atomic dipole moments": [[0.0695569, 0.19257725, 0.03429659], [-0.18063746, -0.12453468, -0.01779322], [0.01245682, -0.02655482, -0.00543107], [0.04028173, -0.03301359, -0.00759906], [0.199571, 0.08998051, 0.01061105], [0.03626057, -0.00561842, -0.0022429], [0.20276905, -0.08495565, -0.02270717], [0.03160756, -0.00776647, -0.00250018], [0.00628436, 0.05190357, 0.00965958], [-0.0594109, 0.05462141, 0.01229318], [-0.1288414, 0.07916849, 0.01920879], [-0.01067698, 0.15248783, 0.02931097], [0.00142342, -0.15649516, -0.02976924]], "atomic quadrupole moments": [[0.05026549, 0.06757126, 0.01003776, 0.00917766, 0.01151941, -0.06030324], [-0.0176956, 0.26686887, -0.27471087, 0.06154119, -0.12109957, 0.29240647], [-0.23204372, 0.03579274, -0.18541625, 0.02867447, -0.12013227, 0.41745997], [-0.23425881, 0.00334627, -0.25444472, 0.02504432, -0.14663697, 0.48870353], [0.01301545, 0.29022118, -0.24109241, 0.06275852, -0.10256868, 0.22807697], [0.24235672, 0.32178444, -0.03119545, 0.04627857, 0.02431868, -0.21116127], [0.03481758, -0.2639815, -0.30111138, -0.04202053, -0.1026001, 0.2662938], [0.28000332, -0.29454562, -0.08279974, -0.07169038, 0.03290968, -0.19720358], [-0.16359892, -0.00778297, -0.26288795, 0.01851997, -0.13566092, 0.42648688], [0.08059386, -0.07604196, 0.00144744, -0.01984772, 0.01912334, -0.08204131], [0.04044352, 0.00042343, 0.01741077, -0.00320998, 0.01483214, -0.0578543], [0.0363749, 0.0086346, 0.02268922, -0.00155735, 0.0158123, -0.05906412], [0.02597457, -0.00302091, 0.0233126, -0.00310785, 0.01441745, -0.04928717]], "number of molecular orbitals": 50, "number of electrons": 48, "number of unpaired electrons": 0, "orbital energies/eV": [-28.8698266, -28.83810714, -19.88316244, -18.59639368, -17.88548837, -17.67595591, -17.02044067, -16.64348182, -15.75365409, -15.30727682, -14.8907834, -14.687756, -14.12952933, -14.05209908, -13.88982259, -13.74860051, -13.00464491, -12.54527214, -12.52961184, -12.07197928, -11.59395944, -11.5269121, -11.27515073, -10.74353574, -7.02538622, -6.6749382, -4.22829753, -3.83458574, -3.5121982, 0.09026198, 0.28407788, 0.36866704, 0.36884143, 0.41013459, 0.41063019, 0.5834699, 0.8658905, 1.42256621, 2.6571004, 3.08324867, 3.60298604, 4.40281546, 4.46808197, 4.90505503, 9.14730976, 9.61330746, 10.87442748, 11.34217104, 15.70679528, 16.16972132], "fractional occupation": [2.0, 2.0, 2.0, 2.0, 2.0, 2.0, 2.0, 2.0, 2.0, 2.0, 2.0, 2.0, 2.0, 2.0, 2.0, 2.0, 2.0, 2.0, 2.0, 2.0, 2.0, 2.0, 2.0, 2.0, 0.0, 0.0, 0.0, 0.0, 0.0, 0.0, 0.0, 0.0, 0.0, 0.0, 0.0, 0.0, 0.0, 0.0, 0.0, 0.0, 0.0, 0.0, 0.0, 0.0, 0.0, 0.0, 0.0, 0.0, 0.0, 0.0], "program call": "xtb /home/svss/Project-DBcg-Debug/aqme2_20220329/End-to-End-workflows-final/example-3/QDESCP/mol_458_rdkit_conf_1/mol_458_rdkit_conf_1.xyz --pop --wbo --acc 0.2 --gfn 2 --chrg 0 --uhf 0 --etemp 300 --input /home/svss/Project-DBcg-Debug/aqme2_20220329/End-to-End-workflows-final/example-3/QDESCP/mol_458_rdkit_conf_1/mol_458_rdkit_conf_1_xtb.inp", "method": "GFN2-xTB", "xtb version": "6.3.3 (7355c4f)", "Dipole module/D": 3.666, "Total charge": 0, "Transition dipole module/D": NaN, "HOMO": -10.7435, "LUMO": -7.0254, "HOMO occupancy": 2.0, "LUMO occupancy": 0, "mulliken charges": [-0.51338, 0.26174, -0.09782, -0.03693, 0.07349, -0.10651, 0.09411, -0.09467, -0.0853, 0.35509, 0.04012, 0.0463, 0.06374], "cm5 charges": [-0.71046, 0.27359, -0.14953, -0.08851, 0.0696, -0.10752, 0.0904, -0.09564, -0.13183, 0.52567, 0.09796, 0.10282, 0.12344], "FUKUI+": [-0.058, -0.043, -0.067, -0.062, -0.033, -0.131, -0.066, -0.156, -0.064, -0.043, -0.094, -0.093, -0.092], "FUKUI-": [-0.098, -0.043, -0.044, -0.022, -0.04, -0.265, -0.021, -0.209, -0.02, -0.048, -0.069, -0.063, -0.059], "FUKUIrad": [-0.078, -0.043, -0.055, -0.042, -0.036, -0.198, -0.044, -0.182, -0.042, -0.045, -0.082, -0.078, -0.075], "s proportion": [1.69, 1.015, 1.058, 1.063, 1.075, 1.945, 1.082, 1.945, 1.058, 0.645, 0.96, 0.954, 0.936], "p proportion": [4.824, 2.723, 3.039, 2.974, 2.851, 5.171, 2.824, 5.16, 3.027, 0.0, 0.0, 0.0, 0.0], "d proportion": [0.0, 0.0, 0.0, 0.0, 0.0, -0.009, 0.0, -0.01, 0.0, 0.0, 0.0, 0.0, 0.0], "Fermi-level/eV": -8.8845, "Coordination numbers": [1.659, 2.843, 2.91, 2.957, 2.899, 0.964, 2.9, 0.965, 2.956, 0.804, 0.925, 0.925, 0.925], "Dispersion coefficient C6": [20.392, 24.765, 29.802, 28.989, 26.257, 103.785, 26.036, 103.426, 29.541, 0.695, 2.291, 2.064, 1.908], "Total dispersion C6": 3775.782238, "Total dispersion C8": 114721.495508, "Polarizability alpha": [6.096, 8.156, 8.952, 8.831, 8.402, 15.586, 8.366, 15.559, 8.915, 1.31, 2.367, 2.247, 2.16], "Total polarizability alpha": 96.945444, "Wiberg matrix": [[0.0, 1.0852482729670065, 0.0, 0.0, 0.0, 0.0, 0.0, 0.0, 0.0, 0.8839127350857482, 0.0, 0.0, 0.0], [1.0852482729670065, 0.0, 1.3642277311112982, 0.0, 0.0, 0.0, 0.0, 0.0, 1.3662104709732354, 0.0, 0.0, 0.0, 0.0], [0.0, 1.3642277311112982, 0.0, 1.4445759907359206, 0.0, 0.0, 0.0, 0.0, 0.0, 0.0, 0.9643745873184182, 0.0, 0.0], [0.0, 0.0, 1.4445759907359206, 0.0, 1.395033799015038, 0.0, 0.0, 0.0, 0.10522089556860806, 0.0, 0.0, 0.9657474410135253, 0.0], [0.0, 0.0, 0.0, 1.395033799015038, 0.0, 0.9886838777791079, 1.3577711826528474, 0.0, 0.0, 0.0, 0.0, 0.0, 0.0], [0.0, 0.0, 0.0, 0.0, 0.9886838777791079, 0.0, 0.0, 0.0, 0.0, 0.0, 0.0, 0.0, 0.0], [0.0, 0.0, 0.0, 0.0, 1.3577711826528474, 0.0, 0.0, 0.9977121252099902, 1.407494038170713, 0.0, 0.0, 0.0, 0.0], [0.0, 0.0, 0.0, 0.0, 0.0, 0.0, 0.9977121252099902, 0.0, 0.0, 0.0, 0.0, 0.0, 0.0], [0.0, 1.3662104709732354, 0.0, 0.10522089556860806, 0.0, 0.0, 1.407494038170713, 0.0, 0.0, 0.0, 0.0, 0.0, 0.9611581718575932], [0.8839127350857482, 0.0, 0.0, 0.0, 0.0, 0.0, 0.0, 0.0, 0.0, 0.0, 0.0, 0.0, 0.0], [0.0, 0.0, 0.9643745873184182, 0.0, 0.0, 0.0, 0.0, 0.0, 0.0, 0.0, 0.0, 0.0, 0.0], [0.0, 0.0, 0.0, 0.9657474410135253, 0.0, 0.0, 0.0, 0.0, 0.0, 0.0, 0.0, 0.0, 0.0], [0.0, 0.0, 0.0, 0.0, 0.0, 0.0, 0.0, 0.0, 0.9611581718575932, 0.0, 0.0, 0.0, 0.0]], "Born radii": [], "Atomic SASAs": [], "Solvent H bonds": [], "Total SASA": NaN, "Total FOD": 0.0, "FOD": [0.0, 0.0, 0.0, 0.0, 0.0, 0.0, 0.0, 0.0, 0.0, 0.0, 0.0, 0.0, 0.0], "FOD s proportion": [0.0, 0.0, 0.0, 0.0, 0.0, 0.0, 0.0, 0.0, 0.0, 0.0, 0.0, 0.0, 0.0], "FOD p proportion": [0.0, 0.0, 0.0, 0.0, 0.0, 0.0, 0.0, 0.0, 0.0, 0.0, 0.0, 0.0, 0.0], "FOD d proportion": [0.0, 0.0, 0.0, 0.0, 0.0, 0.0, 0.0, 0.0, 0.0, 0.0, 0.0, 0.0, 0.0], "coordinates": [["-2.13430", "-1.39630", "-0.19580"], ["-1.00210", "-0.64530", "-0.09000"], ["-1.06080", "0.71960", "0.17110"], ["0.12630", "1.44860", "0.27090"], ["1.36170", "0.81050", "0.10970"], ["2.78740", "1.77680", "0.24690"], ["1.40730", "-0.56430", "-0.15280"], ["2.89510", "-1.41760", "-0.36310"], ["0.21900", "-1.29200", "-0.25240"], ["-2.91030", "-0.82660", "-0.06250"], ["-2.01100", "1.22980", "0.29880"], ["0.08380", "2.51610", "0.47500"], ["0.23790", "-2.35930", "-0.45570"]],