{"total energy": -23.04645859, "HOMO-LUMO gap/eV": 11.59223989, "electronic energy": -23.32609588, "dipole": [-0.55091498, 0.32878859, -0.34524681], "partial charges": [-0.45305543, 0.12048649, -0.06160675, -0.05750838, -0.05749108, -0.05595386, -0.06721652, 0.28281207, 0.01045569, 0.04751476, 0.04021955, 0.03299611, 0.0302772, 0.02977285, 0.03471614, 0.02916661, 0.03085618, 0.02131787, 0.04224049], "atomic dipole moments": [[-0.19067464, 0.04005352, -0.13447293], [0.10382724, 0.05287269, 0.13894588], [-0.08462598, 0.06948876, -0.07402643], [0.00984783, 0.09033127, 0.07071244], [0.08507608, 0.04867635, -0.06636351], [0.08266845, -0.05051207, 0.06167686], [-0.00047295, -0.08395787, -0.07674242], [-0.00527426, 0.07286193, -0.02578932], [0.02007241, 0.01489672, -0.11588725], [0.01484051, -0.01950144, 0.12421684], [0.09977657, -0.06114075, -0.04397908], [-0.00593808, -0.11732321, 0.0376842], [0.00010107, -0.00616608, -0.12306592], [-0.10145185, -0.05004271, -0.04801059], [-0.01281086, -0.0137906, 0.12228485], [-0.01098379, 0.01468374, -0.1219161], [-0.09658877, 0.05872743, 0.04790661], [0.00342897, 0.11692213, -0.03246931], [-0.00142436, 0.01222394, 0.12563602]], "atomic quadrupole moments": [[0.08611751, 0.07010072, -0.02680629, 0.11157475, 0.02405137, -0.05931122], [0.22152523, 0.12400391, 0.02937696, 0.17400453, 0.0992704, -0.25090219], [0.01706099, 0.12994607, 0.15941737, 0.08948617, -0.03588467, -0.17647836], [0.22411699, -0.01000849, -0.07230298, 0.006389, 0.10179966, -0.15181402], [0.00334426, -0.10759829, 0.16771391, -0.08861701, -0.02392848, -0.17105816], [0.02964643, 0.12476745, 0.13848491, 0.08981161, -0.03248228, -0.16813135], [0.24149908, -0.01039966, -0.07240829, 0.00948492, 0.09362278, -0.1690908], [-0.06351017, 0.02111568, 0.1273417, 0.01824815, -0.04916915, -0.06383153], [-0.01173996, 0.00384324, -0.01058565, 0.01072903, 0.00122139, 0.02232561], [-0.0363551, 0.01178427, -0.02588063, -0.00741982, 0.00202972, 0.06223573], [0.01911589, -0.02646912, -0.00922256, -0.03672992, 0.02145808, -0.00989334], [-0.02015265, 0.00232365, 0.04317522, -0.00119307, -0.03618896, -0.02302257], [-0.00760257, -0.00167786, -0.04935435, -0.00062644, -0.01101484, 0.05695692], [0.02703291, 0.02259693, -0.01044718, 0.0373908, 0.01908059, -0.01658573], [-0.04157841, -0.01791759, -0.01646643, 0.00314826, -0.0021246, 0.05804484], [-0.03765379, 0.01976586, -0.0202383, -0.00324599, -0.00217448, 0.05789209], [0.0219213, -0.02502258, -0.00539541, -0.03487083, 0.02262222, -0.01652589], [-0.0280645, 0.00378103, 0.04561617, -0.00276274, -0.04018334, -0.01755167], [-0.01728022, -0.00054277, -0.04194554, 0.00140477, -0.01723083, 0.05922576]], "number of molecular orbitals": 40, "number of electrons": 42, "number of unpaired electrons": 0, "orbital energies/eV": [-18.51335575, -17.35041109, -16.77815889, -16.70284595, -15.92668328, -15.67424684, -15.18173797, -14.84651117, -14.34854765, -13.92522728, -13.72553442, -13.57311315, -13.07152362, -12.75889519, -12.70899611, -12.25433944, -11.9471702, -11.70100652, -11.54882746, -11.3327718, -10.88331065, 0.70892923, 2.25067588, 2.43043584, 2.73109137, 2.85837399, 2.90836118, 3.47165293, 3.97927398, 4.53015648, 4.80117745, 5.14359662, 5.24715242, 5.48962582, 6.15811994, 6.54040137, 7.45179979, 7.81004349, 7.93091187, 7.98508533], "fractional occupation": [2.0, 2.0, 2.0, 2.0, 2.0, 2.0, 2.0, 2.0, 2.0, 2.0, 2.0, 2.0, 2.0, 2.0, 2.0, 2.0, 2.0, 2.0, 2.0, 2.0, 2.0, 0.0, 0.0, 0.0, 0.0, 0.0, 0.0, 0.0, 0.0, 0.0, 0.0, 0.0, 0.0, 0.0, 0.0, 0.0, 0.0, 0.0, 0.0, 0.0], "program call": "xtb /home/svss/Project-DBcg-Debug/aqme2_20220329/End-to-End-workflows-final/example-3/QDESCP/mol_231_rdkit_conf_1/mol_231_rdkit_conf_1.xyz --pop --wbo --acc 0.2 --gfn 2 --chrg 0 --uhf 0 --etemp 300 --input /home/svss/Project-DBcg-Debug/aqme2_20220329/End-to-End-workflows-final/example-3/QDESCP/mol_231_rdkit_conf_1/mol_231_rdkit_conf_1_xtb.inp", "method": "GFN2-xTB", "xtb version": "6.3.3 (7355c4f)", "Dipole module/D": 1.852, "Total charge": 0, "Transition dipole module/D": NaN, "HOMO": -10.8833, "LUMO": 0.7089, "HOMO occupancy": 2.0, "LUMO occupancy": 0, "mulliken charges": [-0.57004, 0.22156, -0.0568, -0.05031, -0.04825, -0.04666, -0.07395, 0.33412, 0.00717, 0.03734, 0.03656, 0.02841, 0.02185, 0.02623, 0.02562, 0.02158, 0.02763, 0.02251, 0.03544], "cm5 charges": [-0.77962, 0.17511, -0.16098, -0.15954, -0.15763, -0.15591, -0.17923, 0.50342, 0.07384, 0.0953, 0.09304, 0.08264, 0.07723, 0.08043, 0.08093, 0.07694, 0.08188, 0.07884, 0.0933], "FUKUI+": [-0.146, -0.035, -0.001, -0.003, 0.022, -0.002, 0.005, -0.127, -0.088, -0.064, -0.058, -0.074, -0.055, -0.084, -0.056, -0.052, -0.063, -0.054, -0.064], "FUKUI-": [-0.115, -0.002, 0.015, 0.006, 0.006, 0.012, -0.002, -0.058, -0.105, -0.082, -0.103, -0.068, -0.069, -0.063, -0.066, -0.068, -0.108, -0.062, -0.067], "FUKUIrad": [-0.13, -0.019, 0.007, 0.002, 0.014, 0.005, 0.001, -0.092, -0.097, -0.073, -0.081, -0.071, -0.062, -0.073, -0.061, -0.06, -0.086, -0.058, -0.066], "s proportion": [1.698, 1.014, 1.033, 1.029, 1.029, 1.028, 1.039, 0.666, 0.993, 0.963, 0.963, 0.972, 0.978, 0.974, 0.974, 0.978, 0.972, 0.977, 0.965], "p proportion": [4.872, 2.764, 3.024, 3.021, 3.019, 3.018, 3.035, 0.0, 0.0, 0.0, 0.0, 0.0, 0.0, 0.0, 0.0, 0.0, 0.0, 0.0, 0.0], "d proportion": [0.0, 0.0, 0.0, 0.0, 0.0, 0.0, 0.0, 0.0, 0.0, 0.0, 0.0, 0.0, 0.0, 0.0, 0.0, 0.0, 0.0, 0.0, 0.0], "Fermi-level/eV": -5.0872, "Coordination numbers": [1.654, 3.727, 3.803, 3.803, 3.803, 3.803, 3.803, 0.804, 0.924, 0.923, 0.924, 0.924, 0.924, 0.924, 0.924, 0.924, 0.924, 0.924, 0.924], "Dispersion coefficient C6": [21.907, 18.708, 21.682, 21.607, 21.607, 21.578, 21.786, 0.775, 2.883, 2.351, 2.446, 2.544, 2.583, 2.59, 2.521, 2.598, 2.574, 2.714, 2.419], "Total dispersion C6": 2566.744543, "Total dispersion C8": 54430.29068, "Polarizability alpha": [6.318, 6.175, 6.629, 6.618, 6.618, 6.613, 6.645, 1.383, 2.655, 2.398, 2.446, 2.495, 2.513, 2.517, 2.483, 2.521, 2.509, 2.576, 2.432], "Total polarizability alpha": 74.545087,