{"total energy": -24.04838253, "HOMO-LUMO gap/eV": 11.86419808, "electronic energy": -24.34591262, "dipole": [-0.12319372, -0.79699217, 0.12527824], "partial charges": [-0.09949571, -0.05774942, -0.03233856, -0.05477473, -0.09914071, 0.07780699, -0.44671218, 0.03453604, 0.03275775, 0.03605594, 0.02875758, 0.03121824, 0.04210324, 0.03095602, 0.03530188, 0.02957842, 0.03644576, 0.02751426, 0.01717526, 0.0417893, 0.28821464], "atomic dipole moments": [[-0.07000957, 0.0714973, 0.03784232], [0.00929667, -0.01505494, -0.10926421], [-0.06938665, -0.03646734, 0.06320339], [-0.01695928, 0.0117681, 0.10845545], [0.06567386, 0.05875768, -0.04685695], [-0.05787427, 0.04358756, -0.18362535], [0.02065998, -0.20668008, 0.11767288], [0.07713957, 0.05176461, -0.08635751], [0.07175656, -0.04069111, 0.0937021], [-0.05427799, -0.10236392, -0.04914202], [0.06305303, 0.08147934, 0.06577567], [-0.06985794, -0.05638794, 0.0862006], [0.0771704, 0.05982981, -0.07645244], [-0.05414602, 0.05627234, -0.09404865], [0.07617514, -0.07500392, -0.06325022], [-0.05581992, -0.07460343, -0.08268652], [0.05074024, -0.07680271, 0.08782247], [-0.09175187, 0.06717525, 0.05232324], [-0.08648715, -0.03769648, 0.07407689], [0.06652542, 0.08237195, 0.06762356], [-0.05635327, -0.05124512, -0.01905301]], "atomic quadrupole moments": [[0.03596677, -0.15746179, 0.0232231, -0.07342901, 0.08382118, -0.05918987], [0.0001729, -0.21546101, 0.00588047, 0.03331547, -0.01473275, -0.00605337], [-0.0294273, -0.1267603, 0.02398417, 0.11286201, 0.09250772, 0.00544313], [0.02366037, 0.21050173, 0.02263323, -0.01917141, 0.01108108, -0.04629361], [0.03591741, 0.13130061, -0.01132763, -0.10869188, -0.07599226, -0.02458977], [-0.05484644, -0.28451998, -0.03848834, 0.19166145, -0.17846372, 0.09333478], [-0.0365276, -0.04904176, 0.01161422, 0.10112931, -0.09670153, 0.02491338], [-0.0091478, 0.02587814, -0.00183606, -0.05099873, -0.04053989, 0.01098386], [-0.00983907, -0.03018297, -0.03035687, 0.05169463, -0.01840575, 0.04019594], [0.00646195, 0.04387515, 0.02054291, 0.02371056, 0.04354637, -0.02700485], [-0.001113, 0.02154208, 0.02879134, 0.02730759, 0.0262522, -0.02767834], [0.01898122, 0.02357898, 8.553e-05, -0.03472573, -0.0285065, -0.01906675], [0.00098915, 0.027105, -0.00822008, -0.01547224, -0.00450425, 0.00723093], [0.00041703, -0.01384666, 0.01111087, 0.03392314, -0.04004093, -0.01152791], [0.02587178, -0.02861175, 0.01409729, -0.02151953, 0.01949596, -0.03996907], [-0.02243818, 0.03921815, -0.00553738, 0.02770119, 0.04781088, 0.02797556], [0.00319307, -0.02696897, -0.01695567, 0.03974772, -0.04903164, 0.0137626], [0.0043965, -0.04742364, 0.02076711, -0.04104584, 0.02858824, -0.02516361], [0.01429024, 0.01837623, -0.00570475, -0.01199538, -0.04205536, -0.00858548], [0.01081158, 0.02389972, 0.0120359, 0.02918987, 0.02138776, -0.02284748], [0.03047124, 0.08824755, 0.00151361, 0.07333806, 0.01913167, -0.03198485]], "number of molecular orbitals": 42, "number of electrons": 44, "number of unpaired electrons": 0, "orbital energies/eV": [-18.51121995, -17.22916444, -16.68789606, -16.61444909, -16.03277886, -15.62570544, -15.18934433, -14.91683094, -14.24770232, -14.1680454, -13.83325094, -13.50265571, -13.2230202, -13.13162161, -12.62699202, -12.49289734, -12.36211521, -11.98580711, -11.86234902, -11.58135673, -11.45312324, -10.95147413, 0.91272395, 1.78974478, 2.08556339, 2.40659421, 3.00152275, 3.35117255, 3.54441799, 3.73437171, 4.1107285, 4.82904937, 5.13326147, 5.22801355, 5.41614906, 5.77690575, 6.76084223, 7.02380997, 7.34439953, 7.4667711, 7.62792901, 7.89654849], "fractional occupation": [2.0, 2.0, 2.0, 2.0, 2.0, 2.0, 2.0, 2.0, 2.0, 2.0, 2.0, 2.0, 2.0, 2.0, 2.0, 2.0, 2.0, 2.0, 2.0, 2.0, 2.0, 2.0, 0.0, 0.0, 0.0, 0.0, 0.0, 0.0, 0.0, 0.0, 0.0, 0.0, 0.0, 0.0, 0.0, 0.0, 0.0, 0.0, 0.0, 0.0, 0.0, 0.0], "program call": "xtb /home/svss/Project-DBcg-Debug/aqme2_20220329/End-to-End-workflows-final/example-3/QDESCP/mol_1100_rdkit_conf_12/mol_1100_rdkit_conf_12.xyz --pop --wbo --acc 0.2 --gfn 2 --chrg 0 --uhf 0 --etemp 300 --input /home/svss/Project-DBcg-Debug/aqme2_20220329/End-to-End-workflows-final/example-3/QDESCP/mol_1100_rdkit_conf_12/mol_1100_rdkit_conf_12_xtb.inp", "method": "GFN2-xTB", "xtb version": "6.3.3 (7355c4f)", "Dipole module/D": 2.074, "Total charge": 0, "Transition dipole module/D": NaN, "HOMO": -10.9515, "LUMO": 0.9127, "HOMO occupancy": 2.0, "LUMO occupancy": 0, "mulliken charges": [-0.08218, -0.04848, -0.03846, -0.04684, -0.08914, 0.1904, -0.5644, 0.02911, 0.02983, 0.02803, 0.02476, 0.02191, 0.03503, 0.02676, 0.02754, 0.03016, 0.02913, 0.02348, 0.00904, 0.03031, 0.33402], "cm5 charges": [-0.23285, -0.15883, -0.10644, -0.15702, -0.23981, 0.10516, -0.77964, 0.08059, 0.08062, 0.07999, 0.07982, 0.07755, 0.09584, 0.08406, 0.08302, 0.08098, 0.08124, 0.07595, 0.07226, 0.09356, 0.50395], "FUKUI+": [0.013, -0.032, -0.025, 0.011, 0.018, -0.025, -0.149, -0.05, -0.088, -0.049, -0.06, -0.059, -0.068, -0.03, -0.045, -0.049, -0.026, -0.018, -0.086, -0.089, -0.097], "FUKUI-": [0.016, 0.008, -0.015, 0.011, 0.023, 0.008, -0.13, -0.063, -0.065, -0.064, -0.078, -0.066, -0.058, -0.057, -0.097, -0.063, -0.045, -0.064, -0.08, -0.069, -0.05], "FUKUIrad": [0.014, -0.012, -0.02, 0.011, 0.02, -0.009, -0.14, -0.057, -0.076, -0.056, -0.069, -0.062, -0.063, -0.044, -0.071, -0.056, -0.035, -0.041, -0.083, -0.079, -0.073], "s proportion": [1.007, 1.031, 1.068, 1.031, 1.007, 0.996, 1.695, 0.971, 0.97, 0.972, 0.975, 0.978, 0.965, 0.973, 0.972, 0.97, 0.971, 0.977, 0.991, 0.97, 0.666], "p proportion": [3.075, 3.017, 2.971, 3.016, 3.082, 2.814, 4.869, 0.0, 0.0, 0.0, 0.0, 0.0, 0.0, 0.0, 0.0, 0.0, 0.0, 0.0, 0.0, 0.0, 0.0], "d proportion": [0.0, 0.0, 0.0, 0.0, 0.0, 0.0, 0.0, 0.0, 0.0, 0.0, 0.0, 0.0, 0.0, 0.0, 0.0, 0.0, 0.0, 0.0, 0.0, 0.0, 0.0], "Fermi-level/eV": -5.0194, "Coordination numbers": [3.749, 3.8, 3.846, 3.798, 3.748, 3.675, 1.653, 0.924, 0.924, 0.924, 0.924, 0.924, 0.923, 0.924, 0.924, 0.924, 0.924, 0.924, 0.924, 0.924, 0.804], "Dispersion coefficient C6": [22.466, 21.613, 21.118, 21.561, 22.46, 19.502, 21.778, 2.523, 2.548, 2.502, 2.604, 2.569, 2.421, 2.573, 2.513, 2.593, 2.497, 2.622, 2.777, 2.425, 0.758], "Total dispersion C6": 2912.800218, "Total dispersion C8": 60095.536496, "Polarizability alpha": [6.76, 6.619, 6.537, 6.612, 6.759, 6.328, 6.3, 2.484, 2.496, 2.474, 2.524, 2.507, 2.433, 2.509, 2.479, 2.518, 2.471, 2.532, 2.606, 2.435, 1.367], "Total polarizability alpha": 79.749402,