{"total energy": -24.05156362, "HOMO-LUMO gap/eV": 11.6549497, "electronic energy": -24.34900591, "dipole": [0.66052694, 0.14204793, 0.09566651], "partial charges": [-0.10268097, -0.06464653, 0.11232697, -0.44804198, -0.01032659, -0.10256803, -0.10210982, 0.03259341, 0.03727945, 0.03592994, 0.02442893, 0.04330771, 0.01004211, 0.27940111, 0.03046088, 0.0289312, 0.03190563, 0.05035822, 0.03154586, 0.04981329, 0.03204919], "atomic dipole moments": [[-0.04968502, -0.03448237, -0.08660087], [-0.03010613, 0.10054857, 0.04587899], [-0.07133042, -0.13167523, -0.09183465], [0.19639833, 0.09465215, 0.0983927], [-0.01201737, -0.03765693, -0.08389806], [0.07921581, -0.06196381, 0.04746482], [0.04718969, 0.09898078, -0.02660643], [0.03840776, 0.1193957, -0.01663276], [-0.07296486, -0.00584996, 0.10352842], [0.10109663, -0.06795495, 0.02496173], [0.08266804, -0.01463893, -0.08505033], [-0.02983353, -0.12186497, 0.01655443], [0.03874196, 0.1011975, -0.0442843], [0.06292309, 0.00107296, -0.04735205], [0.03930195, 0.05817194, 0.10066042], [0.0479172, 0.10961535, -0.03627353], [-0.08725927, 0.02734298, 0.08447868], [-0.06317727, -0.05064243, -0.10224735], [-0.09266678, 0.01956932, 0.08122287], [-0.05216677, -0.06981383, -0.09722282], [0.07988998, -0.07414138, 0.06075622]], "atomic quadrupole moments": [[-0.03760844, 0.04877614, -0.07043645, 0.13195874, 0.10886533, 0.1080449], [0.02799262, -0.08197047, -0.08818615, 0.20010781, 0.04249513, 0.06019354], [-0.02580768, -0.02557677, -0.16389978, 0.15999615, 0.22340514, 0.18970745], [-0.00417878, 0.05330336, -0.06569794, 0.07448559, 0.10107586, 0.06987672], [0.05875725, -0.04501855, 0.02251788, -0.0922949, -0.11934275, -0.08127513], [0.05567291, -0.14229667, 0.01543963, 0.07333373, -0.10106221, -0.07111254], [-0.04016125, 0.09910013, 0.14606025, -0.04746073, -0.09307905, -0.105899], [-0.04283214, 0.03090185, 0.06704196, -0.00023421, -0.02544184, -0.02420982], [0.02084197, 0.01231648, -0.04593793, -0.055901, 0.00311332, 0.02509596], [0.03345825, -0.06207209, -0.00274344, 0.0208205, 0.00069027, -0.03071482], [0.01703394, 0.00299067, -0.04337627, -0.0400163, -0.01027772, 0.02634233], [-0.01086371, 0.04081293, 0.02865244, -0.00495356, -0.02745429, -0.01778872], [-0.01165794, 0.01681363, 0.01941193, -0.00200218, 0.00759754, -0.00775398], [0.03946115, 0.00315512, -0.07748552, -0.09855916, 0.02868192, 0.03802437], [-0.00591355, 0.01025075, -0.00876103, 0.02430708, 0.01607103, 0.01467458], [-0.0044072, 0.04714427, 0.04457641, -0.011248, -0.03596536, -0.04016921], [0.01177514, -0.02019464, -0.04563255, -0.05789997, 0.00566251, 0.03385741], [-0.02400953, 0.0148161, -0.00322983, 0.03760616, 0.04762283, 0.02723935], [0.01961875, -0.02429586, -0.01935737, -0.06392859, 0.02110965, -0.00026138], [-0.03338938, 0.02200154, -0.01560463, 0.03128295, 0.03649234, 0.04899401], [0.03389499, -0.04197378, -0.00334353, 0.04077094, -0.03261338, -0.03055146]], "number of molecular orbitals": 42, "number of electrons": 44, "number of unpaired electrons": 0, "orbital energies/eV": [-18.413733, -17.14355407, -16.75038137, -16.19205282, -15.78389061, -15.57179261, -15.15849935, -14.85835922, -14.02890611, -13.86325689, -13.57513943, -13.35606643, -13.09931824, -12.6865929, -12.51295338, -12.36298601, -12.19460433, -12.02215561, -11.67828222, -11.52031032, -11.33578671, -10.87569427, 0.77925544, 1.56507344, 2.28745783, 2.68026491, 3.17195863, 3.47138959, 3.7489859, 4.37503518, 4.6078274, 4.97478059, 5.23144028, 5.32408917, 5.81081136, 6.12120491, 6.43396548, 6.92189194, 7.18124372, 7.3823767, 7.75820776, 8.07907358], "fractional occupation": [2.0, 2.0, 2.0, 2.0, 2.0, 2.0, 2.0, 2.0, 2.0, 2.0, 2.0, 2.0, 2.0, 2.0, 2.0, 2.0, 2.0, 2.0, 2.0, 2.0, 2.0, 2.0, 0.0, 0.0, 0.0, 0.0, 0.0, 0.0, 0.0, 0.0, 0.0, 0.0, 0.0, 0.0, 0.0, 0.0, 0.0, 0.0, 0.0, 0.0, 0.0, 0.0], "program call": "xtb /home/svss/Project-DBcg-Debug/aqme2_20220329/End-to-End-workflows-final/example-3/QDESCP/mol_748_rdkit_conf_5/mol_748_rdkit_conf_5.xyz --pop --wbo --acc 0.2 --gfn 2 --chrg 0 --uhf 0 --etemp 300 --input /home/svss/Project-DBcg-Debug/aqme2_20220329/End-to-End-workflows-final/example-3/QDESCP/mol_748_rdkit_conf_5/mol_748_rdkit_conf_5_xtb.inp", "method": "GFN2-xTB", "xtb version": "6.3.3 (7355c4f)", "Dipole module/D": 1.734, "Total charge": 0, "Transition dipole module/D": NaN, "HOMO": -10.8757, "LUMO": 0.7793, "HOMO occupancy": 2.0, "LUMO occupancy": 0, "mulliken charges": [-0.08605, -0.06574, 0.21226, -0.56999, -0.00587, -0.08345, -0.08547, 0.0262, 0.02942, 0.03201, 0.02226, 0.0354, 0.00823, 0.33397, 0.01564, 0.02416, 0.02457, 0.04136, 0.02536, 0.04153, 0.0242], "cm5 charges": [-0.23641, -0.17396, 0.1666, -0.78176, -0.07533, -0.23072, -0.23289, 0.07773, 0.08141, 0.08283, 0.07907, 0.09287, 0.07517, 0.50336, 0.07494, 0.07611, 0.07598, 0.09565, 0.07689, 0.09577, 0.0767], "FUKUI+": [0.005, 0.002, -0.04, -0.155, -0.005, 0.022, 0.017, -0.042, -0.039, -0.061, -0.047, -0.053, -0.095, -0.123, -0.097, -0.05, -0.061, -0.037, -0.059, -0.036, -0.044], "FUKUI-": [0.021, 0.002, -0.002, -0.101, -0.007, 0.019, 0.019, -0.057, -0.052, -0.079, -0.072, -0.072, -0.1, -0.057, -0.083, -0.051, -0.073, -0.071, -0.066, -0.066, -0.053], "FUKUIrad": [0.013, 0.002, -0.021, -0.128, -0.006, 0.02, 0.018, -0.05, -0.046, -0.07, -0.06, -0.063, -0.098, -0.09, -0.09, -0.05, -0.067, -0.054, -0.063, -0.051, -0.049], "s proportion": [1.007, 1.038, 1.025, 1.699, 1.054, 1.011, 1.01, 0.974, 0.971, 0.968, 0.978, 0.965, 0.992, 0.666, 0.984, 0.976, 0.975, 0.959, 0.975, 0.958, 0.976], "p proportion": [3.079, 3.028, 2.763, 4.871, 2.952, 3.072, 3.076, 0.0, 0.0, 0.0, 0.0, 0.0, 0.0, 0.0, 0.0, 0.0, 0.0, 0.0, 0.0, 0.0, 0.0], "d proportion": [0.0, 0.0, 0.0, 0.0, 0.0, 0.0, 0.0, 0.0, 0.0, 0.0, 0.0, 0.0, 0.0, 0.0, 0.0, 0.0, 0.0, 0.0, 0.0, 0.0, 0.0], "Fermi-level/eV": -5.0482, "Coordination numbers": [3.749, 3.798, 3.724, 1.653, 3.846, 3.752, 3.752, 0.924, 0.924, 0.924, 0.924, 0.924, 0.924, 0.804, 0.924, 0.924, 0.924, 0.924, 0.924, 0.924, 0.924], "Dispersion coefficient C6": [22.527, 21.743, 18.84, 21.805, 20.728, 22.519, 22.511, 2.55, 2.485, 2.504, 2.667, 2.405, 2.89, 0.787, 2.58, 2.602, 2.56, 2.316, 2.565, 2.322, 2.558], "Total dispersion C6": 2909.86215, "Total dispersion C8": 60059.699811, "Polarizability alpha": [6.769, 6.639, 6.198, 6.304, 6.476, 6.767, 6.766, 2.497, 2.465, 2.475, 2.554, 2.425, 2.658, 1.393, 2.512, 2.522, 2.502, 2.38, 2.504, 2.383, 2.501], "Total polarizability alpha": 79.692845,