{"total energy": -24.04966495, "HOMO-LUMO gap/eV": 12.04113214, "electronic energy": -24.34736746, "dipole": [0.28353896, -0.58028587, -0.38304953], "partial charges": [-0.09980045, -0.05331664, -0.05793938, -0.0242201, -0.10351464, 0.07854716, -0.44395325, 0.03062352, 0.03197111, 0.02960928, 0.03955945, 0.0287406, 0.03945071, 0.02921921, 0.03214312, 0.03165312, 0.03542604, 0.03024915, 0.04571689, 0.01389619, 0.28593889], "atomic dipole moments": [[0.05655063, 0.00891802, 0.08065178], [0.02773906, -0.0708268, -0.08760836], [-0.01166663, 0.07765119, -0.08640709], [0.05157321, 0.02663933, 0.0773581], [-0.07577175, 0.06467366, -0.0039088], [0.06477893, -0.03147932, 0.1843644], [0.02231648, -0.13818143, -0.19396722], [-0.10572426, 0.06408187, 0.0148498], [-0.03191003, -0.11908641, -0.02439037], [0.05719545, 0.04826037, -0.1011965], [0.02663989, 0.12121224, 0.02306059], [-0.0682846, -0.0320154, 0.09453871], [0.05221321, 0.00768262, 0.11308921], [-0.03459409, -0.11696925, -0.00188026], [-0.05227393, -0.02549426, -0.10911071], [0.06237038, 0.00465375, 0.10910673], [-0.03891893, -0.12013013, -0.01267191], [0.08330729, 0.01889931, -0.09177385], [-0.09221465, 0.08114747, -0.03132599], [0.08643595, 0.02457007, -0.0761385], [0.06577388, -0.04241605, 0.00161648]], "atomic quadrupole moments": [[-0.00289262, 0.00594548, -0.11622892, 0.15094095, 0.02886417, 0.11912154], [0.08916991, -0.13527867, -0.11330486, 0.14170258, 0.01928215, 0.02413496], [0.11512018, -0.12164256, -0.08013532, -0.14763674, -0.04506508, -0.03498486], [0.02413867, -0.02431611, 0.11252463, -0.09221981, -0.04893195, -0.13666331], [0.09425755, -0.15621178, 0.01851973, 0.00593541, -0.02087151, -0.11277728], [-0.18730796, 0.13573722, -0.04693872, 0.23669346, 0.15548748, 0.23424668], [-0.05203889, -0.00178645, -0.06066242, 0.08561273, 0.07674172, 0.11270131], [0.04192275, -0.05948449, -0.01677355, -0.01231651, 0.01677448, -0.0251492], [-0.04477841, 0.02122319, 0.07701451, 0.01179869, 0.01071787, -0.0322361], [0.00431314, 0.03311343, -0.03344632, -0.04449889, -0.03069608, 0.02913318], [-0.01168288, 0.02720459, 0.04525277, 0.01444478, -0.00565964, -0.03356989], [0.0105412, 0.01160276, -0.02979698, -0.0288086, -0.03476245, 0.01925578], [0.01040556, 0.00284279, -0.03915776, 0.0338078, 0.02529726, 0.0287522], [-0.01094179, 0.02473234, 0.04692927, -0.0109308, 0.02500619, -0.03598749], [-0.00365621, 0.00238402, -0.01360074, 0.02867446, 0.00684053, 0.01725695], [-0.01929812, -0.00085921, -0.03907686, 0.04463744, 0.02506701, 0.05837498], [-0.01037457, 0.03885425, 0.06139412, 0.00969446, 0.0079284, -0.05101955], [0.00747627, 0.00933933, -0.03383792, -0.05743551, -0.03164834, 0.02636165], [0.03078382, -0.03557982, 0.00092102, 0.01334708, 0.01068553, -0.03170484], [0.01509738, 0.00785591, -0.04021352, -0.02838661, 0.01560467, 0.02511614], [0.06842884, -0.09769387, -0.03084524, 0.03568679, -0.00291678, -0.0375836]], "number of molecular orbitals": 42, "number of electrons": 44, "number of unpaired electrons": 0, "orbital energies/eV": [-18.47116231, -17.17880044, -16.63715451, -16.50246917, -15.97098229, -15.49846482, -15.19594798, -14.74016829, -14.43390013, -13.95361243, -13.59290462, -13.54441497, -13.22477424, -12.92820675, -12.62043894, -12.41658374, -12.27228465, -11.98926415, -11.56083029, -11.50748985, -11.38143599, -10.95590271, 1.08522943, 2.01620077, 2.16890152, 2.49290539, 3.00763799, 3.29190517, 3.63232064, 4.03793371, 4.19977575, 4.64643481, 5.14477059, 5.38123277, 5.75605387, 6.22194446, 6.50824151, 6.95945588, 7.2638944, 7.32369643, 7.82123334, 8.04937792], "fractional occupation": [2.0, 2.0, 2.0, 2.0, 2.0, 2.0, 2.0, 2.0, 2.0, 2.0, 2.0, 2.0, 2.0, 2.0, 2.0, 2.0, 2.0, 2.0, 2.0, 2.0, 2.0, 2.0, 0.0, 0.0, 0.0, 0.0, 0.0, 0.0, 0.0, 0.0, 0.0, 0.0, 0.0, 0.0, 0.0, 0.0, 0.0, 0.0, 0.0, 0.0, 0.0, 0.0], "program call": "xtb /home/svss/Project-DBcg-Debug/aqme2_20220329/End-to-End-workflows-final/example-3/QDESCP/mol_896_rdkit_conf_24/mol_896_rdkit_conf_24.xyz --pop --wbo --acc 0.2 --gfn 2 --chrg 0 --uhf 0 --etemp 300 --input /home/svss/Project-DBcg-Debug/aqme2_20220329/End-to-End-workflows-final/example-3/QDESCP/mol_896_rdkit_conf_24/mol_896_rdkit_conf_24_xtb.inp", "method": "GFN2-xTB", "xtb version": "6.3.3 (7355c4f)", "Dipole module/D": 1.909, "Total charge": 0, "Transition dipole module/D": NaN, "HOMO": -10.9559, "LUMO": 1.0852, "HOMO occupancy": 2.0, "LUMO occupancy": 0, "mulliken charges": [-0.08652, -0.04004, -0.0465, -0.02897, -0.09143, 0.18942, -0.5649, 0.02889, 0.0259, 0.02335, 0.03201, 0.02423, 0.03223, 0.02133, 0.02129, 0.02673, 0.03246, 0.02571, 0.03069, 0.01036, 0.33376], "cm5 charges": [-0.23704, -0.15233, -0.15388, -0.09934, -0.23982, 0.1043, -0.78055, 0.07968, 0.07735, 0.07533, 0.08808, 0.07849, 0.0898, 0.07684, 0.08049, 0.08019, 0.08387, 0.07749, 0.09432, 0.07294, 0.5038], "FUKUI+": [0.022, 0.002, -0.022, -0.022, 0.018, -0.007, -0.111, -0.05, -0.031, -0.014, -0.034, -0.065, -0.049, -0.063, -0.099, -0.047, -0.073, -0.08, -0.083, -0.095, -0.098], "FUKUI-": [0.025, 0.009, 0.011, -0.016, 0.027, 0.01, -0.116, -0.059, -0.072, -0.07, -0.092, -0.108, -0.047, -0.093, -0.055, -0.038, -0.059, -0.057, -0.052, -0.094, -0.053], "FUKUIrad": [0.023, 0.005, -0.005, -0.019, 0.022, 0.001, -0.113, -0.054, -0.051, -0.042, -0.063, -0.087, -0.048, -0.078, -0.077, -0.043, -0.066, -0.068, -0.067, -0.095, -0.075], "s proportion": [1.007, 1.027, 1.034, 1.061, 1.014, 0.994, 1.695, 0.971, 0.974, 0.977, 0.968, 0.976, 0.968, 0.979, 0.979, 0.973, 0.968, 0.974, 0.969, 0.99, 0.666], "p proportion": [3.079, 3.013, 3.013, 2.968, 3.078, 2.816, 4.87, 0.0, 0.0, 0.0, 0.0, 0.0, 0.0, 0.0, 0.0, 0.0, 0.0, 0.0, 0.0, 0.0, 0.0], "d proportion": [0.0, 0.0, 0.0, 0.0, 0.0, 0.0, 0.0, 0.0, 0.0, 0.0, 0.0, 0.0, 0.0, 0.0, 0.0, 0.0, 0.0, 0.0, 0.0, 0.0, 0.0], "Fermi-level/eV": -4.9353, "Coordination numbers": [3.749, 3.798, 3.801, 3.846, 3.752, 3.675, 1.653, 0.924, 0.924, 0.924, 0.924, 0.924, 0.924, 0.923, 0.924, 0.924, 0.924, 0.924, 0.924, 0.924, 0.804], "Dispersion coefficient C6": [22.471, 21.534, 21.616, 20.973, 22.538, 19.491, 21.722, 2.578, 2.559, 2.592, 2.455, 2.605, 2.456, 2.598, 2.556, 2.563, 2.511, 2.583, 2.374, 2.828, 0.765], "Total dispersion C6": 2914.383548, "Total dispersion C8": 60107.406534, "Polarizability alpha": [6.761, 6.607, 6.619, 6.514, 6.77, 6.326, 6.292, 2.511, 2.502, 2.518, 2.45, 2.524, 2.451, 2.521, 2.5, 2.504, 2.478, 2.513, 2.41, 2.63, 1.374], "Total polarizability alpha": 79.774084,