{"total energy": -14.64367813, "HOMO-LUMO gap/eV": 4.70885744, "electronic energy": -14.83998006, "dipole": [-0.00868963, 0.1801993, -0.0235708], "partial charges": [-0.05740934, -0.05743724, 0.06386164, -0.18323841, 0.06388036, 0.03766936, 0.03766686, 0.0475132, 0.04749356], "atomic dipole moments": [[-0.02194366, 0.02024611, -0.00044581], [0.01998315, 0.02170048, -0.00505313], [0.20406521, -0.17316466, 0.00208454], [-0.00996514, 0.20656592, -0.02701547], [-0.18681979, -0.18632434, 0.04495659], [0.09739894, 0.13221457, -0.02819718], [-0.10981596, 0.1251773, -0.00545928], [-0.13895235, -0.09334735, 0.02727571], [0.14749408, -0.08367966, -0.0041478]], "atomic quadrupole moments": [[-0.18818762, 0.0482616, -0.23914584, 0.06005008, 0.08796139, 0.42733346], [-0.1811803, -0.0246908, -0.24400547, 0.06923263, 0.09628106, 0.42518577], [0.10703916, -0.28684397, -0.37106112, 0.05780329, 0.11946472, 0.26402197], [-0.04723591, -0.00373135, 0.04468726, 0.00572639, -0.00535432, 0.00254865], [0.04717477, 0.33401577, -0.32901746, -0.02022722, 0.04849078, 0.2818427], [0.01038637, 0.00618147, 0.02947681, -0.00633993, -0.01035304, -0.03986319], [0.01185698, -0.00943287, 0.02846684, -0.00437176, -0.00857719, -0.04032382], [0.03372154, -0.01656262, 0.00526814, -0.00552156, -0.00443623, -0.03898968], [0.03044822, 0.01699022, 0.00755588, -0.00972202, -0.00827063, -0.03800411]], "number of molecular orbitals": 24, "number of electrons": 26, "number of unpaired electrons": 0, "orbital energies/eV": [-19.95054367, -17.85591758, -17.73194435, -15.91447827, -15.58144976, -15.20297337, -15.0917117, -13.54685279, -12.99709503, -12.69746112, -12.59739092, -11.54782572, -10.61815243, -5.90929499, -4.43027378, 2.30748045, 2.70905975, 3.59848238, 4.12785501, 6.59339186, 6.79664313, 11.3747984, 12.869392, 18.36583875], "fractional occupation": [2.0, 2.0, 2.0, 2.0, 2.0, 2.0, 2.0, 2.0, 2.0, 2.0, 2.0, 2.0, 2.0, 0.0, 0.0, 0.0, 0.0, 0.0, 0.0, 0.0, 0.0, 0.0, 0.0, 0.0], "program call": "xtb /home/svss/Project-DBcg-Debug/aqme2_20220329/End-to-End-workflows-final/example-3/QDESCP/mol_707_rdkit_conf_1/mol_707_rdkit_conf_1.xyz --pop --wbo --acc 0.2 --gfn 2 --chrg 0 --uhf 0 --etemp 300 --input /home/svss/Project-DBcg-Debug/aqme2_20220329/End-to-End-workflows-final/example-3/QDESCP/mol_707_rdkit_conf_1/mol_707_rdkit_conf_1_xtb.inp", "method": "GFN2-xTB", "xtb version": "6.3.3 (7355c4f)", "Dipole module/D": 0.462, "Total charge": 0, "Transition dipole module/D": NaN, "HOMO": -10.6182, "LUMO": -5.9093, "HOMO occupancy": 2.0, "LUMO occupancy": 0, "mulliken charges": [-0.08384, -0.08388, 0.18031, -0.34133, 0.18032, 0.03596, 0.03595, 0.03826, 0.03825], "cm5 charges": [-0.13545, -0.1355, 0.15318, -0.42015, 0.1532, 0.09142, 0.09143, 0.10095, 0.10092], "FUKUI+": [-0.057, -0.057, -0.093, -0.172, -0.093, -0.126, -0.125, -0.139, -0.139], "FUKUI-": [-0.068, -0.068, -0.112, -0.12, -0.112, -0.124, -0.124, -0.136, -0.136], "FUKUIrad": [-0.062, -0.062, -0.102, -0.146, -0.102, -0.125, -0.125, -0.138, -0.138], "s proportion": [1.054, 1.054, 1.011, 1.695, 1.011, 0.964, 0.964, 0.962, 0.962], "p proportion": [3.03, 3.03, 2.809, 4.647, 2.809, 0.0, 0.0, 0.0, 0.0], "d proportion": [0.0, 0.0, 0.0, 0.0, 0.0, 0.0, 0.0, 0.0, 0.0], "Fermi-level/eV": -8.2637, "Coordination numbers": [3.002, 3.002, 3.032, 1.723, 3.032, 0.926, 0.926, 0.926, 0.926], "Dispersion coefficient C6": [29.412, 29.413, 26.539, 17.068, 26.538, 2.48, 2.48, 2.351, 2.351], "Total dispersion C6": 988.300667, "Total dispersion C8": 23607.630279, "Polarizability alpha": [8.896, 8.896, 8.45, 5.578, 8.45, 2.463, 2.463, 2.398, 2.398], "Total polarizability alpha": 49.991454, "Wiberg matrix": [[0.0, 1.3012317768400037, 0.0, 0.0, 1.6036971318218982, 0.9743554035122134, 0.0, 0.0, 0.0], [1.3012317768400037, 0.0, 1.6036378817531765, 0.0, 0.0, 0.0, 0.974365156904232, 0.0, 0.0], [0.0, 1.6036378817531765, 0.0, 1.1378110071787588, 0.15864830111172507, 0.0, 0.0, 0.9673811088560108, 0.0], [0.0, 0.0, 1.1378110071787588, 0.0, 1.1377498428187791, 0.0, 0.0, 0.0, 0.0], [1.6036971318218982, 0.0, 0.15864830111172507, 1.1377498428187791, 0.0, 0.0, 0.0, 0.0, 0.9673692531811072], [0.9743554035122134, 0.0, 0.0, 0.0, 0.0, 0.0, 0.0, 0.0, 0.0], [0.0, 0.974365156904232, 0.0, 0.0, 0.0, 0.0, 0.0, 0.0, 0.0], [0.0, 0.0, 0.9673811088560108, 0.0, 0.0, 0.0, 0.0, 0.0, 0.0], [0.0, 0.0, 0.0, 0.0, 0.9673692531811072, 0.0, 0.0, 0.0, 0.0]], "Born radii": [], "Atomic SASAs": [], "Solvent H bonds": [], "Total SASA": NaN, "Total FOD": 0.0, "FOD": [0.0, 0.0, 0.0, 0.0, 0.0, 0.0, 0.0, 0.0, 0.0], "FOD s proportion": [0.0, 0.0, 0.0, 0.0, 0.0, 0.0, 0.0, 0.0, 0.0], "FOD p proportion": [0.0, 0.0, 0.0, 0.0, 0.0, 0.0, 0.0, 0.0, 0.0], "FOD d proportion": [0.0, 0.0, 0.0, 0.0, 0.0, 0.0, 0.0, 0.0, 0.0], "coordinates": [["0.66780", "0.76270", "-0.09390"], ["-0.73890", "0.71520", "0.06040"], ["-1.05600", "-0.60630", "0.27330"], ["0.06600", "-1.37150", "0.25930"], ["1.11080", "-0.53300", "0.03560"], ["1.28370", "1.63180", "-0.27670"], ["-1.43640", "1.53980", "0.02170"], ["-1.98180", "-1.13800", "0.44280"], ["2.08480", "-1.00060", "-0.00330"]], "bond_dist": [[0.0, 1.4159341898548814, 2.2316996392884056, 2.245378168594324, 1.375448196043748, 1.0807790986135881, 2.2460866879975936, 3.3047068765625793, 2.2639178982463126], [1.4159341898548814, 0.0, 1.3755875362913115, 2.2453823972766864, 2.2315932357846937, 2.246041569072131, 1.0807261910400803, 2.2639303014889833, 3.3047403861725657], [2.2316996392884056, 1.3755875362913115, 0.0, 1.3581645850190618, 2.181031045171068, 3.2841723005956918, 2.194026419622152, 1.0809906475081086, 3.1775154901274676], [2.245378168594324, 2.2453823972766864, 1.3581645850190618, 0.0, 1.358208739480055, 3.284798346930904, 3.284711130373567, 2.069221916566708, 2.069318489261622], [1.375448196043748, 2.2315932357846937, 2.181031045171068, 1.358208739480055, 0.0, 2.1940338967299478, 3.2840403301421253, 3.1774221626973023, 1.0811285631228136], [1.0807790986135881, 2.246041569072131, 3.2841723005956918, 3.284798346930904, 2.1940338967299478, 0.0, 2.7379646765435086, 4.341999831874709, 2.7651471082023824], [2.2460866879975936, 1.0807261910400803, 2.194026419622152, 3.284711130373567, 3.2840403301421253, 2.7379646765435086, 0.0, 2.7650315025330183, 4.342016420973094], [3.3047068765625793, 2.2639303014889833, 1.0809906475081086, 2.069221916566708, 3.1774221626973023, 4.341999831874709, 2.7650315025330183, 0.0, 4.093301788287788], [2.2639178982463126, 3.3047403861725657, 3.1775154901274676, 2.069318489261622, 1.0811285631228136, 2.7651471082023824, 4.342016420973094, 4.093301788287788, 0.0]]}