{"total energy": -6.2705348, "HOMO-LUMO gap/eV": 5.44889869, "electronic energy": -6.38756007, "dipole": [-0.0, -0.0, 0.0], "partial charges": [-0.07810167, -0.07810167, 0.03904112, 0.03906054, 0.03904112, 0.03906054], "atomic dipole moments": [[-0.08725396, -0.00857544, 0.00237045], [0.08725396, 0.00857544, -0.00237045], [-0.0842048, 0.12547456, -0.01320103], [-0.05745067, -0.13932967, 0.0170731], [0.0842048, -0.12547456, 0.01320103], [0.05745067, 0.13932967, -0.0170731]], "atomic quadrupole moments": [[-0.37428756, -0.00525879, -0.2905377, 0.01734207, 0.11238396, 0.66482525], [-0.37428756, -0.00525879, -0.2905377, 0.01734207, 0.11238396, 0.66482525], [0.03548738, -0.01254454, 0.02867035, -0.00014854, -0.01071012, -0.06415773], [0.03040296, 0.01230447, 0.03361154, -0.00294943, -0.01167232, -0.0640145], [0.03548738, -0.01254454, 0.02867035, -0.00014854, -0.01071012, -0.06415773], [0.03040296, 0.01230447, 0.03361154, -0.00294943, -0.01167232, -0.0640145]], "number of molecular orbitals": 12, "number of electrons": 12, "number of unpaired electrons": 0, "orbital energies/eV": [-16.51448546, -14.8947701, -13.75131716, -12.76393228, -11.78574692, -11.2317199, -5.78282122, 3.43133816, 4.28650658, 4.91662433, 11.54578636, 14.8266129], "fractional occupation": [2.0, 2.0, 2.0, 2.0, 2.0, 2.0, 0.0, 0.0, 0.0, 0.0, 0.0, 0.0], "program call": "xtb /home/svss/Project-DBcg-Debug/aqme2_20220329/End-to-End-workflows-final/example-3/QDESCP/mol_690_rdkit_conf_1/mol_690_rdkit_conf_1.xyz --pop --wbo --acc 0.2 --gfn 2 --chrg 0 --uhf 0 --etemp 300 --input /home/svss/Project-DBcg-Debug/aqme2_20220329/End-to-End-workflows-final/example-3/QDESCP/mol_690_rdkit_conf_1/mol_690_rdkit_conf_1_xtb.inp", "method": "GFN2-xTB", "xtb version": "6.3.3 (7355c4f)", "Dipole module/D": 0.0, "Total charge": 0, "Transition dipole module/D": NaN, "HOMO": -11.2317, "LUMO": -5.7828, "HOMO occupancy": 2.0, "LUMO occupancy": 0, "mulliken charges": [-0.05993, -0.05993, 0.02996, 0.02997, 0.02996, 0.02997], "cm5 charges": [-0.16419, -0.16419, 0.08208, 0.08211, 0.08208, 0.08211], "FUKUI+": [-0.14, -0.14, -0.18, -0.18, -0.18, -0.18], "FUKUI-": [-0.05, -0.05, -0.225, -0.225, -0.225, -0.225], "FUKUIrad": [-0.095, -0.095, -0.203, -0.203, -0.203, -0.203], "s proportion": [1.05, 1.05, 0.97, 0.97, 0.97, 0.97], "p proportion": [3.01, 3.01, 0.0, 0.0, 0.0, 0.0], "d proportion": [0.0, 0.0, 0.0, 0.0, 0.0, 0.0], "Fermi-level/eV": -8.5073, "Coordination numbers": [2.831, 2.831, 0.925, 0.925, 0.925, 0.925], "Dispersion coefficient C6": [29.941, 29.941, 2.462, 2.461, 2.462, 2.461], "Total dispersion C6": 296.31942, "Total dispersion C8": 6504.695292, "Polarizability alpha": [8.967, 8.967, 2.454, 2.453, 2.454, 2.453], "Total polarizability alpha": 27.746803, "Wiberg matrix": [[0.0, 2.0337433804239344, 0.9783858199877207, 0.9783902380181992, 0.0, 0.0], [2.0337433804239344, 0.0, 0.0, 0.0, 0.9783858199877145, 0.978390238018192], [0.9783858199877207, 0.0, 0.0, 0.0, 0.0, 0.0], [0.9783902380181992, 0.0, 0.0, 0.0, 0.0, 0.0], [0.0, 0.9783858199877145, 0.0, 0.0, 0.0, 0.0], [0.0, 0.978390238018192, 0.0, 0.0, 0.0, 0.0]], "Born radii": [], "Atomic SASAs": [], "Solvent H bonds": [], "Total SASA": NaN, "Total FOD": 0.0, "FOD": [0.0, 0.0, 0.0, 0.0, 0.0, 0.0], "FOD s proportion": [0.0, 0.0, 0.0, 0.0, 0.0, 0.0], "FOD p proportion": [0.0, 0.0, 0.0, 0.0, 0.0, 0.0], "FOD d proportion": [0.0, 0.0, 0.0, 0.0, 0.0, 0.0], "coordinates": [["-0.66450", "-0.06510", "0.01810"], ["0.66450", "0.06510", "-0.01810"], ["-1.31440", "0.79970", "-0.07180"], ["-1.12860", "-1.03890", "0.13840"], ["1.31440", "-0.79970", "0.07180"], ["1.12860", "1.03890", "-0.13840"]], "bond_dist": [[0.0, 1.335853090725174, 1.0855095854021741, 1.0854249582536786, 2.1115316857674666, 2.1115197986284664], [1.335853090725174, 0.0, 2.1115316857674666, 2.1115197986284664, 1.0855095854021741, 1.0854249582536786], [1.0855095854021741, 2.1115316857674666, 0.0, 1.8598805445511817, 3.0804692434757404, 2.45558571424416], [1.0854249582536786, 2.1115197986284664, 1.8598805445511817, 0.0, 2.45558571424416, 3.080393306056874], [2.1115316857674666, 1.0855095854021741, 3.0804692434757404, 2.45558571424416, 0.0, 1.8598805445511817], [2.1115197986284664, 1.0854249582536786, 2.45558571424416, 3.080393306056874, 1.8598805445511817, 0.0]]}