{"total energy": -22.10290565, "HOMO-LUMO gap/eV": 5.06773116, "electronic energy": -22.44983808, "dipole": [-0.02014079, -0.00165665, -0.00048686], "partial charges": [-0.09970598, -0.0514136, -0.05790159, -0.05669694, -0.04907421, -0.04473037, -0.09970865, 0.03227368, 0.032266, 0.03110607, 0.02767961, 0.02769551, 0.03207004, 0.03209209, 0.03724285, 0.03725432, 0.02485984, 0.02961895, 0.03453589, 0.04026011, 0.04027638], "atomic dipole moments": [[0.06615113, 0.07419429, -0.0160202], [0.02814539, -0.10300467, 0.02766939], [-0.03140401, 0.10584671, -0.02855773], [-0.0026394, -0.08791296, 0.02238004], [-0.12490199, 0.08352204, -0.02702554], [0.1285376, -0.07760387, 0.02568852], [-0.0599218, 0.00788731, -0.00471245], [0.01740866, -0.09551951, -0.08027448], [0.00846932, -0.04489303, 0.11741269], [-0.11630336, 0.04208051, -0.01602347], [-0.01852243, 0.04361958, -0.11387698], [-0.02715725, 0.09248632, 0.07693869], [0.01390494, -0.04593617, 0.11572688], [0.02264786, -0.09551703, -0.07782032], [-0.02614209, 0.09389324, 0.07694347], [-0.01751012, 0.04487955, -0.11444299], [0.09201142, 0.11115012, -0.02431876], [-0.09013093, -0.11854344, 0.02628797], [0.07216674, 0.10358593, -0.0232723], [0.03737477, -0.08881136, -0.08318741], [0.02826526, -0.03716632, 0.11840391]], "atomic quadrupole moments": [[0.04502588, 0.16534579, 0.07378642, -0.03448717, -0.04436282, -0.1188123], [0.20497939, 0.0681399, 0.01379429, 0.00241862, -0.06047527, -0.21877368], [0.20084082, 0.04715919, 0.02499699, 0.00798894, -0.06658218, -0.22583781], [0.15231951, 0.08050445, 0.04020222, -0.00437799, -0.05985002, -0.19252173], [-0.09130745, -0.00967204, -0.35862339, -0.0246082, 0.22149969, 0.44993084], [-0.07416545, 0.00731937, -0.37783853, -0.02835792, 0.22818477, 0.45200398], [0.16273101, -0.05723018, -0.06107141, 0.02682773, -0.01423211, -0.1016596], [-0.03503311, -0.01126855, 0.02326238, -0.02773631, 0.05642626, 0.01177073], [-0.03961852, 0.0061577, -0.026754, 0.0218796, -0.03421489, 0.06637252], [0.06417676, -0.03826434, -0.01317434, 0.01518219, -0.01240881, -0.05100242], [-0.01867626, 0.00444583, -0.0314301, 0.00574213, -0.02428606, 0.05010635], [-0.01713477, -0.00342586, 0.0078516, -0.01057319, 0.04715724, 0.00928318], [-0.01927534, -0.0002702, -0.03068692, 0.00866592, -0.021717, 0.04996226], [-0.01742742, -0.008781, 0.00598175, -0.01105534, 0.04494092, 0.01144567], [-0.01567459, -0.00120985, 0.01188129, -0.02372861, 0.05083379, 0.0037933], [-0.0193981, 0.01322218, -0.03234073, 0.01629015, -0.02934766, 0.05173883], [0.03031584, -0.00283052, 0.03243325, 0.00524766, -0.02629175, -0.06274908], [0.03568812, -0.00262911, 0.02451081, 0.00528715, -0.0234155, -0.06019893], [-0.00883718, 0.04192925, 0.05614278, -0.00871661, -0.02622565, -0.0473056], [-0.02738874, -0.01905215, 0.02323497, -0.01851416, 0.06466187, 0.00415376], [-0.03086263, -0.00403256, -0.03595471, 0.01834474, -0.04285909, 0.06681734]], "number of molecular orbitals": 42, "number of electrons": 42, "number of unpaired electrons": 0, "orbital energies/eV": [-16.8752476, -16.66301624, -16.37102464, -15.86755799, -15.38674993, -15.10037506, -14.43032794, -14.01171018, -13.62152915, -13.4257481, -13.20634859, -12.97047352, -12.87133167, -12.62600313, -12.06589363, -12.03129533, -12.00825986, -11.54633113, -11.45684824, -11.35053526, -10.25863613, -5.19090497, 1.66976506, 2.76846442, 3.15473556, 3.26787591, 3.49321234, 4.27405032, 4.3671686, 4.72081228, 4.84248027, 5.15574704, 5.22208301, 5.70382121, 6.03986148, 6.41559627, 6.83995021, 6.97736993, 7.21852844, 8.24764934, 10.74906385, 16.30766993], "fractional occupation": [2.0, 2.0, 2.0, 2.0, 2.0, 2.0, 2.0, 2.0, 2.0, 2.0, 2.0, 2.0, 2.0, 2.0, 2.0, 2.0, 2.0, 2.0, 2.0, 2.0, 2.0, 0.0, 0.0, 0.0, 0.0, 0.0, 0.0, 0.0, 0.0, 0.0, 0.0, 0.0, 0.0, 0.0, 0.0, 0.0, 0.0, 0.0, 0.0, 0.0, 0.0, 0.0], "program call": "xtb /home/svss/Project-DBcg-Debug/aqme2_20220329/End-to-End-workflows-final/example-3/QDESCP/mol_822_rdkit_conf_3/mol_822_rdkit_conf_3.xyz --pop --wbo --acc 0.2 --gfn 2 --chrg 0 --uhf 0 --etemp 300 --input /home/svss/Project-DBcg-Debug/aqme2_20220329/End-to-End-workflows-final/example-3/QDESCP/mol_822_rdkit_conf_3/mol_822_rdkit_conf_3_xtb.inp", "method": "GFN2-xTB", "xtb version": "6.3.3 (7355c4f)", "Dipole module/D": 0.051, "Total charge": 0, "Transition dipole module/D": NaN, "HOMO": -10.2586, "LUMO": -5.1909, "HOMO occupancy": 2.0, "LUMO occupancy": 0, "mulliken charges": [-0.08323, -0.03867, -0.04714, -0.03998, -0.04961, -0.0426, -0.07724, 0.02682, 0.02681, 0.02806, 0.0217, 0.02171, 0.02427, 0.02428, 0.03002, 0.03003, 0.02376, 0.02359, 0.02946, 0.03397, 0.03398], "cm5 charges": [-0.23356, -0.15127, -0.15718, -0.14591, -0.11152, -0.10676, -0.22305, 0.0781, 0.07809, 0.07884, 0.0764, 0.07642, 0.07983, 0.07986, 0.08524, 0.08525, 0.07967, 0.08022, 0.08107, 0.08513, 0.08515], "FUKUI+": [0.011, 0.006, 0.013, 0.031, -0.151, -0.153, 0.049, -0.012, -0.012, -0.026, -0.018, -0.018, -0.017, -0.017, -0.083, -0.083, -0.131, -0.136, -0.066, -0.093, -0.093], "FUKUI-": [0.018, 0.01, 0.017, 0.015, -0.056, -0.064, 0.024, -0.057, -0.057, -0.045, -0.066, -0.066, -0.055, -0.055, -0.092, -0.092, -0.072, -0.064, -0.055, -0.094, -0.093], "FUKUIrad": [0.015, 0.008, 0.015, 0.023, -0.103, -0.108, 0.037, -0.035, -0.035, -0.036, -0.042, -0.042, -0.036, -0.036, -0.087, -0.087, -0.102, -0.1, -0.061, -0.093, -0.093], "s proportion": [1.007, 1.027, 1.031, 1.028, 1.069, 1.062, 1.004, 0.973, 0.973, 0.972, 0.978, 0.978, 0.976, 0.976, 0.97, 0.97, 0.976, 0.976, 0.971, 0.966, 0.966], "p proportion": [3.076, 3.011, 3.016, 3.012, 2.981, 2.98, 3.074, 0.0, 0.0, 0.0, 0.0, 0.0, 0.0, 0.0, 0.0, 0.0, 0.0, 0.0, 0.0, 0.0, 0.0], "d proportion": [0.0, 0.0, 0.0, 0.0, 0.0, 0.0, 0.0, 0.0, 0.0, 0.0, 0.0, 0.0, 0.0, 0.0, 0.0, 0.0, 0.0, 0.0, 0.0, 0.0, 0.0], "Fermi-level/eV": -7.7248, "Coordination numbers": [3.75, 3.8, 3.8, 3.802, 2.886, 2.884, 3.753, 0.924, 0.924, 0.924, 0.924, 0.924, 0.924, 0.924, 0.924, 0.924, 0.925, 0.925, 0.924, 0.924, 0.924], "Dispersion coefficient C6": [22.468, 21.497, 21.617, 21.592, 29.216, 29.108, 22.463, 2.554, 2.555, 2.571, 2.62, 2.62, 2.557, 2.557, 2.486, 2.486, 2.661, 2.592, 2.523, 2.445, 2.445], "Total dispersion C6": 3188.906261, "Total dispersion C8": 68265.227175, "Polarizability alpha": [6.76, 6.601, 6.62, 6.616, 8.862, 8.845, 6.759, 2.499, 2.499, 2.507, 2.531, 2.531, 2.501, 2.501, 2.466, 2.466, 2.551, 2.518, 2.484, 2.446, 2.445], "Total polarizability alpha": 86.007141,