{"total energy": -20.88414255, "HOMO-LUMO gap/eV": 11.70702654, "electronic energy": -21.13720008, "dipole": [-0.3536817, 0.14338456, 0.60124931], "partial charges": [-0.10583666, -0.01225528, -0.10583494, -0.06588143, 0.0876138, -0.44993117, 0.03221386, 0.03535089, 0.03502982, 0.03320793, 0.03535224, 0.03502843, 0.03220267, 0.0461986, 0.04619591, 0.01948516, 0.01949482, 0.28236536], "atomic dipole moments": [[0.02211619, -0.09604901, -0.03204797], [0.03951264, 0.00420024, 0.08730731], [0.05268754, 0.07111523, -0.05391709], [-0.05008121, 0.02478075, 0.11945909], [0.16654551, -0.04371996, -0.10141717], [-0.17214636, 0.05254769, 0.16094213], [0.02729574, 0.01809514, 0.12291639], [0.06184255, 0.08791856, -0.06610072], [-0.12165566, 0.02640895, -0.0121605], [-0.04195244, -0.00708008, -0.11282817], [0.02427482, -0.11745263, -0.03925499], [-0.12366617, 0.01547718, -0.0107069], [0.02485313, 0.00473351, 0.12467362], [0.02307324, -0.10842337, -0.05763749], [0.05675482, 0.07560336, -0.08169477], [-0.03187313, -0.08535944, 0.07597463], [0.00334876, 0.10714304, 0.05081011], [0.02348438, 0.005521, 0.07507014]], "atomic quadrupole moments": [[-0.08997047, -0.05249977, 0.17161984, -0.02327636, 0.10271578, -0.08164937], [0.06981288, -0.00841986, 0.10350062, -0.1120514, -0.01575665, -0.1733135], [-0.02923398, 0.10229498, 0.04898123, -0.08825959, -0.12599143, -0.01974725], [0.14949654, -0.05011172, -0.20699434, 0.13076398, 0.01205152, 0.0574978], [0.41541915, -0.14500001, -0.33443468, -0.01511538, 0.04005573, -0.08098447], [0.16014128, -0.05848626, -0.11518618, -0.04357987, 0.01887962, -0.0449551], [-0.03618284, -0.00709173, -0.03304805, 0.03850812, -0.0006217, 0.06923089], [-0.00909674, 0.03987707, 0.011877, -0.04671683, -0.03723264, -0.00278026], [0.07848791, -0.01370178, -0.03327448, 0.01850313, 0.01012352, -0.04521342], [-0.00586423, -0.00129177, -0.02048792, 0.01170743, 0.00407947, 0.02635215], [-0.03534638, -0.02760869, 0.05836707, -0.02316905, 0.03716768, -0.02302069], [0.07485495, -0.02393125, -0.03683707, 0.01477785, -0.01714149, -0.03801788], [-0.0276404, 0.01576311, -0.03794984, 0.03799728, 0.01354035, 0.06559025], [-0.02779881, -0.00950413, 0.05449231, 0.01137107, 0.02519862, -0.02669349], [-0.0114479, 0.03205203, 0.02019276, -0.00702639, -0.04120069, -0.00874487], [0.01524934, 0.02164731, 0.00072555, -0.01584173, -0.03333348, -0.01597489], [-0.00100066, -0.01979044, 0.03283568, 0.00106074, 0.02522846, -0.03183503], [-0.00183412, -0.00653783, -0.09058375, 0.07770906, 0.01004305, 0.09241787]], "number of molecular orbitals": 36, "number of electrons": 38, "number of unpaired electrons": 0, "orbital energies/eV": [-18.5436943, -17.14589936, -16.71679322, -15.9900073, -15.86052185, -15.35994936, -14.81150655, -14.34708024, -14.04747907, -13.40312447, -13.31116526, -13.29664406, -12.57305038, -12.42111761, -12.17572162, -11.75421375, -11.74812258, -11.45026988, -10.98609854, 0.720928, 2.23161661, 2.72673467, 3.03868266, 3.3659248, 3.37944882, 4.06889138, 4.08215649, 4.80806649, 5.45853362, 5.74773501, 5.98607739, 6.43007809, 6.96211641, 7.25088348, 7.75658913, 7.80535018], "fractional occupation": [2.0, 2.0, 2.0, 2.0, 2.0, 2.0, 2.0, 2.0, 2.0, 2.0, 2.0, 2.0, 2.0, 2.0, 2.0, 2.0, 2.0, 2.0, 2.0, 0.0, 0.0, 0.0, 0.0, 0.0, 0.0, 0.0, 0.0, 0.0, 0.0, 0.0, 0.0, 0.0, 0.0, 0.0, 0.0, 0.0], "program call": "xtb /home/svss/Project-DBcg-Debug/aqme2_20220329/End-to-End-workflows-final/example-3/QDESCP/mol_525_rdkit_conf_5/mol_525_rdkit_conf_5.xyz --pop --wbo --acc 0.2 --gfn 2 --chrg 0 --uhf 0 --etemp 300 --input /home/svss/Project-DBcg-Debug/aqme2_20220329/End-to-End-workflows-final/example-3/QDESCP/mol_525_rdkit_conf_5/mol_525_rdkit_conf_5_xtb.inp", "method": "GFN2-xTB", "xtb version": "6.3.3 (7355c4f)", "Dipole module/D": 1.81, "Total charge": 0, "Transition dipole module/D": NaN, "HOMO": -10.9861, "LUMO": 0.7209, "HOMO occupancy": 2.0, "LUMO occupancy": 0, "mulliken charges": [-0.09336, -0.00474, -0.09336, -0.06226, 0.19852, -0.56992, 0.02496, 0.03112, 0.03047, 0.02401, 0.03112, 0.03046, 0.02495, 0.03852, 0.03852, 0.00825, 0.00825, 0.3345], "cm5 charges": [-0.24177, -0.07885, -0.24176, -0.16724, 0.111, -0.78424, 0.07728, 0.08268, 0.0818, 0.08188, 0.08268, 0.0818, 0.07727, 0.09589, 0.09589, 0.07155, 0.07156, 0.50257], "FUKUI+": [0.03, -0.043, 0.03, -0.029, -0.019, -0.146, -0.031, -0.041, -0.071, -0.065, -0.041, -0.071, -0.031, -0.071, -0.071, -0.089, -0.089, -0.151], "FUKUI-": [0.023, -0.006, 0.023, 0.014, 0.019, -0.13, -0.071, -0.049, -0.066, -0.116, -0.049, -0.066, -0.071, -0.084, -0.084, -0.111, -0.111, -0.065], "FUKUIrad": [0.026, -0.024, 0.026, -0.008, -0.0, -0.138, -0.051, -0.045, -0.069, -0.09, -0.045, -0.069, -0.051, -0.078, -0.078, -0.1, -0.1, -0.108], "s proportion": [1.012, 1.053, 1.012, 1.037, 0.99, 1.696, 0.975, 0.969, 0.97, 0.976, 0.969, 0.97, 0.975, 0.961, 0.961, 0.992, 0.992, 0.666], "p proportion": [3.081, 2.952, 3.081, 3.025, 2.811, 4.874, 0.0, 0.0, 0.0, 0.0, 0.0, 0.0, 0.0, 0.0, 0.0, 0.0, 0.0, 0.0], "d proportion": [0.0, 0.0, 0.0, 0.0, 0.0, 0.0, 0.0, 0.0, 0.0, 0.0, 0.0, 0.0, 0.0, 0.0, 0.0, 0.0, 0.0, 0.0], "Fermi-level/eV": -5.1326, "Coordination numbers": [3.752, 3.848, 3.752, 3.8, 3.673, 1.653, 0.924, 0.924, 0.924, 0.923, 0.924, 0.924, 0.924, 0.923, 0.923, 0.924, 0.924, 0.804], "Dispersion coefficient C6": [22.584, 20.761, 22.584, 21.764, 19.35, 21.844, 2.555, 2.512, 2.516, 2.542, 2.512, 2.516, 2.555, 2.368, 2.368, 2.741, 2.741, 0.777], "Total dispersion C6": 2125.559893, "Total dispersion C8": 43661.170405, "Polarizability alpha": [6.777, 6.481, 6.777, 6.642, 6.304, 6.309, 2.5, 2.478, 2.481, 2.493, 2.478, 2.481, 2.5, 2.407, 2.407, 2.589, 2.589, 1.384], "Total polarizability alpha": 68.077865, "Wiberg matrix": [[0.0, 1.0094098797451898, 0.0, 0.0, 0.0, 0.0, 0.9856022776218178, 0.9864970743452695, 0.9865338210011613, 0.0, 0.0, 0.0, 0.0, 0.0, 0.0, 0.0, 0.0, 0.0], [1.0094098797451898, 0.0, 1.0093974504782899, 0.9943827172519794, 0.0, 0.0, 0.0, 0.0, 0.0, 0.968824198743583, 0.0, 0.0, 0.0, 0.0, 0.0, 0.0, 0.0, 0.0], [0.0, 1.0093974504782899, 0.0, 0.0, 0.0, 0.0, 0.0, 0.0, 0.0, 0.0, 0.9865001652052968, 0.9865354841586759, 0.9856030571991667, 0.0, 0.0, 0.0, 0.0, 0.0], [0.0, 0.9943827172519794, 0.0, 0.0, 1.0072687713536692, 0.0, 0.0, 0.0, 0.0, 0.0, 0.0, 0.0, 0.0, 0.9745627114868645, 0.9745607504534102, 0.0, 0.0, 0.0], [0.0, 0.0, 0.0, 1.0072687713536692, 0.0, 0.9857818279393938, 0.0, 0.0, 0.0, 0.0, 0.0, 0.0, 0.0, 0.0, 0.0, 0.9727238166240344, 0.9727291301376519, 0.0], [0.0, 0.0, 0.0, 0.0, 0.9857818279393938, 0.0, 0.0, 0.0, 0.0, 0.0, 0.0, 0.0, 0.0, 0.0, 0.0, 0.0, 0.0, 0.907630462662135], [0.9856022776218178, 0.0, 0.0, 0.0, 0.0, 0.0, 0.0, 0.0, 0.0, 0.0, 0.0, 0.0, 0.0, 0.0, 0.0, 0.0, 0.0, 0.0], [0.9864970743452695, 0.0, 0.0, 0.0, 0.0, 0.0, 0.0, 0.0, 0.0, 0.0, 0.0, 0.0, 0.0, 0.0, 0.0, 0.0, 0.0, 0.0], [0.9865338210011613, 0.0, 0.0, 0.0, 0.0, 0.0, 0.0, 0.0, 0.0, 0.0, 0.0, 0.0, 0.0, 0.0, 0.0, 0.0, 0.0, 0.0], [0.0, 0.968824198743583, 0.0, 0.0, 0.0, 0.0, 0.0, 0.0, 0.0, 0.0, 0.0, 0.0, 0.0, 0.0, 0.0, 0.0, 0.0, 0.0], [0.0, 0.0, 0.9865001652052968, 0.0, 0.0, 0.0, 0.0, 0.0, 0.0, 0.0, 0.0, 0.0, 0.0, 0.0, 0.0, 0.0, 0.0, 0.0], [0.0, 0.0, 0.9865354841586759, 0.0, 0.0, 0.0, 0.0, 0.0, 0.0, 0.0, 0.0, 0.0, 0.0, 0.0, 0.0, 0.0, 0.0, 0.0], [0.0, 0.0, 0.9856030571991667, 0.0, 0.0, 0.0, 0.0, 0.0, 0.0, 0.0, 0.0, 0.0, 0.0, 0.0, 0.0, 0.0, 0.0, 0.0], [0.0, 0.0, 0.0, 0.9745627114868645, 0.0, 0.0, 0.0, 0.0, 0.0, 0.0, 0.0, 0.0, 0.0, 0.0, 0.0, 0.0, 0.0, 0.0], [0.0, 0.0, 0.0, 0.9745607504534102, 0.0, 0.0, 0.0, 0.0, 0.0, 0.0, 0.0, 0.0, 0.0, 0.0, 0.0, 0.0, 0.0, 0.0], [0.0, 0.0, 0.0, 0.0, 0.9727238166240344, 0.0, 0.0, 0.0, 0.0, 0.0, 0.0, 0.0, 0.0, 0.0, 0.0, 0.0, 0.0, 0.0], [0.0, 0.0, 0.0, 0.0, 0.9727291301376519, 0.0, 0.0, 0.0, 0.0, 0.0, 0.0, 0.0, 0.0, 0.0, 0.0, 0.0, 0.0, 0.0], [0.0, 0.0, 0.0, 0.0, 0.0, 0.907630462662135, 0.0, 0.0, 0.0, 0.0, 0.0, 0.0, 0.0, 0.0, 0.0, 0.0, 0.0, 0.0]], "Born radii": [], "Atomic SASAs": [], "Solvent H bonds": [], "Total SASA": NaN, "Total FOD": 0.0,