{"total energy": -20.16948607, "HOMO-LUMO gap/eV": 3.46011405, "electronic energy": -20.3803413, "dipole": [0.06113973, -1.04687638, 0.27460513], "partial charges": [-0.10031151, -0.00281865, -0.12103244, -0.12102673, -0.00281669, -0.10030286, 0.03804311, 0.04770854, 0.04858516, 0.03988981, 0.04993393, 0.03989388, 0.04993631, 0.04770758, 0.03804362, 0.04856693], "atomic dipole moments": [[-0.08244067, -0.01324791, 0.08021717], [-0.04399112, 0.10234066, -0.07460717], [0.13398897, -0.28134487, -0.28676796], [-0.11071849, -0.11775263, 0.39145591], [0.03043731, 0.12984556, 0.01369002], [0.08564414, -0.04174822, -0.06583051], [0.09313511, -0.08233204, 0.01990063], [0.05433417, 0.1181611, 0.00448766], [-0.0398274, -0.02250674, -0.12108506], [-0.04970855, -0.11649601, -0.00252867], [0.05375368, 0.01044652, 0.11462989], [0.06201504, -0.0941393, 0.05779537], [-0.05127463, -0.05290624, -0.10349034], [-0.06672304, 0.09416193, -0.06016465], [-0.08299499, -0.09113124, 0.02563215], [0.03856036, 0.04411525, 0.11543428]], "atomic quadrupole moments": [[0.08405411, -0.00178731, -0.11463428, -0.18056883, -0.03662064, 0.03058017], [0.14250954, -0.26236554, -0.01841676, -0.07872, -0.06467248, -0.12409278], [0.00111354, -0.2846513, -0.1491921, 0.40973366, 0.23661043, 0.14807856], [-0.08688798, 0.46986627, -0.17927227, 0.2251894, 0.0154405, 0.26616026], [0.08845402, 0.19829736, 0.054034, -0.20216632, -0.03912877, -0.14248802], [0.09179335, -0.06907715, -0.06544901, -0.16959102, 0.06542332, -0.02634434], [0.01743488, -0.06292411, 0.01214723, 0.01279012, -0.02664558, -0.02958212], [-0.02713036, 0.03414219, 0.06095918, -0.00976962, 0.01618047, -0.03382882], [-0.00389712, 0.01237784, -0.04633043, 0.04073104, 0.01482015, 0.05022755], [0.00248821, 0.0139169, 0.03899549, -0.00458717, 0.02091254, -0.0414837], [0.00316148, -0.00044643, -0.04378112, 0.03047226, 0.01779177, 0.04061964], [0.00602044, -0.01520616, -0.00151732, 0.00747974, -0.04426066, -0.00450312], [0.00069354, 0.02039109, -0.03474716, 0.02420508, 0.02913006, 0.03405362], [-0.01823087, -0.04060291, 0.01601004, 0.01419996, -0.04660055, 0.00222084], [0.00317349, 0.05860978, 0.03798985, -0.02056715, -0.00795243, -0.04116334], [-0.00406561, 0.01357957, -0.03323783, 0.03887866, 0.03767027, 0.03730344]], "number of molecular orbitals": 44, "number of electrons": 38, "number of unpaired electrons": 0, "orbital energies/eV": [-19.5886807, -19.2671659, -17.0693474, -17.01946809, -15.86506399, -15.73999699, -14.38517675, -14.10072236, -13.91290849, -13.83158402, -13.44031988, -13.14639004, -12.77310584, -12.42822473, -12.38380769, -12.26217758, -11.89254899, -10.24109336, -10.06563184, -6.60551779, -5.06125144, -4.71892765, -0.52331073, -0.45108066, -0.09141818, 0.11050636, 0.7090648, 1.59845007, 1.68227149, 2.84515803, 3.1088586, 3.85498684, 4.02801851, 4.27751244, 4.33241027, 4.97211986, 5.06150437, 5.33924527, 5.89556565, 6.5948374, 7.1247614, 7.72239348, 8.77318321, 13.64177663], "fractional occupation": [2.0, 2.0, 2.0, 2.0, 2.0, 2.0, 2.0, 2.0, 2.0, 2.0, 2.0, 2.0, 2.0, 2.0, 2.0, 2.0, 2.0, 2.0, 2.0, 0.0, 0.0, 0.0, 0.0, 0.0, 0.0, 0.0, 0.0, 0.0, 0.0, 0.0, 0.0, 0.0, 0.0, 0.0, 0.0, 0.0, 0.0, 0.0, 0.0, 0.0, 0.0, 0.0, 0.0, 0.0], "program call": "xtb /home/svss/Project-DBcg-Debug/aqme2_20220329/End-to-End-workflows-final/example-3/QDESCP/mol_566_rdkit_conf_1/mol_566_rdkit_conf_1.xyz --pop --wbo --acc 0.2 --gfn 2 --chrg 0 --uhf 0 --etemp 300 --input /home/svss/Project-DBcg-Debug/aqme2_20220329/End-to-End-workflows-final/example-3/QDESCP/mol_566_rdkit_conf_1/mol_566_rdkit_conf_1_xtb.inp", "method": "GFN2-xTB", "xtb version": "6.3.3 (7355c4f)", "Dipole module/D": 2.755, "Total charge": 0, "Transition dipole module/D": NaN, "HOMO": -10.0656, "LUMO": -6.6055, "HOMO occupancy": 2.0, "LUMO occupancy": 0, "mulliken charges": [-0.08652, 0.0152, -0.07249, -0.07249, 0.01521, -0.08651, 0.02812, 0.0298, 0.02983, 0.02429, 0.03176, 0.02429, 0.03176, 0.0298, 0.02812, 0.02982], "cm5 charges": [-0.23384, -0.07794, -0.09866, -0.09866, -0.07794, -0.23382, 0.07895, 0.0815, 0.08224, 0.08031, 0.08744, 0.08032, 0.08744, 0.08149, 0.07895, 0.08222], "FUKUI+": [0.032, 0.052, -0.373, -0.373, 0.052, 0.032, -0.054, -0.029, -0.018, -0.053, -0.059, -0.053, -0.059, -0.029, -0.054, -0.018], "FUKUI-": [0.022, 0.044, -0.334, -0.334, 0.044, 0.022, -0.067, -0.035, -0.02, -0.05, -0.061, -0.05, -0.061, -0.035, -0.067, -0.02], "FUKUIrad": [0.027, 0.048, -0.353, -0.353, 0.048, 0.027, -0.06, -0.032, -0.019, -0.051, -0.06, -0.051, -0.06, -0.032, -0.06, -0.019], "s proportion": [1.01, 1.036, 1.942, 1.942, 1.036, 1.01, 0.972, 0.97, 0.97, 0.976, 0.968, 0.976, 0.968, 0.97, 0.972, 0.97], "p proportion": [3.077, 2.948, 4.097, 4.097, 2.948, 3.076, 0.0, 0.0, 0.0, 0.0, 0.0, 0.0, 0.0, 0.0, 0.0, 0.0], "d proportion": [0.0, 0.0, 0.033, 0.033, 0.0, 0.0, 0.0, 0.0, 0.0, 0.0, 0.0, 0.0, 0.0, 0.0, 0.0, 0.0], "Fermi-level/eV": -8.3356, "Coordination numbers": [3.775, 3.793, 1.973, 1.973, 3.793, 3.775, 0.924, 0.924, 0.924, 0.924, 0.924, 0.924, 0.924, 0.924, 0.924, 0.924], "Dispersion coefficient C6": [22.443, 20.638, 146.127, 146.127, 20.638, 22.443, 2.475, 2.349, 2.338, 2.45, 2.321, 2.45, 2.321, 2.349, 2.475, 2.338], "Total dispersion C6": 3368.941736, "Total dispersion C8": 103628.963717, "Polarizability alpha": [6.75, 6.469, 20.346, 20.346, 6.469, 6.75, 2.46, 2.397, 2.391, 2.448, 2.382, 2.448, 2.382, 2.397, 2.46, 2.391], "Total polarizability alpha": 91.286952, "Wiberg matrix": [[0.0, 1.0272161569427287, 0.0, 0.0, 0.0, 0.0, 0.9796807990836717, 0.9863283573823121, 0.9849521025812802, 0.0, 0.0, 0.0, 0.0, 0.0, 0.0, 0.0], [1.0272161569427287, 0.0, 0.9709832434323018, 0.0, 0.0, 0.0, 0.0, 0.0, 0.0, 0.9750197192393478, 0.9684099418463048, 0.0, 0.0, 0.0, 0.0, 0.0], [0.0, 0.9709832434323018, 0.0, 1.2063007693210472, 0.0, 0.0, 0.0, 0.0, 0.0, 0.0, 0.0, 0.0, 0.0, 0.0, 0.0, 0.0], [0.0, 0.0, 1.2063007693210472, 0.0, 0.9709887201167392, 0.0, 0.0, 0.0, 0.0, 0.0, 0.0, 0.0, 0.0, 0.0, 0.0, 0.0], [0.0, 0.0, 0.0, 0.9709887201167392, 0.0, 1.0272174341975149, 0.0, 0.0, 0.0, 0.0, 0.0, 0.9750191690949159, 0.9684092682494461, 0.0, 0.0, 0.0], [0.0, 0.0, 0.0, 0.0, 1.0272174341975149, 0.0, 0.0, 0.0, 0.0, 0.0, 0.0, 0.0, 0.0, 0.9863283676594433, 0.979682125334713, 0.9849502094152218], [0.9796807990836717, 0.0, 0.0, 0.0, 0.0, 0.0, 0.0, 0.0, 0.0, 0.0, 0.0, 0.0, 0.0, 0.0, 0.0, 0.0], [0.9863283573823121, 0.0, 0.0, 0.0, 0.0, 0.0, 0.0, 0.0, 0.0, 0.0, 0.0, 0.0, 0.0, 0.0, 0.0, 0.0], [0.9849521025812802, 0.0, 0.0, 0.0, 0.0, 0.0, 0.0, 0.0, 0.0, 0.0, 0.0, 0.0, 0.0, 0.0, 0.0, 0.0], [0.0, 0.9750197192393478, 0.0, 0.0, 0.0, 0.0, 0.0, 0.0, 0.0, 0.0, 0.0, 0.0, 0.0, 0.0, 0.0, 0.0], [0.0, 0.9684099418463048, 0.0, 0.0, 0.0, 0.0, 0.0, 0.0, 0.0, 0.0, 0.0, 0.0, 0.0, 0.0, 0.0, 0.0], [0.0, 0.0, 0.0, 0.0, 0.9750191690949159, 0.0, 0.0, 0.0, 0.0, 0.0, 0.0, 0.0, 0.0, 0.0, 0.0, 0.0], [0.0, 0.0, 0.0, 0.0, 0.9684092682494461, 0.0, 0.0, 0.0, 0.0, 0.0, 0.0, 0.0, 0.0, 0.0, 0.0, 0.0], [0.0, 0.0, 0.0, 0.0, 0.0, 0.9863283676594433, 0.0, 0.0, 0.0, 0.0, 0.0, 0.0, 0.0, 0.0, 0.0, 0.0], [0.0, 0.0, 0.0, 0.0, 0.0, 0.979682125334713, 0.0, 0.0, 0.0, 0.0, 0.0, 0.0, 0.0, 0.0, 0.0, 0.0], [0.0, 0.0, 0.0, 0.0, 0.0, 0.9849502094152218, 0.0, 0.0, 0.0, 0.0, 0.0, 0.0, 0.0, 0.0, 0.0, 0.0]], "Born radii": [], "Atomic SASAs": [], "Solvent H bonds": [], "Total SASA": NaN, "Total FOD": 0.0, "FOD": [0.0, 0.0, 0.0, 0.0, 0.0, 0.0, 0.0, 0.0, 0.0, 0.0, 0.0, 0.0, 0.0, 0.0, 0.0, 0.0], "FOD s proportion": [0.0, 0.0, 0.0, 0.0, 0.0, 0.0, 0.0, 0.0, 0.0, 0.0, 0.0, 0.0, 0.0, 0.0, 0.0, 0.0], "FOD p proportion": [0.0, 0.0, 0.0, 0.0, 0.0, 0.0, 0.0, 0.0, 0.0, 0.0, 0.0, 0.0, 0.0, 0.0, 0.0, 0.0], "FOD d proportion": [0.0, 0.0, 0.0, 0.0, 0.0, 0.0, 0.0, 0.0, 0.0, 0.0, 0.0, 0.0, 0.0, 0.0, 0.0, 0.0],