{"total energy": -15.77938768, "HOMO-LUMO gap/eV": 4.9579799, "electronic energy": -16.03646979, "dipole": [-0.07165497, -0.09943976, 0.01406511], "partial charges": [-0.09681597, -0.05583342, 0.00274635, -0.10615824, -0.10280574, 0.03781419, 0.03782058, 0.03324478, 0.02254495, 0.03969888, 0.03302322, 0.03970673, 0.03936797, 0.03627101, 0.0393747], "atomic dipole moments": [[-0.05146497, 0.02866136, 0.00638789], [0.14333621, -0.02508825, -0.01984492], [-0.15645042, -0.06442096, 0.02507769], [0.05150648, -0.03918371, -0.00604722], [0.0116418, 0.06433919, -0.0040628], [0.08002691, 0.03604475, 0.09119341], [0.05050215, 0.02856427, -0.11249577], [0.00051017, -0.12675613, 0.00460285], [0.00922877, 0.14491514, -0.00668187], [-0.05501904, -0.0152083, 0.11446351], [0.02486907, 0.12514454, -0.00819264], [-0.08507927, -0.02282153, -0.09274552], [-0.08035829, -0.03717693, -0.09238115], [0.09673943, -0.08091118, -0.01103949], [-0.05042938, -0.02958167, 0.11379783]], "atomic quadrupole moments": [[0.11643207, -0.08244277, -0.01845931, -0.02859624, 0.00890711, -0.09797277], [-0.20747624, -0.17909782, -0.25360354, 0.10608499, 0.05289566, 0.46107978], [-0.33369358, -0.1367363, -0.06824659, 0.11429788, 0.03776659, 0.40194017], [0.10975178, -0.0994663, 0.00938901, -0.03013904, 0.00954716, -0.1191408], [-0.03044687, 0.04933254, 0.14074498, -0.01380313, -0.01649439, -0.11029812], [0.00390573, 0.01798249, -0.02323065, 0.05770052, 0.03801631, 0.01932492], [-0.0263955, 0.0032523, -0.0287465, -0.04411321, -0.03636888, 0.055142], [-0.02557057, 0.02770286, 0.07757223, -0.0050049, -0.00880729, -0.05200166], [0.04179648, 0.00183995, 0.02963054, -0.01686709, -0.00406948, -0.07142702], [-0.02440276, 0.00383361, -0.0305507, -0.04738909, -0.03018394, 0.05495346], [-0.01394563, 0.03673008, 0.06820199, -0.00740403, -0.00988576, -0.05425636], [0.0074956, 0.01699102, -0.02593219, 0.05998728, 0.03200481, 0.01843659], [0.01046806, 0.01112675, -0.02814805, 0.06755513, 0.01469044, 0.01767999], [0.06268625, -0.04465581, -0.01054856, -0.01531895, 0.00488187, -0.05213769], [-0.02584487, 0.00259406, -0.03015597, -0.05488777, -0.01176655, 0.05600083]], "number of molecular orbitals": 30, "number of electrons": 30, "number of unpaired electrons": 0, "orbital energies/eV": [-16.80799204, -16.23734369, -15.9079665, -15.46333783, -14.24400668, -13.60399276, -13.40809742, -13.26198176, -12.87631493, -12.49149529, -12.4006758, -12.16260462, -11.75208923, -11.45992396, -10.05352473, -5.09554483, 2.4424694, 2.76302149, 3.48221593, 4.30579804, 4.8386493, 5.24099791, 5.90763742, 6.01986499, 6.10523627, 6.24848357, 6.70046314, 7.19463843, 10.38732207, 16.81933921], "fractional occupation": [2.0, 2.0, 2.0, 2.0, 2.0, 2.0, 2.0, 2.0, 2.0, 2.0, 2.0, 2.0, 2.0, 2.0, 2.0, 0.0, 0.0, 0.0, 0.0, 0.0, 0.0, 0.0, 0.0, 0.0, 0.0, 0.0, 0.0, 0.0, 0.0, 0.0], "program call": "xtb /home/svss/Project-DBcg-Debug/aqme2_20220329/End-to-End-workflows-final/example-3/QDESCP/mol_763_rdkit_conf_1/mol_763_rdkit_conf_1.xyz --pop --wbo --acc 0.2 --gfn 2 --chrg 0 --uhf 0 --etemp 300 --input /home/svss/Project-DBcg-Debug/aqme2_20220329/End-to-End-workflows-final/example-3/QDESCP/mol_763_rdkit_conf_1/mol_763_rdkit_conf_1_xtb.inp", "method": "GFN2-xTB", "xtb version": "6.3.3 (7355c4f)", "Dipole module/D": 0.314, "Total charge": 0, "Transition dipole module/D": NaN, "HOMO": -10.0535, "LUMO": -5.0955, "HOMO occupancy": 2.0, "LUMO occupancy": 0, "mulliken charges": [-0.07616, -0.06516, -0.00027, -0.08648, -0.08779, 0.03264, 0.03264, 0.02837, 0.02352, 0.03339, 0.03121, 0.0334, 0.03409, 0.03252, 0.0341], "cm5 charges": [-0.22243, -0.12639, -0.02594, -0.23068, -0.23222, 0.0838, 0.08381, 0.08071, 0.07966, 0.08506, 0.08291, 0.08507, 0.08581, 0.08501, 0.08582], "FUKUI+": [0.045, -0.143, -0.167, 0.047, 0.046, -0.088, -0.088, -0.064, -0.124, -0.086, -0.06, -0.086, -0.086, -0.061, -0.086], "FUKUI-": [0.029, -0.088, -0.09, 0.033, 0.034, -0.12, -0.12, -0.067, -0.092, -0.101, -0.062, -0.101, -0.099, -0.058, -0.099], "FUKUIrad": [0.037, -0.115, -0.128, 0.04, 0.04, -0.104, -0.104, -0.065, -0.108, -0.093, -0.061, -0.093, -0.093, -0.06, -0.093], "s proportion": [1.002, 1.062, 1.088, 1.009, 1.006, 0.967, 0.967, 0.972, 0.976, 0.967, 0.969, 0.967, 0.966, 0.967, 0.966], "p proportion": [3.075, 3.003, 2.912, 3.078, 3.082, 0.0, 0.0, 0.0, 0.0, 0.0, 0.0, 0.0, 0.0, 0.0, 0.0], "d proportion": [0.0, 0.0, 0.0, 0.0, 0.0, 0.0, 0.0, 0.0, 0.0, 0.0, 0.0, 0.0, 0.0, 0.0, 0.0], "Fermi-level/eV": -7.5745, "Coordination numbers": [3.751, 2.89, 2.935, 3.756, 3.754, 0.924, 0.924, 0.924, 0.925, 0.924, 0.924, 0.924, 0.924, 0.924, 0.924], "Dispersion coefficient C6": [22.411, 29.385, 27.964, 22.583, 22.522, 2.478, 2.478, 2.541, 2.695, 2.453, 2.544, 2.453, 2.457, 2.499, 2.457], "Total dispersion C6": 1657.179707, "Total dispersion C8": 35673.36808, "Polarizability alpha": [6.751, 8.887, 8.673, 6.776, 6.767, 2.462, 2.462, 2.493, 2.567, 2.449, 2.494, 2.449, 2.451, 2.472, 2.451], "Total polarizability alpha": 62.60576, "Wiberg matrix": [[0.0, 1.0383505889560387, 0.0, 0.0, 0.0, 0.9721106763986023, 0.9721129601167342, 0.9806382223355739, 0.0, 0.0, 0.0, 0.0, 0.0, 0.0, 0.0], [1.0383505889560387, 0.0, 1.8802599212289555, 0.0, 0.0, 0.0, 0.0, 0.0, 0.9657780893780706, 0.0, 0.0, 0.0, 0.0, 0.0, 0.0], [0.0, 1.8802599212289555, 0.0, 1.0213964700790583, 1.0247907735149713, 0.0, 0.0, 0.0, 0.0, 0.0, 0.0, 0.0, 0.0, 0.0, 0.0], [0.0, 0.0, 1.0213964700790583, 0.0, 0.0, 0.0, 0.0, 0.0, 0.0, 0.97432837307637, 0.9853486419302147, 0.9743287872079367, 0.0, 0.0, 0.0], [0.0, 0.0, 1.0247907735149713, 0.0, 0.0, 0.0, 0.0, 0.0, 0.0, 0.0, 0.0, 0.0, 0.9731995192539726, 0.9800485199725422, 0.9731993937285461], [0.9721106763986023, 0.0, 0.0, 0.0, 0.0, 0.0, 0.0, 0.0, 0.0, 0.0, 0.0, 0.0, 0.0, 0.0, 0.0], [0.9721129601167342, 0.0, 0.0, 0.0, 0.0, 0.0, 0.0, 0.0, 0.0, 0.0, 0.0, 0.0, 0.0, 0.0, 0.0], [0.9806382223355739, 0.0, 0.0, 0.0, 0.0, 0.0, 0.0, 0.0, 0.0, 0.0, 0.0, 0.0, 0.0, 0.0, 0.0], [0.0, 0.9657780893780706, 0.0, 0.0, 0.0, 0.0, 0.0, 0.0, 0.0, 0.0, 0.0, 0.0, 0.0, 0.0, 0.0], [0.0, 0.0, 0.0, 0.97432837307637, 0.0, 0.0, 0.0, 0.0, 0.0, 0.0, 0.0, 0.0, 0.0, 0.0, 0.0], [0.0, 0.0, 0.0, 0.9853486419302147, 0.0, 0.0, 0.0, 0.0, 0.0, 0.0, 0.0, 0.0, 0.0, 0.0, 0.0], [0.0, 0.0, 0.0, 0.9743287872079367, 0.0, 0.0, 0.0, 0.0, 0.0, 0.0, 0.0, 0.0, 0.0, 0.0, 0.0], [0.0, 0.0, 0.0, 0.0, 0.9731995192539726, 0.0, 0.0, 0.0, 0.0, 0.0, 0.0, 0.0, 0.0, 0.0, 0.0], [0.0, 0.0, 0.0, 0.0, 0.9800485199725422, 0.0, 0.0, 0.0, 0.0, 0.0, 0.0, 0.0, 0.0, 0.0, 0.0], [0.0, 0.0, 0.0, 0.0, 0.9731993937285461, 0.0, 0.0, 0.0, 0.0, 0.0, 0.0, 0.0, 0.0, 0.0, 0.0]], "Born radii": [], "Atomic SASAs": [], "Solvent H bonds": [], "Total SASA": NaN, "Total FOD": 0.0, "FOD": [0.0, 0.0, 0.0, 0.0, 0.0, 0.0, 0.0, 0.0, 0.0, 0.0, 0.0, 0.0, 0.0, 0.0, 0.0], "FOD s proportion": [0.0, 0.0, 0.0, 0.0, 0.0, 0.0, 0.0, 0.0, 0.0, 0.0, 0.0, 0.0, 0.0, 0.0, 0.0], "FOD p proportion": [0.0, 0.0, 0.0, 0.0, 0.0, 0.0, 0.0, 0.0, 0.0, 0.0, 0.0, 0.0, 0.0, 0.0, 0.0], "FOD d proportion": [0.0, 0.0, 0.0, 0.0, 0.0, 0.0, 0.0, 0.0, 0.0, 0.0, 0.0, 0.0, 0.0, 0.0, 0.0], "coordinates": [["2.10170", "-0.04210", "-0.30330"], ["0.79140", "0.65990", "-0.13900"], ["-0.42750", "0.12060", "0.05760"], ["-1.64000", "1.00470", "0.20090"], ["-0.72720", "-1.34980", "0.15510"], ["2.79310", "0.28440", "0.48010"], ["2.53900", "0.22000", "-1.27200"], ["2.03090", "-1.12960", "-0.25300"], ["0.87220", "1.74580", "-0.19070"], ["-2.11410", "0.84260", "1.17450"], ["-1.39140", "2.06860", "0.12580"], ["-2.36910", "0.77800", "-0.58390"], ["-1.43390", "-1.64120", "-0.62920"], ["0.15400", "-1.98520", "0.05070"], ["-1.17920", "-1.57660", "1.12650"]],