{"total energy": -30.38480654, "HOMO-LUMO gap/eV": 2.44813695, "electronic energy": -30.68885616, "dipole": [1.65286737, 1.06664046, -0.15001268], "partial charges": [-0.1390361, 0.10644231, -0.0277936, -0.02090542, -0.02264456, 0.01535489, -0.02991855, 0.52685119, -0.37270471, -0.37171453, 0.07601137, 0.07029099, 0.08944758, 0.10031915], "atomic dipole moments": [[0.05916753, -0.06047763, 0.03013708], [0.17338894, -0.14073026, 0.07516318], [-0.02218151, -0.04267409, 0.01222764], [0.00031487, -0.024241, 0.00876057], [0.01368518, -0.04709559, 0.01888074], [-0.14877056, -0.07006804, 0.00418259], [0.01167332, 0.04750283, -0.01544703], [-0.07810992, -0.02896164, -0.00063031], [0.18296331, -0.16014279, 0.08350813], [0.03151533, 0.24144903, -0.08242158], [0.14464129, 0.0591728, -0.00083868], [0.02878171, 0.14467834, -0.04798845], [-0.11257671, 0.10067774, -0.05215311], [-0.02213092, -0.15219222, 0.05163456]], "atomic quadrupole moments": [[0.15280839, -0.30677186, -0.01404205, 0.16048964, -0.11079314, -0.13876634], [-0.09256353, -0.3095804, -0.1750848, 0.05495891, 0.12949125, 0.26764833], [-0.28082464, -0.05112833, -0.16680641, -0.09943497, 0.25150588, 0.44763105], [-0.23790873, -0.0507312, -0.21038783, -0.09441895, 0.2695762, 0.44829656], [-0.26838518, -0.01784349, -0.18729273, -0.11194304, 0.26946916, 0.4556779], [0.02688783, 0.10541265, -0.23664468, -0.07579139, 0.20609822, 0.20975685], [-0.22584662, -0.04260492, -0.20929178, -0.09349834, 0.26491196, 0.4351384], [-0.19387601, -0.07349896, -0.02653456, -0.03761951, 0.09232746, 0.22041057], [-0.06570427, -0.14226007, -0.05764928, 0.02232312, 0.05039175, 0.12335356], [-0.20283026, 0.01318763, 0.07948014, -0.05314602, 0.02338409, 0.12335012], [0.02786483, -0.00408888, 0.0196599, 0.01390516, -0.02924936, -0.04752472], [0.04031166, 0.00135568, 0.01277087, 0.01442848, -0.02785093, -0.05308253], [0.03798698, 0.01246122, 0.00867754, 0.00875135, -0.02136618, -0.04666452], [0.03037677, 0.0076188, 0.01018345, 0.00849092, -0.0202338, -0.04056023]], "number of molecular orbitals": 49, "number of electrons": 52, "number of unpaired electrons": 0, "orbital energies/eV": [-29.35351625, -21.0305955, -20.53904614, -19.42545856, -18.89313561, -18.12467659, -17.81106471, -17.55126534, -17.01841553, -16.97137381, -16.45295722, -16.06228853, -15.28771482, -14.98016242, -14.6329346, -14.62050003, -14.33271941, -13.33884958, -13.18572079, -13.02790872, -12.9742666, -12.52181554, -12.51365221, -12.32249309, -12.03773779, -11.7016467, -9.25350974, -7.56233974, -7.10685342, -4.4321897, -4.07556963, -1.53787305, -0.26645715, -0.13349796, -0.13009348, 0.22001132, 1.9446589, 2.78088625, 3.25227068, 3.53917909, 3.87062537, 4.71644281, 7.40164254, 8.51173129, 9.13545193, 10.22740548, 11.51962285, 15.11084364, 15.36507332], "fractional occupation": [2.0, 2.0, 2.0, 2.0, 2.0, 2.0, 2.0, 2.0, 2.0, 2.0, 2.0, 2.0, 2.0, 2.0, 2.0, 2.0, 2.0, 2.0, 2.0, 2.0, 2.0, 2.0, 2.0, 2.0, 2.0, 2.0, 0.0, 0.0, 0.0, 0.0, 0.0, 0.0, 0.0, 0.0, 0.0, 0.0, 0.0, 0.0, 0.0, 0.0, 0.0, 0.0, 0.0, 0.0, 0.0, 0.0, 0.0, 0.0, 0.0], "program call": "xtb /home/svss/Project-DBcg-Debug/aqme2_20220329/End-to-End-workflows-final/example-3/QDESCP/mol_546_rdkit_conf_1/mol_546_rdkit_conf_1.xyz --pop --wbo --acc 0.2 --gfn 2 --chrg 0 --uhf 0 --etemp 300 --input /home/svss/Project-DBcg-Debug/aqme2_20220329/End-to-End-workflows-final/example-3/QDESCP/mol_546_rdkit_conf_1/mol_546_rdkit_conf_1_xtb.inp", "method": "GFN2-xTB", "xtb version": "6.3.3 (7355c4f)", "Dipole module/D": 5.015, "Total charge": 0, "Transition dipole module/D": NaN, "HOMO": -11.7016, "LUMO": -9.2535, "HOMO occupancy": 2.0, "LUMO occupancy": 0, "mulliken charges": [-0.07221, 0.11296, -0.03092, -0.01321, -0.01684, 0.04554, -0.03194, 0.67622, -0.46368, -0.46333, 0.05442, 0.05287, 0.07221, 0.07789], "cm5 charges": [-0.07425, 0.10593, -0.08263, -0.06797, -0.06311, 0.09807, -0.07496, 0.51579, -0.4257, -0.42539, 0.11079, 0.10809, 0.13416, 0.14119], "FUKUI+": [-0.109, -0.025, -0.054, -0.027, -0.029, -0.028, -0.028, -0.114, -0.165, -0.164, -0.075, -0.07, -0.056, -0.055], "FUKUI-": [-0.313, -0.026, -0.027, -0.028, -0.044, -0.031, -0.027, -0.035, -0.114, -0.105, -0.062, -0.071, -0.062, -0.054], "FUKUIrad": [-0.211, -0.026, -0.04, -0.028, -0.037, -0.03, -0.028, -0.074, -0.139, -0.135, -0.069, -0.071, -0.059, -0.055], "s proportion": [1.943, 1.082, 1.071, 1.064, 1.069, 1.074, 1.07, 1.332, 1.747, 1.746, 0.946, 0.947, 0.928, 0.922], "p proportion": [5.141, 2.805, 2.96, 2.949, 2.948, 2.88, 2.962, 2.992, 4.717, 4.717, 0.0, 0.0, 0.0, 0.0], "d proportion": [-0.012, 0.0, 0.0, 0.0, 0.0, 0.0, 0.0, 0.0, 0.0, 0.0, 0.0, 0.0, 0.0, 0.0], "Fermi-level/eV": -10.4776, "Coordination numbers": [0.966, 2.88, 2.948, 2.911, 2.91, 2.9, 2.947, 2.755, 0.926, 0.926, 0.925, 0.925, 0.925, 0.925], "Dispersion coefficient C6": [103.5, 25.645, 28.695, 28.528, 28.57, 27.669, 28.746, 13.731, 21.111, 21.092, 2.021, 2.082, 1.884, 1.782], "Total dispersion C6": 3628.05752, "Total dispersion C8": 98457.442155, "Polarizability alpha": [15.564, 8.302, 8.786, 8.758, 8.765, 8.625, 8.794, 5.503, 6.162, 6.159, 2.223, 2.257, 2.147, 2.088], "Total polarizability alpha": 94.131557, "Wiberg matrix": [[0.0, 1.001675150578652, 0.0, 0.0, 0.0, 0.0, 0.0, 0.0, 0.0, 0.0, 0.0, 0.0, 0.0, 0.0], [1.001675150578652, 0.0, 1.388550046212841, 0.0, 0.0, 0.0, 1.4085023686338842, 0.0, 0.0, 0.0, 0.0, 0.0, 0.0, 0.0], [0.0, 1.388550046212841, 0.0, 1.436991361328057, 0.0, 0.0, 0.0, 0.0, 0.0, 0.0, 0.9651381178272241, 0.0, 0.0, 0.0], [0.0, 0.0, 1.436991361328057, 0.0, 1.4423483590799209, 0.0, 0.10447262261296188, 0.0, 0.0, 0.0, 0.0, 0.9664251491913243, 0.0, 0.0], [0.0, 0.0, 0.0, 1.4423483590799209, 0.0, 1.3813187072951667, 0.0, 0.0, 0.0, 0.0, 0.0, 0.0, 0.9604478980520056, 0.0], [0.0, 0.0, 0.0, 0.0, 1.3813187072951667, 0.0, 1.38586057740593, 0.9578011828926305, 0.0, 0.0, 0.0, 0.0, 0.0, 0.0], [0.0, 1.4085023686338842, 0.0, 0.10447262261296188, 0.0, 1.38586057740593, 0.0, 0.0, 0.0, 0.0, 0.0, 0.0, 0.0, 0.956533408146669], [0.0, 0.0, 0.0, 0.0, 0.0, 0.9578011828926305, 0.0, 0.0, 1.4509191050004606, 1.4519721048283007, 0.0, 0.0, 0.0, 0.0], [0.0, 0.0, 0.0, 0.0, 0.0, 0.0, 0.0, 1.4509191050004606, 0.0, 0.372484250614974, 0.0, 0.0, 0.0, 0.0], [0.0, 0.0, 0.0, 0.0, 0.0, 0.0, 0.0, 1.4519721048283007, 0.372484250614974, 0.0, 0.0, 0.0, 0.0, 0.0], [0.0, 0.0, 0.9651381178272241, 0.0, 0.0, 0.0, 0.0, 0.0, 0.0, 0.0, 0.0, 0.0, 0.0, 0.0], [0.0, 0.0, 0.0, 0.9664251491913243, 0.0, 0.0, 0.0, 0.0, 0.0, 0.0, 0.0, 0.0, 0.0, 0.0], [0.0, 0.0, 0.0, 0.0, 0.9604478980520056, 0.0, 0.0, 0.0, 0.0, 0.0, 0.0, 0.0, 0.0, 0.0], [0.0, 0.0, 0.0, 0.0, 0.0, 0.0, 0.956533408146669, 0.0, 0.0, 0.0, 0.0, 0.0, 0.0, 0.0]], "Born radii": [], "Atomic SASAs": [], "Solvent H bonds": [], "Total SASA": NaN, "Total FOD": 0.0, "FOD": [0.0, 0.0, 0.0, 0.0, 0.0, 0.0, 0.0, 0.0, 0.0, 0.0, 0.0, 0.0, 0.0, 0.0], "FOD s proportion": [0.0, 0.0, 0.0, 0.0, 0.0, 0.0, 0.0, 0.0, 0.0, 0.0, 0.0, 0.0, 0.0, 0.0], "FOD p proportion": [0.0, 0.0, 0.0, 0.0, 0.0, 0.0, 0.0, 0.0, 0.0, 0.0, 0.0, 0.0, 0.0, 0.0], "FOD d proportion": [0.0, 0.0, 0.0, 0.0, 0.0, 0.0, 0.0, 0.0, 0.0, 0.0, 0.0, 0.0, 0.0, 0.0], "coordinates": [["2.79410", "-1.58590", "0.96590"], ["1.49290", "-0.59790", "0.42630"], ["1.74990", "0.70450", "-0.00600"], ["0.70160", "1.51510", "-0.44600"], ["-0.60430", "1.02240", "-0.45340"], ["-0.85160", "-0.28770", "-0.01690"], ["0.19560", "-1.10560", "0.42550"], ["-2.22400", "-0.80780", "-0.02390"], ["-3.12340", "-0.05450", "-0.42220"], ["-2.40170", "-1.96930", "0.36890"], ["2.76580", "1.09350", "-0.00230"], ["0.90360", "2.52990", "-0.78260"], ["-1.41170", "1.66570", "-0.79910"], ["0.01330", "-2.12240", "0.76560"]],