{"total energy": -17.72418196, "HOMO-LUMO gap/eV": 12.00519243, "electronic energy": -17.93288892, "dipole": [-0.50542972, -0.09471642, 0.46580794], "partial charges": [-0.09997175, -0.057663, 0.12065067, -0.11621217, -0.44840296, 0.05006207, 0.03148314, 0.0319538, 0.0314297, 0.0474107, 0.01248416, 0.03197396, 0.04730042, 0.035932, 0.28156926], "atomic dipole moments": [[-0.10218097, -0.05017057, -0.01332843], [-0.00553303, 0.10763338, 0.04995958], [-0.00629098, 0.07969861, -0.16017917], [0.09253087, 0.0441156, 0.01844615], [-0.11806944, -0.09551559, 0.18413099], [0.02228638, 0.10084359, -0.07835567], [0.01473271, 0.0379709, 0.11870576], [0.08796106, -0.08376421, -0.02312652], [-0.00624164, -0.10241712, 0.06941002], [-3.477e-05, -0.03836668, -0.12100791], [0.00971131, 0.05007874, 0.10776757], [-0.09256326, 0.07970308, 0.02084622], [-0.02318887, -0.03736502, -0.12127199], [-0.01386836, -0.10078818, 0.07844128], [-0.05949463, 0.04413729, 0.02634257]], "atomic quadrupole moments": [[0.18304613, 0.12241269, -0.06390958, 0.05293078, 0.04052522, -0.11913655], [0.22564331, -0.03413985, -0.00960945, -0.00836444, 0.06888608, -0.21603386], [-0.02180425, 0.01134584, 0.14940632, -0.03732171, -0.28443528, -0.12760207], [0.16740514, 0.13557917, -0.03093266, 0.02337379, 0.00543767, -0.13647248], [-0.06785056, 0.00124202, 0.05444233, -0.04254829, -0.13405898, 0.01340822], [-0.03193181, 0.00974172, 0.02714276, 0.00599895, -0.0584415, 0.00478905], [-0.03352666, 0.01058955, -0.03798499, -0.0019719, 0.03565215, 0.07151165], [0.02203117, -0.0543222, 0.02773958, -0.01511469, 0.02354237, -0.04977075], [-0.01182294, 0.00868973, 0.01514453, -0.00537844, -0.05493588, -0.0033216], [-0.01121112, 0.00690429, -0.04134591, 0.00978986, 0.02063727, 0.05255703], [-0.02218779, -5.083e-05, -0.00211461, 0.00461019, -0.00243558, 0.0243024], [0.02086028, -0.05701555, 0.02154105, -0.01787704, 0.03107535, -0.04240133], [-0.03298163, 0.00333919, -0.03621839, -0.0018548, 0.03952282, 0.06920001], [-0.03481961, 0.00742594, 0.03121365, 0.0011525, -0.06642597, 0.00360596], [0.03014387, -0.10495904, 0.02313162, -0.04275271, 0.01018634, -0.05327549]], "number of molecular orbitals": 30, "number of electrons": 32, "number of unpaired electrons": 0, "orbital energies/eV": [-18.48455431, -17.12332852, -16.512655, -15.88114231, -15.29566184, -15.11898716, -14.16732885, -13.79537057, -13.22464556, -13.12322775, -12.82740746, -12.39117576, -12.18849475, -11.68099482, -11.60235397, -11.01449833, 0.9906941, 2.14808834, 2.97656668, 3.47487483, 3.871591, 4.51919768, 4.76061435, 4.98967259, 5.34080121, 5.83802755, 6.37389174, 6.92944956, 7.26953919, 8.05896916], "fractional occupation": [2.0, 2.0, 2.0, 2.0, 2.0, 2.0, 2.0, 2.0, 2.0, 2.0, 2.0, 2.0, 2.0, 2.0, 2.0, 2.0, 0.0, 0.0, 0.0, 0.0, 0.0, 0.0, 0.0, 0.0, 0.0, 0.0, 0.0, 0.0, 0.0, 0.0], "program call": "xtb /home/svss/Project-DBcg-Debug/aqme2_20220329/End-to-End-workflows-final/example-3/QDESCP/mol_843_rdkit_conf_1/mol_843_rdkit_conf_1.xyz --pop --wbo --acc 0.2 --gfn 2 --chrg 0 --uhf 0 --etemp 300 --input /home/svss/Project-DBcg-Debug/aqme2_20220329/End-to-End-workflows-final/example-3/QDESCP/mol_843_rdkit_conf_1/mol_843_rdkit_conf_1_xtb.inp", "method": "GFN2-xTB", "xtb version": "6.3.3 (7355c4f)", "Dipole module/D": 1.764, "Total charge": 0, "Transition dipole module/D": NaN, "HOMO": -11.0145, "LUMO": 0.9907, "HOMO occupancy": 2.0, "LUMO occupancy": 0, "mulliken charges": [-0.07744, -0.04769, 0.22549, -0.11187, -0.57019, 0.04131, 0.02232, 0.02441, 0.0187, 0.03583, 0.00741, 0.02783, 0.03991, 0.02974, 0.33422], "cm5 charges": [-0.22664, -0.15492, 0.17612, -0.25784, -0.78082, 0.09497, 0.07405, 0.07526, 0.07388, 0.09303, 0.07336, 0.08099, 0.09355, 0.08148, 0.50352], "FUKUI+": [0.027, 0.018, -0.046, 0.041, -0.173, -0.037, -0.048, -0.062, -0.13, -0.073, -0.104, -0.06, -0.075, -0.116, -0.161], "FUKUI-": [0.022, 0.011, 0.003, 0.021, -0.136, -0.095, -0.097, -0.085, -0.094, -0.116, -0.148, -0.071, -0.079, -0.068, -0.069], "FUKUIrad": [0.024, 0.014, -0.022, 0.031, -0.155, -0.066, -0.072, -0.073, -0.112, -0.094, -0.126, -0.065, -0.077, -0.092, -0.115], "s proportion": [1.006, 1.03, 1.014, 1.02, 1.697, 0.959, 0.978, 0.976, 0.981, 0.964, 0.993, 0.972, 0.96, 0.97, 0.666], "p proportion": [3.072, 3.017, 2.76, 3.092, 4.873, 0.0, 0.0, 0.0, 0.0, 0.0, 0.0, 0.0, 0.0, 0.0, 0.0], "d proportion": [0.0, 0.0, 0.0, 0.0, 0.0, 0.0, 0.0, 0.0, 0.0, 0.0, 0.0, 0.0, 0.0, 0.0, 0.0], "Fermi-level/eV": -5.0119, "Coordination numbers": [3.749, 3.801, 3.724, 3.75, 1.653, 0.924, 0.924, 0.924, 0.924, 0.924, 0.924, 0.924, 0.924, 0.924, 0.804], "Dispersion coefficient C6": [22.474, 21.612, 18.711, 22.788, 21.812, 2.319, 2.566, 2.559, 2.566, 2.353, 2.85, 2.559, 2.354, 2.504, 0.779], "Total dispersion C6": 1460.777268, "Total dispersion C8": 29836.488295, "Polarizability alpha": [6.761, 6.619, 6.177, 6.808, 6.305, 2.382, 2.505, 2.502, 2.505, 2.399, 2.64, 2.501, 2.399, 2.475, 1.387], "Total polarizability alpha": 56.363725, "Wiberg matrix": [[0.0, 1.0199508214863728, 0.0, 0.0, 0.0, 0.9866433708598212, 0.9877873593864219, 0.9874332396064732, 0.0, 0.0, 0.0, 0.0, 0.0, 0.0, 0.0], [1.0199508214863728, 0.0, 0.9943415799460684, 0.0, 0.0, 0.0, 0.0, 0.0, 0.9767313428842233, 0.9757988358860331, 0.0, 0.0, 0.0, 0.0, 0.0], [0.0, 0.9943415799460684, 0.0, 1.002759815491617, 0.9797555033256244, 0.0, 0.0, 0.0, 0.0, 0.0, 0.9637213817736261, 0.0, 0.0, 0.0, 0.0], [0.0, 0.0, 1.002759815491617, 0.0, 0.0, 0.0, 0.0, 0.0, 0.0, 0.0, 0.0, 0.9847791318134176, 0.9855320463540829, 0.9856293959619955, 0.0], [0.0, 0.0, 0.9797555033256244, 0.0, 0.0, 0.0, 0.0, 0.0, 0.0, 0.0, 0.0, 0.0, 0.0, 0.0, 0.9047566251815375], [0.9866433708598212, 0.0, 0.0, 0.0, 0.0, 0.0, 0.0, 0.0, 0.0, 0.0, 0.0, 0.0, 0.0, 0.0, 0.0], [0.9877873593864219, 0.0, 0.0, 0.0, 0.0, 0.0, 0.0, 0.0, 0.0, 0.0, 0.0, 0.0, 0.0, 0.0, 0.0], [0.9874332396064732, 0.0, 0.0, 0.0, 0.0, 0.0, 0.0, 0.0, 0.0, 0.0, 0.0, 0.0, 0.0, 0.0, 0.0], [0.0, 0.9767313428842233, 0.0, 0.0, 0.0, 0.0, 0.0, 0.0, 0.0, 0.0, 0.0, 0.0, 0.0, 0.0, 0.0], [0.0, 0.9757988358860331, 0.0, 0.0, 0.0, 0.0, 0.0, 0.0, 0.0, 0.0, 0.0, 0.0, 0.0, 0.0, 0.0], [0.0, 0.0, 0.9637213817736261, 0.0, 0.0, 0.0, 0.0, 0.0, 0.0, 0.0, 0.0, 0.0, 0.0, 0.0, 0.0], [0.0, 0.0, 0.0, 0.9847791318134176, 0.0, 0.0, 0.0, 0.0, 0.0, 0.0, 0.0, 0.0, 0.0, 0.0, 0.0], [0.0, 0.0, 0.0, 0.9855320463540829, 0.0, 0.0, 0.0, 0.0, 0.0, 0.0, 0.0, 0.0, 0.0, 0.0, 0.0], [0.0, 0.0, 0.0, 0.9856293959619955, 0.0, 0.0, 0.0, 0.0, 0.0, 0.0, 0.0, 0.0, 0.0, 0.0, 0.0], [0.0, 0.0, 0.0, 0.0, 0.9047566251815375, 0.0, 0.0, 0.0, 0.0, 0.0, 0.0, 0.0, 0.0, 0.0, 0.0]], "Born radii": [], "Atomic SASAs": [], "Solvent H bonds": [], "Total SASA": NaN, "Total FOD": 0.0, "FOD": [0.0, 0.0, 0.0, 0.0, 0.0, 0.0, 0.0, 0.0, 0.0, 0.0, 0.0, 0.0, 0.0, 0.0, 0.0], "FOD s proportion": [0.0, 0.0, 0.0, 0.0, 0.0, 0.0, 0.0, 0.0, 0.0, 0.0, 0.0, 0.0, 0.0, 0.0, 0.0], "FOD p proportion": [0.0, 0.0, 0.0, 0.0, 0.0, 0.0, 0.0, 0.0, 0.0, 0.0, 0.0, 0.0, 0.0, 0.0, 0.0], "FOD d proportion": [0.0, 0.0, 0.0, 0.0, 0.0, 0.0, 0.0, 0.0, 0.0, 0.0, 0.0, 0.0, 0.0, 0.0, 0.0], "coordinates": [["2.01560", "-0.02760", "0.10730"], ["0.64080", "-0.64290", "-0.11890"], ["-0.49180", "0.33890", "0.18920"], ["-1.85400", "-0.32150", "0.02410"], ["-0.40590", "1.44630", "-0.70330"], ["2.18280", "0.82930", "-0.55260"], ["2.12840", "0.30790", "1.14320"], ["2.79720", "-0.76640", "-0.09680"], ["0.54260", "-1.53490", "0.51060"], ["0.57930", "-0.96660", "-1.16510"], ["-0.38850", "0.71940", "1.21180"], ["-2.65510", "0.39390", "0.23890"], ["-2.00320", "-0.65980", "-1.00720"], ["-1.96490", "-1.17850", "0.69530"], ["-1.12320", "2.06240", "-0.47640"]],