{"total energy": -13.80307043, "HOMO-LUMO gap/eV": 4.77208234, "electronic energy": -13.93807668, "dipole": [0.21908619, -1.60553492, -0.01232804], "partial charges": [-0.09710863, 0.05039891, -0.09710116, -0.15296351, 0.03777806, 0.04439638, 0.04691561, 0.03861785, 0.04438913, 0.04691607, 0.0377613], "atomic dipole moments": [[-0.09087397, 0.01995107, -0.0543682], [-0.01926976, 0.09337835, 0.08239339], [0.08968812, 0.04451071, -0.0399012], [0.12727806, -0.91726754, -0.0334323], [0.0237209, -0.13417771, -0.011372], [0.10109334, 0.07051321, -0.05620985], [-0.01374189, 0.03857285, 0.13062844], [0.01397393, -0.02650369, -0.1294787], [-0.1061204, 0.0423485, -0.07278421], [-0.01759593, 0.03802575, 0.13032329], [0.01476446, -0.13540734, -0.01208735]], "atomic quadrupole moments": [[0.12794719, -0.07782835, -0.06815978, 0.15682412, -0.04947184, -0.05978741], [0.02392876, -0.02525962, 0.2325554, 0.02789576, -0.04055241, -0.25648415], [0.11280536, 0.13221459, -0.01078148, -0.10760832, -0.06839454, -0.10202388], [-0.7222819, -0.32450438, 1.56139993, -0.0081091, 0.10221662, -0.83911803], [-0.02955896, -0.00762514, 0.06499724, 0.00760004, 0.0121999, -0.03543828], [0.03254083, 0.02580498, -0.00944562, -0.02262553, -0.02899908, -0.02309521], [-0.02648664, -0.01875721, -0.02627355, -0.00644044, 0.01653381, 0.0527602], [-0.01714967, -0.00484687, 0.0178958, -0.00133626, -0.00022172, -0.00074613], [0.03209037, -0.0085072, -0.01875149, 0.03814097, -0.02349688, -0.01333888], [-0.03455537, 0.01329974, -0.01741348, -0.01173023, 0.01848678, 0.05196885], [-0.02361776, -0.01903716, 0.06176242, -0.00914414, 0.00895412, -0.03814466]], "number of molecular orbitals": 28, "number of electrons": 26, "number of unpaired electrons": 0, "orbital energies/eV": [-19.95893409, -17.52942202, -16.65187242, -15.70587198, -14.57359731, -14.22286305, -13.80315481, -13.21462611, -12.6949243, -12.65180148, -12.34449751, -11.01247566, -10.99227993, -6.2201976, 0.53192647, 0.54361092, 0.96242058, 1.005789, 2.06075897, 2.48774518, 2.90098679, 3.23918934, 4.2726146, 4.86882575, 5.08063697, 6.07660883, 6.68459161, 10.5122492], "fractional occupation": [2.0, 2.0, 2.0, 2.0, 2.0, 2.0, 2.0, 2.0, 2.0, 2.0, 2.0, 2.0, 2.0, 0.0, 0.0, 0.0, 0.0, 0.0, 0.0, 0.0, 0.0, 0.0, 0.0, 0.0, 0.0, 0.0, 0.0, 0.0], "program call": "xtb /home/svss/Project-DBcg-Debug/aqme2_20220329/End-to-End-workflows-final/example-3/QDESCP/mol_973_rdkit_conf_1/mol_973_rdkit_conf_1.xyz --pop --wbo --acc 0.2 --gfn 2 --chrg 0 --uhf 0 --etemp 300 --input /home/svss/Project-DBcg-Debug/aqme2_20220329/End-to-End-workflows-final/example-3/QDESCP/mol_973_rdkit_conf_1/mol_973_rdkit_conf_1_xtb.inp", "method": "GFN2-xTB", "xtb version": "6.3.3 (7355c4f)", "Dipole module/D": 4.119, "Total charge": 0, "Transition dipole module/D": NaN, "HOMO": -10.9923, "LUMO": -6.2202, "HOMO occupancy": 2.0, "LUMO occupancy": 0, "mulliken charges": [-0.08592, 0.02924, -0.08592, -0.03217, 0.02831, 0.02537, 0.02502, 0.01736, 0.02537, 0.02503, 0.0283], "cm5 charges": [-0.22943, -0.0565, -0.22942, -0.01175, 0.07776, 0.07497, 0.07502, 0.07162, 0.07496, 0.07503, 0.07774], "FUKUI+": [0.058, -0.1, 0.058, -0.416, -0.099, -0.066, -0.069, -0.131, -0.066, -0.069, -0.099], "FUKUI-": [0.036, -0.003, 0.036, -0.429, -0.091, -0.072, -0.087, -0.141, -0.072, -0.087, -0.091], "FUKUIrad": [0.047, -0.051, 0.047, -0.423, -0.095, -0.069, -0.078, -0.136, -0.069, -0.078, -0.095], "s proportion": [1.024, 1.077, 1.024, 1.992, 0.972, 0.975, 0.975, 0.983, 0.975, 0.975, 0.972], "p proportion": [3.062, 2.894, 3.062, 5.058, 0.0, 0.0, 0.0, 0.0, 0.0, 0.0, 0.0], "d proportion": [0.0, 0.0, 0.0, -0.018, 0.0, 0.0, 0.0, 0.0, 0.0, 0.0, 0.0], "Fermi-level/eV": -8.6062, "Coordination numbers": [3.894, 3.828, 3.894, 1.265, 0.921, 0.922, 0.921, 0.927, 0.922, 0.921, 0.921], "Dispersion coefficient C6": [22.293, 19.711, 22.293, 383.339, 2.479, 2.392, 2.359, 2.467, 2.392, 2.359, 2.479], "Total dispersion C6": 1954.906561, "Total dispersion C8": 89575.085038, "Polarizability alpha": [6.712, 6.317, 6.712, 33.798, 2.462, 2.419, 2.402, 2.456, 2.419, 2.402, 2.463], "Total polarizability alpha": 70.562304, "Wiberg matrix": [[0.0, 1.0248755931975975, 0.0, 0.0, 0.9779588743407197, 0.9868268625187337, 0.9864168192921243, 0.0, 0.0, 0.0, 0.0], [1.0248755931975975, 0.0, 1.024870486894406, 0.9374151717236832, 0.0, 0.0, 0.0, 0.97448418847551, 0.0, 0.0, 0.0], [0.0, 1.024870486894406, 0.0, 0.0, 0.0, 0.0, 0.0, 0.0, 0.9868276309838033, 0.9864170609977139, 0.9779587911503673], [0.0, 0.9374151717236832, 0.0, 0.0, 0.0, 0.0, 0.0, 0.0, 0.0, 0.0, 0.0], [0.9779588743407197, 0.0, 0.0, 0.0, 0.0, 0.0, 0.0, 0.0, 0.0, 0.0, 0.0], [0.9868268625187337, 0.0, 0.0, 0.0, 0.0, 0.0, 0.0, 0.0, 0.0, 0.0, 0.0], [0.9864168192921243, 0.0, 0.0, 0.0, 0.0, 0.0, 0.0, 0.0, 0.0, 0.0, 0.0], [0.0, 0.97448418847551, 0.0, 0.0, 0.0, 0.0, 0.0, 0.0, 0.0, 0.0, 0.0], [0.0, 0.0, 0.9868276309838033, 0.0, 0.0, 0.0, 0.0, 0.0, 0.0, 0.0, 0.0], [0.0, 0.0, 0.9864170609977139, 0.0, 0.0, 0.0, 0.0, 0.0, 0.0, 0.0, 0.0], [0.0, 0.0, 0.9779587911503673, 0.0, 0.0, 0.0, 0.0, 0.0, 0.0, 0.0, 0.0]], "Born radii": [], "Atomic SASAs": [], "Solvent H bonds": [], "Total SASA": NaN, "Total FOD": 0.0, "FOD": [0.0, 0.0, 0.0, 0.0, 0.0, 0.0, 0.0, 0.0, 0.0, 0.0, 0.0], "FOD s proportion": [0.0, 0.0, 0.0, 0.0, 0.0, 0.0, 0.0, 0.0, 0.0, 0.0, 0.0], "FOD p proportion": [0.0, 0.0, 0.0, 0.0, 0.0, 0.0, 0.0, 0.0, 0.0, 0.0, 0.0], "FOD d proportion": [0.0, 0.0, 0.0, 0.0, 0.0, 0.0, 0.0, 0.0, 0.0, 0.0, 0.0], "coordinates": [["1.26330", "-0.07630", "0.27620"], ["-0.00470", "0.31660", "-0.47810"], ["-1.22490", "-0.41430", "0.07700"], ["-0.30320", "2.43300", "-0.34080"], ["1.44060", "-1.16920", "0.18600"], ["2.13680", "0.45730", "-0.15410"], ["1.17430", "0.18980", "1.35110"], ["0.11670", "0.05570", "-1.55160"], ["-2.13030", "-0.12240", "-0.49570"], ["-1.37880", "-0.15710", "1.14670"], ["-1.08980", "-1.51300", "-0.01660"]],