{"total energy": -20.88574899, "HOMO-LUMO gap/eV": 12.33872886, "electronic energy": -21.14000366, "dipole": [0.63482822, -0.20180723, -0.45755627], "partial charges": [-0.10069606, -0.05275117, -0.05695863, -0.07062438, 0.07944606, -0.4455097, 0.03257252, 0.03326907, 0.03296537, 0.03166136, 0.02978713, 0.02791752, 0.03143399, 0.03169776, 0.04704399, 0.0173643, 0.04464615, 0.28673472], "atomic dipole moments": [[-0.07795912, -0.04891347, 0.04514598], [-0.01709909, 0.0763304, -0.07963161], [0.00766285, -0.07613003, 0.08085804], [-0.02439851, 0.06875999, -0.08908733], [0.03938395, 0.18467505, 0.06523736], [0.13604166, -0.15366908, -0.12449049], [0.00156439, -0.02111981, -0.12411448], [0.10922162, -0.03993789, 0.04670914], [-0.00641859, 0.1243531, 0.01888523], [0.00877796, 0.01941513, 0.12238124], [0.01671024, -0.12168216, -0.01664553], [-0.00465554, -0.01855626, -0.12213863], [-0.00935268, 0.12197178, 0.01610385], [0.01476686, -0.12293304, -0.01105301], [0.00465592, 0.02695295, 0.12463959], [-0.01159711, -0.00949238, -0.11845625], [-0.08819346, -0.07283365, 0.0518766], [0.04749034, 0.03682514, -0.05046478]], "atomic quadrupole moments": [[0.09373345, 0.12526572, -0.04159562, -0.11498477, -0.08154953, -0.05213783], [0.22745337, 0.03890407, -0.11250037, -0.01277613, -0.12362957, -0.11495299], [0.22289506, 0.03121486, -0.1176243, -0.01312499, -0.12834031, -0.10527076], [0.23392516, 0.0205156, -0.10757329, 0.0108801, -0.12149318, -0.12635187], [-0.07001645, -0.18585978, 0.340515, 0.0694956, 0.10938075, -0.27049855], [-0.06305227, -0.05373794, 0.1466547, -0.04181184, 0.05034345, -0.08360243], [-0.03867873, 0.01463757, -0.03565021, 0.00697755, 0.02508355, 0.07432894], [0.05063395, -0.03155261, -0.02776139, 0.03795688, -0.02890427, -0.02287256], [-0.03576539, -0.01475077, 0.07390211, -0.01577312, 0.02176207, -0.03813672], [-0.0173292, 0.00295519, -0.03204578, -0.00198141, 0.02444243, 0.04937498], [-0.01655406, -0.0032466, 0.0501449, -0.00329517, 0.02281638, -0.03359084], [-0.02161367, 0.00275134, -0.02989854, 0.00183043, 0.0256516, 0.05151221], [-0.020333, -0.00834993, 0.05007018, -0.00496223, 0.02335053, -0.02973717], [-0.01428049, -0.01375184, 0.05806026, -0.00930894, 0.01779308, -0.04377977], [-0.01773165, 0.01126093, -0.03013252, -0.00486247, 0.02666642, 0.04786417], [-0.04203955, -0.01624867, -0.00075144, -0.00927157, 0.01013271, 0.04279099], [0.01606345, 0.01772618, 0.00190798, -0.03160476, -0.02793293, -0.01797143], [-0.01544697, 0.06591741, 0.02553197, -0.08315092, -0.05227043, -0.010085]], "number of molecular orbitals": 36, "number of electrons": 38, "number of unpaired electrons": 0, "orbital energies/eV": [-18.55659035, -17.18434933, -16.88658839, -16.39220798, -15.65203092, -15.35241682, -15.09682695, -14.41601691, -14.05651457, -13.90121855, -13.46350975, -13.1345558, -12.74975202, -12.53901898, -12.07168055, -12.00306024, -11.6887835, -11.63181971, -11.11436519, 1.22436367, 1.8069893, 2.63817879, 2.81226287, 3.36121031, 3.76493197, 4.30193439, 4.43078059, 4.58242033, 4.78010803, 4.91065283, 5.87770239, 6.68097034, 6.84842276, 7.09852644, 7.38771743, 8.17312743], "fractional occupation": [2.0, 2.0, 2.0, 2.0, 2.0, 2.0, 2.0, 2.0, 2.0, 2.0, 2.0, 2.0, 2.0, 2.0, 2.0, 2.0, 2.0, 2.0, 2.0, 0.0, 0.0, 0.0, 0.0, 0.0, 0.0, 0.0, 0.0, 0.0, 0.0, 0.0, 0.0, 0.0, 0.0, 0.0, 0.0, 0.0], "program call": "xtb /home/svss/Project-DBcg-Debug/aqme2_20220329/End-to-End-workflows-final/example-3/QDESCP/mol_461_rdkit_conf_4/mol_461_rdkit_conf_4.xyz --pop --wbo --acc 0.2 --gfn 2 --chrg 0 --uhf 0 --etemp 300 --input /home/svss/Project-DBcg-Debug/aqme2_20220329/End-to-End-workflows-final/example-3/QDESCP/mol_461_rdkit_conf_4/mol_461_rdkit_conf_4_xtb.inp", "method": "GFN2-xTB", "xtb version": "6.3.3 (7355c4f)", "Dipole module/D": 2.054, "Total charge": 0, "Transition dipole module/D": NaN, "HOMO": -11.1144, "LUMO": 1.2244, "HOMO occupancy": 2.0, "LUMO occupancy": 0, "mulliken charges": [-0.08386, -0.03788, -0.04752, -0.06918, 0.19642, -0.56535, 0.02651, 0.02957, 0.02732, 0.02467, 0.02231, 0.01882, 0.02309, 0.02413, 0.03785, 0.00906, 0.03071, 0.33335], "cm5 charges": [-0.2342, -0.15043, -0.15796, -0.1773, 0.10954, -0.77982, 0.0778, 0.08034, 0.07862, 0.07939, 0.07702, 0.07456, 0.08043, 0.07936, 0.09508, 0.07132, 0.09317, 0.50309], "FUKUI+": [0.013, -0.021, -0.026, 0.002, -0.017, -0.12, -0.044, -0.088, -0.044, -0.052, -0.053, -0.054, -0.046, -0.097, -0.065, -0.081, -0.102, -0.105], "FUKUI-": [0.02, 0.003, 0.013, -0.001, 0.01, -0.145, -0.084, -0.079, -0.078, -0.096, -0.093, -0.073, -0.06, -0.063, -0.061, -0.088, -0.075, -0.052], "FUKUIrad": [0.017, -0.009, -0.007, 0.001, -0.003, -0.132, -0.064, -0.083, -0.061, -0.074, -0.073, -0.063, -0.053, -0.08, -0.063, -0.084, -0.089, -0.079], "s proportion": [1.008, 1.027, 1.032, 1.038, 0.991, 1.694, 0.973, 0.97, 0.973, 0.975, 0.978, 0.981, 0.977, 0.976, 0.962, 0.991, 0.969, 0.667], "p proportion": [3.076, 3.011, 3.015, 3.031, 2.813, 4.871, 0.0, 0.0, 0.0, 0.0, 0.0, 0.0, 0.0, 0.0, 0.0, 0.0, 0.0, 0.0], "d proportion": [0.0, 0.0, 0.0, 0.0, 0.0, 0.0, 0.0, 0.0, 0.0, 0.0, 0.0, 0.0, 0.0, 0.0, 0.0, 0.0, 0.0, 0.0], "Fermi-level/eV": -4.945, "Coordination numbers": [3.75, 3.8, 3.801, 3.8, 3.674, 1.653, 0.924, 0.924, 0.924, 0.924, 0.924, 0.924, 0.924, 0.924, 0.924, 0.924, 0.924, 0.804], "Dispersion coefficient C6": [22.487, 21.522, 21.598, 21.852, 19.479, 21.754, 2.55, 2.541, 2.545, 2.563, 2.59, 2.616, 2.566, 2.563, 2.357, 2.774, 2.388, 0.762], "Total dispersion C6": 2126.838244, "Total dispersion C8": 43670.504428, "Polarizability alpha": [6.763, 6.605, 6.617, 6.656, 6.325, 6.296, 2.497, 2.493, 2.495, 2.504, 2.517, 2.53, 2.505, 2.503, 2.401, 2.605, 2.417, 1.372], "Total polarizability alpha": 68.098039, "Wiberg matrix": [[0.0, 1.0203057779142684, 0.0, 0.0, 0.0, 0.0, 0.9876641191624875, 0.9871992670729298, 0.9876494372018766, 0.0, 0.0, 0.0, 0.0, 0.0, 0.0, 0.0, 0.0, 0.0], [1.0203057779142684, 0.0, 1.0073482538410798, 0.0, 0.0, 0.0, 0.0, 0.0, 0.0, 0.9779596794061955, 0.9778541579417365, 0.0, 0.0, 0.0, 0.0, 0.0, 0.0, 0.0], [0.0, 1.0073482538410798, 0.0, 1.007548448220325, 0.0, 0.0, 0.0, 0.0, 0.0, 0.0, 0.0, 0.977174325422605, 0.9742261966005712, 0.0, 0.0, 0.0, 0.0, 0.0], [0.0, 0.0, 1.007548448220325, 0.0, 0.9997935674319322, 0.0, 0.0, 0.0, 0.0, 0.0, 0.0, 0.0, 0.0, 0.975536840639099, 0.9754949330483352, 0.0, 0.0, 0.0], [0.0, 0.0, 0.0, 0.9997935674319322, 0.0, 0.9954888070507196, 0.0, 0.0, 0.0, 0.0, 0.0, 0.0, 0.0, 0.0, 0.0, 0.9730698740041951, 0.9733015402709695, 0.0], [0.0, 0.0, 0.0, 0.0, 0.9954888070507196, 0.0, 0.0, 0.0, 0.0, 0.0, 0.0, 0.0, 0.0, 0.0, 0.0, 0.0, 0.0, 0.901540182832163], [0.9876641191624875, 0.0, 0.0, 0.0, 0.0, 0.0, 0.0, 0.0, 0.0, 0.0, 0.0, 0.0, 0.0, 0.0, 0.0, 0.0, 0.0, 0.0], [0.9871992670729298, 0.0, 0.0, 0.0, 0.0, 0.0, 0.0, 0.0, 0.0, 0.0, 0.0, 0.0, 0.0, 0.0, 0.0, 0.0, 0.0, 0.0], [0.9876494372018766, 0.0, 0.0, 0.0, 0.0, 0.0, 0.0, 0.0, 0.0, 0.0, 0.0, 0.0, 0.0, 0.0, 0.0, 0.0, 0.0, 0.0], [0.0, 0.9779596794061955, 0.0, 0.0, 0.0, 0.0, 0.0, 0.0, 0.0, 0.0, 0.0, 0.0, 0.0, 0.0, 0.0, 0.0, 0.0, 0.0], [0.0, 0.9778541579417365, 0.0, 0.0, 0.0, 0.0, 0.0, 0.0, 0.0, 0.0, 0.0, 0.0, 0.0, 0.0, 0.0, 0.0, 0.0, 0.0], [0.0, 0.0, 0.977174325422605, 0.0, 0.0, 0.0, 0.0, 0.0, 0.0, 0.0, 0.0, 0.0, 0.0, 0.0, 0.0, 0.0, 0.0, 0.0], [0.0, 0.0, 0.9742261966005712, 0.0, 0.0, 0.0, 0.0, 0.0, 0.0, 0.0, 0.0, 0.0, 0.0, 0.0, 0.0, 0.0, 0.0, 0.0], [0.0, 0.0, 0.0, 0.975536840639099, 0.0, 0.0, 0.0, 0.0, 0.0, 0.0, 0.0, 0.0, 0.0, 0.0, 0.0, 0.0, 0.0, 0.0], [0.0, 0.0, 0.0, 0.9754949330483352, 0.0, 0.0, 0.0, 0.0, 0.0, 0.0, 0.0, 0.0, 0.0, 0.0, 0.0, 0.0, 0.0, 0.0], [0.0, 0.0, 0.0, 0.0, 0.9730698740041951, 0.0, 0.0, 0.0, 0.0, 0.0, 0.0, 0.0, 0.0, 0.0, 0.0, 0.0, 0.0, 0.0], [0.0, 0.0, 0.0, 0.0, 0.9733015402709695, 0.0, 0.0, 0.0, 0.0, 0.0, 0.0, 0.0, 0.0, 0.0, 0.0, 0.0, 0.0, 0.0], [0.0, 0.0, 0.0, 0.0, 0.0, 0.901540182832163, 0.0, 0.0, 0.0, 0.0, 0.0, 0.0, 0.0, 0.0, 0.0, 0.0, 0.0, 0.0]], "Born radii": [], "Atomic SASAs": [], "Solvent H bonds": [], "Total SASA": NaN, "Total FOD": 0.0,