{"total energy": -22.0973165, "HOMO-LUMO gap/eV": 5.19961435, "electronic energy": -22.44293837, "dipole": [-0.14068957, -0.04575041, -0.06599717], "partial charges": [-0.09964366, -0.05190614, -0.05781681, -0.05287973, -0.05630814, -0.02803326, -0.09518249, 0.03226658, 0.0321967, 0.0311701, 0.02803409, 0.02747592, 0.03295856, 0.03021601, 0.02856507, 0.03042053, 0.03664618, 0.03454542, 0.03126831, 0.03413031, 0.03187645], "atomic dipole moments": [[0.07017198, 0.02380487, -0.06867292], [0.01491307, -0.07408464, 0.07893833], [-0.01475846, 0.0766858, -0.08241473], [0.02000137, -0.07869231, 0.0721981], [-0.05230875, 0.0661451, 0.05518458], [-0.1234501, -0.04737263, -0.08003477], [0.07356539, 0.03239114, 0.00251068], [0.03997042, 0.02384263, 0.11700879], [-0.03197531, -0.12152375, -0.00686912], [-0.10320148, 0.06742795, -0.0192086], [0.02153545, 0.12162694, 0.0076807], [-0.04825283, -0.01919296, -0.1118575], [0.04254023, 0.02005976, 0.11579678], [-0.02535642, -0.12147112, -0.00591406], [-0.04527775, -0.01424655, -0.11231565], [0.02667813, 0.12314649, 0.00680622], [-0.02492665, -0.12184337, -0.01074313], [0.06603127, 0.0209946, -0.10264029], [-0.05232697, -0.04385199, 0.13388271], [0.06648978, 0.04640261, -0.12872892], [0.06656201, 0.01621503, 0.1337603]], "atomic quadrupole moments": [[0.05930354, 0.04873158, -0.10013887, -0.1663944, -0.06187954, 0.04083533], [0.16455943, -0.08877877, -0.11438093, -0.12834088, -0.09191696, -0.0501785], [0.16573867, -0.09861829, -0.10807233, -0.1191013, -0.10106694, -0.05766634], [0.16191689, -0.10905765, -0.10050668, -0.12924156, -0.07586822, -0.0614102], [0.11020059, -0.10649662, -0.0916501, 0.11298642, 0.02534533, -0.01855049], [-0.2199502, -0.38669914, 0.37309841, 0.06544952, 0.12292744, -0.15314821], [-0.17955499, -0.37290197, 0.44106328, -0.03550806, 0.08467467, -0.26150829], [-0.0144002, 0.02008581, -0.0426168, 0.03995725, 0.02005027, 0.057017], [-0.04072782, 0.02256583, 0.07460364, -0.00904224, 0.01661469, -0.03387582], [0.04022131, -0.0565782, -0.00666113, 0.01119829, -0.02364879, -0.03356018], [-0.01376751, 0.02080564, 0.04806194, -0.00342065, 0.0156268, -0.03429443], [-0.00859598, 0.00603913, -0.03169295, 0.02289169, 0.0254679, 0.04028893], [-0.00674481, 0.00722562, -0.02898109, 0.02872418, 0.02324369, 0.03572589], [-0.01840603, 0.01852108, 0.05080104, -0.00113677, 0.01720105, -0.03239501], [0.00169039, 0.0038396, -0.03990766, 0.02592906, 0.02298967, 0.03821728], [-0.0146632, 0.02309083, 0.04464879, -0.00417295, 0.02252726, -0.02998559], [-0.01908226, 0.03016463, 0.05351824, 0.00469747, -0.0087923, -0.03443598], [0.01836607, 0.01332674, -0.03869218, -0.03174109, -0.02991968, 0.02032611], [0.02831522, 0.04685198, -0.04533574, 0.00166619, -0.00345965, 0.01702053], [0.0076708, 0.03375642, -0.04339177, -0.01054782, -0.01566991, 0.03572097], [0.01593039, 0.03744254, -0.04911326, 0.01861671, -0.00228281, 0.03318286]], "number of molecular orbitals": 42, "number of electrons": 42, "number of unpaired electrons": 0, "orbital energies/eV": [-16.9671554, -16.74643256, -16.40655135, -15.9216108, -15.27542898, -15.12227852, -14.63173136, -14.08634871, -13.74934838, -13.49801737, -13.36130841, -13.01102239, -12.79552675, -12.4116389, -12.258466, -12.01449104, -11.77792589, -11.56775916, -11.45870948, -11.29498941, -10.73017172, -5.53055737, 1.89577984, 2.65954186, 2.95815093, 3.11207265, 3.40688218, 4.01289705, 4.26809349, 4.43053952, 4.71912841, 4.8909983, 5.04332739, 5.16610986, 5.91552487, 6.51552981, 7.05188883, 7.23573714, 7.28840225, 8.34964552, 11.35924829, 15.50206303], "fractional occupation": [2.0, 2.0, 2.0, 2.0, 2.0, 2.0, 2.0, 2.0, 2.0, 2.0, 2.0, 2.0, 2.0, 2.0, 2.0, 2.0, 2.0, 2.0, 2.0, 2.0, 2.0, 0.0, 0.0, 0.0, 0.0, 0.0, 0.0, 0.0, 0.0, 0.0, 0.0, 0.0, 0.0, 0.0, 0.0, 0.0, 0.0, 0.0, 0.0, 0.0, 0.0, 0.0], "program call": "xtb /home/svss/Project-DBcg-Debug/aqme2_20220329/End-to-End-workflows-final/example-3/QDESCP/mol_570_rdkit_conf_4/mol_570_rdkit_conf_4.xyz --pop --wbo --acc 0.2 --gfn 2 --chrg 0 --uhf 0 --etemp 300 --input /home/svss/Project-DBcg-Debug/aqme2_20220329/End-to-End-workflows-final/example-3/QDESCP/mol_570_rdkit_conf_4/mol_570_rdkit_conf_4_xtb.inp", "method": "GFN2-xTB", "xtb version": "6.3.3 (7355c4f)", "Dipole module/D": 0.412, "Total charge": 0, "Transition dipole module/D": NaN, "HOMO": -10.7302, "LUMO": -5.5306, "HOMO occupancy": 2.0, "LUMO occupancy": 0, "mulliken charges": [-0.08337, -0.03832, -0.04839, -0.04141, -0.04296, -0.02244, -0.08645, 0.02694, 0.02667, 0.02823, 0.0224, 0.02173, 0.0239, 0.02276, 0.0241, 0.0247, 0.03039, 0.02794, 0.02472, 0.02828, 0.03057], "cm5 charges": [-0.23372, -0.15089, -0.15885, -0.15091, -0.14896, -0.08689, -0.18852, 0.07823, 0.07795, 0.07902, 0.07711, 0.07643, 0.07982, 0.07817, 0.079, 0.07999, 0.08544, 0.08309, 0.08057, 0.08112, 0.0828], "FUKUI+": [0.009, 0.005, 0.009, 0.008, 0.025, -0.161, -0.126, -0.007, -0.011, -0.022, -0.011, -0.017, 0.002, -0.02, -0.056, -0.025, -0.086, -0.06, -0.146, -0.157, -0.154], "FUKUI-": [0.02, 0.006, 0.012, 0.006, 0.007, -0.045, -0.057, -0.064, -0.067, -0.061, -0.082, -0.086, -0.065, -0.069, -0.062, -0.053, -0.071, -0.055, -0.061, -0.076, -0.081], "FUKUIrad": [0.014, 0.006, 0.011, 0.007, 0.016, -0.103, -0.091, -0.035, -0.039, -0.041, -0.046, -0.052, -0.031, -0.044, -0.059, -0.039, -0.079, -0.057, -0.104, -0.117, -0.118], "s proportion": [1.007, 1.027, 1.032, 1.032, 1.028, 1.071, 1.048, 0.973, 0.973, 0.972, 0.978, 0.978, 0.976, 0.977, 0.976, 0.975, 0.97, 0.972, 0.975, 0.972, 0.969], "p proportion": [3.076, 3.011, 3.016, 3.009, 3.015, 2.951, 3.039, 0.0, 0.0, 0.0, 0.0, 0.0, 0.0, 0.0, 0.0, 0.0, 0.0, 0.0, 0.0, 0.0, 0.0], "d proportion": [0.0, 0.0, 0.0, 0.0, 0.0, 0.0, 0.0, 0.0, 0.0, 0.0, 0.0, 0.0, 0.0, 0.0, 0.0, 0.0, 0.0, 0.0, 0.0, 0.0, 0.0], "Fermi-level/eV": -8.1304, "Coordination numbers": [3.75, 3.8, 3.801, 3.801, 3.803, 2.884, 2.834, 0.924, 0.924, 0.924, 0.924, 0.924, 0.924, 0.924, 0.924, 0.924, 0.924, 0.924, 0.925, 0.925, 0.925], "Dispersion coefficient C6": [22.466, 21.506, 21.614, 21.524, 21.584, 28.699, 30.383, 2.555, 2.556, 2.57, 2.615, 2.623, 2.545, 2.584, 2.607, 2.581, 2.494, 2.523, 2.568, 2.528, 2.56], "Total dispersion C6": 3193.753738, "Total dispersion C8": 68311.442524, "Polarizability alpha": [6.76, 6.603, 6.619, 6.605, 6.614, 8.783, 9.033, 2.499, 2.5, 2.507, 2.529, 2.533, 2.495, 2.514, 2.525, 2.512, 2.47, 2.484, 2.506, 2.487, 2.502], "Total polarizability alpha": 86.078792,