{"total energy": -20.8930622, "HOMO-LUMO gap/eV": 11.70168943, "electronic energy": -21.14556118, "dipole": [0.04336817, -0.5269149, 0.45584683], "partial charges": [-0.09848245, -0.06597938, 0.14987664, -0.10949355, -0.11714015, -0.4517412, 0.04343796, 0.03618305, 0.02958417, 0.02565501, 0.03051125, 0.0361996, 0.05238711, 0.04752233, 0.0461666, 0.03515117, 0.02918137, 0.28098047], "atomic dipole moments": [[-0.09153791, -0.03644066, 0.04976478], [-0.00353053, 0.08046914, -0.06874844], [-0.01575689, -0.02119603, -0.13771546], [-0.00510164, -0.11722224, -0.00988022], [0.0852465, 0.03560917, -0.03812445], [0.0149472, -0.11608609, 0.19920469], [-0.00332916, -0.00566827, -0.12852766], [0.03158214, 0.1180292, 0.03558344], [0.09388944, -0.07252038, 0.03540284], [-0.00488022, -0.11842084, -0.02658701], [0.01666585, 0.00370902, 0.12416755], [0.01929012, 0.02425349, 0.12464674], [0.08881065, 0.06364722, -0.0691756], [-0.10516234, 0.06377586, -0.03551073], [-0.10938626, 0.05234596, -0.04263607], [0.00242126, 0.00913717, 0.12858287], [-0.01800794, -0.11985124, -0.02990574], [-0.00358557, -0.07711725, -0.00980434]], "atomic quadrupole moments": [[0.13885262, 0.08777218, -0.06901606, -0.12481539, -0.06123927, -0.06983655], [0.19996787, -0.02531567, -0.08951809, -0.03441388, -0.10033575, -0.11044978], [-0.13352257, 0.008182, -0.11026808, 0.03138598, 0.02938217, 0.24379065], [-0.09999288, 0.02288614, 0.20346856, 0.00520684, 0.07960041, -0.10347568], [0.0889719, 0.10344983, -0.04728258, -0.12799749, -0.05696303, -0.04168932], [-0.11199881, 0.00276505, -0.04834037, 0.02374024, 0.00538814, 0.16033919], [-0.02949968, 0.01063475, -0.04565101, 0.0194772, 0.00522627, 0.07515069], [-0.03537501, 0.01430287, 0.06617864, -0.00900457, 0.03694934, -0.03080363], [0.02799628, -0.05094058, 0.00729935, 0.02250544, -0.03615111, -0.03529563], [-0.00569383, 0.01782125, 0.0471721, -0.00434247, 0.0325561, -0.04147827], [-0.01416061, 0.00388744, -0.04359446, 0.00342287, 0.0187287, 0.05775507], [-0.04930831, 0.00069899, -0.03375433, 0.02317119, 0.00566476, 0.08306264], [0.03812996, 0.0279619, -0.02259232, -0.05684783, -0.01702665, -0.01553764], [0.06231362, -0.03402425, -0.01707342, 0.03108858, -0.00994254, -0.0452402], [0.03192216, -0.04791521, -8.444e-05, 0.02975501, -0.03126927, -0.03183773], [-0.03615016, 0.00931639, -0.04546417, 0.0128553, 0.01486085, 0.08161433], [-0.0362207, -0.00257491, 0.07899179, -0.00797724, 0.03401269, -0.04277108], [-0.09166308, 0.01228782, 0.12685647, 0.00755738, 0.05091221, -0.03519339]], "number of molecular orbitals": 36, "number of electrons": 38, "number of unpaired electrons": 0, "orbital energies/eV": [-18.40628737, -17.13467079, -16.56392844, -16.25184134, -15.60584457, -15.41571394, -14.4698583, -14.13675817, -14.03761204, -13.36880923, -13.12007438, -12.61364062, -12.54490379, -12.44060984, -12.2939124, -12.13346187, -11.79608621, -11.58246106, -10.88157804, 0.82011138, 1.95890579, 2.16095967, 2.65827513, 3.68851243, 4.01024679, 4.57659504, 4.86679962, 4.99997206, 5.30929292, 5.851603, 6.12375428, 6.30358392, 6.47793104, 7.10915633, 7.60127043, 7.80851034], "fractional occupation": [2.0, 2.0, 2.0, 2.0, 2.0, 2.0, 2.0, 2.0, 2.0, 2.0, 2.0, 2.0, 2.0, 2.0, 2.0, 2.0, 2.0, 2.0, 2.0, 0.0, 0.0, 0.0, 0.0, 0.0, 0.0, 0.0, 0.0, 0.0, 0.0, 0.0, 0.0, 0.0, 0.0, 0.0, 0.0, 0.0], "program call": "xtb /home/svss/Project-DBcg-Debug/aqme2_20220329/End-to-End-workflows-final/example-3/QDESCP/mol_999_rdkit_conf_1/mol_999_rdkit_conf_1.xyz --pop --wbo --acc 0.2 --gfn 2 --chrg 0 --uhf 0 --etemp 300 --input /home/svss/Project-DBcg-Debug/aqme2_20220329/End-to-End-workflows-final/example-3/QDESCP/mol_999_rdkit_conf_1/mol_999_rdkit_conf_1_xtb.inp", "method": "GFN2-xTB", "xtb version": "6.3.3 (7355c4f)", "Dipole module/D": 1.774, "Total charge": 0, "Transition dipole module/D": NaN, "HOMO": -10.8816, "LUMO": 0.8201, "HOMO occupancy": 2.0, "LUMO occupancy": 0, "mulliken charges": [-0.07742, -0.06854, 0.25064, -0.09671, -0.11476, -0.56958, 0.03575, 0.02709, 0.02531, 0.02246, 0.02441, 0.02433, 0.04343, 0.04074, 0.04156, 0.02956, 0.02771, 0.33403], "cm5 charges": [-0.22707, -0.17471, 0.23914, -0.23961, -0.25876, -0.77603, 0.08963, 0.07923, 0.07617, 0.07969, 0.07999, 0.07671, 0.09792, 0.09449, 0.09541, 0.08182, 0.08139, 0.50461], "FUKUI+": [0.018, 0.006, -0.06, 0.034, 0.032, -0.143, -0.038, -0.045, -0.08, -0.055, -0.095, -0.103, -0.059, -0.061, -0.076, -0.092, -0.054, -0.129], "FUKUI-": [0.02, -0.012, -0.033, 0.028, 0.007, -0.137, -0.06, -0.061, -0.115, -0.067, -0.081, -0.06, -0.071, -0.093, -0.074, -0.069, -0.059, -0.064], "FUKUIrad": [0.019, -0.003, -0.047, 0.031, 0.02, -0.14, -0.049, -0.053, -0.097, -0.061, -0.088, -0.081, -0.065, -0.077, -0.075, -0.08, -0.056, -0.096], "s proportion": [1.005, 1.04, 1.044, 1.015, 1.024, 1.701, 0.964, 0.973, 0.975, 0.978, 0.976, 0.976, 0.957, 0.959, 0.958, 0.97, 0.972, 0.666], "p proportion": [3.072, 3.029, 2.705, 3.082, 3.091, 4.869, 0.0, 0.0, 0.0, 0.0, 0.0, 0.0, 0.0, 0.0, 0.0, 0.0, 0.0, 0.0], "d proportion": [0.0, 0.0, 0.0, 0.0, 0.0, 0.0, 0.0, 0.0, 0.0, 0.0, 0.0, 0.0, 0.0, 0.0, 0.0, 0.0, 0.0, 0.0], "Fermi-level/eV": -5.0307, "Coordination numbers": [3.748, 3.801, 3.772, 3.752, 3.753, 1.654, 0.924, 0.924, 0.924, 0.924, 0.924, 0.924, 0.924, 0.924, 0.924, 0.924, 0.924, 0.804], "Dispersion coefficient C6": [22.447, 21.765, 18.202, 22.654, 22.802, 21.88, 2.404, 2.5, 2.592, 2.649, 2.579, 2.5, 2.29, 2.351, 2.368, 2.515, 2.598, 0.781], "Total dispersion C6": 2116.660902, "Total dispersion C8": 43585.661352, "Polarizability alpha": [6.758, 6.642, 6.08, 6.787, 6.809, 6.314, 2.425, 2.473, 2.518, 2.545, 2.512, 2.473, 2.367, 2.398, 2.407, 2.48, 2.521, 1.388], "Total polarizability alpha": 67.895969, "Wiberg matrix": [[0.0, 1.0200375276362694, 0.0, 0.0, 0.0, 0.0, 0.9863520312104187, 0.9861586162334175, 0.9869559821053328, 0.0, 0.0, 0.0, 0.0, 0.0, 0.0, 0.0, 0.0, 0.0], [1.0200375276362694, 0.0, 0.9761805750969104, 0.0, 0.0, 0.0, 0.0, 0.0, 0.0, 0.9754122449301166, 0.9768267207268538, 0.0, 0.0, 0.0, 0.0, 0.0, 0.0, 0.0], [0.0, 0.9761805750969104, 0.0, 0.996734802922063, 0.9904298071597412, 0.9716649096179153, 0.0, 0.0, 0.0, 0.0, 0.0, 0.0, 0.0, 0.0, 0.0, 0.0, 0.0, 0.0], [0.0, 0.0, 0.996734802922063, 0.0, 0.0, 0.0, 0.0, 0.0, 0.0, 0.0, 0.0, 0.9861211070873062, 0.9820972411332591, 0.9841210647691021, 0.0, 0.0, 0.0, 0.0], [0.0, 0.0, 0.9904298071597412, 0.0, 0.0, 0.0, 0.0, 0.0, 0.0, 0.0, 0.0, 0.0, 0.0, 0.0, 0.984590983600212, 0.9859138783688485, 0.984505856532778, 0.0], [0.0, 0.0, 0.9716649096179153, 0.0, 0.0, 0.0, 0.0, 0.0, 0.0, 0.0, 0.0, 0.0, 0.0, 0.0, 0.0, 0.0, 0.0, 0.9022069168054091], [0.9863520312104187, 0.0, 0.0, 0.0, 0.0, 0.0, 0.0, 0.0, 0.0, 0.0, 0.0, 0.0, 0.0, 0.0, 0.0, 0.0, 0.0, 0.0], [0.9861586162334175, 0.0, 0.0, 0.0, 0.0, 0.0, 0.0, 0.0, 0.0, 0.0, 0.0, 0.0, 0.0, 0.0, 0.0, 0.0, 0.0, 0.0], [0.9869559821053328, 0.0, 0.0, 0.0, 0.0, 0.0, 0.0, 0.0, 0.0, 0.0, 0.0, 0.0, 0.0, 0.0, 0.0, 0.0, 0.0, 0.0], [0.0, 0.9754122449301166, 0.0, 0.0, 0.0, 0.0, 0.0, 0.0, 0.0, 0.0, 0.0, 0.0, 0.0, 0.0, 0.0, 0.0, 0.0, 0.0], [0.0, 0.9768267207268538, 0.0, 0.0, 0.0, 0.0, 0.0, 0.0, 0.0, 0.0, 0.0, 0.0, 0.0, 0.0, 0.0, 0.0, 0.0, 0.0], [0.0, 0.0, 0.0, 0.9861211070873062, 0.0, 0.0, 0.0, 0.0, 0.0, 0.0, 0.0, 0.0, 0.0, 0.0, 0.0, 0.0, 0.0, 0.0], [0.0, 0.0, 0.0, 0.9820972411332591, 0.0, 0.0, 0.0, 0.0, 0.0, 0.0, 0.0, 0.0, 0.0, 0.0, 0.0, 0.0, 0.0, 0.0], [0.0, 0.0, 0.0, 0.9841210647691021, 0.0, 0.0, 0.0, 0.0, 0.0, 0.0, 0.0, 0.0, 0.0, 0.0, 0.0, 0.0, 0.0, 0.0], [0.0, 0.0, 0.0, 0.0, 0.984590983600212, 0.0, 0.0, 0.0, 0.0, 0.0, 0.0, 0.0, 0.0, 0.0, 0.0, 0.0, 0.0, 0.0], [0.0, 0.0, 0.0, 0.0, 0.9859138783688485, 0.0, 0.0, 0.0, 0.0, 0.0, 0.0, 0.0, 0.0, 0.0, 0.0, 0.0, 0.0, 0.0], [0.0, 0.0, 0.0, 0.0, 0.984505856532778, 0.0, 0.0, 0.0, 0.0, 0.0, 0.0, 0.0, 0.0, 0.0, 0.0, 0.0, 0.0, 0.0], [0.0, 0.0, 0.0, 0.0, 0.0, 0.9022069168054091, 0.0, 0.0, 0.0, 0.0, 0.0, 0.0, 0.0, 0.0, 0.0, 0.0, 0.0, 0.0]], "Born radii": [], "Atomic SASAs": [], "Solvent H bonds": [], "Total SASA": NaN, "Total FOD": 0.0,