{"total energy": -19.72090686, "HOMO-LUMO gap/eV": 3.60700712, "electronic energy": -19.93813577, "dipole": [-0.17196956, -0.98631779, -0.21596056], "partial charges": [0.03384942, -0.25875827, 0.35188281, -0.40715713, -0.05670463, -0.06136829, 0.06318051, 0.06406914, 0.06319777, 0.07266665, 0.07175209, 0.06338994], "atomic dipole moments": [[-0.26224396, 0.00458736, -0.02712581], [0.1291628, 0.18410755, 0.0506866], [0.14074862, -0.11991553, -0.00900213], [-0.08376198, -0.15979018, -0.04095949], [0.13200585, 0.05016022, 0.02416372], [-0.02489132, -0.04405405, -0.01149384], [0.02656837, 0.03484938, 0.12312866], [0.0502503, -0.11433281, -0.01750852], [0.04957916, 0.07804072, -0.09236211], [-0.07892931, 0.12673692, 0.01695477], [0.07856364, -0.13388798, -0.01841694], [-0.14923499, 0.00608646, -0.01473006]], "atomic quadrupole moments": [[0.53192886, 0.00137304, -0.24083561, 0.08948095, 0.01267458, -0.29109325], [0.09639186, -0.00284459, -0.02420379, 0.01786135, 0.01009776, -0.07218807], [-0.28257004, -0.14779583, -0.13815445, -0.10886679, -0.13552869, 0.42072448], [-0.11071336, 0.02134315, -0.08685175, -0.03023537, -0.05766735, 0.19756511], [-0.10474501, 0.00335573, -0.37238499, -0.06606524, -0.17840869, 0.47712999], [-0.34023996, 0.00533166, -0.34807217, -0.1148462, -0.21825881, 0.68831213], [-0.00351683, 0.00266393, -0.04034852, 0.01106719, 0.03739603, 0.04386535], [-0.01504908, -0.03241475, 0.06711279, -0.00211293, 0.02123793, -0.05206371], [0.00196255, 0.01794857, -0.00230845, -0.0122002, -0.05325034, 0.0003459], [0.03356279, -0.00018459, 0.0295401, 0.01083294, 0.01955666, -0.06310289], [0.02367033, -0.0117605, 0.0296386, 0.00628455, 0.0161476, -0.05330894], [0.04557932, 0.00638929, 0.01671666, 0.01333286, 0.01749851, -0.06229598]], "number of molecular orbitals": 30, "number of electrons": 34, "number of unpaired electrons": 0, "orbital energies/eV": [-20.19857474, -19.3772808, -18.40122998, -17.32972936, -16.60508982, -16.32813382, -15.90899756, -15.36824223, -14.89083875, -14.03735106, -14.0217655, -13.64918452, -13.02932543, -12.64295002, -12.26386697, -11.95436218, -11.34464613, -7.73763901, -4.73106176, 0.27987206, 2.74371842, 3.28766651, 3.4559644, 3.77841436, 5.28474213, 5.36528398, 6.75649766, 10.03542693, 13.29564158, 17.76944437], "fractional occupation": [2.0, 2.0, 2.0, 2.0, 2.0, 2.0, 2.0, 2.0, 2.0, 2.0, 2.0, 2.0, 2.0, 2.0, 2.0, 2.0, 2.0, 0.0, 0.0, 0.0, 0.0, 0.0, 0.0, 0.0, 0.0, 0.0, 0.0, 0.0, 0.0, 0.0], "program call": "xtb /home/svss/Project-DBcg-Debug/aqme2_20220329/End-to-End-workflows-final/example-3/QDESCP/mol_1021_rdkit_conf_2/mol_1021_rdkit_conf_2.xyz --pop --wbo --acc 0.2 --gfn 2 --chrg 0 --uhf 0 --etemp 300 --input /home/svss/Project-DBcg-Debug/aqme2_20220329/End-to-End-workflows-final/example-3/QDESCP/mol_1021_rdkit_conf_2/mol_1021_rdkit_conf_2_xtb.inp", "method": "GFN2-xTB", "xtb version": "6.3.3 (7355c4f)", "Dipole module/D": 2.603, "Total charge": 0, "Transition dipole module/D": NaN, "HOMO": -11.3446, "LUMO": -7.7376, "HOMO occupancy": 2.0, "LUMO occupancy": 0, "mulliken charges": [0.17563, -0.41644, 0.57255, -0.53135, -0.05564, -0.02031, 0.04464, 0.03577, 0.04465, 0.05598, 0.0517, 0.04282], "cm5 charges": [0.05603, -0.5029, 0.62701, -0.57819, -0.10735, -0.11992, 0.10581, 0.09482, 0.10583, 0.11518, 0.10838, 0.0953], "FUKUI+": [0.037, -0.083, -0.084, -0.205, -0.066, -0.1, -0.042, -0.06, -0.042, -0.108, -0.118, -0.13], "FUKUI-": [0.03, -0.106, -0.029, -0.215, -0.044, -0.033, -0.074, -0.099, -0.074, -0.108, -0.108, -0.14], "FUKUIrad": [0.033, -0.095, -0.056, -0.21, -0.055, -0.067, -0.058, -0.079, -0.058, -0.108, -0.113, -0.135], "s proportion": [0.973, 1.696, 0.975, 1.73, 1.075, 1.064, 0.955, 0.964, 0.955, 0.944, 0.948, 0.957], "p proportion": [2.851, 4.721, 2.452, 4.801, 2.981, 2.956, 0.0, 0.0, 0.0, 0.0, 0.0, 0.0], "d proportion": [0.0, 0.0, 0.0, 0.0, 0.0, 0.0, 0.0, 0.0, 0.0, 0.0, 0.0, 0.0], "Fermi-level/eV": -9.5411, "Coordination numbers": [3.659, 1.703, 2.729, 0.857, 2.886, 2.834, 0.924, 0.924, 0.924, 0.925, 0.925, 0.925], "Dispersion coefficient C6": [20.284, 18.288, 21.025, 21.825, 29.407, 29.516, 2.162, 2.152, 2.162, 2.056, 2.066, 2.16], "Total dispersion C6": 1408.177709, "Total dispersion C8": 31455.172094, "Polarizability alpha": [6.463, 5.774, 7.507, 6.263, 8.89, 8.903, 2.3, 2.294, 2.299, 2.243, 2.248, 2.298], "Total polarizability alpha": 57.482762, "Wiberg matrix": [[0.0, 0.9608619659385658, 0.0, 0.0, 0.0, 0.0, 0.9773817555129962, 0.981990875579901, 0.9773853627777157, 0.0, 0.0, 0.0], [0.9608619659385658, 0.0, 1.1139934144645605, 0.1703307418634285, 0.0, 0.0, 0.0, 0.0, 0.0, 0.0, 0.0, 0.0], [0.0, 1.1139934144645605, 0.0, 1.7265158271590815, 1.022363664756809, 0.0, 0.0, 0.0, 0.0, 0.0, 0.0, 0.0], [0.0, 0.1703307418634285, 1.7265158271590815, 0.0, 0.0, 0.0, 0.0, 0.0, 0.0, 0.0, 0.0, 0.0], [0.0, 0.0, 1.022363664756809, 0.0, 0.0, 1.9245262501515759, 0.0, 0.0, 0.0, 0.9633701099454208, 0.0, 0.0], [0.0, 0.0, 0.0, 0.0, 1.9245262501515759, 0.0, 0.0, 0.0, 0.0, 0.0, 0.9722837303360815, 0.9754433845984962], [0.9773817555129962, 0.0, 0.0, 0.0, 0.0, 0.0, 0.0, 0.0, 0.0, 0.0, 0.0, 0.0], [0.981990875579901, 0.0, 0.0, 0.0, 0.0, 0.0, 0.0, 0.0, 0.0, 0.0, 0.0, 0.0], [0.9773853627777157, 0.0, 0.0, 0.0, 0.0, 0.0, 0.0, 0.0, 0.0, 0.0, 0.0, 0.0], [0.0, 0.0, 0.0, 0.0, 0.9633701099454208, 0.0, 0.0, 0.0, 0.0, 0.0, 0.0, 0.0], [0.0, 0.0, 0.0, 0.0, 0.0, 0.9722837303360815, 0.0, 0.0, 0.0, 0.0, 0.0, 0.0], [0.0, 0.0, 0.0, 0.0, 0.0, 0.9754433845984962, 0.0, 0.0, 0.0, 0.0, 0.0, 0.0]], "Born radii": [], "Atomic SASAs": [], "Solvent H bonds": [], "Total SASA": NaN, "Total FOD": 0.0, "FOD": [0.0, 0.0, 0.0, 0.0, 0.0, 0.0, 0.0, 0.0, 0.0, 0.0, 0.0, 0.0], "FOD s proportion": [0.0, 0.0, 0.0, 0.0, 0.0, 0.0, 0.0, 0.0, 0.0, 0.0, 0.0, 0.0], "FOD p proportion": [0.0, 0.0, 0.0, 0.0, 0.0, 0.0, 0.0, 0.0, 0.0, 0.0, 0.0, 0.0], "FOD d proportion": [0.0, 0.0, 0.0, 0.0, 0.0, 0.0, 0.0, 0.0, 0.0, 0.0, 0.0, 0.0], "coordinates": [["2.04270", "-0.37750", "0.14260"], ["0.62760", "-0.46080", "-0.02530"], ["-0.01450", "0.72020", "0.14270"], ["0.50520", "1.79270", "0.41310"], ["-1.47550", "0.58120", "-0.04120"], ["-2.11170", "-0.55990", "-0.33780"], ["2.29040", "-0.05230", "1.15800"], ["2.46170", "-1.37560", "-0.01250"], ["2.47810", "0.29970", "-0.59890"], ["-2.02920", "1.50550", "0.08480"], ["-1.58450", "-1.49970", "-0.46970"], ["-3.19040", "-0.57350", "-0.45580"]],