{"total energy": -22.1393794, "HOMO-LUMO gap/eV": 13.242147, "electronic energy": -22.45900523, "dipole": [-0.00048122, -0.00777076, 0.00042477], "partial charges": [-0.05239264, -0.05264509, -0.05263737, -0.05240677, -0.05206084, -0.05240858, -0.05204667, 0.03477861, 0.0230089, 0.02755154, 0.02265135, 0.02265502, 0.02753996, 0.03479253, 0.02301786, 0.02981497, 0.02269746, 0.02279116, 0.02279368, 0.02982067, 0.02268426], "atomic dipole moments": [[-0.05500405, 0.01249484, 0.0926583], [-0.04974736, 0.08090509, -0.05054347], [0.05971904, 0.07868104, 0.04261638], [0.0555427, -0.00371208, -0.09306628], [0.07028276, -0.03025421, 0.07744003], [-0.00697752, -0.11187097, 0.00556901], [-0.0739954, -0.02882915, -0.0744944], [-0.03263736, 0.01318659, -0.12401243], [0.11506257, -0.03074029, -0.00418889], [0.03493051, -0.01599553, 0.11721229], [0.03404203, -0.10223668, -0.05062948], [-0.04616447, -0.09170757, 0.06030365], [-0.03736132, -0.02303271, -0.11529186], [0.0348232, 0.0212614, 0.12227271], [-0.11796834, -0.01562825, 0.00646563], [-0.01020487, -0.02556088, -0.12089369], [-0.08882642, 0.07871623, 0.01757973], [-0.01402077, 0.08040065, 0.08804785], [0.02333888, 0.06892739, -0.09548926], [0.00771164, -0.01454034, 0.12288587], [0.09781847, 0.06494271, -0.02473706]], "atomic quadrupole moments": [[-0.11804898, 0.09752228, 0.19658441, -0.07822814, 0.03665632, -0.07853543], [0.17296813, 0.09851167, -0.02043928, -0.04886374, -0.0867402, -0.15252885], [0.14525184, -0.12207861, 0.02356718, -0.02760514, 0.07544442, -0.16881902], [-0.1382715, -0.06374351, 0.20767404, -0.0759365, -0.05469652, -0.06940254], [0.02790246, 0.16970308, 0.07687164, 0.0024497, -0.11846171, -0.1047741], [0.2164329, -0.01081201, -0.03223715, 0.09480581, -0.01348424, -0.18419575], [-0.01296811, -0.15528706, 0.13906418, 0.03208635, 0.09394466, -0.12609607], [-0.01627228, -0.00820151, -0.01732668, 0.04307438, -0.01454075, 0.03359896], [0.05344929, -0.01182454, 0.00756745, 0.00301715, 0.00264695, -0.06101674], [-0.01278008, 0.02177849, -0.04076845, 0.01679563, 0.00552817, 0.05354853], [-0.00744875, -0.00693218, 0.02964786, -0.02022071, 0.0455372, -0.0221991], [-0.0054895, 0.00840862, 0.01847895, -0.02677125, -0.04674396, -0.01298945], [-0.01835622, -0.02284828, -0.03554635, 0.01877043, 0.0014468, 0.05390257], [-0.01374098, 0.01226249, -0.01704764, 0.04382003, 0.01401436, 0.03078862], [0.05568053, 0.00597203, 0.00411382, 0.00133107, -0.00952705, -0.05979435], [-0.03770404, 0.01887404, -0.00138651, -0.01463862, 0.03021624, 0.03909055], [0.0233802, -0.0240952, 0.02430813, -0.02108131, 0.01722563, -0.04768832], [-0.00301486, -0.0208731, -0.02385995, 0.00380999, 0.04607771, 0.02687481], [0.00178277, 0.01711781, -0.03726118, -0.00349807, -0.03991458, 0.03547841], [-0.04202034, -0.01568014, -0.00247239, -0.01630891, -0.0239151, 0.04449273], [0.02901522, 0.02092686, 0.01484984, -0.0257233, -0.02080751, -0.04386507]], "number of molecular orbitals": 42, "number of electrons": 42, "number of unpaired electrons": 0, "orbital energies/eV": [-17.0044845, -16.59775353, -16.5735776, -15.76685769, -15.75496879, -14.90574533, -14.60890446, -14.11068328, -13.74489601, -13.62145708, -13.3664163, -12.95289768, -12.95109045, -12.4500317, -12.44369924, -11.63083622, -11.61565585, -11.4272624, -11.283537, -11.19244011, -11.0997821, 2.1423649, 2.51996786, 2.68686752, 2.70623762, 2.80683084, 2.88946754, 3.25805855, 3.41365903, 4.32057454, 4.70636332, 5.11099116, 5.21618936, 5.61392729, 6.24103357, 6.60217256, 6.69491529, 7.21369528, 7.88681037, 8.20150582, 8.26425972, 9.11560517], "fractional occupation": [2.0, 2.0, 2.0, 2.0, 2.0, 2.0, 2.0, 2.0, 2.0, 2.0, 2.0, 2.0, 2.0, 2.0, 2.0, 2.0, 2.0, 2.0, 2.0, 2.0, 2.0, 0.0, 0.0, 0.0, 0.0, 0.0, 0.0, 0.0, 0.0, 0.0, 0.0, 0.0, 0.0, 0.0, 0.0, 0.0, 0.0, 0.0, 0.0, 0.0, 0.0, 0.0], "program call": "xtb /home/svss/Project-DBcg-Debug/aqme2_20220329/End-to-End-workflows-final/example-3/QDESCP/mol_332_rdkit_conf_1/mol_332_rdkit_conf_1.xyz --pop --wbo --acc 0.2 --gfn 2 --chrg 0 --uhf 0 --etemp 300 --input /home/svss/Project-DBcg-Debug/aqme2_20220329/End-to-End-workflows-final/example-3/QDESCP/mol_332_rdkit_conf_1/mol_332_rdkit_conf_1_xtb.inp", "method": "GFN2-xTB", "xtb version": "6.3.3 (7355c4f)", "Dipole module/D": 0.02, "Total charge": 0, "Transition dipole module/D": NaN, "HOMO": -11.0998, "LUMO": 2.1424, "HOMO occupancy": 2.0, "LUMO occupancy": 0, "mulliken charges": [-0.04583, -0.04614, -0.04613, -0.04584, -0.04598, -0.04703, -0.04597, 0.02506, 0.02325, 0.02198, 0.02328, 0.02328, 0.02197, 0.02506, 0.02325, 0.02271, 0.02331, 0.02189, 0.02189, 0.02271, 0.0233], "cm5 charges": [-0.15542, -0.1562, -0.15618, -0.15544, -0.15581, -0.15705, -0.15579, 0.08082, 0.07773, 0.07728, 0.07763, 0.07763, 0.07727, 0.08084, 0.07774, 0.0784, 0.07765, 0.07644, 0.07644, 0.0784, 0.07764], "FUKUI+": [0.003, 0.01, 0.01, 0.003, 0.007, 0.016, 0.007, -0.071, -0.063, -0.083, -0.08, -0.08, -0.083, -0.071, -0.063, -0.082, -0.062, -0.088, -0.088, -0.082, -0.062], "FUKUI-": [0.006, 0.004, 0.004, 0.006, 0.01, 0.011, 0.01, -0.046, -0.079, -0.05, -0.082, -0.082, -0.05, -0.046, -0.079, -0.082, -0.095, -0.091, -0.091, -0.082, -0.095], "FUKUIrad": [0.005, 0.007, 0.007, 0.005, 0.008, 0.013, 0.008, -0.058, -0.071, -0.067, -0.081, -0.081, -0.067, -0.058, -0.071, -0.082, -0.079, -0.089, -0.089, -0.082, -0.079], "s proportion": [1.028, 1.03, 1.03, 1.028, 1.03, 1.03, 1.03, 0.975, 0.977, 0.978, 0.977, 0.977, 0.978, 0.975, 0.977, 0.977, 0.977, 0.978, 0.978, 0.977, 0.977], "p proportion": [3.018, 3.016, 3.016, 3.018, 3.016, 3.017, 3.016, 0.0, 0.0, 0.0, 0.0, 0.0, 0.0, 0.0, 0.0, 0.0, 0.0, 0.0, 0.0, 0.0, 0.0], "d proportion": [0.0, 0.0, 0.0, 0.0, 0.0, 0.0, 0.0, 0.0, 0.0, 0.0, 0.0, 0.0, 0.0, 0.0, 0.0, 0.0, 0.0, 0.0, 0.0, 0.0, 0.0], "Fermi-level/eV": -4.4787, "Coordination numbers": [3.799, 3.8, 3.8, 3.799, 3.8, 3.799, 3.8, 0.924, 0.924, 0.924, 0.924, 0.924, 0.924, 0.924, 0.924, 0.924, 0.924, 0.924, 0.924, 0.924, 0.924], "Dispersion coefficient C6": [21.516, 21.52, 21.52, 21.516, 21.51, 21.516, 21.509, 2.52, 2.688, 2.622, 2.694, 2.694, 2.622, 2.52, 2.688, 2.589, 2.693, 2.692, 2.692, 2.589, 2.693], "Total dispersion C6": 3040.432726, "Total dispersion C8": 64205.701767, "Polarizability alpha": [6.604, 6.605, 6.605, 6.604, 6.603, 6.604, 6.603, 2.482, 2.564, 2.532, 2.567, 2.567, 2.532, 2.482, 2.564, 2.516, 2.566, 2.566, 2.566, 2.516, 2.566], "Total polarizability alpha": 81.816721,