{"total energy": -38.32238391, "HOMO-LUMO gap/eV": 2.31766693, "electronic energy": -38.68676846, "dipole": [-2.11405008, 0.28168833, 0.44680805], "partial charges": [-0.12375151, 0.14240524, -0.25366356, 0.03374141, 0.02522169, 0.51714566, -0.38901528, -0.41044516, -0.0237828, -0.00698788, 0.07987556, -0.44742993, 0.06492684, 0.08050637, 0.08849404, 0.07670584, 0.08030288, 0.0790607, 0.04278084, 0.05012485, 0.29378422], "atomic dipole moments": [[0.0751776, -0.0451116, -0.05052149], [-0.01781372, -0.07238487, -0.07441305], [-0.08731127, -0.18025007, -0.20658178], [-0.08051625, 0.00741036, 0.00226811], [-0.11269511, -0.10108125, -0.11610316], [0.03578699, -0.06578104, -0.06199255], [-0.26364875, 0.00649955, 0.04704847], [0.18958033, 0.16103992, 0.11654858], [-0.00886387, -0.03065606, -0.04462904], [0.101502, -0.05203347, 0.12947026], [-0.0595585, 0.13833942, 0.13354985], [0.07952913, -0.17005384, -0.16124029], [-0.060924, 0.07679146, -0.08867], [0.0329709, 0.08475305, 0.09874967], [-0.08742887, -0.08603437, 0.05812468], [0.16836678, 0.00209246, 0.02318332], [-0.0828163, 0.10088096, 0.00266108], [0.0320625, -0.00375712, -0.12758587], [-0.08501642, -0.04568629, -0.073173], [0.0786906, -0.09388107, 0.03796596], [-0.02326044, -0.07786851, 0.01848717]], "atomic quadrupole moments": [[0.11465104, -0.11430586, -0.05106847, -0.06817944, 0.05157633, -0.06358257], [-0.19021595, -0.03781956, 0.1177619, -0.10484187, -0.26488972, 0.07245405], [-0.13228021, 0.01345347, 0.08016337, -0.0347555, -0.16747663, 0.05211684], [-0.21283387, -0.02677724, 0.14789569, -0.12879388, -0.34952617, 0.06493818], [-0.11121031, -0.11273308, 0.07785208, -0.18078074, -0.05667722, 0.03335824], [-0.04482653, 0.03022969, 0.00350732, 0.07733913, -0.21822783, 0.04131921], [0.0917968, -0.03207222, -0.07251121, -0.02495318, -0.16259097, -0.01928559], [-0.04903387, 0.10361058, 0.03660314, 0.11907811, -0.07758544, 0.01243073], [0.04631576, 0.07797126, -0.02802591, 0.07887545, -0.06882611, -0.01828985], [0.09897122, 0.19549765, -0.00982894, 0.16581773, -0.0026702, -0.08914228], [-0.11607228, 0.04903821, -0.0779644, -0.36774144, 0.04534426, 0.19403668], [-0.04765764, -0.02718649, -0.04517237, -0.13227099, 0.05958485, 0.09283001], [-0.0182631, -0.0325665, -0.0178995, 0.04106508, -0.04194412, 0.0361626], [-0.01624567, 0.02145272, -0.00116395, 0.02867638, 0.05853647, 0.01740962], [0.00170824, 0.05117227, 0.0263608, -0.02531265, -0.02033517, -0.02806905], [0.01634903, -0.01378938, -0.00941916, -0.00411874, 0.03011545, -0.00692988], [0.02583357, -0.02896269, 0.01160754, -0.00394681, 0.02339655, -0.03744111], [-0.00140801, 0.01553412, -0.03294033, -0.0227816, 0.02735568, 0.03434834], [0.00523172, 0.02498146, -0.04296632, 0.01267157, 0.01676943, 0.03773461], [0.02739974, -0.03665405, -0.02283032, -0.01074915, -0.01041534, -0.00456942], [-0.04928548, 0.05805916, 0.08246168, -0.04533954, -0.05115261, -0.0331762]], "number of molecular orbitals": 57, "number of electrons": 66, "number of unpaired electrons": 0, "orbital energies/eV": [-20.88785582, -20.39106434, -19.78128542, -19.41895749, -19.06522025, -18.79078914, -17.84808549, -17.81297368, -17.47213351, -17.12560129, -16.93535099, -16.72632975, -16.50297089, -16.1886018, -16.0340652, -15.81293237, -15.59115906, -15.09173498, -14.7488452, -14.54104285, -14.15772145, -13.86150072, -13.59568432, -13.52749416, -13.31058001, -13.07998081, -12.74735485, -12.37511146, -12.23183121, -12.0825327, -11.87038397, -11.45750639, -11.11348921, -8.79582229, -6.2175228, -5.22151414, -1.63060344, -0.30363188, 0.09371404, 1.85201054, 2.15138426, 2.52256425, 2.9557115, 3.10482476, 3.6702301, 4.11061423, 4.627014, 5.04749831, 5.43961548, 5.54316027, 6.0771161, 6.28181336, 6.82352043, 9.77090194, 11.05647372, 12.65901024, 15.20936449], "fractional occupation": [2.0, 2.0, 2.0, 2.0, 2.0, 2.0, 2.0, 2.0, 2.0, 2.0, 2.0, 2.0, 2.0, 2.0, 2.0, 2.0, 2.0, 2.0, 2.0, 2.0, 2.0, 2.0, 2.0, 2.0, 2.0, 2.0, 2.0, 2.0, 2.0, 2.0, 2.0, 2.0, 2.0, 0.0, 0.0, 0.0, 0.0, 0.0, 0.0, 0.0, 0.0, 0.0, 0.0, 0.0, 0.0, 0.0, 0.0, 0.0, 0.0, 0.0, 0.0, 0.0, 0.0, 0.0, 0.0, 0.0, 0.0], "program call": "xtb /home/svss/Project-DBcg-Debug/aqme2_20220329/End-to-End-workflows-final/example-3/QDESCP/mol_704_rdkit_conf_1/mol_704_rdkit_conf_1.xyz --pop --wbo --acc 0.2 --gfn 2 --chrg 0 --uhf 0 --etemp 300 --input /home/svss/Project-DBcg-Debug/aqme2_20220329/End-to-End-workflows-final/example-3/QDESCP/mol_704_rdkit_conf_1/mol_704_rdkit_conf_1_xtb.inp", "method": "GFN2-xTB", "xtb version": "6.3.3 (7355c4f)", "Dipole module/D": 5.539, "Total charge": 0, "Transition dipole module/D": NaN, "HOMO": -11.1135, "LUMO": -8.7958, "HOMO occupancy": 2.0, "LUMO occupancy": 0, "mulliken charges": [-0.09665, 0.27449, -0.36781, 0.1132, 0.10899, 0.66999, -0.48193, -0.49848, -0.18539, 0.08322, 0.19524, -0.57479, 0.04921, 0.05863, 0.06516, 0.05961, 0.05314, 0.06032, 0.02884, 0.03759, 0.34742], "cm5 charges": [-0.23132, 0.40765, -0.54538, 0.14824, 0.24767, 0.50716, -0.44134, -0.46319, -0.43034, 0.04096, 0.11462, -0.78857, 0.10332, 0.11352, 0.12199, 0.12697, 0.12262, 0.13237, 0.09196, 0.10617, 0.51491], "FUKUI+": [0.024, -0.049, -0.076, -0.046, -0.007, -0.14, -0.18, -0.179, -0.052, 0.02, 0.009, -0.005, -0.048, -0.044, -0.047, -0.07, -0.04, -0.016, -0.032, 0.001, -0.022], "FUKUI-": [0.017, -0.021, -0.14, -0.021, -0.034, -0.029, -0.094, -0.073, -0.043, 0.02, 0.015, -0.087, -0.066, -0.048, -0.057, -0.071, -0.038, -0.041, -0.086, -0.054, -0.048], "FUKUIrad": [0.021, -0.035, -0.108, -0.034, -0.02, -0.085, -0.137, -0.126, -0.048, 0.02, 0.012, -0.046, -0.057, -0.046, -0.052, -0.071, -0.039, -0.028, -0.059, -0.027, -0.035], "s proportion": [1.01, 1.029, 1.559, 1.032, 1.013, 1.318, 1.744, 1.744, 1.448, 1.011, 0.996, 1.698, 0.951, 0.941, 0.935, 0.94, 0.947, 0.94, 0.971, 0.962, 0.653], "p proportion": [3.087, 2.696, 3.809, 2.854, 2.878, 3.012, 4.738, 4.754, 3.737, 2.905, 2.809, 4.877, 0.0, 0.0, 0.0, 0.0, 0.0, 0.0, 0.0, 0.0, 0.0], "d proportion": [0.0, 0.0, 0.0, 0.0, 0.0, 0.0, 0.0, 0.0, 0.0, 0.0, 0.0, 0.0, 0.0, 0.0, 0.0, 0.0, 0.0, 0.0, 0.0, 0.0, 0.0], "Fermi-level/eV": -9.9547, "Coordination numbers": [3.752, 3.14, 1.897, 3.104, 2.989, 2.755, 0.93, 0.928, 2.835, 3.735, 3.673, 1.653, 0.924, 0.924, 0.924, 0.925, 0.924, 0.924, 0.924, 0.924, 0.804], "Dispersion coefficient C6": [22.934, 24.685, 27.455, 27.115, 27.432, 13.838, 21.428, 21.856, 21.704, 20.789, 19.475, 21.793, 2.142, 1.974, 1.894, 2.013, 1.976, 1.989, 2.412, 2.318, 0.74], "Total dispersion C6": 4761.658579, "Total dispersion C8": 106286.331197, "Polarizability alpha": [6.829, 8.131, 7.768, 8.533, 8.592, 5.525, 6.208, 6.27, 6.919, 6.507, 6.324, 6.302, 2.289, 2.197, 2.152, 2.219, 2.198, 2.205, 2.429, 2.381, 1.351], "Total polarizability alpha": 103.329724,