{"total energy": -17.61746397, "HOMO-LUMO gap/eV": 4.92767931, "electronic energy": -17.78265334, "dipole": [-0.02441914, 0.86777785, 0.13516957], "partial charges": [0.0330167, -0.26434597, 0.35593957, -0.40441665, -0.14417805, 0.06240878, 0.06474818, 0.06240068, 0.07547946, 0.07947318, 0.07947411], "atomic dipole moments": [[-0.25965402, 0.0385723, -0.01329519], [0.10569415, -0.20329586, -0.02420943], [0.12475624, 0.10350063, 0.02565014], [-0.05863077, 0.1669817, 0.02198675], [0.10648939, -0.01306614, 0.00588027], [0.03798677, -0.04548761, -0.11635855], [0.06539556, 0.10579641, 0.02159536], [0.02176962, -0.0797992, 0.10104406], [-0.07323821, -0.10614503, -0.02221894], [-0.03685803, 0.0490216, 0.12234854], [-0.01986507, 0.08497537, -0.10542878]], "atomic quadrupole moments": [[0.51713029, -0.13008764, -0.21773522, 0.04063093, 0.00374327, -0.29939507], [0.09561208, -0.0181917, -0.02139081, 0.00994121, 0.00728155, -0.07422127], [-0.20967689, 0.17112778, -0.25392416, -0.02456228, -0.10337342, 0.46360105], [-0.11165718, -0.00046627, -0.09112714, -0.02422749, -0.04791486, 0.20278432], [0.21526561, -0.1005493, -0.0564194, 0.01220989, 0.00903639, -0.15884621], [-0.00304735, -0.01478935, -0.03437106, -0.01082621, 0.04120074, 0.03741842], [-0.0046452, 0.04150142, 0.0565657, 0.01037664, 0.02085679, -0.0519205], [-0.00491795, -0.00931078, -0.00278227, 0.0028326, -0.05646481, 0.00770022], [0.00768321, 0.05432612, 0.04159084, 0.01312099, 0.01902413, -0.04927405], [-0.02766185, -0.00540194, -0.01772888, -0.02292166, 0.05615885, 0.04539074], [-0.03281869, -0.00158925, 0.02149177, 0.01291053, -0.06538747, 0.01132692]], "number of molecular orbitals": 26, "number of electrons": 30, "number of unpaired electrons": 0, "orbital energies/eV": [-20.2109106, -19.42287647, -18.37098066, -17.04038986, -16.59652142, -15.95733357, -15.33498965, -15.28695698, -14.20174304, -13.75809402, -13.27449873, -13.16367685, -12.9635669, -12.27270523, -11.46151551, -6.5338362, 0.28604084, 3.15117965, 3.52325121, 3.8572861, 4.24617278, 5.24847324, 5.32946533, 5.7174884, 6.66829899, 16.05662709], "fractional occupation": [2.0, 2.0, 2.0, 2.0, 2.0, 2.0, 2.0, 2.0, 2.0, 2.0, 2.0, 2.0, 2.0, 2.0, 2.0, 0.0, 0.0, 0.0, 0.0, 0.0, 0.0, 0.0, 0.0, 0.0, 0.0, 0.0], "program call": "xtb /home/svss/Project-DBcg-Debug/aqme2_20220329/End-to-End-workflows-final/example-3/QDESCP/mol_920_rdkit_conf_1/mol_920_rdkit_conf_1.xyz --pop --wbo --acc 0.2 --gfn 2 --chrg 0 --uhf 0 --etemp 300 --input /home/svss/Project-DBcg-Debug/aqme2_20220329/End-to-End-workflows-final/example-3/QDESCP/mol_920_rdkit_conf_1/mol_920_rdkit_conf_1_xtb.inp", "method": "GFN2-xTB", "xtb version": "6.3.3 (7355c4f)", "Dipole module/D": 2.233, "Total charge": 0, "Transition dipole module/D": NaN, "HOMO": -11.4615, "LUMO": -6.5338, "HOMO occupancy": 2.0, "LUMO occupancy": 0, "mulliken charges": [0.17519, -0.41753, 0.57966, -0.52834, -0.11842, 0.04407, 0.03643, 0.04407, 0.05849, 0.06319, 0.06319], "cm5 charges": [0.05553, -0.50431, 0.62698, -0.57657, -0.25663, 0.10526, 0.09547, 0.10525, 0.11329, 0.11787, 0.11787], "FUKUI+": [0.049, -0.13, -0.191, -0.288, 0.053, -0.051, -0.079, -0.051, -0.086, -0.113, -0.113], "FUKUI-": [0.031, -0.14, -0.028, -0.247, -0.008, -0.106, -0.11, -0.106, -0.077, -0.104, -0.104], "FUKUIrad": [0.04, -0.135, -0.11, -0.268, 0.022, -0.078, -0.095, -0.078, -0.082, -0.108, -0.108], "s proportion": [0.973, 1.697, 0.985, 1.73, 1.018, 0.956, 0.964, 0.956, 0.942, 0.937, 0.937], "p proportion": [2.852, 4.72, 2.435, 4.798, 3.101, 0.0, 0.0, 0.0, 0.0, 0.0, 0.0], "d proportion": [0.0, 0.0, 0.0, 0.0, 0.0, 0.0, 0.0, 0.0, 0.0, 0.0, 0.0], "Fermi-level/eV": -8.9977, "Coordination numbers": [3.656, 1.703, 2.721, 0.856, 3.751, 0.924, 0.924, 0.924, 0.924, 0.924, 0.924], "Dispersion coefficient C6": [20.309, 18.382, 20.958, 21.77, 23.343, 2.171, 2.144, 2.171, 2.026, 1.985, 1.985], "Total dispersion C6": 987.462351, "Total dispersion C8": 20945.882993, "Polarizability alpha": [6.469, 5.789, 7.494, 6.256, 6.89, 2.304, 2.29, 2.304, 2.226, 2.203, 2.203], "Total polarizability alpha": 46.428661, "Wiberg matrix": [[0.0, 0.9606884058017742, 0.0, 0.0, 0.0, 0.9781688994756412, 0.9819184335162293, 0.978167733810861, 0.0, 0.0, 0.0], [0.9606884058017742, 0.0, 1.116250163545302, 0.17015761736525586, 0.0, 0.0, 0.0, 0.0, 0.0, 0.0, 0.0], [0.0, 1.116250163545302, 0.0, 1.7610334733126423, 0.9966748759888903, 0.0, 0.0, 0.0, 0.0, 0.0, 0.0], [0.0, 0.17015761736525586, 1.7610334733126423, 0.0, 0.0, 0.0, 0.0, 0.0, 0.0, 0.0, 0.0], [0.0, 0.0, 0.9966748759888903, 0.0, 0.0, 0.0, 0.0, 0.0, 0.9823391180636268, 0.9624559422679331, 0.9624545948834523], [0.9781688994756412, 0.0, 0.0, 0.0, 0.0, 0.0, 0.0, 0.0, 0.0, 0.0, 0.0], [0.9819184335162293, 0.0, 0.0, 0.0, 0.0, 0.0, 0.0, 0.0, 0.0, 0.0, 0.0], [0.978167733810861, 0.0, 0.0, 0.0, 0.0, 0.0, 0.0, 0.0, 0.0, 0.0, 0.0], [0.0, 0.0, 0.0, 0.0, 0.9823391180636268, 0.0, 0.0, 0.0, 0.0, 0.0, 0.0], [0.0, 0.0, 0.0, 0.0, 0.9624559422679331, 0.0, 0.0, 0.0, 0.0, 0.0, 0.0], [0.0, 0.0, 0.0, 0.0, 0.9624545948834523, 0.0, 0.0, 0.0, 0.0, 0.0, 0.0]], "Born radii": [], "Atomic SASAs": [], "Solvent H bonds": [], "Total SASA": NaN, "Total FOD": 0.0, "FOD": [0.0, 0.0, 0.0, 0.0, 0.0, 0.0, 0.0, 0.0, 0.0, 0.0, 0.0], "FOD s proportion": [0.0, 0.0, 0.0, 0.0, 0.0, 0.0, 0.0, 0.0, 0.0, 0.0, 0.0], "FOD p proportion": [0.0, 0.0, 0.0, 0.0, 0.0, 0.0, 0.0, 0.0, 0.0, 0.0, 0.0], "FOD d proportion": [0.0, 0.0, 0.0, 0.0, 0.0, 0.0, 0.0, 0.0, 0.0, 0.0, 0.0], "coordinates": [["1.80790", "0.32400", "0.18600"], ["0.41650", "0.64120", "0.13230"], ["-0.38590", "-0.43410", "-0.09730"], ["-0.00490", "-1.58580", "-0.25070"], ["-1.82030", "-0.00390", "-0.13640"], ["2.14360", "-0.09190", "-0.76910"], ["2.35940", "1.24950", "0.37330"], ["2.01120", "-0.37210", "1.00580"], ["-2.45500", "-0.87530", "-0.32130"], ["-2.10230", "0.43450", "0.82410"], ["-1.97020", "0.71400", "-0.94660"]],