{"total energy": -20.88759055, "HOMO-LUMO gap/eV": 10.79587711, "electronic energy": -21.13494879, "dipole": [0.10416756, -0.5078943, 0.3186874], "partial charges": [0.04180291, -0.32906662, 0.15287667, -0.11328824, -0.11328001, -0.11265265, 0.04929943, 0.02878348, 0.02879431, 0.03782465, 0.03369707, 0.04347642, 0.04346708, 0.03369022, 0.03782883, 0.0486615, 0.03943459, 0.04865037], "atomic dipole moments": [[-0.20389572, 0.00342804, -0.06447774], [0.0913357, -0.21208584, 0.14774568], [0.11093177, 0.10612953, -0.02590078], [0.01100523, 0.00434463, -0.10458386], [-0.03482256, 0.08868698, 0.04479462], [0.10031717, -0.04501072, 0.05615564], [0.06644713, 0.09909013, -0.03554029], [0.00029037, 0.00165007, 0.12142422], [0.05335953, -0.09607555, -0.05166006], [-0.09566849, -0.08067845, 0.03155157], [0.10107653, -0.04278257, 0.06141915], [-0.02226837, 0.11346693, 0.05759789], [0.03349694, 0.01077639, -0.12431123], [0.10379654, -0.0477928, 0.05256077], [-0.08898116, -0.092946, 0.00981132], [0.01112224, 0.02006577, -0.12611029], [-0.09562341, -0.08367487, 0.01789578], [-0.04017123, 0.11454973, 0.04122699]], "atomic quadrupole moments": [[0.37883195, -0.03377902, -0.20894126, 0.21388192, -0.03724039, -0.16989069], [0.11284682, 0.04958442, -0.01134774, 0.05430619, -0.06618191, -0.10149908], [0.04428017, 0.15221123, 0.0594472, -0.03367515, -0.05810891, -0.10372737], [-0.08593894, 0.00262143, -0.11397187, -0.03662671, -0.02896897, 0.19991081], [-0.06632629, -0.08129254, 0.1286736, -0.02836924, 0.11190101, -0.06234731], [0.14830524, -0.08477592, -0.09243052, 0.12969562, -0.0408514, -0.05587472], [-0.00467127, 0.04371744, 0.04065655, -0.00869164, -0.04164191, -0.03598527], [-0.01062483, -0.00367505, -0.05786756, -0.0068056, -0.01233545, 0.06849239], [-0.00784649, -0.03231419, 0.03815923, 0.00383051, 0.04484433, -0.03031274], [0.03059704, 0.06656066, 0.0004571, -0.00493393, -0.00951423, -0.03105414], [0.05628604, -0.0437529, -0.03390037, 0.0317289, -0.01465486, -0.02238567], [-0.04235573, -0.02997891, 0.06568231, -0.00800126, 0.03081039, -0.02332658], [-0.0444687, -0.00212877, -0.02959944, -0.0194808, -0.02609662, 0.07406815], [0.03822064, -0.02750246, -0.03246244, 0.05862666, -0.00867616, -0.0057582], [0.03972623, 0.05551158, 0.01031715, -0.01689201, -0.00614415, -0.05004338], [-0.03005697, -0.00658352, -0.04771546, -0.02471226, -0.00646711, 0.07777243], [0.01354838, 0.05787679, 0.02745253, -0.01234866, -0.02755655, -0.04100091], [-0.0335445, -0.02910345, 0.04704103, -0.00498778, 0.05171333, -0.01349654]], "number of molecular orbitals": 36, "number of electrons": 38, "number of unpaired electrons": 0, "orbital energies/eV": [-18.57053235, -17.34686642, -16.61092163, -16.19358873, -15.95035893, -15.33377782, -14.42323117, -14.29368251, -14.2649991, -13.52008108, -13.24261016, -12.92188984, -12.63120108, -12.46577498, -12.26341567, -12.12466577, -12.04887569, -11.51166413, -10.59848426, 0.19739285, 1.9468165, 2.38547788, 2.69818103, 3.27759582, 3.85628691, 4.66129565, 4.7599547, 5.40111964, 5.5304677, 5.75538862, 5.93474994, 6.02510273, 6.83094742, 6.89948552, 6.98685215, 7.76572148], "fractional occupation": [2.0, 2.0, 2.0, 2.0, 2.0, 2.0, 2.0, 2.0, 2.0, 2.0, 2.0, 2.0, 2.0, 2.0, 2.0, 2.0, 2.0, 2.0, 2.0, 0.0, 0.0, 0.0, 0.0, 0.0, 0.0, 0.0, 0.0, 0.0, 0.0, 0.0, 0.0, 0.0, 0.0, 0.0, 0.0, 0.0], "program call": "xtb /home/svss/Project-DBcg-Debug/aqme2_20220329/End-to-End-workflows-final/example-3/QDESCP/mol_315_rdkit_conf_1/mol_315_rdkit_conf_1.xyz --pop --wbo --acc 0.2 --gfn 2 --chrg 0 --uhf 0 --etemp 300 --input /home/svss/Project-DBcg-Debug/aqme2_20220329/End-to-End-workflows-final/example-3/QDESCP/mol_315_rdkit_conf_1/mol_315_rdkit_conf_1_xtb.inp", "method": "GFN2-xTB", "xtb version": "6.3.3 (7355c4f)", "Dipole module/D": 1.547, "Total charge": 0, "Transition dipole module/D": NaN, "HOMO": -10.5985, "LUMO": 0.1974, "HOMO occupancy": 2.0, "LUMO occupancy": 0, "mulliken charges": [0.1712, -0.4727, 0.25608, -0.11377, -0.11376, -0.0963, 0.03129, 0.01409, 0.01409, 0.03011, 0.03084, 0.04208, 0.04207, 0.03083, 0.03011, 0.04006, 0.02361, 0.04006], "cm5 charges": [0.04872, -0.56851, 0.24653, -0.25785, -0.25784, -0.23892, 0.09044, 0.07379, 0.0738, 0.08238, 0.08446, 0.09601, 0.096, 0.08445, 0.08239, 0.09414, 0.07591, 0.09412], "FUKUI+": [0.011, -0.2, -0.07, 0.037, 0.037, 0.035, -0.103, -0.075, -0.075, -0.09, -0.046, -0.053, -0.053, -0.046, -0.09, -0.057, -0.106, -0.057], "FUKUI-": [0.041, -0.182, -0.019, 0.005, 0.005, 0.026, -0.08, -0.111, -0.111, -0.068, -0.053, -0.059, -0.059, -0.053, -0.068, -0.076, -0.059, -0.076], "FUKUIrad": [0.026, -0.191, -0.044, 0.021, 0.021, 0.031, -0.092, -0.093, -0.093, -0.079, -0.05, -0.056, -0.056, -0.05, -0.079, -0.066, -0.082, -0.066], "s proportion": [0.967, 1.692, 1.041, 1.021, 1.021, 1.018, 0.969, 0.986, 0.986, 0.97, 0.969, 0.958, 0.958, 0.969, 0.97, 0.96, 0.976, 0.96], "p proportion": [2.862, 4.781, 2.702, 3.093, 3.093, 3.079, 0.0, 0.0, 0.0, 0.0, 0.0, 0.0, 0.0, 0.0, 0.0, 0.0, 0.0, 0.0], "d proportion": [0.0, 0.0, 0.0, 0.0, 0.0, 0.0, 0.0, 0.0, 0.0, 0.0, 0.0, 0.0, 0.0, 0.0, 0.0, 0.0, 0.0, 0.0], "Fermi-level/eV": -5.2005, "Coordination numbers": [3.632, 1.698, 3.78, 3.753, 3.753, 3.755, 0.924, 0.924, 0.924, 0.924, 0.924, 0.924, 0.924, 0.924, 0.924, 0.924, 0.924, 0.924], "Dispersion coefficient C6": [20.261, 19.51, 18.149, 22.727, 22.727, 22.711, 2.329, 2.604, 2.604, 2.478, 2.535, 2.403, 2.403, 2.535, 2.478, 2.337, 2.457, 2.337], "Total dispersion C6": 2133.722503, "Total dispersion C8": 43630.07618, "Polarizability alpha": [6.48, 5.963, 6.069, 6.798, 6.798, 6.795, 2.386, 2.523, 2.523, 2.462, 2.49, 2.424, 2.424, 2.49, 2.462, 2.391, 2.451, 2.391], "Total polarizability alpha": 68.320698, "Wiberg matrix": [[0.0, 0.9960943843589753, 0.0, 0.0, 0.0, 0.0, 0.979923291304745, 0.9772959295893824, 0.977298242775887, 0.0, 0.0, 0.0, 0.0, 0.0, 0.0, 0.0, 0.0, 0.0], [0.9960943843589753, 0.0, 0.9551378883615501, 0.0, 0.0, 0.0, 0.0, 0.0, 0.0, 0.0, 0.0, 0.0, 0.0, 0.0, 0.0, 0.0, 0.0, 0.0], [0.0, 0.9551378883615501, 0.0, 0.9905926881362122, 0.9906094984868147, 0.9912898677998828, 0.0, 0.0, 0.0, 0.0, 0.0, 0.0, 0.0, 0.0, 0.0, 0.0, 0.0, 0.0], [0.0, 0.0, 0.9905926881362122, 0.0, 0.0, 0.0, 0.0, 0.0, 0.0, 0.985185643276299, 0.9829616465632045, 0.9852951945208087, 0.0, 0.0, 0.0, 0.0, 0.0, 0.0], [0.0, 0.0, 0.9906094984868147, 0.0, 0.0, 0.0, 0.0, 0.0, 0.0, 0.0, 0.0, 0.0, 0.9852916960065881, 0.982958442967431, 0.985183976949661, 0.0, 0.0, 0.0], [0.0, 0.0, 0.9912898677998828, 0.0, 0.0, 0.0, 0.0, 0.0, 0.0, 0.0, 0.0, 0.0, 0.0, 0.0, 0.0, 0.9849905799982557, 0.9857044275533013, 0.9849909560644358], [0.979923291304745, 0.0, 0.0, 0.0, 0.0, 0.0, 0.0, 0.0, 0.0, 0.0, 0.0, 0.0, 0.0, 0.0, 0.0, 0.0, 0.0, 0.0], [0.9772959295893824, 0.0, 0.0, 0.0, 0.0, 0.0, 0.0, 0.0, 0.0, 0.0, 0.0, 0.0, 0.0, 0.0, 0.0, 0.0, 0.0, 0.0], [0.977298242775887, 0.0, 0.0, 0.0, 0.0, 0.0, 0.0, 0.0, 0.0, 0.0, 0.0, 0.0, 0.0, 0.0, 0.0, 0.0, 0.0, 0.0], [0.0, 0.0, 0.0, 0.985185643276299, 0.0, 0.0, 0.0, 0.0, 0.0, 0.0, 0.0, 0.0, 0.0, 0.0, 0.0, 0.0, 0.0, 0.0], [0.0, 0.0, 0.0, 0.9829616465632045, 0.0, 0.0, 0.0, 0.0, 0.0, 0.0, 0.0, 0.0, 0.0, 0.0, 0.0, 0.0, 0.0, 0.0], [0.0, 0.0, 0.0, 0.9852951945208087, 0.0, 0.0, 0.0, 0.0, 0.0, 0.0, 0.0, 0.0, 0.0, 0.0, 0.0, 0.0, 0.0, 0.0], [0.0, 0.0, 0.0, 0.0, 0.9852916960065881, 0.0, 0.0, 0.0, 0.0, 0.0, 0.0, 0.0, 0.0, 0.0, 0.0, 0.0, 0.0, 0.0], [0.0, 0.0, 0.0, 0.0, 0.982958442967431, 0.0, 0.0, 0.0, 0.0, 0.0, 0.0, 0.0, 0.0, 0.0, 0.0, 0.0, 0.0, 0.0], [0.0, 0.0, 0.0, 0.0, 0.985183976949661, 0.0, 0.0, 0.0, 0.0, 0.0, 0.0, 0.0, 0.0, 0.0, 0.0, 0.0, 0.0, 0.0], [0.0, 0.0, 0.0, 0.0, 0.0, 0.9849905799982557, 0.0, 0.0, 0.0, 0.0, 0.0, 0.0, 0.0, 0.0, 0.0, 0.0, 0.0, 0.0], [0.0, 0.0, 0.0, 0.0, 0.0, 0.9857044275533013, 0.0, 0.0, 0.0, 0.0, 0.0, 0.0, 0.0, 0.0, 0.0, 0.0, 0.0, 0.0], [0.0, 0.0, 0.0, 0.0, 0.0, 0.9849909560644358, 0.0, 0.0, 0.0, 0.0, 0.0, 0.0, 0.0, 0.0, 0.0, 0.0, 0.0, 0.0]], "Born radii": [], "Atomic SASAs": [], "Solvent H bonds": [], "Total SASA": NaN, "Total FOD": 0.0,