{"total energy": -33.84897727, "HOMO-LUMO gap/eV": 4.21410106, "electronic energy": -34.26862383, "dipole": [-1.47724079, 1.21994177, -0.45317669], "partial charges": [-0.11408759, 0.0286449, -0.0346167, -0.02633393, -0.08665508, -0.02632338, -0.03461873, 1.10946736, -0.57561219, -0.57562501, -0.45772577, 0.05195819, 0.06083062, 0.0519495, 0.05182821, 0.06254224, 0.06253864, 0.0518336, 0.1999953, 0.20000982], "atomic dipole moments": [[0.08651783, -0.0196026, 0.00599044], [-0.06580128, 0.01283498, -0.00373367], [0.02290877, -0.00021933, 0.01448313], [0.03890222, 0.00892656, 0.04049477], [0.18140895, -0.02132966, 0.00478906], [0.03733104, -0.02171171, -0.0370036], [0.02238971, -0.01044017, -0.01117342], [-0.02010388, 0.07462832, -0.02917918], [-0.0411671, 0.12889249, 0.13550323], [-0.0476857, 0.00177789, -0.18544537], [0.10032101, -0.15151634, 0.05793175], [-0.04353723, 0.0275963, -0.1192849], [-0.05681562, -0.1117818, 0.04541902], [-0.03969114, 0.10238395, 0.06950421], [-0.07401887, -0.04469486, -0.12501174], [0.07219786, -0.06088989, -0.12471281], [0.07735579, 0.039953, 0.129964], [-0.06895, 0.05404754, 0.12420554], [0.06060166, 0.03674864, 0.09487762], [0.05670755, -0.03898825, -0.09633399]], "atomic quadrupole moments": [[0.20385505, -0.02380529, -0.12486216, 0.00383145, 0.02213643, -0.07899289], [-0.09410956, 0.0516608, 0.34731419, -0.02598729, -0.28352731, -0.25320463], [-0.21606649, 0.06767186, 0.38803303, -0.03111786, -0.28257373, -0.17196654], [-0.25520897, 0.08748921, 0.41441753, -0.00266626, -0.2933795, -0.15920856], [0.17491361, -0.00458734, 0.18319684, -0.01105879, -0.25432035, -0.35811045], [-0.25751073, 0.06575882, 0.43645913, -0.05902243, -0.26945166, -0.1789484], [-0.21589338, 0.07003011, 0.4055481, -0.02640427, -0.26396521, -0.18965473], [0.1242559, 0.14454792, 0.10753883, -0.06579496, -0.16349654, -0.23179472], [-0.06517773, -0.03866868, 0.03893259, -0.05169054, 0.12169565, 0.02624513], [-0.06022324, 0.00634197, -0.08866422, 0.07146603, -0.015101, 0.14888747], [-0.06655958, 0.13275584, 0.14693619, -0.05377802, -0.11049215, -0.08037661], [-0.02028108, -0.01029683, -0.05433144, 0.02356256, -0.01174227, 0.07461252], [-0.01922965, 0.03415326, 0.04900426, -0.01405587, -0.03797704, -0.02977461], [-0.02153072, -0.02079916, 0.01843948, -0.0083815, 0.06597468, 0.00309124], [0.03752104, -0.01141903, -0.05247986, 0.00246844, 0.032459, 0.01495882], [0.04294678, -0.0062306, -0.05243239, 0.01366576, 0.02782852, 0.00948561], [0.04213911, -0.01415051, -0.05078507, -0.00647652, 0.02975686, 0.00864595], [0.03765578, -0.01015127, -0.0529982, 0.0056707, 0.0318929, 0.01534242], [-0.01872485, 0.07455863, 0.0147688, 0.03881249, 0.05568631, 0.00395606], [-0.02342988, 0.02710363, -0.04666491, -0.07639721, -0.00873721, 0.0700948]], "number of molecular orbitals": 58, "number of electrons": 60, "number of unpaired electrons": 0, "orbital energies/eV": [-21.01724222, -18.16228389, -18.11426432, -17.53578547, -17.33783056, -17.24774785, -16.81479003, -16.44470137, -16.12763217, -15.78374395, -14.94703853, -14.81329807, -14.68468502, -14.29407475, -14.02400498, -13.96875855, -13.77554169, -13.68707704, -13.5242124, -13.18475261, -12.9373786, -12.65160858, -12.45669287, -12.23086453, -12.05313004, -11.85642529, -11.56916512, -11.44460373, -11.34716888, -11.25258018, -7.03847912, -6.74080482, -3.89302773, -3.05433397, -1.75042693, -1.54105948, -1.0858926, 1.92115623, 2.22149, 2.981078, 3.45546359, 3.55773449, 3.65516301, 4.26101603, 4.47603668, 4.95284124, 5.64055485, 5.68648875, 6.46166048, 8.67576177, 10.11878332, 10.36698531, 11.91748948, 14.18611534, 15.97943774, 16.59683219, 27.04105035, 31.34712774], "fractional occupation": [2.0, 2.0, 2.0, 2.0, 2.0, 2.0, 2.0, 2.0, 2.0, 2.0, 2.0, 2.0, 2.0, 2.0, 2.0, 2.0, 2.0, 2.0, 2.0, 2.0, 2.0, 2.0, 2.0, 2.0, 2.0, 2.0, 2.0, 2.0, 2.0, 2.0, 0.0, 0.0, 0.0, 0.0, 0.0, 0.0, 0.0, 0.0, 0.0, 0.0, 0.0, 0.0, 0.0, 0.0, 0.0, 0.0, 0.0, 0.0, 0.0, 0.0, 0.0, 0.0, 0.0, 0.0, 0.0, 0.0, 0.0, 0.0], "program call": "xtb /home/svss/Project-DBcg-Debug/aqme2_20220329/End-to-End-workflows-final/example-3/QDESCP/mol_742_rdkit_conf_1/mol_742_rdkit_conf_1.xyz --pop --wbo --acc 0.2 --gfn 2 --chrg 0 --uhf 0 --etemp 300 --input /home/svss/Project-DBcg-Debug/aqme2_20220329/End-to-End-workflows-final/example-3/QDESCP/mol_742_rdkit_conf_1/mol_742_rdkit_conf_1_xtb.inp", "method": "GFN2-xTB", "xtb version": "6.3.3 (7355c4f)", "Dipole module/D": 5.004, "Total charge": 0, "Transition dipole module/D": NaN, "HOMO": -11.2526, "LUMO": -7.0385, "HOMO occupancy": 2.0, "LUMO occupancy": 0, "mulliken charges": [-0.08746, 0.02618, -0.03825, -0.01543, 0.06184, -0.01543, -0.03825, 0.52279, -0.40773, -0.40775, -0.4006, 0.04015, 0.04892, 0.04014, 0.04058, 0.05955, 0.05955, 0.04058, 0.2353, 0.23532], "cm5 charges": [-0.23075, 0.0087, -0.0913, -0.06529, 0.07196, -0.06529, -0.09131, 0.63625, -0.45742, -0.45743, -0.82737, 0.09195, 0.10062, 0.09194, 0.09659, 0.11941, 0.1194, 0.09659, 0.42633, 0.42642], "FUKUI+": [0.032, -0.097, -0.027, -0.038, -0.059, -0.038, -0.027, -0.143, -0.033, -0.033, 0.007, -0.052, -0.061, -0.052, -0.076, -0.073, -0.073, -0.076, -0.04, -0.04], "FUKUI-": [0.018, -0.049, -0.028, -0.017, -0.033, -0.017, -0.028, -0.117, -0.072, -0.072, -0.05, -0.061, -0.089, -0.061, -0.06, -0.049, -0.049, -0.06, -0.052, -0.052], "FUKUIrad": [0.025, -0.073, -0.028, -0.027, -0.046, -0.027, -0.028, -0.13, -0.053, -0.053, -0.022, -0.056, -0.075, -0.056, -0.068, -0.061, -0.061, -0.068, -0.046, -0.046], "s proportion": [1.008, 1.092, 1.064, 1.068, 1.079, 1.068, 1.064, 1.706, 1.723, 1.723, 1.463, 0.96, 0.951, 0.96, 0.959, 0.94, 0.94, 0.959, 0.765, 0.765], "p proportion": [3.079, 2.882, 2.974, 2.948, 2.859, 2.948, 2.974, 2.812, 4.685, 4.685, 3.937, 0.0, 0.0, 0.0, 0.0, 0.0, 0.0, 0.0, 0.0, 0.0], "d proportion": [0.0, 0.0, 0.0, 0.0, 0.0, 0.0, 0.0, 0.96, 0.0, 0.0, 0.0, 0.0, 0.0, 0.0, 0.0, 0.0, 0.0, 0.0, 0.0, 0.0], "Fermi-level/eV": -9.1455, "Coordination numbers": [3.755, 2.96, 2.915, 2.95, 2.961, 2.95, 2.915, 3.695, 0.86, 0.86, 2.632, 0.924, 0.924, 0.924, 0.925, 0.925, 0.925, 0.925, 0.863, 0.863], "Dispersion coefficient C6": [22.74, 27.36, 28.862, 28.659, 30.169, 28.659, 28.862, 103.566, 25.526, 25.526, 32.032, 2.296, 2.189, 2.296, 2.297, 2.169, 2.169, 2.297, 1.106, 1.106], "Total dispersion C6": 5664.577986, "Total dispersion C8": 147922.337873, "Polarizability alpha": [6.8, 8.58, 8.81, 8.78, 9.009, 8.78, 8.81, 17.128, 6.774, 6.774, 8.406, 2.369, 2.314, 2.37, 2.37, 2.303, 2.303, 2.37, 1.647, 1.647], "Total polarizability alpha": 118.343729,