{"total energy": -24.04853244, "HOMO-LUMO gap/eV": 11.87685883, "electronic energy": -24.34594742, "dipole": [-0.02693264, -0.34819795, 0.73665615], "partial charges": [-0.10096706, -0.05918724, -0.03257073, -0.05290168, -0.09967124, 0.07693183, -0.44734549, 0.03675163, 0.03060955, 0.03250758, 0.03763274, 0.02915149, 0.04362705, 0.02815912, 0.02839961, 0.03098681, 0.03596467, 0.03400981, 0.04515331, 0.01759551, 0.28516274], "atomic dipole moments": [[-0.06020683, 0.00179287, -0.08494486], [-0.00104513, 0.08902208, 0.07156569], [0.06233806, 0.02564862, 0.07435254], [0.00506518, -0.09064137, -0.06485708], [0.0558332, 0.08411665, -0.01914961], [-0.17686755, 0.08762194, -0.03502728], [0.0751013, -0.1385814, 0.17853997], [-0.06233853, -0.00395647, 0.10940852], [0.078956, 0.09961997, 0.00098413], [0.07223334, -0.10123837, -0.00174717], [-0.06198804, -0.10621374, -0.00247505], [0.06993182, -0.01144734, -0.10004541], [-0.07310251, -0.01881518, -0.09939678], [0.05795543, 0.03212826, 0.10484564], [-0.08010879, 0.08900555, -0.01576743], [-0.08338921, 0.02586589, 0.08910258], [0.0679519, -0.09767916, 0.04297037], [-0.06527677, -0.03690235, -0.10270612], [0.08526623, -0.01394912, -0.0922267], [0.05871391, 0.04712783, 0.0943632], [-0.03038181, 0.0204657, 0.06962229]], "atomic quadrupole moments": [[0.00362725, -0.00496793, -0.10223383, 0.16175402, 0.01306481, 0.09860658], [0.01503397, -0.1353428, -0.02087447, 0.1583923, -0.02254618, 0.0058405], [-0.0160259, -0.01740957, 0.13171206, -0.14531022, -0.03063846, -0.11568617], [-0.02496433, 0.12517419, 0.03197205, -0.16672552, -0.02166419, -0.00700772], [-0.00676384, 0.15139187, 0.11467956, -0.04622566, -0.03939072, -0.10791572], [0.04631998, -0.21869263, 0.23931478, 0.09586177, -0.16909948, -0.28563475], [-0.00506251, -0.12604853, 0.04329282, 0.02937204, -0.06633223, -0.03823031], [0.0158436, -0.00044781, -0.05339339, -0.05421481, 0.00457066, 0.03754979], [-0.01398932, 0.05651717, 0.04484666, 0.00311821, -0.01468172, -0.03085734], [-0.00841914, -0.05978517, 0.0420827, 0.00561095, 0.01485229, -0.03366356], [0.01449384, 0.04000183, 0.01959237, 0.00610557, -0.02267795, -0.03408621], [0.00959835, -0.00580531, -0.04018379, -0.03515153, -0.01666125, 0.03058544], [0.00203376, -0.00393534, -0.01896319, 0.02148748, 0.01160414, 0.01692943], [0.00889024, 0.01595653, -0.03486156, 0.04180541, 4.075e-05, 0.02597132], [0.00764405, -0.0357974, 0.01557936, 0.00498982, -0.03210898, -0.0232234], [0.00387984, -0.015889, -0.0176752, -0.0642202, 0.02474771, 0.01379536], [0.01953371, -0.0486779, 0.02352135, 0.02198404, -0.02477041, -0.04305506], [-0.02272855, 0.0199183, -0.02919922, 0.04751069, 0.01698621, 0.05192778], [-0.01120078, -0.01570493, -0.00825881, -0.04266471, 0.00745366, 0.01945959], [-0.02096585, -0.01659248, -0.00722083, 0.03738331, 0.00752349, 0.02818668], [-0.01614827, -0.06145583, -0.05326914, -0.07117532, 0.04169234, 0.0694174]], "number of molecular orbitals": 42, "number of electrons": 44, "number of unpaired electrons": 0, "orbital energies/eV": [-18.51899404, -17.22664848, -16.6917741, -16.56257171, -16.0214409, -15.667102, -15.1333327, -14.92426923, -14.25362408, -14.22299446, -13.82026269, -13.35047318, -13.19342849, -13.12843422, -12.7239275, -12.49528099, -12.25166001, -12.06132598, -11.85284424, -11.55455968, -11.46643824, -10.94353805, 0.93332078, 1.59884522, 2.21745895, 2.38712798, 2.99048422, 3.33001322, 3.55910349, 3.80188008, 4.11884409, 4.95909936, 5.18511434, 5.29075473, 5.4328697, 5.62251567, 6.4631877, 7.12487316, 7.32159439, 7.60961575, 7.70750798, 7.88058618], "fractional occupation": [2.0, 2.0, 2.0, 2.0, 2.0, 2.0, 2.0, 2.0, 2.0, 2.0, 2.0, 2.0, 2.0, 2.0, 2.0, 2.0, 2.0, 2.0, 2.0, 2.0, 2.0, 2.0, 0.0, 0.0, 0.0, 0.0, 0.0, 0.0, 0.0, 0.0, 0.0, 0.0, 0.0, 0.0, 0.0, 0.0, 0.0, 0.0, 0.0, 0.0, 0.0, 0.0], "program call": "xtb /home/svss/Project-DBcg-Debug/aqme2_20220329/End-to-End-workflows-final/example-3/QDESCP/mol_1100_rdkit_conf_13/mol_1100_rdkit_conf_13.xyz --pop --wbo --acc 0.2 --gfn 2 --chrg 0 --uhf 0 --etemp 300 --input /home/svss/Project-DBcg-Debug/aqme2_20220329/End-to-End-workflows-final/example-3/QDESCP/mol_1100_rdkit_conf_13/mol_1100_rdkit_conf_13_xtb.inp", "method": "GFN2-xTB", "xtb version": "6.3.3 (7355c4f)", "Dipole module/D": 2.072, "Total charge": 0, "Transition dipole module/D": NaN, "HOMO": -10.9435, "LUMO": 0.9333, "HOMO occupancy": 2.0, "LUMO occupancy": 0, "mulliken charges": [-0.08708, -0.0493, -0.03876, -0.04569, -0.08264, 0.19015, -0.56482, 0.0287, 0.02522, 0.03103, 0.02826, 0.02554, 0.03633, 0.01883, 0.02418, 0.02915, 0.0277, 0.02962, 0.03125, 0.00948, 0.33286], "cm5 charges": [-0.23769, -0.1596, -0.10672, -0.15598, -0.23337, 0.10482, -0.78009, 0.08084, 0.07719, 0.08182, 0.08361, 0.08044, 0.09751, 0.07479, 0.0816, 0.07993, 0.07973, 0.08112, 0.09468, 0.0728, 0.50257], "FUKUI+": [0.025, -0.026, -0.028, -0.001, 0.007, -0.018, -0.138, -0.037, -0.031, -0.071, -0.065, -0.058, -0.06, -0.041, -0.037, -0.062, -0.039, -0.04, -0.094, -0.083, -0.101], "FUKUI-": [0.022, 0.008, -0.016, 0.011, 0.016, 0.007, -0.132, -0.051, -0.077, -0.069, -0.106, -0.072, -0.056, -0.054, -0.06, -0.064, -0.055, -0.054, -0.066, -0.08, -0.053], "FUKUIrad": [0.024, -0.009, -0.022, 0.005, 0.011, -0.005, -0.135, -0.044, -0.054, -0.07, -0.086, -0.065, -0.058, -0.047, -0.049, -0.063, -0.047, -0.047, -0.08, -0.082, -0.077], "s proportion": [1.007, 1.032, 1.068, 1.031, 1.007, 0.997, 1.695, 0.971, 0.975, 0.969, 0.972, 0.974, 0.964, 0.981, 0.976, 0.971, 0.972, 0.97, 0.969, 0.991, 0.667], "p proportion": [3.08, 3.018, 2.971, 3.015, 3.075, 2.813, 4.869, 0.0, 0.0, 0.0, 0.0, 0.0, 0.0, 0.0, 0.0, 0.0, 0.0, 0.0, 0.0, 0.0, 0.0], "d proportion": [0.0, 0.0, 0.0, 0.0, 0.0, 0.0, 0.0, 0.0, 0.0, 0.0, 0.0, 0.0, 0.0, 0.0, 0.0, 0.0, 0.0, 0.0, 0.0, 0.0, 0.0], "Fermi-level/eV": -5.0051, "Coordination numbers": [3.748, 3.799, 3.846, 3.799, 3.748, 3.675, 1.653, 0.924, 0.924, 0.924, 0.924, 0.924, 0.923, 0.924, 0.924, 0.924, 0.924, 0.924, 0.924, 0.924, 0.804], "Dispersion coefficient C6": [22.495, 21.641, 21.122, 21.526, 22.47, 19.517, 21.791, 2.493, 2.578, 2.551, 2.481, 2.599, 2.401, 2.613, 2.609, 2.573, 2.503, 2.53, 2.381, 2.77, 0.768], "Total dispersion C6": 2911.248433, "Total dispersion C8": 60076.8647, "Polarizability alpha": [6.765, 6.624, 6.537, 6.606, 6.761, 6.33, 6.302, 2.469, 2.511, 2.498, 2.463, 2.521, 2.423, 2.528, 2.526, 2.508, 2.474, 2.488, 2.413, 2.603, 1.376], "Total polarizability alpha": 79.726177,