{"total energy": -24.05544901, "HOMO-LUMO gap/eV": 11.45680639, "electronic energy": -24.35277466, "dipole": [-0.11933569, -0.15144318, 0.67393272], "partial charges": [-0.10219572, -0.06008921, 0.14387524, -0.11479462, -0.45704475, -0.06422636, -0.09813067, 0.0340983, 0.03537461, 0.03526573, 0.04353327, 0.04807946, 0.02893691, 0.03565428, 0.04473028, 0.28182662, 0.02533983, 0.03208474, 0.0430163, 0.03602755, 0.02863818], "atomic dipole moments": [[-0.06344035, -0.04234858, -0.07424586], [-0.02285966, -0.0287507, 0.12656117], [-0.0784139, -0.04429593, -0.10812201], [-0.03949529, 0.08439703, -0.03533405], [0.01861216, -0.01716667, 0.22901016], [0.0219523, 0.02982679, -0.09856726], [0.04542254, -0.08944777, 0.04380707], [0.06070809, -0.08784939, 0.06696483], [-0.06015661, 0.07774337, 0.07875302], [0.08894928, 0.06865478, -0.05397691], [0.07053958, -0.0589126, -0.08420571], [-0.03997136, 0.09191108, -0.07624834], [-0.08826332, -0.08437167, 0.02711027], [0.06508686, 0.02103963, 0.10881084], [0.07376912, -0.06823242, -0.07991709], [-0.05551498, -0.04393995, 0.03072249], [-0.09419099, -0.0689219, 0.03410538], [0.05461146, 0.02988672, 0.10897258], [-0.06686647, -0.02193289, -0.10788741], [0.08385109, 0.09289445, -0.02192294], [-0.08062258, 0.04520781, 0.08211742]], "atomic quadrupole moments": [[0.00273873, 0.08313942, -0.06873873, 0.13586265, 0.08616513, 0.066], [0.06457404, 0.20000839, -0.05298603, 0.05808224, 0.02834418, -0.01158801], [-0.02743328, 0.05801837, -0.10399878, 0.16354386, 0.0735967, 0.13143207], [-0.04811697, -0.0903471, 0.09696235, 0.05791865, -0.12172614, -0.04884538], [-0.01854728, 0.05591123, -0.08030733, 0.09101377, 0.03420452, 0.0988546], [-0.05790686, -0.17828957, 0.08150853, -0.0598308, -0.0125016, -0.02360167], [-0.05632586, -0.12662684, 0.12179739, 0.03466367, -0.11219597, -0.06547153], [-0.03174683, -0.03240426, 0.04206468, 0.03080117, -0.04086503, -0.01031785], [0.0127899, -0.04144416, -0.01410803, -0.03582356, 0.04448162, 0.00131812], [0.01292475, 0.0526841, -0.01531208, -0.03680596, -0.03064746, 0.00238733], [0.00636069, -0.02674657, 0.011525, -0.02353119, 0.03813401, -0.01788569], [-0.00029603, -0.03040621, 0.02995133, 0.02649882, -0.02532366, -0.02965529], [0.04887209, 0.05139557, -0.00427398, -0.02380895, -0.02111092, -0.04459811], [-0.0158971, 0.0165965, -0.02331425, 0.05661817, 0.03060469, 0.03921135], [0.0012243, -0.03190923, -0.01968075, -0.05719866, 0.02401085, 0.01845645], [0.04891223, 0.1071536, -0.01188503, -0.03600545, -0.03294516, -0.0370272], [0.02173601, 0.03330407, 0.02808724, -0.01261857, -0.01254609, -0.04982325], [0.00019782, 0.00380242, -0.01404682, 0.04881312, 0.02399084, 0.01384899], [-0.02461748, 0.01286907, -0.01808063, 0.04923667, 0.02805365, 0.04269811], [0.03588528, 0.05184559, 0.00831699, -0.01179593, -0.02177146, -0.04420227], [0.00125121, -0.03252084, -0.02383478, -0.05984941, 0.01732153, 0.02258357]], "number of molecular orbitals": 42, "number of electrons": 44, "number of unpaired electrons": 0, "orbital energies/eV": [-18.36673758, -17.12556198, -16.58632158, -16.39598583, -16.03990215, -15.55153927, -14.97722698, -14.43297725, -14.26903455, -14.05897193, -13.53180872, -13.12145586, -13.07071999, -12.73412479, -12.58316403, -12.37008732, -12.23449122, -12.19864897, -11.7822563, -11.63007796, -11.3908476, -10.8424834, 0.61432299, 1.76707329, 1.97199181, 2.58806846, 3.34347552, 3.5487212, 3.89195258, 4.17766251, 4.60568417, 4.94191587, 5.26113187, 5.38063468, 5.46013067, 6.12716188, 6.39079549, 6.95466909, 7.32648603, 7.58569112, 7.75377191, 7.81055416], "fractional occupation": [2.0, 2.0, 2.0, 2.0, 2.0, 2.0, 2.0, 2.0, 2.0, 2.0, 2.0, 2.0, 2.0, 2.0, 2.0, 2.0, 2.0, 2.0, 2.0, 2.0, 2.0, 2.0, 0.0, 0.0, 0.0, 0.0, 0.0, 0.0, 0.0, 0.0, 0.0, 0.0, 0.0, 0.0, 0.0, 0.0, 0.0, 0.0, 0.0, 0.0, 0.0, 0.0], "program call": "xtb /home/svss/Project-DBcg-Debug/aqme2_20220329/End-to-End-workflows-final/example-3/QDESCP/mol_447_rdkit_conf_1/mol_447_rdkit_conf_1.xyz --pop --wbo --acc 0.2 --gfn 2 --chrg 0 --uhf 0 --etemp 300 --input /home/svss/Project-DBcg-Debug/aqme2_20220329/End-to-End-workflows-final/example-3/QDESCP/mol_447_rdkit_conf_1/mol_447_rdkit_conf_1_xtb.inp", "method": "GFN2-xTB", "xtb version": "6.3.3 (7355c4f)", "Dipole module/D": 1.782, "Total charge": 0, "Transition dipole module/D": NaN, "HOMO": -10.8425, "LUMO": 0.6143, "HOMO occupancy": 2.0, "LUMO occupancy": 0, "mulliken charges": [-0.08909, -0.0528, 0.24303, -0.1138, -0.57111, -0.06749, -0.07797, 0.02596, 0.02671, 0.03215, 0.03669, 0.03869, 0.02841, 0.02975, 0.04109, 0.33361, 0.0229, 0.02469, 0.03607, 0.02708, 0.02542], "cm5 charges": [-0.23952, -0.15759, 0.23323, -0.25788, -0.77805, -0.17375, -0.22776, 0.07794, 0.07889, 0.08297, 0.09413, 0.09676, 0.0823, 0.08246, 0.09496, 0.50418, 0.08033, 0.08072, 0.08994, 0.07944, 0.07629], "FUKUI+": [0.005, -0.004, -0.06, 0.032, -0.14, 0.009, 0.018, -0.044, -0.043, -0.07, -0.058, -0.056, -0.051, -0.079, -0.067, -0.126, -0.05, -0.079, -0.032, -0.036, -0.069], "FUKUI-": [0.023, 0.013, -0.023, 0.009, -0.111, -0.006, 0.021, -0.069, -0.07, -0.061, -0.101, -0.087, -0.055, -0.058, -0.059, -0.057, -0.058, -0.069, -0.05, -0.041, -0.092], "FUKUIrad": [0.014, 0.005, -0.042, 0.021, -0.126, 0.001, 0.019, -0.056, -0.056, -0.065, -0.08, -0.071, -0.053, -0.069, -0.063, -0.092, -0.054, -0.074, -0.041, -0.039, -0.08], "s proportion": [1.008, 1.034, 1.051, 1.023, 1.702, 1.039, 1.006, 0.974, 0.973, 0.968, 0.963, 0.961, 0.972, 0.97, 0.959, 0.666, 0.977, 0.975, 0.964, 0.973, 0.975], "p proportion": [3.081, 3.019, 2.706, 3.09, 4.869, 3.028, 3.072, 0.0, 0.0, 0.0, 0.0, 0.0, 0.0, 0.0, 0.0, 0.0, 0.0, 0.0, 0.0, 0.0, 0.0], "d proportion": [0.0, 0.0, 0.0, 0.0, 0.0, 0.0, 0.0, 0.0, 0.0, 0.0, 0.0, 0.0, 0.0, 0.0, 0.0, 0.0, 0.0, 0.0, 0.0, 0.0, 0.0], "Fermi-level/eV": -5.1141, "Coordination numbers": [3.748, 3.8, 3.77, 3.752, 1.653, 3.8, 3.748, 0.924, 0.924, 0.924, 0.923, 0.924, 0.924, 0.924, 0.924, 0.804, 0.923, 0.924, 0.924, 0.924, 0.924], "Dispersion coefficient C6": [22.519, 21.657, 18.294, 22.758, 21.989, 21.733, 22.44, 2.529, 2.511, 2.513, 2.403, 2.344, 2.602, 2.508, 2.387, 0.778, 2.654, 2.557, 2.409, 2.503, 2.606], "Total dispersion C6": 2901.524921, "Total dispersion C8": 59987.514049, "Polarizability alpha": [6.768, 6.626, 6.095, 6.803, 6.33, 6.638, 6.757, 2.487, 2.478, 2.479, 2.424, 2.394, 2.522, 2.476, 2.416, 1.386, 2.548, 2.501, 2.427, 2.474, 2.525], "Total polarizability alpha": 79.554646,