{"total energy": -27.6095314, "HOMO-LUMO gap/eV": 4.53637101, "electronic energy": -27.67660409, "dipole": [0.30059666, -0.76340118, 0.66475282], "partial charges": [-0.17474433, 0.48924923, -0.18338792, -0.18731589, 0.08895491, -0.08947359, -0.05860206, 0.11531966], "atomic dipole moments": [[0.08361564, 0.00332385, 0.26253425], [-0.14328508, 0.01622571, -0.00708649], [0.0833531, -0.23565188, -0.1153497], [0.12579104, 0.20412827, -0.13286466], [-0.04407984, -0.06296498, -0.15392573], [0.02307664, -0.09399821, -0.06188476], [-0.42292862, -0.65500223, 0.2952373], [0.05386748, 0.01437299, 0.12572528]], "atomic quadrupole moments": [[-0.04430315, 0.00319133, -0.03557358, 0.02768355, 0.00234383, 0.07987673], [-0.25657691, 0.05382597, 0.14297869, -0.02601924, -0.00290641, 0.11359822], [-0.04573215, -0.02568956, 0.06088919, -0.01514563, 0.04658625, -0.01515703], [-0.0323839, 0.04185003, 0.03949172, -0.0262242, -0.0473888, -0.00710782], [0.04194196, -0.02540683, 0.23600564, -0.16774515, 0.02423379, -0.2779476], [-0.21999348, -0.24317849, 0.41687411, -0.13530433, 0.28109204, -0.19688063], [-0.14926846, 0.57892301, 0.39609498, -0.36242132, -0.52267602, -0.24682652], [-0.02741717, 0.00972124, 0.01419443, -0.01034683, -0.01910576, 0.01322274]], "number of molecular orbitals": 39, "number of electrons": 44, "number of unpaired electrons": 0, "orbital energies/eV": [-30.17566219, -24.8951566, -24.5668426, -24.55589182, -24.03438609, -20.15413326, -18.65350127, -17.97529746, -17.94351568, -17.4264218, -16.05518358, -15.88983674, -15.73361225, -15.52273725, -15.47839197, -15.46192964, -15.38671033, -15.01620223, -13.03790888, -12.98482242, -12.5217346, -12.50582441, -7.9694534, -6.20051916, -1.75719147, -1.32636432, -1.08161046, -1.04608825, -0.90274059, -0.66876794, -0.37933357, -0.18511509, -0.0399024, 0.18122078, 0.91742013, 2.51553549, 3.01585209, 3.86358728, 8.8677893], "fractional occupation": [2.0, 2.0, 2.0, 2.0, 2.0, 2.0, 2.0, 2.0, 2.0, 2.0, 2.0, 2.0, 2.0, 2.0, 2.0, 2.0, 2.0, 2.0, 2.0, 2.0, 2.0, 2.0, 0.0, 0.0, 0.0, 0.0, 0.0, 0.0, 0.0, 0.0, 0.0, 0.0, 0.0, 0.0, 0.0, 0.0, 0.0, 0.0, 0.0], "program call": "xtb /home/svss/Project-DBcg-Debug/aqme2_20220329/End-to-End-workflows-final/example-3/QDESCP/mol_1124_rdkit_conf_1/mol_1124_rdkit_conf_1.xyz --pop --wbo --acc 0.2 --gfn 2 --chrg 0 --uhf 0 --etemp 300 --input /home/svss/Project-DBcg-Debug/aqme2_20220329/End-to-End-workflows-final/example-3/QDESCP/mol_1124_rdkit_conf_1/mol_1124_rdkit_conf_1_xtb.inp", "method": "GFN2-xTB", "xtb version": "6.3.3 (7355c4f)", "Dipole module/D": 2.684, "Total charge": 0, "Transition dipole module/D": NaN, "HOMO": -12.5058, "LUMO": -7.9695, "HOMO occupancy": 2.0, "LUMO occupancy": 0, "mulliken charges": [-0.2341, 0.6317, -0.23949, -0.23982, 0.11107, -0.06212, -0.03586, 0.06862], "cm5 charges": [-0.25524, 0.68138, -0.261, -0.26078, 0.05562, -0.06633, -0.02199, 0.12834], "FUKUI+": [-0.046, 0.004, -0.051, -0.067, -0.054, -0.237, -0.419, -0.13], "FUKUI-": [-0.056, -0.0, -0.065, -0.069, 0.025, -0.359, -0.359, -0.117], "FUKUIrad": [-0.051, 0.002, -0.058, -0.068, -0.014, -0.298, -0.389, -0.123], "s proportion": [1.819, 1.024, 1.822, 1.822, 1.1, 1.952, 1.954, 0.931], "p proportion": [5.415, 2.345, 5.418, 5.418, 2.789, 5.123, 5.086, 0.0], "d proportion": [0.0, 0.0, 0.0, 0.0, 0.0, -0.013, -0.005, 0.0], "Fermi-level/eV": -10.2376, "Coordination numbers": [0.787, 3.409, 0.788, 0.788, 3.704, 1.134, 1.202, 0.926], "Dispersion coefficient C6": [10.978, 16.156, 11.065, 11.105, 19.248, 101.965, 186.641, 1.652], "Total dispersion C6": 1859.950139, "Total dispersion C8": 69354.211704, "Polarizability alpha": [3.914, 6.186, 3.929, 3.936, 6.272, 15.449, 22.028, 2.01], "Total polarizability alpha": 63.724332, "Wiberg matrix": [[0.0, 0.9684750478652182, 0.0, 0.0, 0.0, 0.0, 0.0, 0.0], [0.9684750478652182, 0.0, 0.9563953536197947, 0.9531926370215731, 0.9594942156620124, 0.0, 0.0, 0.0], [0.0, 0.9563953536197947, 0.0, 0.0, 0.0, 0.0, 0.0, 0.0], [0.0, 0.9531926370215731, 0.0, 0.0, 0.0, 0.0, 0.0, 0.0], [0.0, 0.9594942156620124, 0.0, 0.0, 0.0, 0.9914002113904485, 0.9782140056448747, 0.9608306287423998], [0.0, 0.0, 0.0, 0.0, 0.9914002113904485, 0.0, 0.0, 0.0], [0.0, 0.0, 0.0, 0.0, 0.9782140056448747, 0.0, 0.0, 0.0], [0.0, 0.0, 0.0, 0.0, 0.9608306287423998, 0.0, 0.0, 0.0]], "Born radii": [], "Atomic SASAs": [], "Solvent H bonds": [], "Total SASA": NaN, "Total FOD": 0.0, "FOD": [0.0, 0.0, 0.0, 0.0, 0.0, 0.0, 0.0, 0.0], "FOD s proportion": [0.0, 0.0, 0.0, 0.0, 0.0, 0.0, 0.0, 0.0], "FOD p proportion": [0.0, 0.0, 0.0, 0.0, 0.0, 0.0, 0.0, 0.0], "FOD d proportion": [0.0, 0.0, 0.0, 0.0, 0.0, 0.0, 0.0, 0.0], "coordinates": [["-1.22770", "0.04500", "-1.26580"], ["-0.79590", "0.05720", "0.01460"], ["-1.22330", "1.21420", "0.57760"], ["-1.43570", "-0.94450", "0.66760"], ["0.71220", "-0.08960", "0.13390"], ["1.31260", "-1.62080", "-0.55430"], ["1.63540", "1.38760", "-0.75520"], ["1.02240", "-0.04920", "1.18160"]], "bond_dist": [[0.0, 1.3513046436684808, 2.1829272915056057, 2.181836338958539, 2.3959318145556647, 3.119975317210058, 3.203221617372111, 3.3258969331595347], [1.3513046436684808, 0.0, 1.355835078466404, 1.356154832605776, 1.5199172148508617, 2.75410665370824, 2.8764171967918704, 2.163197829603201], [2.1829272915056057, 1.355835078466404, 0.0, 2.1709904306560173, 2.3754840306766956, 3.9685276136118794, 3.1588904840149175, 2.6465381255519445], [2.181836338958539, 1.356154832605776, 2.1709904306560173, 0.0, 2.3725859541858543, 3.0827867571403638, 4.11031695371537, 2.66608583882815], [2.3959318145556647, 1.5199172148508617, 2.3754840306766956, 2.3725859541858543, 0.0, 1.782883293993188, 1.9557394739586351, 1.0934036262972608], [3.119975317210058, 2.75410665370824, 3.9685276136118794, 3.0827867571403638, 1.782883293993188, 0.0, 3.0323309862216554, 2.3595532225402334], [3.203221617372111, 2.8764171967918704, 3.1588904840149175, 4.11031695371537, 1.9557394739586351, 3.0323309862216554, 0.0, 2.4882438546091095], [3.3258969331595347, 2.163197829603201, 2.6465381255519445, 2.66608583882815, 1.0934036262972608, 2.3595532225402334, 2.4882438546091095, 0.0]]}