{"total energy": -17.71895042, "HOMO-LUMO gap/eV": 11.87556396, "electronic energy": -17.92797792, "dipole": [-0.11365474, 0.68612866, 0.13426556], "partial charges": [-0.10258438, -0.05554649, -0.06245142, 0.08705414, -0.44880263, 0.03738085, 0.03116117, 0.03411607, 0.03056181, 0.03524947, 0.04632369, 0.0475386, 0.02010225, 0.01676454, 0.28313233], "atomic dipole moments": [[0.04439793, -0.06884242, 0.0668966], [0.05776281, 0.0299385, -0.09635091], [-0.00225823, 0.13059624, 0.02959065], [0.11992033, -0.14873967, -0.04963748], [-0.10572947, 0.20924313, 0.05849192], [-0.01516201, -0.04659464, -0.11675002], [0.06941099, 0.10540886, -0.00681213], [-0.11235574, 0.03427375, 0.04069534], [0.01051227, 0.05026586, 0.112713], [-0.07986561, -0.09052777, 0.01400126], [0.03193472, -0.09561286, 0.07296587], [-0.01179127, -0.06038873, -0.11033644], [-0.01284446, 0.08078556, -0.08563759], [0.02677442, 0.04880869, 0.10392244], [0.04711538, 0.06313565, 0.0008788]], "atomic quadrupole moments": [[-0.05278391, -0.09373268, 0.03451509, 0.0757295, -0.15272789, 0.01826882], [0.07697638, -0.18797503, -0.02521913, -0.01977507, -0.10169217, -0.05175726], [0.20988902, 0.06707252, -0.00849988, -0.10488881, 0.0249356, -0.20138913], [0.3377222, -0.1545188, -0.02275282, -0.17418751, 0.09264141, -0.31496938], [0.10227035, -0.09546871, 0.00484914, -0.06577106, 0.04258, -0.1071195], [-0.05067217, -0.00270776, -0.00579029, 0.00893209, 0.04602843, 0.05646245], [0.01298752, 0.05983523, 0.02654267, 0.00978018, -0.00874892, -0.0395302], [0.05647638, -0.03121924, -0.03368947, -0.04438931, -0.00230726, -0.02278692], [-0.02641151, -0.00437389, -0.00441576, 0.02446274, 0.03687129, 0.03082727], [0.01779026, 0.03233971, 0.03025616, 0.00544704, -0.0068395, -0.04804641], [-0.01071917, -0.0149771, -0.0005964, 0.01851735, -0.04745738, 0.01131557], [-0.02158785, 0.01195578, -0.03199391, 0.01096056, 0.02236172, 0.05358177], [0.00328892, -0.02433848, -0.00399167, 0.00860249, -0.03621779, 0.00070275], [-0.00611778, -0.00471271, -0.0272804, -0.00253413, 0.03193671, 0.03339818], [0.05559148, 0.09060947, 0.03355881, -0.01608867, 0.00252436, -0.08915029]], "number of molecular orbitals": 30, "number of electrons": 32, "number of unpaired electrons": 0, "orbital energies/eV": [-18.57746492, -17.12339428, -16.61638003, -15.90868588, -15.45262034, -14.9874141, -14.40510029, -14.07434455, -13.46657928, -13.22493032, -12.89528577, -12.41345214, -11.92423288, -11.84134872, -11.61420775, -11.02899508, 0.84656887, 2.77107254, 3.14277786, 3.38873657, 3.59197852, 3.79880179, 4.18238789, 4.79306754, 5.33854018, 5.96010326, 6.37187894, 7.11517902, 7.6860233, 7.87492546], "fractional occupation": [2.0, 2.0, 2.0, 2.0, 2.0, 2.0, 2.0, 2.0, 2.0, 2.0, 2.0, 2.0, 2.0, 2.0, 2.0, 2.0, 0.0, 0.0, 0.0, 0.0, 0.0, 0.0, 0.0, 0.0, 0.0, 0.0, 0.0, 0.0, 0.0, 0.0], "program call": "xtb /home/svss/Project-DBcg-Debug/aqme2_20220329/End-to-End-workflows-final/example-3/QDESCP/mol_521_rdkit_conf_4/mol_521_rdkit_conf_4.xyz --pop --wbo --acc 0.2 --gfn 2 --chrg 0 --uhf 0 --etemp 300 --input /home/svss/Project-DBcg-Debug/aqme2_20220329/End-to-End-workflows-final/example-3/QDESCP/mol_521_rdkit_conf_4/mol_521_rdkit_conf_4_xtb.inp", "method": "GFN2-xTB", "xtb version": "6.3.3 (7355c4f)", "Dipole module/D": 1.8, "Total charge": 0, "Transition dipole module/D": NaN, "HOMO": -11.029, "LUMO": 0.8466, "HOMO occupancy": 2.0, "LUMO occupancy": 0, "mulliken charges": [-0.08663, -0.04448, -0.05513, 0.1986, -0.5698, 0.02952, 0.02404, 0.02981, 0.02168, 0.02738, 0.03861, 0.03616, 0.00818, 0.00744, 0.33463], "cm5 charges": [-0.23698, -0.15655, -0.16214, 0.11133, -0.78383, 0.08095, 0.07585, 0.08058, 0.07635, 0.08163, 0.09556, 0.09315, 0.07134, 0.07006, 0.50271], "FUKUI+": [0.029, -0.027, -0.02, -0.022, -0.161, -0.046, -0.029, -0.071, -0.061, -0.081, -0.072, -0.074, -0.097, -0.1, -0.169], "FUKUI-": [0.019, 0.011, 0.016, 0.021, -0.142, -0.074, -0.087, -0.069, -0.084, -0.107, -0.097, -0.09, -0.129, -0.119, -0.068], "FUKUIrad": [0.024, -0.008, -0.002, -0.0, -0.152, -0.06, -0.058, -0.07, -0.072, -0.094, -0.085, -0.082, -0.113, -0.109, -0.118], "s proportion": [1.008, 1.027, 1.032, 0.991, 1.695, 0.97, 0.976, 0.97, 0.978, 0.973, 0.961, 0.964, 0.992, 0.993, 0.665], "p proportion": [3.079, 3.017, 3.023, 2.811, 4.875, 0.0, 0.0, 0.0, 0.0, 0.0, 0.0, 0.0, 0.0, 0.0, 0.0], "d proportion": [0.0, 0.0, 0.0, 0.0, 0.0, 0.0, 0.0, 0.0, 0.0, 0.0, 0.0, 0.0, 0.0, 0.0, 0.0], "Fermi-level/eV": -5.0912, "Coordination numbers": [3.749, 3.799, 3.8, 3.674, 1.653, 0.924, 0.924, 0.924, 0.924, 0.924, 0.924, 0.924, 0.924, 0.924, 0.804], "Dispersion coefficient C6": [22.525, 21.574, 21.701, 19.357, 21.82, 2.484, 2.57, 2.529, 2.579, 2.513, 2.367, 2.351, 2.732, 2.783, 0.774], "Total dispersion C6": 1464.341299, "Total dispersion C8": 29866.447578, "Polarizability alpha": [6.769, 6.613, 6.633, 6.305, 6.306, 2.465, 2.507, 2.487, 2.511, 2.479, 2.406, 2.398, 2.585, 2.609, 1.382], "Total polarizability alpha": 56.453921, "Wiberg matrix": [[0.0, 1.0208255084180065, 0.0, 0.0, 0.0, 0.9871465085176512, 0.9867028494129235, 0.9870835623898653, 0.0, 0.0, 0.0, 0.0, 0.0, 0.0, 0.0], [1.0208255084180065, 0.0, 1.0072391543840773, 0.0, 0.0, 0.0, 0.0, 0.0, 0.9776363781533564, 0.9778334009597671, 0.0, 0.0, 0.0, 0.0, 0.0], [0.0, 1.0072391543840773, 0.0, 1.00715952334816, 0.0, 0.0, 0.0, 0.0, 0.0, 0.0, 0.9749468280204867, 0.9751479609751487, 0.0, 0.0, 0.0], [0.0, 0.0, 1.00715952334816, 0.0, 0.9871456697939787, 0.0, 0.0, 0.0, 0.0, 0.0, 0.0, 0.0, 0.9725873203841497, 0.9735836882934467, 0.0], [0.0, 0.0, 0.0, 0.9871456697939787, 0.0, 0.0, 0.0, 0.0, 0.0, 0.0, 0.0, 0.0, 0.0, 0.0, 0.9071594175891842], [0.9871465085176512, 0.0, 0.0, 0.0, 0.0, 0.0, 0.0, 0.0, 0.0, 0.0, 0.0, 0.0, 0.0, 0.0, 0.0], [0.9867028494129235, 0.0, 0.0, 0.0, 0.0, 0.0, 0.0, 0.0, 0.0, 0.0, 0.0, 0.0, 0.0, 0.0, 0.0], [0.9870835623898653, 0.0, 0.0, 0.0, 0.0, 0.0, 0.0, 0.0, 0.0, 0.0, 0.0, 0.0, 0.0, 0.0, 0.0], [0.0, 0.9776363781533564, 0.0, 0.0, 0.0, 0.0, 0.0, 0.0, 0.0, 0.0, 0.0, 0.0, 0.0, 0.0, 0.0], [0.0, 0.9778334009597671, 0.0, 0.0, 0.0, 0.0, 0.0, 0.0, 0.0, 0.0, 0.0, 0.0, 0.0, 0.0, 0.0], [0.0, 0.0, 0.9749468280204867, 0.0, 0.0, 0.0, 0.0, 0.0, 0.0, 0.0, 0.0, 0.0, 0.0, 0.0, 0.0], [0.0, 0.0, 0.9751479609751487, 0.0, 0.0, 0.0, 0.0, 0.0, 0.0, 0.0, 0.0, 0.0, 0.0, 0.0, 0.0], [0.0, 0.0, 0.0, 0.9725873203841497, 0.0, 0.0, 0.0, 0.0, 0.0, 0.0, 0.0, 0.0, 0.0, 0.0, 0.0], [0.0, 0.0, 0.0, 0.9735836882934467, 0.0, 0.0, 0.0, 0.0, 0.0, 0.0, 0.0, 0.0, 0.0, 0.0, 0.0], [0.0, 0.0, 0.0, 0.0, 0.9071594175891842, 0.0, 0.0, 0.0, 0.0, 0.0, 0.0, 0.0, 0.0, 0.0, 0.0]], "Born radii": [], "Atomic SASAs": [], "Solvent H bonds": [], "Total SASA": NaN, "Total FOD": 0.0, "FOD": [0.0, 0.0, 0.0, 0.0, 0.0, 0.0, 0.0, 0.0, 0.0, 0.0, 0.0, 0.0, 0.0, 0.0, 0.0], "FOD s proportion": [0.0, 0.0, 0.0, 0.0, 0.0, 0.0, 0.0, 0.0, 0.0, 0.0, 0.0, 0.0, 0.0, 0.0, 0.0], "FOD p proportion": [0.0, 0.0, 0.0, 0.0, 0.0, 0.0, 0.0, 0.0, 0.0, 0.0, 0.0, 0.0, 0.0, 0.0, 0.0], "FOD d proportion": [0.0, 0.0, 0.0, 0.0, 0.0, 0.0, 0.0, 0.0, 0.0, 0.0, 0.0, 0.0, 0.0, 0.0, 0.0], "coordinates": [["-1.66650", "0.73100", "-0.42260"], ["-1.06670", "-0.29290", "0.52860"], ["0.26360", "-0.86660", "0.04400"], ["1.38370", "0.16280", "-0.02370"], ["2.58760", "-0.49670", "-0.39480"], ["-1.77970", "0.31410", "-1.42830"], ["-1.04620", "1.62960", "-0.48770"], ["-2.65660", "1.03690", "-0.06940"], ["-0.93910", "0.16010", "1.51870"], ["-1.77910", "-1.11800", "0.64720"], ["0.56800", "-1.67780", "0.71770"], ["0.13750", "-1.33570", "-0.93980"], ["1.17340", "0.93290", "-0.77140"], ["1.53510", "0.63990", "0.94960"], ["3.28500", "0.18020", "-0.42700"]],