{"total energy": -32.10241651, "HOMO-LUMO gap/eV": 5.54691901, "electronic energy": -32.15082836, "dipole": [-0.17516553, 0.31297955, 0.0106828], "partial charges": [-0.165897, 0.38110745, -0.16304644, -0.06033862, 0.27847359, -0.15909516, -0.05325807, -0.05794576], "atomic dipole moments": [[-0.01728541, -0.06490725, 0.26003848], [0.0714375, -0.05309698, -0.07765244], [-0.09286231, 0.25136697, -0.02564492], [0.04163266, -0.02415526, -0.00979748], [-0.03036238, -0.01946732, 0.09853215], [0.01343099, 0.05694893, -0.25135136], [-0.01616798, -0.01063416, 0.01569437], [-0.02475412, -0.02596717, 0.00477583]], "atomic quadrupole moments": [[-0.04652092, 0.00204444, -0.01734716, 0.00389586, -0.0341191, 0.06386809], [-0.20597002, -0.01926505, 0.10829793, 0.05783981, -0.06400366, 0.09767209], [-0.03443222, -0.03066717, 0.06322166, 0.01369889, -0.01897575, -0.02878944], [0.01667957, 0.35828648, 0.04309871, 0.31040885, 0.30515757, -0.05977828], [-0.15796873, -0.00174698, 0.0252007, 0.03935805, -0.02811833, 0.13276803], [-0.03865873, 0.00213381, -0.01719037, 0.00351937, -0.01759446, 0.0558491], [-0.02220669, 0.35348903, 0.10918411, 0.27606379, 0.30707806, -0.08697743], [-0.18632529, -0.33191502, 0.48116361, 0.06037046, -0.1077411, -0.29483832]], "number of molecular orbitals": 47, "number of electrons": 50, "number of unpaired electrons": 0, "orbital energies/eV": [-30.28434395, -30.26990919, -30.16952841, -24.74901194, -24.57548094, -24.43226149, -20.2265917, -18.59633253, -17.85351454, -17.78081442, -17.65405204, -16.85282222, -16.70712922, -15.7936423, -15.67670325, -15.42940238, -15.16778632, -14.797723, -14.55554774, -13.39982222, -13.37840527, -13.31062904, -13.20159015, -13.06125826, -12.94612936, -7.39921034, -6.74012537, -5.75426668, -2.97619206, -2.23411262, -1.83710697, -1.44737445, -1.22384449, -1.20333895, -1.19780139, -1.19283315, -1.18935502, -1.17925063, -1.13420247, -1.12907445, -0.57747541, 0.08058791, 1.13754177, 1.83147697, 2.06026652, 2.35861539, 2.66998825], "fractional occupation": [2.0, 2.0, 2.0, 2.0, 2.0, 2.0, 2.0, 2.0, 2.0, 2.0, 2.0, 2.0, 2.0, 2.0, 2.0, 2.0, 2.0, 2.0, 2.0, 2.0, 2.0, 2.0, 2.0, 2.0, 2.0, 0.0, 0.0, 0.0, 0.0, 0.0, 0.0, 0.0, 0.0, 0.0, 0.0, 0.0, 0.0, 0.0, 0.0, 0.0, 0.0, 0.0, 0.0, 0.0, 0.0, 0.0, 0.0], "program call": "xtb /home/svss/Project-DBcg-Debug/aqme2_20220329/End-to-End-workflows-final/example-3/QDESCP/mol_671_rdkit_conf_2/mol_671_rdkit_conf_2.xyz --pop --wbo --acc 0.2 --gfn 2 --chrg 0 --uhf 0 --etemp 300 --input /home/svss/Project-DBcg-Debug/aqme2_20220329/End-to-End-workflows-final/example-3/QDESCP/mol_671_rdkit_conf_2/mol_671_rdkit_conf_2_xtb.inp", "method": "GFN2-xTB", "xtb version": "6.3.3 (7355c4f)", "Dipole module/D": 0.912, "Total charge": 0, "Transition dipole module/D": NaN, "HOMO": -12.9461, "LUMO": -7.3992, "HOMO occupancy": 2.0, "LUMO occupancy": 0, "mulliken charges": [-0.24097, 0.49534, -0.23468, -0.04024, 0.36113, -0.23864, -0.04415, -0.05778], "cm5 charges": [-0.26267, 0.53194, -0.25609, -0.03613, 0.38111, -0.26152, -0.04125, -0.05539], "FUKUI+": [-0.059, -0.016, -0.065, -0.248, -0.041, -0.068, -0.296, -0.206], "FUKUI-": [-0.048, 0.012, -0.055, -0.29, 0.022, -0.057, -0.309, -0.274], "FUKUIrad": [-0.054, -0.002, -0.06, -0.269, -0.01, -0.063, -0.302, -0.24], "s proportion": [1.827, 1.073, 1.826, 1.953, 1.11, 1.829, 1.955, 1.955], "p proportion": [5.414, 2.432, 5.409, 5.103, 2.528, 5.409, 5.102, 5.115], "d proportion": [0.0, 0.0, 0.0, -0.015, 0.0, 0.0, -0.013, -0.012], "Fermi-level/eV": -10.1727, "Coordination numbers": [0.81, 3.463, 0.813, 0.954, 3.546, 0.833, 1.074, 1.07], "Dispersion coefficient C6": [10.887, 16.751, 10.859, 101.037, 17.213, 10.818, 100.841, 100.985], "Total dispersion C6": 2305.794083, "Total dispersion C8": 77718.589396, "Polarizability alpha": [3.898, 6.158, 3.893, 15.378, 6.072, 3.886, 15.363, 15.374], "Total polarizability alpha": 70.02203, "Wiberg matrix": [[0.0, 0.9797150994042693, 0.0, 0.0, 0.0, 0.0, 0.0, 0.0], [0.9797150994042693, 0.0, 0.977445347919494, 0.948904767459601, 0.9355132335941094, 0.0, 0.0, 0.0], [0.0, 0.977445347919494, 0.0, 0.0, 0.0, 0.0, 0.0, 0.0], [0.0, 0.948904767459601, 0.0, 0.0, 0.0, 0.0, 0.0, 0.0], [0.0, 0.9355132335941094, 0.0, 0.0, 0.0, 0.9946812786966379, 0.9608668186503305, 0.9656385386278905], [0.0, 0.0, 0.0, 0.0, 0.9946812786966379, 0.0, 0.0, 0.0], [0.0, 0.0, 0.0, 0.0, 0.9608668186503305, 0.0, 0.0, 0.0], [0.0, 0.0, 0.0, 0.0, 0.9656385386278905, 0.0, 0.0, 0.0]], "Born radii": [], "Atomic SASAs": [], "Solvent H bonds": [], "Total SASA": NaN, "Total FOD": 0.0, "FOD": [0.0, 0.0, 0.0, 0.0, 0.0, 0.0, 0.0, 0.0], "FOD s proportion": [0.0, 0.0, 0.0, 0.0, 0.0, 0.0, 0.0, 0.0], "FOD p proportion": [0.0, 0.0, 0.0, 0.0, 0.0, 0.0, 0.0, 0.0], "FOD d proportion": [0.0, 0.0, 0.0, 0.0, 0.0, 0.0, 0.0, 0.0], "coordinates": [["0.85420", "0.24650", "-1.55130"], ["0.75330", "-0.06890", "-0.22940"], ["1.23290", "-1.34030", "-0.11370"], ["1.84290", "1.00780", "0.69060"], ["-0.71430", "0.00260", "0.24780"], ["-0.79400", "-0.30070", "1.57700"], ["-1.74240", "-1.17950", "-0.63410"], ["-1.43240", "1.63250", "0.01310"]], "bond_dist": [[0.0, 1.362746337364368, 2.174406054535353, 2.565778827178991, 2.399258274967495, 3.5780234725334044, 3.101139048801263, 3.09788361950542], [1.362746337364368, 0.0, 1.36376706588772, 1.786871861662162, 1.544888944228678, 2.3897592954103137, 2.7614729656471377, 2.7804410980993643], [2.174406054535353, 1.36376706588772, 0.0, 2.555889688542915, 2.3928331533978713, 2.8368218590528382, 3.024745095045201, 3.994676729098364], [2.565778827178991, 1.786871861662162, 2.555889688542915, 0.0, 2.7831224766438143, 3.0742672004885976, 4.403803750168711, 3.402476514246645], [2.399258274967495, 1.544888944228678, 2.3928331533978713, 2.7831224766438143, 0.0, 1.3656923592083248, 1.7978035571218562, 1.7964759141163011], [3.5780234725334044, 2.3897592954103137, 2.8368218590528382, 3.0742672004885976, 1.3656923592083248, 0.0, 2.5613893124630622, 2.567216393294496], [3.101139048801263, 2.7614729656471377, 3.024745095045201, 4.403803750168711, 1.7978035571218562, 2.5613893124630622, 0.0, 2.9021219547083135], [3.09788361950542, 2.7804410980993643, 3.994676729098364, 3.402476514246645, 1.7964759141163011, 2.567216393294496, 2.9021219547083135, 0.0]]}