{"total energy": -19.8590976, "HOMO-LUMO gap/eV": 3.8328455, "electronic energy": -20.11063336, "dipole": [-0.16847219, 1.16770236, 0.48631495], "partial charges": [-0.09729688, -0.07819079, 0.22742154, -0.35832361, -0.07818451, -0.09729086, 0.0486317, 0.04861505, 0.0347201, 0.05449047, 0.05448889, 0.05447501, 0.05449329, 0.04861911, 0.04861467, 0.03471683], "atomic dipole moments": [[-0.10926813, 0.06021192, 0.02043384], [0.013434, -0.0784965, -0.03258668], [0.00228425, -0.01575133, -0.00654139], [-0.0210797, 0.14608765, 0.06084565], [0.00927537, -0.07894277, -0.03300315], [0.08887703, 0.08131022, 0.03850037], [0.0194394, -0.02989895, -0.12452588], [0.01067054, -0.11071911, 0.0664166], [0.09236318, 0.07522649, 0.03608405], [0.00014498, 0.10966952, -0.07109566], [-0.00902184, 0.02549562, 0.12787466], [-0.01947572, 0.02437707, 0.12692793], [-0.01034615, 0.10856002, -0.07203242], [0.00097753, -0.11174375, 0.06551594], [0.00974997, -0.03094005, -0.1254063], [-0.11095917, 0.05357187, 0.01756642]], "atomic quadrupole moments": [[0.18508893, -0.13989639, -0.05259902, -0.04406969, 0.03230919, -0.13248991], [0.19069159, -0.0090835, 0.0048457, 0.01597127, 0.10313969, -0.1955373], [-0.28850225, 0.02032702, -0.18784919, -0.03331208, -0.34199861, 0.47635143], [-0.13371436, 0.00757817, -0.07794417, -0.01561375, -0.14922582, 0.21165853], [0.1797945, 0.0280642, 0.0128683, 0.0311484, 0.10825063, -0.19266279], [0.09571459, 0.16487414, 0.01328429, 0.08078345, 0.07418479, -0.10899887], [-0.03137146, -0.01142268, -0.04216684, -0.00214885, 0.01938832, 0.0735383], [-0.03041481, -0.00277714, 0.03722095, -0.01053245, -0.05740678, -0.00680614], [0.02563093, 0.05103549, 0.01545559, 0.02535292, 0.03260795, -0.04108652], [-0.0046338, -0.01411393, 0.02872964, -0.00629209, -0.05357809, -0.02409584], [-0.00449108, -0.01776835, -0.05098257, -0.00966129, 0.0237682, 0.05547365], [-0.01327958, 0.02104085, -0.04261835, -0.00765346, 0.02759789, 0.05589793], [-0.01561974, 0.01456938, 0.03495133, 0.01933417, -0.0481463, -0.01933159], [-0.03573356, -0.00204342, 0.03743672, 0.01720154, -0.05435992, -0.00170316], [-0.03237429, 0.00937295, -0.03772872, -0.02105804, 0.01927573, 0.07010301], [0.05466489, -0.04807853, -0.00594679, -0.01526425, 0.01899785, -0.04871809]], "number of molecular orbitals": 34, "number of electrons": 36, "number of unpaired electrons": 0, "orbital energies/eV": [-19.04777367, -17.4373695, -17.1677419, -16.26280991, -15.58630539, -15.29666378, -14.82975188, -14.74724625, -13.80279077, -13.78546571, -13.21311785, -13.1848536, -12.63604444, -12.48076151, -12.27105959, -12.19162485, -12.02458429, -10.67164032, -6.83879482, 1.22348617, 3.25384635, 3.50839577, 3.74125497, 4.02098466, 4.17919519, 4.22078118, 4.77937834, 4.89139367, 5.24740538, 6.54814305, 7.21514155, 7.32717384, 7.35136874, 15.19919682], "fractional occupation": [2.0, 2.0, 2.0, 2.0, 2.0, 2.0, 2.0, 2.0, 2.0, 2.0, 2.0, 2.0, 2.0, 2.0, 2.0, 2.0, 2.0, 2.0, 0.0, 0.0, 0.0, 0.0, 0.0, 0.0, 0.0, 0.0, 0.0, 0.0, 0.0, 0.0, 0.0, 0.0, 0.0, 0.0], "program call": "xtb /home/svss/Project-DBcg-Debug/aqme2_20220329/End-to-End-workflows-final/example-3/QDESCP/mol_1007_rdkit_conf_1/mol_1007_rdkit_conf_1.xyz --pop --wbo --acc 0.2 --gfn 2 --chrg 0 --uhf 0 --etemp 300 --input /home/svss/Project-DBcg-Debug/aqme2_20220329/End-to-End-workflows-final/example-3/QDESCP/mol_1007_rdkit_conf_1/mol_1007_rdkit_conf_1_xtb.inp", "method": "GFN2-xTB", "xtb version": "6.3.3 (7355c4f)", "Dipole module/D": 3.243, "Total charge": 0, "Transition dipole module/D": NaN, "HOMO": -10.6716, "LUMO": -6.8388, "HOMO occupancy": 2.0, "LUMO occupancy": 0, "mulliken charges": [-0.06991, -0.07785, 0.39004, -0.49306, -0.07785, -0.06991, 0.04239, 0.04239, 0.0264, 0.04405, 0.04405, 0.04404, 0.04405, 0.04239, 0.04238, 0.0264], "cm5 charges": [-0.21784, -0.18187, 0.40724, -0.54447, -0.18186, -0.21784, 0.0956, 0.09558, 0.07733, 0.09991, 0.09991, 0.0999, 0.09992, 0.09558, 0.09558, 0.07733], "FUKUI+": [0.033, 0.029, -0.192, -0.296, 0.029, 0.033, -0.031, -0.031, -0.062, -0.097, -0.097, -0.097, -0.097, -0.031, -0.031, -0.062], "FUKUI-": [0.022, -0.014, -0.045, -0.199, -0.014, 0.022, -0.056, -0.056, -0.114, -0.08, -0.08, -0.08, -0.08, -0.056, -0.056, -0.114], "FUKUIrad": [0.027, 0.008, -0.118, -0.248, 0.008, 0.027, -0.044, -0.044, -0.088, -0.088, -0.088, -0.088, -0.088, -0.044, -0.044, -0.088], "s proportion": [1.003, 1.037, 1.08, 1.74, 1.037, 1.003, 0.958, 0.958, 0.974, 0.956, 0.956, 0.956, 0.956, 0.958, 0.958, 0.974], "p proportion": [3.067, 3.041, 2.53, 4.753, 3.041, 3.067, 0.0, 0.0, 0.0, 0.0, 0.0, 0.0, 0.0, 0.0, 0.0, 0.0], "d proportion": [0.0, 0.0, 0.0, 0.0, 0.0, 0.0, 0.0, 0.0, 0.0, 0.0, 0.0, 0.0, 0.0, 0.0, 0.0, 0.0], "Fermi-level/eV": -8.7552, "Coordination numbers": [3.75, 3.801, 2.811, 0.856, 3.801, 3.75, 0.924, 0.924, 0.924, 0.924, 0.924, 0.924, 0.924, 0.924, 0.924, 0.924], "Dispersion coefficient C6": [22.421, 21.993, 23.226, 20.866, 21.993, 22.421, 2.337, 2.337, 2.52, 2.265, 2.265, 2.265, 2.265, 2.337, 2.337, 2.521], "Total dispersion C6": 1887.657813, "Total dispersion C8": 40246.158611, "Polarizability alpha": [6.753, 6.677, 7.896, 6.124, 6.677, 6.753, 2.391, 2.391, 2.483, 2.353, 2.353, 2.354, 2.353, 2.391, 2.391, 2.483], "Total polarizability alpha": 64.823438, "Wiberg matrix": [[0.0, 1.0212450586263877, 0.0, 0.0, 0.0, 0.0, 0.9863622822122915, 0.9863612756525786, 0.9867864668780191, 0.0, 0.0, 0.0, 0.0, 0.0, 0.0, 0.0], [1.0212450586263877, 0.0, 0.9895457448620975, 0.0, 0.0, 0.0, 0.0, 0.0, 0.0, 0.9543903146080193, 0.9543953949905368, 0.0, 0.0, 0.0, 0.0, 0.0], [0.0, 0.9895457448620975, 0.0, 1.863722990323295, 0.9895249698312862, 0.0, 0.0, 0.0, 0.0, 0.0, 0.0, 0.0, 0.0, 0.0, 0.0, 0.0], [0.0, 0.0, 1.863722990323295, 0.0, 0.0, 0.0, 0.0, 0.0, 0.0, 0.0, 0.0, 0.0, 0.0, 0.0, 0.0, 0.0], [0.0, 0.0, 0.9895249698312862, 0.0, 0.0, 1.0212585601259319, 0.0, 0.0, 0.0, 0.0, 0.0, 0.9543895244682362, 0.9543968807977529, 0.0, 0.0, 0.0], [0.0, 0.0, 0.0, 0.0, 1.0212585601259319, 0.0, 0.0, 0.0, 0.0, 0.0, 0.0, 0.0, 0.0, 0.9863593726925927, 0.9863581135194165, 0.9867827664366361], [0.9863622822122915, 0.0, 0.0, 0.0, 0.0, 0.0, 0.0, 0.0, 0.0, 0.0, 0.0, 0.0, 0.0, 0.0, 0.0, 0.0], [0.9863612756525786, 0.0, 0.0, 0.0, 0.0, 0.0, 0.0, 0.0, 0.0, 0.0, 0.0, 0.0, 0.0, 0.0, 0.0, 0.0], [0.9867864668780191, 0.0, 0.0, 0.0, 0.0, 0.0, 0.0, 0.0, 0.0, 0.0, 0.0, 0.0, 0.0, 0.0, 0.0, 0.0], [0.0, 0.9543903146080193, 0.0, 0.0, 0.0, 0.0, 0.0, 0.0, 0.0, 0.0, 0.0, 0.0, 0.0, 0.0, 0.0, 0.0], [0.0, 0.9543953949905368, 0.0, 0.0, 0.0, 0.0, 0.0, 0.0, 0.0, 0.0, 0.0, 0.0, 0.0, 0.0, 0.0, 0.0], [0.0, 0.0, 0.0, 0.0, 0.9543895244682362, 0.0, 0.0, 0.0, 0.0, 0.0, 0.0, 0.0, 0.0, 0.0, 0.0, 0.0], [0.0, 0.0, 0.0, 0.0, 0.9543968807977529, 0.0, 0.0, 0.0, 0.0, 0.0, 0.0, 0.0, 0.0, 0.0, 0.0, 0.0], [0.0, 0.0, 0.0, 0.0, 0.0, 0.9863593726925927, 0.0, 0.0, 0.0, 0.0, 0.0, 0.0, 0.0, 0.0, 0.0, 0.0], [0.0, 0.0, 0.0, 0.0, 0.0, 0.9863581135194165, 0.0, 0.0, 0.0, 0.0, 0.0, 0.0, 0.0, 0.0, 0.0, 0.0], [0.0, 0.0, 0.0, 0.0, 0.0, 0.9867827664366361, 0.0, 0.0, 0.0, 0.0, 0.0, 0.0, 0.0, 0.0, 0.0, 0.0]], "Born radii": [], "Atomic SASAs": [], "Solvent H bonds": [], "Total SASA": NaN, "Total FOD": 0.0, "FOD": [0.0, 0.0, 0.0, 0.0, 0.0, 0.0, 0.0, 0.0, 0.0, 0.0, 0.0, 0.0, 0.0, 0.0, 0.0, 0.0], "FOD s proportion": [0.0, 0.0, 0.0, 0.0, 0.0, 0.0, 0.0, 0.0, 0.0, 0.0, 0.0, 0.0, 0.0, 0.0, 0.0, 0.0], "FOD p proportion": [0.0, 0.0, 0.0, 0.0, 0.0, 0.0, 0.0, 0.0, 0.0, 0.0, 0.0, 0.0, 0.0, 0.0, 0.0, 0.0], "FOD d proportion": [0.0, 0.0, 0.0, 0.0, 0.0, 0.0, 0.0, 0.0, 0.0, 0.0, 0.0, 0.0, 0.0, 0.0, 0.0, 0.0],