{"total energy": -23.02504968, "HOMO-LUMO gap/eV": 3.70114432, "electronic energy": -23.32091229, "dipole": [0.36627544, 0.33180773, 1.29532068], "partial charges": [-0.10141815, -0.05376157, -0.03757428, -0.10078902, 0.2358619, -0.37008349, -0.13233622, 0.03529452, 0.0400396, 0.033888, 0.03899746, 0.03388648, 0.05807699, 0.0402711, 0.04399117, 0.03736289, 0.0651787, 0.06814526, 0.06496865], "atomic dipole moments": [[-0.05183406, 0.07864856, 0.05040251], [-0.04307491, -0.03121766, -0.11063629], [-0.03443177, -0.01798186, 0.09619919], [0.04221233, -0.09455911, -0.0544052], [-0.01053099, -0.00080744, -0.02242857], [0.04043635, 0.03714442, 0.15119172], [0.04961598, 0.03947666, -0.04993812], [0.09555875, -0.04000046, 0.06891788], [0.04786412, 0.03578036, -0.11337955], [-0.07577311, -0.10137765, -0.01831092], [0.08649557, 0.08392876, 0.02504757], [-0.03424625, -0.04072149, 0.11259249], [0.04501079, 0.03847625, -0.11319719], [-0.10190495, 0.04583143, -0.06343583], [0.08558896, 0.09407321, 0.0057968], [-0.03875101, -0.01848381, 0.11838091], [-0.09764946, -0.07654144, -0.04636747], [0.0823661, -0.08315438, 0.06882683], [-0.06220224, 0.09309778, 0.07477072]], "atomic quadrupole moments": [[-0.0405003, -0.13046899, 0.08055419, -0.06543244, 0.12901241, -0.04005389], [0.01797836, -0.20808039, 0.01527034, 0.06729165, 0.04943297, -0.0332487], [0.03758721, -0.0404347, 0.06541666, 0.11354843, 0.10507232, -0.10300387], [-0.0711062, -0.11325276, 0.11336592, -0.06402123, 0.13136083, -0.04225972], [0.11309566, -0.48067384, 0.22975825, -0.01052885, -0.02116417, -0.34285391], [0.04468767, -0.20345714, 0.09291226, 0.00181468, -0.00555804, -0.13759992], [-0.05470605, 0.07021336, -0.07006006, -0.09919059, -0.08611965, 0.1247661], [0.02493577, -0.03291429, -0.0298922, 0.05919392, -0.00943302, 0.00495643], [-0.03772097, 0.00894628, -0.01173048, -0.03671303, -0.03656322, 0.04945146], [0.02338498, 0.05706296, 0.01812398, 0.00179568, 0.01769111, -0.04150895], [0.01438448, 0.03314429, 0.02930124, 0.00433846, 0.0057512, -0.04368572], [-0.00735086, 0.00594328, -0.01471272, -0.03975893, -0.0287372, 0.02206358], [-0.00915358, 0.00587268, -0.01291813, -0.01729994, -0.00780965, 0.02207171], [0.026506, -0.03005287, -0.02857284, 0.05591385, -0.00960318, 0.00206684], [0.02980331, 0.05589189, 0.01349326, -0.01111091, 0.00938654, -0.04329657], [-0.04029208, 0.00513669, -0.0197995, -0.03365096, -0.03532005, 0.06009157], [0.01778662, 0.05523688, -0.00591519, 0.03024036, 0.0248497, -0.01187142], [0.02278983, -0.03542846, -0.01124952, 0.05226114, -0.03784308, -0.01154031], [-0.0264943, -0.02045591, 0.02944508, -0.02933914, 0.06176611, -0.00295078]], "number of molecular orbitals": 40, "number of electrons": 42, "number of unpaired electrons": 0, "orbital energies/eV": [-19.03617396, -17.55927065, -17.01429809, -16.76232522, -16.18443227, -15.7340646, -15.15390041, -14.63155738, -14.55837924, -14.23753482, -13.66710493, -13.55002209, -13.48694618, -13.08431198, -12.93850464, -12.6742733, -12.48600327, -12.18964071, -12.0749825, -11.86071193, -10.64355556, -6.94241124, 1.57074799, 1.76245911, 2.90664474, 2.97314092, 3.25448929, 3.90871779, 4.39999288, 4.6184731, 4.77481274, 4.94466378, 5.0439467, 5.7770617, 6.12843589, 6.42888762, 7.04212986, 7.5223909, 7.93266828, 14.74995634], "fractional occupation": [2.0, 2.0, 2.0, 2.0, 2.0, 2.0, 2.0, 2.0, 2.0, 2.0, 2.0, 2.0, 2.0, 2.0, 2.0, 2.0, 2.0, 2.0, 2.0, 2.0, 2.0, 0.0, 0.0, 0.0, 0.0, 0.0, 0.0, 0.0, 0.0, 0.0, 0.0, 0.0, 0.0, 0.0, 0.0, 0.0, 0.0, 0.0, 0.0, 0.0], "program call": "xtb /home/svss/Project-DBcg-Debug/aqme2_20220329/End-to-End-workflows-final/example-3/QDESCP/mol_938_rdkit_conf_4/mol_938_rdkit_conf_4.xyz --pop --wbo --acc 0.2 --gfn 2 --chrg 0 --uhf 0 --etemp 300 --input /home/svss/Project-DBcg-Debug/aqme2_20220329/End-to-End-workflows-final/example-3/QDESCP/mol_938_rdkit_conf_4/mol_938_rdkit_conf_4_xtb.inp", "method": "GFN2-xTB", "xtb version": "6.3.3 (7355c4f)", "Dipole module/D": 3.524, "Total charge": 0, "Transition dipole module/D": NaN, "HOMO": -10.6436, "LUMO": -6.9424, "HOMO occupancy": 2.0, "LUMO occupancy": 0, "mulliken charges": [-0.08505, -0.04196, -0.04584, -0.08403, 0.3929, -0.49441, -0.12624, 0.03149, 0.03689, 0.03429, 0.03159, 0.02129, 0.05138, 0.04192, 0.0385, 0.02732, 0.06337, 0.05503, 0.05157], "cm5 charges": [-0.23484, -0.15153, -0.10979, -0.23133, 0.40974, -0.54427, -0.26832, 0.08229, 0.08849, 0.087, 0.08659, 0.07714, 0.11392, 0.09406, 0.08987, 0.07969, 0.11814, 0.10834, 0.10478], "FUKUI+": [0.021, 0.013, 0.001, 0.021, -0.189, -0.29, 0.047, -0.044, -0.023, 0.004, -0.057, -0.031, -0.056, -0.028, -0.064, -0.039, -0.074, -0.107, -0.104], "FUKUI-": [0.024, 0.013, -0.024, 0.025, -0.038, -0.201, 0.003, -0.064, -0.05, -0.064, -0.111, -0.066, -0.066, -0.052, -0.08, -0.046, -0.065, -0.066, -0.07], "FUKUIrad": [0.022, 0.013, -0.012, 0.023, -0.114, -0.245, 0.025, -0.054, -0.036, -0.03, -0.084, -0.049, -0.061, -0.04, -0.072, -0.043, -0.07, -0.086, -0.087], "s proportion": [1.009, 1.032, 1.067, 1.013, 1.082, 1.741, 1.021, 0.969, 0.963, 0.966, 0.968, 0.979, 0.949, 0.958, 0.961, 0.973, 0.937, 0.945, 0.948], "p proportion": [3.077, 3.01, 2.979, 3.071, 2.526, 4.753, 3.105, 0.0, 0.0, 0.0, 0.0, 0.0, 0.0, 0.0, 0.0, 0.0, 0.0, 0.0, 0.0], "d proportion": [0.0, 0.0, 0.0, 0.0, 0.0, 0.0, 0.0, 0.0, 0.0, 0.0, 0.0, 0.0, 0.0, 0.0, 0.0, 0.0, 0.0, 0.0, 0.0], "Fermi-level/eV": -8.793, "Coordination numbers": [3.749, 3.801, 3.851, 3.753, 2.812, 0.857, 3.75, 0.924, 0.924, 0.924, 0.924, 0.924, 0.923, 0.924, 0.924, 0.924, 0.924, 0.924, 0.924], "Dispersion coefficient C6": [22.502, 21.539, 21.209, 22.484, 23.069, 21.092, 23.107, 2.513, 2.448, 2.532, 2.462, 2.532, 2.222, 2.445, 2.397, 2.484, 2.139, 2.106, 2.142], "Total dispersion C6": 2629.599937, "Total dispersion C8": 56049.507237, "Polarizability alpha": [6.766, 6.608, 6.55, 6.762, 7.869, 6.158, 6.856, 2.479, 2.447, 2.488, 2.454, 2.488, 2.331, 2.445, 2.421, 2.465, 2.287, 2.269, 2.289], "Total polarizability alpha": 76.432088,