{"total energy": -19.31485459, "HOMO-LUMO gap/eV": 3.91046323, "electronic energy": -19.64770184, "dipole": [-0.60933644, -0.10757962, -0.37279041], "partial charges": [-0.28768488, 0.07807782, -0.0577304, -0.03162471, -0.04319715, -0.03162087, -0.05772778, 0.15457726, 0.1545987, 0.02303864, 0.02645804, 0.02334686, 0.02645379, 0.02303468], "atomic dipole moments": [[0.03519689, -0.02091106, -0.16207764], [-0.14919505, -0.01275817, 0.00077032], [-0.01740362, -0.02389288, 0.01527125], [0.00129407, 0.00582463, -0.00172379], [-0.00396992, -0.0005879, -0.00159741], [0.00229854, -0.00576871, -3.171e-05], [-0.02154673, 0.02399867, 0.00817835], [-0.06292754, 0.09283132, -0.06387454], [-0.04486223, -0.11640467, -0.03298937], [-0.07707842, 0.12869353, -0.00216787], [0.06398615, 0.13400811, -0.02540603], [0.14899944, 0.01029346, -0.01747979], [0.08616427, -0.12296001, 0.01252924], [-0.05433724, -0.13492912, 0.03676366]], "atomic quadrupole moments": [[0.0917715, 0.00880395, -0.04736234, -0.02199811, -0.00137521, -0.04440915], [-0.01329404, 0.03670443, -0.34659749, 0.04257109, 0.11075559, 0.35989153], [-0.21275823, 0.01334611, -0.22139858, 0.07751647, 0.06545868, 0.43415681], [-0.25639655, 0.00837351, -0.24614727, 0.09115971, 0.1051763, 0.50254382], [-0.23476182, 0.01323811, -0.22661061, 0.08433105, 0.11135473, 0.46137243], [-0.25822659, 0.01832997, -0.23565102, 0.08703892, 0.1338609, 0.49387761], [-0.212515, 0.01099374, -0.19942507, 0.07126779, 0.13909818, 0.41194007], [0.02078616, -0.03905811, 0.03506215, 0.01392303, -0.03419967, -0.05584831], [0.00781904, 0.0349436, 0.05941353, -0.00046729, 0.00253394, -0.06723257], [0.03761118, -0.00602042, 0.02573132, -0.0096707, -0.01370741, -0.0633425], [0.03603186, -0.00638291, 0.03057199, -0.01166958, -0.01313704, -0.06660386], [0.02900516, -0.00269461, 0.03617265, -0.01242261, -0.01641344, -0.06517781], [0.03438401, 0.00316394, 0.03073309, -0.01265061, -0.01815169, -0.0651171], [0.03581388, 0.00434131, 0.02713441, -0.01108573, -0.01514611, -0.06294829]], "number of molecular orbitals": 35, "number of electrons": 36, "number of unpaired electrons": 0, "orbital energies/eV": [-17.46885216, -16.9833127, -16.40696871, -16.18663009, -15.48455507, -15.30563944, -14.36597504, -14.22645471, -13.63145019, -13.10027247, -12.8389488, -12.80822545, -12.68931722, -11.75185159, -11.4901502, -11.28944479, -10.64654845, -9.77762166, -5.86715843, -5.53236713, -2.30128807, 1.03712454, 3.24381977, 3.9506002, 4.05776061, 4.75618937, 5.24100388, 5.53313511, 6.01233046, 10.92604684, 10.97352136, 11.82234843, 12.17902783, 16.71217798, 17.63077943], "fractional occupation": [2.0, 2.0, 2.0, 2.0, 2.0, 2.0, 2.0, 2.0, 2.0, 2.0, 2.0, 2.0, 2.0, 2.0, 2.0, 2.0, 2.0, 2.0, 0.0, 0.0, 0.0, 0.0, 0.0, 0.0, 0.0, 0.0, 0.0, 0.0, 0.0, 0.0, 0.0, 0.0, 0.0, 0.0, 0.0], "program call": "xtb /home/svss/Project-DBcg-Debug/aqme2_20220329/End-to-End-workflows-final/example-3/QDESCP/mol_632_rdkit_conf_1/mol_632_rdkit_conf_1.xyz --pop --wbo --acc 0.2 --gfn 2 --chrg 0 --uhf 0 --etemp 300 --input /home/svss/Project-DBcg-Debug/aqme2_20220329/End-to-End-workflows-final/example-3/QDESCP/mol_632_rdkit_conf_1/mol_632_rdkit_conf_1_xtb.inp", "method": "GFN2-xTB", "xtb version": "6.3.3 (7355c4f)", "Dipole module/D": 1.836, "Total charge": 0, "Transition dipole module/D": NaN, "HOMO": -9.7776, "LUMO": -5.8672, "HOMO occupancy": 2.0, "LUMO occupancy": 0, "mulliken charges": [-0.444, 0.14992, -0.07687, -0.02471, -0.05157, -0.0247, -0.07686, 0.20913, 0.20916, 0.02692, 0.02581, 0.02504, 0.0258, 0.02692], "cm5 charges": [-0.88796, 0.19797, -0.12514, -0.07987, -0.1069, -0.07986, -0.12513, 0.39652, 0.39659, 0.08543, 0.08124, 0.08046, 0.08123, 0.08543], "FUKUI+": [-0.035, -0.05, -0.066, -0.071, -0.036, -0.071, -0.066, -0.051, -0.051, -0.1, -0.104, -0.096, -0.104, -0.1], "FUKUI-": [-0.133, -0.049, -0.045, -0.033, -0.078, -0.033, -0.045, -0.083, -0.083, -0.079, -0.083, -0.093, -0.083, -0.079], "FUKUIrad": [-0.084, -0.049, -0.055, -0.052, -0.057, -0.052, -0.055, -0.067, -0.067, -0.089, -0.093, -0.094, -0.093, -0.089], "s proportion": [1.437, 1.046, 1.056, 1.059, 1.053, 1.059, 1.056, 0.791, 0.791, 0.973, 0.974, 0.975, 0.974, 0.973], "p proportion": [4.007, 2.804, 3.021, 2.966, 2.998, 2.966, 3.021, 0.0, 0.0, 0.0, 0.0, 0.0, 0.0, 0.0], "d proportion": [0.0, 0.0, 0.0, 0.0, 0.0, 0.0, 0.0, 0.0, 0.0, 0.0, 0.0, 0.0, 0.0, 0.0], "Fermi-level/eV": -7.8224, "Coordination numbers": [2.637, 2.892, 2.919, 2.911, 2.912, 2.911, 2.919, 0.86, 0.86, 0.925, 0.925, 0.925, 0.925, 0.925], "Dispersion coefficient C6": [27.424, 26.256, 29.435, 28.788, 29.073, 28.788, 29.435, 1.37, 1.37, 2.688, 2.637, 2.683, 2.637, 2.688], "Total dispersion C6": 2285.553486, "Total dispersion C8": 54568.349209, "Polarizability alpha": [7.778, 8.401, 8.897, 8.798, 8.842, 8.798, 8.897, 1.834, 1.834, 2.564, 2.54, 2.561, 2.54, 2.564], "Total polarizability alpha": 76.845663, "Wiberg matrix": [[0.0, 1.1292534942140187, 0.0, 0.0, 0.0, 0.0, 0.0, 0.9571435157613669, 0.9571433825891162, 0.0, 0.0, 0.0, 0.0, 0.0], [1.1292534942140187, 0.0, 1.3610869735290492, 0.0, 0.0, 0.0, 1.3610412874349498, 0.0, 0.0, 0.0, 0.0, 0.0, 0.0, 0.0], [0.0, 1.3610869735290492, 0.0, 1.452060436176226, 0.0, 0.10719571816378386, 0.0, 0.0, 0.0, 0.9693592703154024, 0.0, 0.0, 0.0, 0.0], [0.0, 0.0, 1.452060436176226, 0.0, 1.4321034487509683, 0.0, 0.1071977373885, 0.0, 0.0, 0.0, 0.9719952882831903, 0.0, 0.0, 0.0], [0.0, 0.0, 0.0, 1.4321034487509683, 0.0, 1.4320568679549015, 0.0, 0.0, 0.0, 0.0, 0.0, 0.9718011907477897, 0.0, 0.0], [0.0, 0.0, 0.10719571816378386, 0.0, 1.4320568679549015, 0.0, 1.4521096090591568, 0.0, 0.0, 0.0, 0.0, 0.0, 0.9719932515445215, 0.0], [0.0, 1.3610412874349498, 0.0, 0.1071977373885, 0.0, 1.4521096090591568, 0.0, 0.0, 0.0, 0.0, 0.0, 0.0, 0.0, 0.9693578103225307], [0.9571435157613669, 0.0, 0.0, 0.0, 0.0, 0.0, 0.0, 0.0, 0.0, 0.0, 0.0, 0.0, 0.0, 0.0], [0.9571433825891162, 0.0, 0.0, 0.0, 0.0, 0.0, 0.0, 0.0, 0.0, 0.0, 0.0, 0.0, 0.0, 0.0], [0.0, 0.0, 0.9693592703154024, 0.0, 0.0, 0.0, 0.0, 0.0, 0.0, 0.0, 0.0, 0.0, 0.0, 0.0], [0.0, 0.0, 0.0, 0.9719952882831903, 0.0, 0.0, 0.0, 0.0, 0.0, 0.0, 0.0, 0.0, 0.0, 0.0], [0.0, 0.0, 0.0, 0.0, 0.9718011907477897, 0.0, 0.0, 0.0, 0.0, 0.0, 0.0, 0.0, 0.0, 0.0], [0.0, 0.0, 0.0, 0.0, 0.0, 0.9719932515445215, 0.0, 0.0, 0.0, 0.0, 0.0, 0.0, 0.0, 0.0], [0.0, 0.0, 0.0, 0.0, 0.0, 0.0, 0.9693578103225307, 0.0, 0.0, 0.0, 0.0, 0.0, 0.0, 0.0]], "Born radii": [], "Atomic SASAs": [], "Solvent H bonds": [], "Total SASA": NaN, "Total FOD": 0.0, "FOD": [0.0, 0.0, 0.0, 0.0, 0.0, 0.0, 0.0, 0.0, 0.0, 0.0, 0.0, 0.0, 0.0, 0.0], "FOD s proportion": [0.0, 0.0, 0.0, 0.0, 0.0, 0.0, 0.0, 0.0, 0.0, 0.0, 0.0, 0.0, 0.0, 0.0], "FOD p proportion": [0.0, 0.0, 0.0, 0.0, 0.0, 0.0, 0.0, 0.0, 0.0, 0.0, 0.0, 0.0, 0.0, 0.0], "FOD d proportion": [0.0, 0.0, 0.0, 0.0, 0.0, 0.0, 0.0, 0.0, 0.0, 0.0, 0.0, 0.0, 0.0, 0.0], "coordinates": [["-2.28360", "-0.13890", "0.39460"], ["-0.91700", "-0.06450", "0.09910"], ["-0.30910", "1.17520", "-0.11570"], ["1.07340", "1.27100", "-0.29550"], ["1.86660", "0.12870", "-0.21940"], ["1.27830", "-1.10360", "0.05480"], ["-0.10470", "-1.19350", "0.23370"], ["-2.83110", "0.60790", "-0.02110"], ["-2.68760", "-1.05420", "0.22420"], ["-0.90910", "2.08050", "-0.14570"], ["1.52990", "2.23960", "-0.48010"], ["2.94250", "0.20190", "-0.35280"], ["1.89520", "-1.99360", "0.14450"], ["-0.54350", "-2.15660", "0.47950"]],