{"total energy": -17.5379433, "HOMO-LUMO gap/eV": 3.62706617, "electronic energy": -17.75210194, "dipole": [0.54273567, -0.08205921, -0.44708548], "partial charges": [-0.26516953, 0.18896474, -0.29011971, 0.03127802, -0.03793084, -0.08258614, 0.19278175, 0.18212232, 0.03986026, 0.04079913], "atomic dipole moments": [[-0.06967191, -0.08801612, -0.08053643], [0.04544704, 0.0922592, -0.0780168], [-0.09157077, 0.17105802, -0.16676169], [0.08770981, -0.02147086, 0.02899352], [0.10336213, 0.10015163, -0.09011006], [-0.09638725, -0.21651301, 0.25863177], [0.0452283, -0.11527225, 0.05294049], [0.05491485, 0.03443865, -0.11742663], [-0.1098721, -0.08953361, 0.08292393], [-0.14350385, 0.05004154, -0.06170076]], "atomic quadrupole moments": [[0.08170355, 0.01375566, -0.03736352, 0.01340492, 0.03565871, -0.04434003], [-0.01220926, -0.11497186, -0.00238724, 0.09766362, 0.25397902, 0.0145965], [-0.07984784, -0.02727235, 0.03612884, 0.00600063, 0.14506782, 0.043719], [-0.05390015, 0.00595371, 0.03627394, -0.04845422, 0.42449365, 0.01762622], [0.04591492, 0.15552578, -0.00455074, -0.17266161, 0.29165779, -0.04136418], [0.13157706, -0.02444634, -0.07876403, 0.061215, -0.26724605, -0.05281303], [0.01564936, -0.02923927, 0.00125625, 0.01604594, -0.0526868, -0.01690561], [0.02354682, 0.00920477, -0.03277283, -0.02725659, -0.05095791, 0.00922601], [0.03035953, 0.00433483, -0.01578345, 0.00219476, -0.0311043, -0.01457609], [0.03810422, 0.0063431, -0.01884242, -0.00014262, -0.02726111, -0.0192618]], "number of molecular orbitals": 33, "number of electrons": 32, "number of unpaired electrons": 0, "orbital energies/eV": [-20.03047772, -18.24645984, -17.72804723, -16.69407212, -15.86169667, -15.7755946, -14.97590513, -14.25974822, -14.17449512, -13.5044785, -12.92575499, -12.45777284, -12.29314892, -11.24473062, -10.6065006, -10.10549644, -6.47843027, -5.56473547, -5.03241603, -3.19784422, -0.57885794, 0.56928625, 0.81515299, 1.40445481, 3.17899609, 4.26611793, 5.30305746, 6.29552942, 9.16811063, 10.31148199, 13.24389281, 14.51032138, 16.82961867], "fractional occupation": [2.0, 2.0, 2.0, 2.0, 2.0, 2.0, 2.0, 2.0, 2.0, 2.0, 2.0, 2.0, 2.0, 2.0, 2.0, 2.0, 0.0, 0.0, 0.0, 0.0, 0.0, 0.0, 0.0, 0.0, 0.0, 0.0, 0.0, 0.0, 0.0, 0.0, 0.0, 0.0, 0.0], "program call": "xtb /home/svss/Project-DBcg-Debug/aqme2_20220329/End-to-End-workflows-final/example-3/QDESCP/mol_387_rdkit_conf_1/mol_387_rdkit_conf_1.xyz --pop --wbo --acc 0.2 --gfn 2 --chrg 0 --uhf 0 --etemp 300 --input /home/svss/Project-DBcg-Debug/aqme2_20220329/End-to-End-workflows-final/example-3/QDESCP/mol_387_rdkit_conf_1/mol_387_rdkit_conf_1_xtb.inp", "method": "GFN2-xTB", "xtb version": "6.3.3 (7355c4f)", "Dipole module/D": 1.799, "Total charge": 0, "Transition dipole module/D": NaN, "HOMO": -10.1055, "LUMO": -6.4784, "HOMO occupancy": 2.0, "LUMO occupancy": 0, "mulliken charges": [-0.42726, 0.3392, -0.4133, 0.09188, -0.03742, -0.06361, 0.23041, 0.2179, 0.02471, 0.03749], "cm5 charges": [-0.87145, 0.49782, -0.59195, 0.11012, -0.06859, -0.08868, 0.42221, 0.40787, 0.08849, 0.09414], "FUKUI+": [-0.055, -0.042, -0.112, -0.038, -0.031, -0.362, -0.07, -0.063, -0.113, -0.114], "FUKUI-": [-0.112, 0.006, -0.115, -0.049, -0.027, -0.351, -0.077, -0.071, -0.103, -0.101], "FUKUIrad": [-0.084, -0.018, -0.114, -0.043, -0.029, -0.356, -0.074, -0.067, -0.108, -0.107], "s proportion": [1.419, 1.003, 1.551, 1.029, 1.052, 1.912, 0.77, 0.782, 0.975, 0.963], "p proportion": [4.008, 2.658, 3.863, 2.879, 2.986, 4.132, 0.0, 0.0, 0.0, 0.0], "d proportion": [0.0, 0.0, 0.0, 0.0, 0.0, 0.02, 0.0, 0.0, 0.0, 0.0], "Fermi-level/eV": -8.292, "Coordination numbers": [2.677, 2.946, 1.946, 3.17, 2.909, 2.309, 0.86, 0.86, 0.925, 0.926], "Dispersion coefficient C6": [26.867, 23.971, 28.352, 26.937, 28.943, 144.494, 1.144, 1.202, 2.451, 2.438], "Total dispersion C6": 1867.475471, "Total dispersion C8": 55072.157449, "Polarizability alpha": [7.698, 8.03, 7.896, 8.479, 8.822, 20.231, 1.675, 1.717, 2.448, 2.442], "Total polarizability alpha": 69.43859, "Wiberg matrix": [[0.0, 1.206456341779519, 0.0, 0.0, 0.0, 0.0, 0.9382162077962333, 0.9456542550308096, 0.0, 0.0], [1.206456341779519, 0.0, 1.5218887649497406, 0.0, 0.0, 1.119596576526164, 0.0, 0.0, 0.0, 0.0], [0.0, 1.5218887649497406, 0.0, 1.2403618843373134, 0.0, 0.12564567471226193, 0.0, 0.0, 0.0, 0.0], [0.0, 0.0, 1.2403618843373134, 0.0, 1.6494879211635536, 0.0, 0.0, 0.0, 0.9630334872123232, 0.0], [0.0, 0.0, 0.0, 1.6494879211635536, 0.0, 1.1501471868655593, 0.0, 0.0, 0.0, 0.9699650827889517], [0.0, 1.119596576526164, 0.12564567471226193, 0.0, 1.1501471868655593, 0.0, 0.0, 0.0, 0.0, 0.0], [0.9382162077962333, 0.0, 0.0, 0.0, 0.0, 0.0, 0.0, 0.0, 0.0, 0.0], [0.9456542550308096, 0.0, 0.0, 0.0, 0.0, 0.0, 0.0, 0.0, 0.0, 0.0], [0.0, 0.0, 0.0, 0.9630334872123232, 0.0, 0.0, 0.0, 0.0, 0.0, 0.0], [0.0, 0.0, 0.0, 0.0, 0.9699650827889517, 0.0, 0.0, 0.0, 0.0, 0.0]], "Born radii": [], "Atomic SASAs": [], "Solvent H bonds": [], "Total SASA": NaN, "Total FOD": 0.0, "FOD": [0.0, 0.0, 0.0, 0.0, 0.0, 0.0, 0.0, 0.0, 0.0, 0.0], "FOD s proportion": [0.0, 0.0, 0.0, 0.0, 0.0, 0.0, 0.0, 0.0, 0.0, 0.0], "FOD p proportion": [0.0, 0.0, 0.0, 0.0, 0.0, 0.0, 0.0, 0.0, 0.0, 0.0], "FOD d proportion": [0.0, 0.0, 0.0, 0.0, 0.0, 0.0, 0.0, 0.0, 0.0, 0.0], "coordinates": [["2.05970", "0.13480", "0.12120"], ["0.71830", "0.10200", "0.05570"], ["-0.01420", "-0.69510", "0.79340"], ["-1.35110", "-0.50570", "0.50330"], ["-1.62080", "0.43170", "-0.46910"], ["-0.15050", "1.10110", "-1.03970"], ["2.47890", "-0.67580", "0.56320"], ["2.55290", "0.44760", "-0.70570"], ["-2.09480", "-1.08520", "1.03610"], ["-2.57840", "0.74460", "-0.85840"]], "bond_dist": [[0.0, 1.3433986936125846, 2.3327340311317104, 3.491389021578661, 3.739342716307239, 2.677014856141071, 1.0139847138887252, 1.0123505766284722, 4.42552960220582, 4.77948154196666], [1.3433986936125846, 0.0, 1.31000990454271, 2.2027395238656795, 2.419815269808834, 1.7184049028095794, 1.9905379800445906, 2.0161662828249063, 3.2068925161283475, 3.480911440987834], [2.3327340311317104, 1.31000990454271, 0.0, 1.381061903029694, 2.3333983907597093, 2.5700520889662917, 2.5037795709686588, 3.1848181282453165, 2.13072233291905, 3.372877253918381], [3.491389021578661, 2.2027395238656795, 1.381061903029694, 0.0, 1.3773229868117354, 2.5306314626985893, 3.8342433438685135, 4.196626965790503, 1.0829523442885196, 2.2189507137383653], [3.739342716307239, 2.419815269808834, 2.3333983907597093, 1.3773229868117354, 0.0, 1.7133192376203568, 4.370324888380726, 4.180431085426478, 2.1889012426329333, 1.0800271570659692], [2.677014856141071, 1.7184049028095794, 2.5700520889662917, 2.5306314626985893, 1.7133192376203568, 0.0, 3.555334918119529, 2.8012479022749845, 3.5873605645376663, 2.460621943736989], [1.0139847138887252, 1.9905379800445906, 2.5037795709686588, 3.8342433438685135, 4.370324888380726, 3.555334918119529, 0.0, 1.6963521951528815, 4.616272788733353, 5.441945057605782], [1.0123505766284722, 2.0161662828249063, 3.1848181282453165, 4.196626965790503, 4.180431085426478, 2.8012479022749845, 1.6963521951528815, 0.0, 5.1946567133931, 5.14215577165842], [4.42552960220582, 3.2068925161283475, 2.13072233291905, 1.0829523442885196, 2.1889012426329333, 3.5873605645376663, 4.616272788733353, 5.1946567133931, 0.0, 2.677903517679455], [4.77948154196666, 3.480911440987834, 3.372877253918381, 2.2189507137383653, 1.0800271570659692, 2.460621943736989, 5.441945057605782, 5.14215577165842, 2.677903517679455, 0.0]]}